ลำดับ,รายชื่อสถานประกอบการ,สำนักวิชา,หลักสูตร,จังหวัดที่ตั้ง,latitude,longitude
1,ธนาคารเพื่อการเกษตรและสหกรณ์การเกษตร สาขาต่างๆ,การบัญชีและการเงิน,การเงิน,ปัตตานี,6.854087,101.216555
2,ธนาคารออมสิน สำนักงานใหญ่ และสาขา,การบัญชีและการเงิน,การเงิน,นครศรีธรรมราช,8.459205,99.944961
3,บริษัท คิงเพาเวอร์ อินเตอร์เนชั่นแนล จำกัด,การบัญชีและการเงิน,การเงิน,กรุงเทพมหานคร,13.781385,100.469559
4,บริษัท เงินติดล้อ จำกัด,การบัญชีและการเงิน,การเงิน,กรุงเทพมหานคร,13.738525,100.491027
5,บริษัท บริหารสินทรัพย์กรุงเทพพาณิชย์ จำกัด (มหาชน) สำนักงานใหญ่ และสาขา,การบัญชีและการเงิน,การเงิน,ชุมพร,10.45947,99.190515
6,บริษัท ลากูน่า รีสอร์ท แอนด์ โฮเท็ล จำกัด (มหาชน) และบริษัทในเครือ,การบัญชีและการเงิน,การเงิน,กรุงเทพมหานคร,13.758325,100.486203
7,บริษัท หลักทรัพย์ เอเชียพลัส จำกัด (มหาชน) สำนักงานใหญ่,การบัญชีและการเงิน,การเงิน,กรุงเทพมหานคร,13.76607,100.512426
8,บริษัท ออนไลน์ แอสเซ็ท จำกัด,การบัญชีและการเงิน,การเงิน,กรุงเทพมหานคร,13.764205,100.541505
9,บริษัท เอ็ม เอส ไอ จี ประกันภัย (ประเทศไทย) จำกัด,การบัญชีและการเงิน,การเงิน,สงขลา,7.15107,100.457969
10,บริษัท เอ็ม เอส ไอ จี ประกันภัย (ประเทศไทย) จำกัด สาขาชลบุรี,การบัญชีและการเงิน,การเงิน,ชลบุรี,13.39504,101.017612
11,โรงแรม เรเนอซองส์ เกาะสมุย รีสอร์ท แอนด์ สปา,การบัญชีและการเงิน,การเงิน,สุราษฎร์ธานี,9.101133,99.320281
12,โรงแรม ฮอไรซอน กะรน บีช รีสอร์ท แอนด์ สปา,การบัญชีและการเงิน,การเงิน,ภูเก็ต,7.842367,98.396703
13,โรงแรมเลอ เมอริเดียน เกาะสมุย รีสอร์ทแอนด์สปา,การบัญชีและการเงิน,การเงิน,สุราษฎร์ธานี,9.148314,99.317565
14,ศูนย์ส่งเสริมการพัฒนาความรู้ตลาดทุน ตลาดหลักทรัพย์แห่งประเทศไทย,การบัญชีและการเงิน,การเงิน,กรุงเทพมหานคร,13.759075,100.474345
15,สมาคมส่งเสริมผู้ลงทุนไทย,การบัญชีและการเงิน,การเงิน,กรุงเทพมหานคร,13.718249,100.52099
16,บริษัท ที ซี ซี เทคโนโลยี จำกัด,การบัญชีและการเงิน,การเงิน,กรุงเทพมหานคร,13.737351,100.474654
17,บริษัท ครอมัลลอย (ประเทศไทย) จำกัด,การบัญชีและการเงิน,การเงิน,ปทุมธานี,14.038034,100.562736
18,ธนาคารออมสิน ภาค 16,การบัญชีและการเงิน,การเงิน,สุราษฎร์ธานี,9.140512,99.283348
19,ธนาคารพัฒนาวิสาหกิจขนาดกลางและขนาดย่อม สาขาสุราษฎร์ธานี,การบัญชีและการเงิน,การเงิน,สุราษฎร์ธานี,9.166462,99.327002
20,โรงแรม วินด์แฮม แกรนด์ ในหาน บีช ภูเก็ต,การบัญชีและการเงิน,การเงิน,ภูเก็ต,7.883641,98.411669
21,สำนักงานกองทุนสนับสนุนการเสร้างเสริมสุขภาพ (สสส.),การบัญชีและการเงิน,การเงิน,กรุงเทพมหานคร,13.746083,100.500791
22,บริษัท เสนาดีเวลลอปเม้นท์ จำกัด (มหาชน),การบัญชีและการเงิน,การเงิน,กรุงเทพมหานคร,13.79144,100.522072
23,บริษัท บริหารสินทรัพย์กรุงเทพพาณิชย์ จำกัด (มหาชน) สำนักงานหาดใหญ่,การบัญชีและการเงิน,การเงิน,สงขลา,7.176418,100.488168
24,บริษัท บางจาก คอร์ปอเรชั่น จำกัด (มหาชน),การบัญชีและการเงิน,การเงิน,กรุงเทพมหานคร,13.743001,100.464419
25,ตลาดหลักทรัพย์แห่งประเทศไทย,การบัญชีและการเงิน,การเงิน,กรุงเทพมหานคร,13.743442,100.476563
26,บริษัท พีรพัฒน์เทคโนโลยี จำกัด (มหาชน) กรุงเทพมหานคร,การบัญชีและการเงิน,การเงิน,กรุงเทพมหานคร,13.762379,100.507636
27,บริษัท โทรีเซนไทย เอเยนต์ซีส์ จํากัด (มหาชน),การบัญชีและการเงิน,การเงิน,กรุงเทพมหานคร,13.76949,100.53427
28,บริษัท หลักทรัพย์ ดาโอ (ประเทศไทย) จำกัด (มหาชน),การบัญชีและการเงิน,การเงิน,กรุงเทพมหานคร,13.791416,100.530748
29,บริษัทบริหารสินทรัพย์ กรุงเทพพาณิชย์ จำกัด (มหาชน) สำนักงานสุราษฎร์ธานี,การบัญชีและการเงิน,การเงิน,สุราษฎร์ธานี,9.152997,99.298867
30,BLOCKINVEST GROUP,การบัญชีและการเงิน,การเงิน,ภูเก็ต,7.897666,98.353924
31,ศูนย์ส่งเสริมอุตสาหกรรมภาคที่ 10 กรมส่งเสริมอุตสาหกรรม,การบัญชีและการเงิน,การเงิน,สุราษฎร์ธานี,9.155623,99.312887
32, บริษัท ซิซซา กรุ๊ป จำกัด,การจัดการ,การตลาด,กรุงเทพมหานคร,13.78655,100.496405
33,การท่องเที่ยวแห่งประเทศไทย สำนักงานกระบี่,การจัดการ,การตลาด,กระบี่,8.109203,98.87502
34,การไฟฟ้าส่วนภูมิภาคสาขาสิงหนคร,การจัดการ,การตลาด,สงขลา,7.146083,100.486449
35,บริษัท โกลบอล มารีน เทค จำกัด,การจัดการ,การตลาด,ภูเก็ต,7.893623,98.422877
36,บริษัท คอมมูนิตี้ ดีเวลล๊อปเมนท์ จำกัด,การจัดการ,การตลาด,กรุงเทพมหานคร,13.728472,100.5382
37,บริษัท จัดหางาน จ๊อบบีเคเค ดอท คอม จำกัด,การจัดการ,การตลาด,กรุงเทพมหานคร,13.762976,100.497087
38,บริษัท ซินเนอร์ไจซ์ โปรไวด์ เซอร์วิส จำกัด,การจัดการ,การตลาด,นนทบุรี,13.836285,100.495785
39,บริษัท ซี อาร์ นครศรีธรรมราช (ประเทศไทย) จำกัด ห้างโรบินสันโอเชี่ยน,การจัดการ,การตลาด,นครศรีธรรมราช,8.415427,99.975882
40,บริษัท ซีพีเอฟ เรสเทอรองท์ แอนด์ ฟู้ดเชน จำกัด จังหวัดสุราษฎร์ธานี,การจัดการ,การตลาด,สุราษฎร์ธานี,9.160613,99.297238
41,บริษัท ซีอาร์ซี ไทวัสดุ สาขานครศรีธรรมราช,การจัดการ,การตลาด,นครศรีธรรมราช,8.437232,99.991472
42,บริษัท เซ็นทรัลพัฒนา จำกัด (มหาชน),การจัดการ,การตลาด,ภูเก็ต,7.916639,98.372412
43,บริษัท เซ็นทรัลพัฒนาดีเวลลอปเม้นท์ จำกัด สาขาสุราษฎร์ธานี,การจัดการ,การตลาด,สุราษฎร์ธานี,9.150221,99.355819
44,บริษัท ดุสิต ฟู้ดส์ จำกัด,การจัดการ,การตลาด,กรุงเทพมหานคร,13.77434,100.50746
45,บริษัท เดอะไซ จำกัด,การจัดการ,การตลาด,กรุงเทพมหานคร,13.754821,100.526903
46,บริษัท ตัวบรรจงเต็มบรรทัด จำกัด,การจัดการ,การตลาด,กรุงเทพมหานคร,13.726602,100.471046
47,บริษัท ทีวีไดเร็ค จำกัด (มหาชน),การจัดการ,การตลาด,กรุงเทพมหานคร,13.764602,100.503514
48,บริษัท โทรคมนาคมแห่งชาติ จำกัด (มหาชน) สำนักงานบริการลูกค้า นครศรีธรรมราช,การจัดการ,การตลาด,นครศรีธรรมราช,8.465823,99.962236
49,บริษัท ธนภูมิ คอนกรีต จำกัด,การจัดการ,การตลาด,สุราษฎร์ธานี,9.124261,99.292621
50,บริษัท นครดี.ซี. จำกัด,การจัดการ,การตลาด,นครศรีธรรมราช,8.423865,99.941572
51,บริษัท นอร์ม สเปซ จำกัด,การจัดการ,การตลาด,นครศรีธรรมราช,8.418112,99.977798
52,บริษัท ปูนซิเมนต์ไทย (ทุ่งสง) จำกัด,การจัดการ,การตลาด,กรุงเทพมหานคร,13.720727,100.52502
53,บริษัท โปรฟิเซี่ยน เอ็นจิเนียริ่ง จำกัด,การจัดการ,การตลาด,สงขลา,7.21068,100.475205
54,บริษัท พีทีจี เอ็นเนอยี จำกัด (มหาชน),การจัดการ,การตลาด,กรุงเทพมหานคร,13.749362,100.53337
55,บริษัท โพสเซฟี่ กรุ๊ป จำกัด (ไทย ออปโป้),การจัดการ,การตลาด,กรุงเทพมหานคร,13.761914,100.533311
56,บริษัท มีเดียอินเทลลิเจนซ์ จำกัด,การจัดการ,การตลาด,กรุงเทพมหานคร,13.722703,100.467379
57,บริษัท เมเจอร์ซีนีเพล็กซ์ กรุ้ป จำกัด (มหาชน) เดอะมอล บางกะปิ,การจัดการ,การตลาด,กรุงเทพมหานคร,13.740144,100.486477
58,บริษัท ไมเนอร์ คอเปอร์เรชั่น จำกัด (มหาชน) Smart Kids,การจัดการ,การตลาด,กรุงเทพมหานคร,13.7696,100.516208
59,บริษัท ยูเนี่ยนนคร จำกัด,การจัดการ,การตลาด,นครศรีธรรมราช,8.465193,99.942859
60,บริษัท โรบินสัน จำกัด (มหาชน) สาขาภูเก็ต,การจัดการ,การตลาด,ภูเก็ต,7.909095,98.368068
61,บริษัท ลีโอ โกลบอล โลจิสติกส์ จำกัด (มหาชน),การจัดการ,การตลาด,กรุงเทพมหานคร,13.74718,100.505313
62,บริษัท เลี่ยนอุดม จำกัด,การจัดการ,การตลาด,ภูเก็ต,7.89139,98.386819
63,บริษัท วินไอเอ็มซี จำกัด,การจัดการ,การตลาด,กรุงเทพมหานคร,13.740851,100.518486
64,บริษัท วีเอ็มดี ออโต้เซลล์ จำกัด,การจัดการ,การตลาด,นครศรีธรรมราช,8.447246,99.968743
65,บริษัท สงขลา เอฟซี จำกัด,การจัดการ,การตลาด,สงขลา,7.142001,100.444277
66,บริษัท สมศรีการ์เมนท์ จำกัด,การจัดการ,การตลาด,กรุงเทพมหานคร,13.74685,100.468592
67,บริษัท สยามทาโก้ จำกัด (TACO BELL สาขาสยามพารากอน),การจัดการ,การตลาด,กรุงเทพมหานคร,13.741083,100.502212
68,บริษัท สยามแม็คโคร จำกัด (มหาชน) สาขานครศรีธรรมราช,การจัดการ,การตลาด,นครศรีธรรมราช,8.442667,99.944703
69,บริษัท สยามแม็คโคร จำกัด (มหาชน) สาขาสุราษฎร์ธานี,การจัดการ,การตลาด,สุราษฎร์ธานี,9.170207,99.342155
70,บริษัท สรรพสินค้าเซ็นทรัล จำกัด สาขาเวสต์เกต,การจัดการ,การตลาด,นนทบุรี,13.877035,100.53134
71,บริษัท สัตยามานะ จำกัด,การจัดการ,การตลาด,กรุงเทพมหานคร,13.725178,100.51571
72,บริษัท สุพรีม จำกัด,การจัดการ,การตลาด,นครศรีธรรมราช,8.393749,99.955747
73,บริษัท หัวเว่ย เทคโนโลยี่ (ประเทศไทย) จํากัด,การจัดการ,การตลาด,กรุงเทพมหานคร,13.742592,100.51703
74,บริษัท ห้างสรรพสินค้าโรบินสัน จำกัด (มหาชน) สาขาสุราษฎร์ธานี,การจัดการ,การตลาด,สุราษฎร์ธานี,9.172321,99.297563
75,บริษัท อันดาเทค จำกัด,การจัดการ,การตลาด,สงขลา,7.172801,100.486848
76,บริษัท อิม เอ็ดดูเคชั่น จำกัด,การจัดการ,การตลาด,สงขลา,7.175214,100.491258
77,บริษัท เอ.ไอ.เอ็ม. สยาม จำกัด,การจัดการ,การตลาด,นนทบุรี,13.846484,100.544833
78,บริษัท เอชพีเอ็น กรุ๊ป โฮลดิ้งส์ จำกัด,การจัดการ,การตลาด,ปทุมธานี,14.049354,100.515586
79,บริษัท เอ็มเค เรสโตรองต์ กรุ๊ป จำกัด (มหาชน),การจัดการ,การตลาด,กรุงเทพมหานคร,13.717209,100.485109
80,บริษัท แอดวานซ์ ไวร์เลส เน็ทเวอร์ค จำกัด จังหวัดสุราษฎร์ธานี,การจัดการ,การตลาด,สุราษฎร์ธานี,9.107755,99.292324
81,บริษัท แอดวานซ์ อินโฟร์ เซอร์วิส จำกัด (มหาชน),การจัดการ,การตลาด,กรุงเทพมหานคร,13.7527,100.529216
82,บริษัท แอดวานซ์ อินโฟร์ เซอร์วิส จำกัด (มหาชน) ศูนย์บริการลูกค้าภูมิภาค หาดใหญ่,การจัดการ,การตลาด,กรุงเทพมหานคร,13.758601,100.512288
83,บริษัท แอทไซน์มีเดีย พลัส จำกัด,การจัดการ,การตลาด,นครศรีธรรมราช,8.429381,99.982426
84,บริษัท แอ๊บบอต ลาบอแรตอรีส จำกัด,การจัดการ,การตลาด,กรุงเทพมหานคร,13.719658,100.537624
85,บริษัท แอสเส็ทส์ อาร์ อัส จำกัด (ไร่วานิช),การจัดการ,การตลาด,ภูเก็ต,7.898988,98.393126
86,โรงพยาบาลเปาโล เกษตร,การจัดการ,การตลาด,กรุงเทพมหานคร,13.773874,100.491264
87,โรงพยาบาลเปาโล พหลโยธิน,การจัดการ,การตลาด,กรุงเทพมหานคร,13.790142,100.531055
88,โรงแรม เจดับบลิว แมริออท ภูเก็ต รีสอร์ท แอนด์ สปา,การจัดการ,การตลาด,ภูเก็ต,7.887675,98.420049
89,โรงแรม บันยันทรี ภูเก็ต,การจัดการ,การตลาด,ภูเก็ต,7.914323,98.393945
90,โรงแรม ป่าตอง เบย์ ฮิลล์ รีสอร์ท,การจัดการ,การตลาด,ภูเก็ต,7.902941,98.41347
91,โรงแรม เฟิร์ส บังกะโล บีช รีสอร์ท,การจัดการ,การตลาด,สุราษฎร์ธานี,9.122806,99.28236
92,โรงแรม มีเลีย เกาะสมุย บีช รีสอร์ท,การจัดการ,การตลาด,สุราษฎร์ธานี,9.143271,99.357674
93,โรงแรม ไมด้า แกรนด์ รีสอร์ท ภูเก็ต,การจัดการ,การตลาด,ภูเก็ต,7.85069,98.405619
94,โรงแรมกะตะธานีภูเก็ตบีชรีสอร์ท,การจัดการ,การตลาด,ภูเก็ต,7.859601,98.379491
95,โรงแรมแกรนด์ ฟอร์จูน จังหวัดนครศรีธรรมราช,การจัดการ,การตลาด,นครศรีธรรมราช,8.466418,99.983881
96,โรงแรมทรายลากูน่าภูเก็ต (บริษัท ลากูน่าภูเก็ตคลับ จำกัด),การจัดการ,การตลาด,ภูเก็ต,7.88306,98.408951
97,โรงแรมทวินโลตัส,การจัดการ,การตลาด,นครศรีธรรมราช,8.440689,99.96147
98,โรงแรมบลูโซเทล กระบี่,การจัดการ,การตลาด,กระบี่,8.093262,98.896138
99,โรงแรมบาวแมนบุรี,การจัดการ,การตลาด,ภูเก็ต,7.868324,98.357949
100,โรงแรมลีการ์เด้น พลาซ่า หาดใหญ่,การจัดการ,การตลาด,สงขลา,7.173985,100.456356
101,วินด์แฮม การ์เด้น ในทอน ภูเก็ต,การจัดการ,การตลาด,ภูเก็ต,7.872938,98.418433
102,ศูนย์การค้าเซียร์ รังสิต,การจัดการ,การตลาด,ปทุมธานี,14.012103,100.547249
103,สำนักงานจัดหางานจังหวัดกระบี่,การจัดการ,การตลาด,กระบี่,8.096617,98.886154
104,ห้างหุ้นส่วนจำกัด สมุย ทัวร์ริส อินฟอร์เมชั่น,การจัดการ,การตลาด,สุราษฎร์ธานี,9.14012,99.298783
105,บริษัท บ้านสวยกรุ๊ป (สุราษฎร์ธานี) จำกัด (มหาชน),การจัดการ,การตลาด,สุราษฎร์ธานี,9.150465,99.293516
106,เซ็นทรัล เฟสติวัล หาดใหญ่,การจัดการ,การตลาด,สงขลา,7.190132,100.506096
107,ธนาคารกรุงไทย จำกัด (มหาชน) สาขานครศรีธรรมราช,การจัดการ,การตลาด,นครศรีธรรมราช,8.47123,99.93864
108,ธนาคารเพื่อการเกษตรและสหกรณ์การเกษตร สาขาเซกา,การจัดการ,การตลาด,บึงกาฬ,18.324665,103.634763
109,ธนาคารออมสิน ศูนย์ควบคุมและบริหารหนี้เขตกระบี่,การจัดการ,การตลาด,กระบี่,8.10507,98.866787
110,ธนาคารออมสิน สาขาตลาดหัวอิฐ,การจัดการ,การตลาด,นครศรีธรรมราช,8.437403,100.000501
111,บริษัท โก บาย เดอะ กลอรี่ เวิลด์ไวด์ จำกัด,การจัดการ,การตลาด,สุราษฎร์ธานี,9.133137,99.345482
112,บริษัท จอย แอนด์ คอยน์ คอร์ปอเรชั่น จำกัด,การจัดการ,การตลาด,นนทบุรี,13.822199,100.519489
113,บริษัท จัดหางาน อินเทิร์นชิฟส์ (ไทยแลนด์) จำกัด,การจัดการ,การตลาด,กรุงเทพมหานคร,13.730686,100.525084
114,บริษัท เจแปน ออล พาส จำกัด,การจัดการ,การตลาด,กรุงเทพมหานคร,13.77585,100.500783
115,บริษัท ซีพี ออลล์ จำกัด (มหาชน) สำนักงานหาดใหญ่,การจัดการ,การตลาด,กรุงเทพมหานคร,13.735735,100.519016
116,บริษัท ซีพี ออลล์ จำกัด (มหาชน) สำนักงานอาคารธาราสาทร แจ้งวัฒนะ,การจัดการ,การตลาด,นนทบุรี,13.849249,100.540159
117,บริษัท เดอะไมเนอร์ ฟู้ด กรุ๊ป จำกัด (มหาชน),การจัดการ,การตลาด,กรุงเทพมหานคร,13.767645,100.538621
118,บริษัท โตโยต้าตาปี จำกัด สำนักงานใหญ่,การจัดการ,การตลาด,สุราษฎร์ธานี,9.121426,99.310499
119,บริษัท โตโยต้า เมืองคอน จำกัด,การจัดการ,การตลาด,นครศรีธรรมราช,8.469634,99.951672
120,บริษัท โทรคมนาคมแห่งชาติ จำกัด (มหาชน) จังหวัดตรัง,การจัดการ,การตลาด,ตรัง,7.565923,99.58477
121,บริษัท ไทม์ บรอดคาสท์ จำกัด (สำนักงานใหญ่),การจัดการ,การตลาด,กรุงเทพมหานคร,13.790686,100.470034
122,บริษัท ไทยน้ำทิพย์ คอร์ปอเรชั่น จำกัด สาขาหัวหมาก,การจัดการ,การตลาด,กรุงเทพมหานคร,13.777397,100.475215
123,บริษัท บุญถาวรเซรามิค จำกัด สาขาสุราษฎร์ธานี,การจัดการ,การตลาด,สุราษฎร์ธานี,9.098804,99.319876
124,บริษัท เบทาโกรเกษตรอุตสาหกรรมจำกัด สำนักงานสุราษฎร์ธานี,การจัดการ,การตลาด,สุราษฎร์ธานี,9.141276,99.286146
125,บริษัท ฝาจีบ จำกัด (มหาชน),การจัดการ,การตลาด,ปทุมธานี,13.984941,100.507108
126,บริษัท ไมเนอร์ ดีคิว จำกัด,การจัดการ,การตลาด,กรุงเทพมหานคร,13.773156,100.479363
127,บริษัท ยักษ์ ย๊ากส์ จำกัด,การจัดการ,การตลาด,สงขลา,7.169418,100.49729
128,บริษัท ไอคอน ไอเดีย จำกัด,การจัดการ,การตลาด,กรุงเทพมหานคร,13.757948,100.48317
129,ป่าตอง เบย์ ฮิลล์ รีสอร์ท,การจัดการ,การตลาด,ภูเก็ต,7.869298,98.355894
130,เมเจอร์ซีนีเพล็กซ์ อีจีวี สาขาโลตัสสุราษฎร์ธานี,การจัดการ,การตลาด,สุราษฎร์ธานี,9.170776,99.298925
131,บริษัท สรรพสินค้าเซ็นทรัล จำกัด สาขาภูเก็ต,การจัดการ,การตลาด,ภูเก็ต,7.873625,98.407043
132,บริษัท สรรพสินค้าเซ็นทรัล จำกัด สาขาหาดใหญ่,การจัดการ,การตลาด,สงขลา,7.176571,100.482914
133,บริษัท สุพรีม เอสเตท จำกัด,การจัดการ,การตลาด,นครศรีธรรมราช,8.471201,99.969465
134,โรงพยาบาลมิตรภาพสามัคคี (มูลนิธิท่งเซี่ยเซี่ยงตึ๊ง),การจัดการ,การตลาด,สงขลา,7.190564,100.50614
135,โรงแรม เดอะ นาคา ภูเก็ต,การจัดการ,การตลาด,ภูเก็ต,7.901456,98.366174
136,โรงแรมเดอะบีช ไฮท์ รีสอร์ท,การจัดการ,การตลาด,ภูเก็ต,7.845986,98.40285
137,โรงแรม เดอะ มาริน ภูเก็ต,การจัดการ,การตลาด,ภูเก็ต,7.901503,98.393913
138,ห้างหุ้นส่วนสามัญ เอกนครพาณิชย์,การจัดการ,การตลาด,นครศรีธรรมราช,8.446214,99.975614
139,โรงแรม สแปลช บีช รีสอร์ท ภูเก็ต,การจัดการ,การตลาด,ภูเก็ต,7.908872,98.422383
140,โรงแรมอมารี เกาะสมุย,การจัดการ,การตลาด,สุราษฎร์ธานี,9.113001,99.288995
141,บริษัท วีแอนด์บี สเปเชียลลิสต์ จำกัด,การจัดการ,การตลาด,สงขลา,7.203972,100.45219
142,บริษัท เวเคชั่น วิลเลจ จำกัด สาขากระบี่,การจัดการ,การตลาด,กระบี่,8.050029,98.927173
143,บริษัท ศูนย์การค้าไดอาน่าคอมเพล็กซ์ จำกัด,การจัดการ,การตลาด,สงขลา,7.156828,100.491328
144,บริษัท ออร์คิดจ๊อบ ดอท คอม จำกัด,การจัดการ,การตลาด,กรุงเทพมหานคร,13.761961,100.478056
145,บริษัท อินเทลลิเจ้นท์ ครีเอทีฟ แอนด์ มาร์เก็ตติ้ง จำกัด,การจัดการ,การตลาด,กรุงเทพมหานคร,13.766781,100.517195
146,โรงแรม ไร่เลย์ เกรทวิว รีสอร์ท แอนด์ สปา,การจัดการ,การตลาด,เลย,17.452942,101.760697
147,บริษัท ผลิตภัณฑ์และวัสดุก่อสร้าง จำกัด (CPAC),การจัดการ,การตลาด,กรุงเทพมหานคร,13.788419,100.47202
148,ร้านชนิดา เพ็ทช็อป,การจัดการ,การตลาด,นครศรีธรรมราช,8.396846,99.985658
149,"Courtyard by Marriott Phuket, Patong Beach Resort",การจัดการ,อุตสาหกรรมการบริการ,กรุงเทพมหานคร,13.747025,100.518241
150,Melia Hanoi Hotel,การจัดการ,อุตสาหกรรมการบริการ,เวียดนาม,,
151,Pullman Kuala Lumpur Bangsar Hotel,การจัดการ,อุตสาหกรรมการบริการ,มาเลเซีย,,
152,กองบังคับการตำรวจท่องเที่ยว 3,การจัดการ,อุตสาหกรรมการบริการ,สุราษฎร์ธานี,9.146751,99.354048
153,การท่องเที่ยวแห่งประเทศไทย สำนักงานนครศรีธรรมราช,การจัดการ,อุตสาหกรรมการบริการ,นครศรีธรรมราช,8.458221,99.955106
154,การท่องเที่ยวแห่งประเทศไทย สำนักงานน่าน,การจัดการ,อุตสาหกรรมการบริการ,น่าน,18.772468,100.75979
155,คอร์ทยาร์ด บาย แมริออท ภูเก็ตทาวน์,การจัดการ,อุตสาหกรรมการบริการ,ภูเก็ต,7.851886,98.35917
156,ท่าอากาศยานนครศรีธรรมราช,การจัดการ,อุตสาหกรรมการบริการ,นครศรีธรรมราช,8.407659,99.929668
157,ท่าอากาศยานนานาชาติสมุย,การจัดการ,อุตสาหกรรมการบริการ,สุราษฎร์ธานี,9.151408,99.352306
158,นครศรีสเตชั่น ดอทคอม,การจัดการ,อุตสาหกรรมการบริการ,นครศรีธรรมราช,8.440647,99.982702
159,นาวากีเทล ดีไซน์ โฮเทล,การจัดการ,อุตสาหกรรมการบริการ,นครศรีธรรมราช,8.40494,99.930292
160,บริษัท การบินกรุงเทพ จำกัด,การจัดการ,อุตสาหกรรมการบริการ,กรุงเทพมหานคร,13.73116,100.511413
161,บริษัท ท่าอากาศยานไทย จำกัด (มหาชน) ท่าอากาศยานภูเก็ต,การจัดการ,อุตสาหกรรมการบริการ,ภูเก็ต,7.91972,98.359358
162,บริษัท ท่าอากาศยานไทย จำกัด (มหาชน) ท่าอากาศยานหาดใหญ่,การจัดการ,อุตสาหกรรมการบริการ,สงขลา,7.14926,100.511035
163,บริษัท ไทย ไลอ้อน เมนทารี จำกัด จังหวัดสงขลา,การจัดการ,อุตสาหกรรมการบริการ,สงขลา,7.170732,100.483057
164,บริษัท ไทยมารีน เอ็กซ์คลูซีฟ โวยาจ จำกัด,การจัดการ,อุตสาหกรรมการบริการ,ภูเก็ต,7.8688,98.391765
165,บริษัท นิกรมารีน จำกัด,การจัดการ,อุตสาหกรรมการบริการ,ภูเก็ต,7.913499,98.426235
166,บริษัท บ้านมัคคุเทศก์ จำกัด,การจัดการ,อุตสาหกรรมการบริการ,กรุงเทพมหานคร,13.780723,100.510514
167,บริษัท แปซิฟิค เวิลด์ มีตติ้งส์ แอนด์ อีเว้นท์ส (ประเทศไทย) จำกัด จังหวัดภูเก็ต,การจัดการ,อุตสาหกรรมการบริการ,ภูเก็ต,7.866612,98.367358
168,บริษัท พัทยา เอวิเอชั่น จำกัด,การจัดการ,อุตสาหกรรมการบริการ,นนทบุรี,13.829449,100.485447
169,บริษัท ฟรีดอม ดอลฟิน ไดฟ์วิ่ง จำกัด,การจัดการ,อุตสาหกรรมการบริการ,ภูเก็ต,7.914444,98.412903
170,บริษัท โลเคิล อไลค์ จำกัด,การจัดการ,อุตสาหกรรมการบริการ,กรุงเทพมหานคร,13.737976,100.487804
171,บริษัท สกายเวิลด์ แอดเวนเจอร์ จำกัด,การจัดการ,อุตสาหกรรมการบริการ,ภูเก็ต,7.912187,98.378934
172,บริษัท เอเลเฟนท์ ฮิลล์ จำกัด,การจัดการ,อุตสาหกรรมการบริการ,สุราษฎร์ธานี,9.177246,99.288399
173,โรงแรม เขาหลัก แมริออท รีสอร์ท แอนด์ สปา,การจัดการ,อุตสาหกรรมการบริการ,พังงา,8.464884,98.545094
174,โรงแรม คอนราด เกาะสมุย รีสอร์ท แอนด์ สปา,การจัดการ,อุตสาหกรรมการบริการ,กรุงเทพมหานคร,13.742717,100.541769
175,โรงแรม คามาลายา จำกัด,การจัดการ,อุตสาหกรรมการบริการ,สุราษฎร์ธานี,9.150505,99.337174
176,โรงแรม คิมป์ตัน คีตาเล สมุย,การจัดการ,อุตสาหกรรมการบริการ,สุราษฎร์ธานี,9.103721,99.301568
177,โรงแรม โคโม่ พ้อยท์ ยามู,การจัดการ,อุตสาหกรรมการบริการ,ภูเก็ต,7.864309,98.420296
178,โรงแรม เจดับบลิว แมริออท เขาหลัก รีสอร์ท แอนด์ สปา,การจัดการ,อุตสาหกรรมการบริการ,พังงา,8.468677,98.527889
179,โรงแรม ชาเทรียม กรุงเทพ,การจัดการ,อุตสาหกรรมการบริการ,กรุงเทพมหานคร,13.76127,100.488625
180,โรงแรม เชอราตัน สมุย รีสอร์ท,การจัดการ,อุตสาหกรรมการบริการ,สุราษฎร์ธานี,9.10017,99.326223
181,โรงแรม แชงกรีล่า เชียงใหม่,การจัดการ,อุตสาหกรรมการบริการ,เชียงราย,19.91881,99.859159
182,โรงแรม ซิกเซ้นส์ สมุย,การจัดการ,อุตสาหกรรมการบริการ,สุราษฎร์ธานี,9.143126,99.335725
183,โรงแรม ซิกส์เซนเซส เกาะยาวน้อย,การจัดการ,อุตสาหกรรมการบริการ,พังงา,8.417366,98.546791
184,โรงแรม เซ็นทารา รีเซิร์ฟ สมุย,การจัดการ,อุตสาหกรรมการบริการ,สุราษฎร์ธานี,9.099093,99.331745
185,โรงแรม เซ็นทารา วิลล่า สมุย,การจัดการ,อุตสาหกรรมการบริการ,กรุงเทพมหานคร,13.723889,100.513994
186,โรงแรม เซ็นทารา อ่าวนาง บีช รีสอร์ท แอนด์ สปา กระบี่,การจัดการ,อุตสาหกรรมการบริการ,กระบี่,8.114805,98.881809
187,โรงแรม โซ แบงคอก,การจัดการ,อุตสาหกรรมการบริการ,กรุงเทพมหานคร,13.746103,100.517917
188,โรงแรม ดับเบิ้ลยู เกาะสมุย,การจัดการ,อุตสาหกรรมการบริการ,สุราษฎร์ธานี,9.114239,99.344109
189,โรงแรม ดุสิต ดีทู อ่าวนาง กระบี,การจัดการ,อุตสาหกรรมการบริการ,กระบี่,8.098046,98.881314
190,โรงแรม ดุสิตธานี กระบี่บีชรีสอร์ท,การจัดการ,อุตสาหกรรมการบริการ,กระบี่,8.082068,98.944516
191,โรงแรม ดุสิตธานี ลากูน่า ภูเก็ต,การจัดการ,อุตสาหกรรมการบริการ,ภูเก็ต,7.843028,98.372205
192,โรงแรม ดุสิตธานี หัวหิน,การจัดการ,อุตสาหกรรมการบริการ,กรุงเทพมหานคร,13.778104,100.501591
193,โรงแรม เดอะ ริทซ์-คาร์ลตัน เกาะสมุย,การจัดการ,อุตสาหกรรมการบริการ,สุราษฎร์ธานี,9.118962,99.333598
194,โรงแรม เดอะ เวสทิน สิเหร่ เบย์ รีสอร์ท แอนด์ สปา ภูเก็ต,การจัดการ,อุตสาหกรรมการบริการ,ภูเก็ต,7.861051,98.403557
195,โรงแรม เดอะนาคาไอแลนด์ อะลักชัวรี่ คอลเลคชั่น รีสอร์ท แอนด์ สปา ภูเก็ต,การจัดการ,อุตสาหกรรมการบริการ,ภูเก็ต,7.872125,98.417121
196,โรงแรม ตรีสรา,การจัดการ,อุตสาหกรรมการบริการ,กรุงเทพมหานคร,13.784047,100.471526
197,โรงแรม ทวินปาล์ม ภูเก็ต,การจัดการ,อุตสาหกรรมการบริการ,ภูเก็ต,7.889709,98.360686
198,โรงแรม โนราบีช รีสอร์ท แอนด์ สปา,การจัดการ,อุตสาหกรรมการบริการ,สุราษฎร์ธานี,9.098982,99.327885
199,โรงแรม บันยันทรี กระบี่,การจัดการ,อุตสาหกรรมการบริการ,กระบี่,8.082364,98.884615
200,โรงแรม บันยันทรี เกาะสมุย,การจัดการ,อุตสาหกรรมการบริการ,สุราษฎร์ธานี,9.133537,99.323395
201,โรงแรม แบงค็อก แมริออท มาร์คีส์ ควีนส์ปาร์ค,การจัดการ,อุตสาหกรรมการบริการ,กรุงเทพมหานคร,13.777195,100.478213
202,โรงแรม ปานวิมานเชียงใหม่ สปา รีสอร์ท,การจัดการ,อุตสาหกรรมการบริการ,เชียงใหม่,18.7881,98.97772
203,โรงแรม พาร์ค ไฮแอท กรุงเทพ,การจัดการ,อุตสาหกรรมการบริการ,กรุงเทพมหานคร,13.736419,100.472289
204,โรงแรม พิมาลัย รีสอร์ท แอนด์ สปา,การจัดการ,อุตสาหกรรมการบริการ,กระบี่,8.120082,98.871708
205,โรงแรม พี พี เอราวัณ ปาล์ม รีสอร์ท,การจัดการ,อุตสาหกรรมการบริการ,กระบี่,8.055819,98.878562
206,โรงแรม โฟร์ซีซั่นส์ รีสอร์ท เกาะสมุย,การจัดการ,อุตสาหกรรมการบริการ,สุราษฎร์ธานี,9.146791,99.333525
207,โรงแรม โฟร์พ้อยท์ บาย เชอราตัน ภูเก็ต ป่าตองบีช รีสอร์ท,การจัดการ,อุตสาหกรรมการบริการ,ภูเก็ต,7.850143,98.352849
208,โรงแรม ภูเก็ต แมริออท รีสอร์ท แอนด์ สปา ในยางบีช,การจัดการ,อุตสาหกรรมการบริการ,ภูเก็ต,7.86617,98.378989
209,"โรงแรม ภูเก็ตแมริออท รีสอร์ท แอนด์ สปา, เมอร์ลิน บีช",การจัดการ,อุตสาหกรรมการบริการ,ภูเก็ต,7.907668,98.360122
210,โรงแรม มีเลีย เกาะสมุย,การจัดการ,อุตสาหกรรมการบริการ,สุราษฎร์ธานี,9.130294,99.36011
211,โรงแรม รอยัล ออคิด เชอราตัน,การจัดการ,อุตสาหกรรมการบริการ,กรุงเทพมหานคร,13.762905,100.501425
212,โรงแรม รายาวดี,การจัดการ,อุตสาหกรรมการบริการ,กรุงเทพมหานคร,13.767753,100.513443
213,โรงแรม เรเนอซองส์ ภูเก็ต รีสอร์ท แอนด์ สปา,การจัดการ,อุตสาหกรรมการบริการ,ภูเก็ต,7.843699,98.359357
214,โรงแรม โรสวูด ภูเก็ต,การจัดการ,อุตสาหกรรมการบริการ,ภูเก็ต,7.889433,98.353622
215,โรงแรม เลอ เมอริเดียน เขาหลัก,การจัดการ,อุตสาหกรรมการบริการ,พังงา,8.458704,98.563044
216,โรงแรม เลอ เมอริเดียน ภูเก็ต บีช รีสอร์ท,การจัดการ,อุตสาหกรรมการบริการ,ภูเก็ต,7.86231,98.388271
217,โรงแรม วนาเบล อะ ลักซูรี่ คอลเล็คชั่น รีสอร์ท เกาะสมุย,การจัดการ,อุตสาหกรรมการบริการ,กรุงเทพมหานคร,13.754254,100.50205
218,โรงแรม วี วิลล่า ภูเก็ต,การจัดการ,อุตสาหกรรมการบริการ,ภูเก็ต,7.897607,98.386833
219,โรงแรม ศิลาวดี พูล สปา แอนด์ รีสอร์ท,การจัดการ,อุตสาหกรรมการบริการ,สุราษฎร์ธานี,9.098931,99.287791
220,โรงแรม สยาม แอ็ท สยาม,การจัดการ,อุตสาหกรรมการบริการ,กรุงเทพมหานคร,13.748554,100.478553
221,โรงแรม สันติบุรี บีช รีสอร์ท แอนด์ สปา,การจัดการ,อุตสาหกรรมการบริการ,กรุงเทพมหานคร,13.76878,100.47055
222,โรงแรม อนันตรา บ่อผุด รีสอร์ท แอนด์ สปา เกาะสมุย,การจัดการ,อุตสาหกรรมการบริการ,กรุงเทพมหานคร,13.751288,100.530361
223,โรงแรม อนันตรา ไม้ขาว ภูเก็ต วิลล่า,การจัดการ,อุตสาหกรรมการบริการ,ภูเก็ต,7.871726,98.375678
224,โรงแรม อนันตรา ลายัน ภูเก็ต รีสอร์ท,การจัดการ,อุตสาหกรรมการบริการ,ภูเก็ต,7.840849,98.428258
225,โรงแรม อนันตรา ลาวาณา เกาะสมุย รีสอร์ท,การจัดการ,อุตสาหกรรมการบริการ,กรุงเทพมหานคร,13.770819,100.534979
226,โรงแรม อวานี เฉวง สมุย โฮเทล แอนด์ บีชคลับ,การจัดการ,อุตสาหกรรมการบริการ,สุราษฎร์ธานี,9.110574,99.338272
227,โรงแรม อังสนา ลากูน่า ภูเก็ต,การจัดการ,อุตสาหกรรมการบริการ,ภูเก็ต,7.919943,98.423531
228,โรงแรม อินดิโก้ ภูเก็ต ป่าตอง,การจัดการ,อุตสาหกรรมการบริการ,ภูเก็ต,7.857667,98.379251
229,โรงแรม อินเตอร์คอนติเนนตัล กรุงเทพ,การจัดการ,อุตสาหกรรมการบริการ,กรุงเทพมหานคร,13.791513,100.488604
230,โรงแรม เอ็นเอช โบ๊ทลากูน ภูเก็ต รีสอร์ท,การจัดการ,อุตสาหกรรมการบริการ,ภูเก็ต,7.914226,98.39839
231,โรงแรม ไอดีลลิค คอนเซปต์ รีสอร์ท เกาะหลีเป๊ะ,การจัดการ,อุตสาหกรรมการบริการ,สตูล,6.618239,100.060853
232,โรงแรม ฮอลิเดย์ อินน์ รีสอร์ท กระบี่ อ่าวนางบีช,การจัดการ,อุตสาหกรรมการบริการ,กระบี่,8.09966,98.899656
233,โรงแรม ฮอลิเดย์ อินน์ สมุย บ่อผุด,การจัดการ,อุตสาหกรรมการบริการ,กรุงเทพมหานคร,13.783376,100.474077
234,โรงแรม ไฮแอท รีเจนซี่ เกาะสมุย,การจัดการ,อุตสาหกรรมการบริการ,สุราษฎร์ธานี,9.153052,99.319773
235,โรงแรมพูลแมน ภูเก็ต พันวาบีช รีสอร์ท,การจัดการ,อุตสาหกรรมการบริการ,ภูเก็ต,7.914843,98.36281
236,โรงแรมรายาวดี,การจัดการ,อุตสาหกรรมการบริการ,กระบี่,8.108294,98.902632
237,โรงแรมศรีพันวา ภูเก็ต,การจัดการ,อุตสาหกรรมการบริการ,ภูเก็ต,7.912976,98.415941
238,โรงแรมอมัน นายเลิศ กรุงเทพฯ,การจัดการ,อุตสาหกรรมการบริการ,กรุงเทพมหานคร,13.716964,100.53634
239,โรงแรมอมันปุรี รีสอร์ท,การจัดการ,อุตสาหกรรมการบริการ,ภูเก็ต,7.872944,98.3606
240,โรงแรมอมารี ภูเก็ต,การจัดการ,อุตสาหกรรมการบริการ,ภูเก็ต,7.905265,98.379048
241,โรงแรมอวานีพลัส สมุย รีสอร์ท,การจัดการ,อุตสาหกรรมการบริการ,สุราษฎร์ธานี,9.160694,99.333849
242,โรงแรมอินเตอร์คอนติเนนตัล เกาะสมุย รีสอร์ท,การจัดการ,อุตสาหกรรมการบริการ,สุราษฎร์ธานี,9.106972,99.335076
243,สถานีตำรวจท่องเที่ยว 1 กองกำกับการ 2 กองบังคับการตำรวจท่องเที่ยว 3,การจัดการ,อุตสาหกรรมการบริการ,ภูเก็ต,7.910219,98.396136
244,สถานีตำรวจท่องเที่ยว 4 กองกำกับการ 2 กองบังคับการตำรวจท่องเที่ยว 3,การจัดการ,อุตสาหกรรมการบริการ,สุราษฎร์ธานี,9.167658,99.327307
245,สวนพฤกษศาสตร์สมเด็จพระนางเจ้าสิริกิติ์ องค์การสวนพฤกษศาสตร์,การจัดการ,อุตสาหกรรมการบริการ,เชียงใหม่,18.762126,98.973625
246,สำนักงานปลัดกระทรวงการท่องเที่ยวและกีฬา,การจัดการ,อุตสาหกรรมการบริการ,กรุงเทพมหานคร,13.752061,100.480844
247,สำนักวัฒนธรรม กีฬา และการท่องเที่ยว กรุงเทพมหานคร,การจัดการ,อุตสาหกรรมการบริการ,กรุงเทพมหานคร,13.763441,100.511385
248,องค์การบริหารการพัฒนาพื้นที่พิเศษเพื่อการท่องเที่ยวอย่างยั่งยืน (องค์การมหาชน) อพท.,การจัดการ,อุตสาหกรรมการบริการ,กรุงเทพมหานคร,13.777829,100.513624
249,องค์การบริหารส่วนจังหวัดนครศรีธรรมราช,การจัดการ,อุตสาหกรรมการบริการ,นครศรีธรรมราช,8.471109,99.936175
250,องค์การบริหารส่วนจังหวัดสุราษฎร์ธานี,การจัดการ,อุตสาหกรรมการบริการ,สุราษฎร์ธานี,9.10874,99.323221
251,อวานี พลัส เขาหลัก,การจัดการ,อุตสาหกรรมการบริการ,พังงา,8.43518,98.494066
252,ศูนย์สหกิจศึกษาและพัฒนาอาชีพ ม.วลัยลักษณ์ ,การจัดการ,อุตสาหกรรมการบริการ,กรุงเทพมหานคร,13.778246,100.484312
253,โรงแรม ทวินปาล์มส์ ภูเก็ต,การจัดการ,อุตสาหกรรมการบริการ,ภูเก็ต,7.845784,98.370322
254,Hungkuang University,การจัดการ,อุตสาหกรรมการบริการ,ไต้หวัน,,
255,National Kaohsiung University of Hospitality and Tourism,การจัดการ,อุตสาหกรรมการบริการ,ไต้หวัน,,
256,บริษัท ฟรีดอม ดอลฟิน จำกัด,การจัดการ,อุตสาหกรรมการบริการ,ภูเก็ต,7.889706,98.401543
257,บริษัท อินเทอร์เน็ตประเทศไทย จำกัด (มหาชน) สาขาหาดใหญ่,สารสนเทศศาสตร์,เทคโนโลยีสารสนเทศ,สงขลา,7.176348,100.465949
258,Habin Engineering University,สารสนเทศศาสตร์,เทคโนโลยีสารสนเทศ,กรุงเทพมหานคร,13.726431,100.468394
259,การไฟฟ้าส่วนภูมิภาคสาขาอำเภอท่าศาลา,สารสนเทศศาสตร์,เทคโนโลยีสารสนเทศ,นครศรีธรรมราช,8.448607,99.987791
260,ธนาคารกรุงไทย จำกัด (มหาชน) สาขาหัวไทร,สารสนเทศศาสตร์,เทคโนโลยีสารสนเทศ,นครศรีธรรมราช,8.431002,99.92786
261,บริษัท กสท โทรคมนาคม จำกัด (มหาชน) จังหวัดนนทบุรี,สารสนเทศศาสตร์,เทคโนโลยีสารสนเทศ,นนทบุรี,13.868987,100.509034
262,บริษัท กานดา ดิจิทัล จำกัด,สารสนเทศศาสตร์,เทคโนโลยีสารสนเทศ,กรุงเทพมหานคร,13.728978,100.501685
263,บริษัท คอมเซเว่น จำกัด (มหาชน),สารสนเทศศาสตร์,เทคโนโลยีสารสนเทศ,กรุงเทพมหานคร,13.736995,100.500608
264,บริษัท ซีดีจี ซิสเต็มส์ จำกัด,สารสนเทศศาสตร์,เทคโนโลยีสารสนเทศ,กรุงเทพมหานคร,13.784454,100.49606
265,บริษัท ด็อปปิโอ เทค จำกัด,สารสนเทศศาสตร์,เทคโนโลยีสารสนเทศ,กรุงเทพมหานคร,13.790475,100.511397
266,บริษัท โตโยด้า โกเซ เอเชีย จำกัด,สารสนเทศศาสตร์,เทคโนโลยีสารสนเทศ,ชลบุรี,13.341403,100.958177
267,บริษัท ทีโอที จำกัด (มหาชน) จังหวัดชุมพร,สารสนเทศศาสตร์,เทคโนโลยีสารสนเทศ,ชุมพร,10.454029,99.143455
268,บริษัท บลูบิค วัลแคน จำกัด,สารสนเทศศาสตร์,เทคโนโลยีสารสนเทศ,กรุงเทพมหานคร,13.794503,100.506024
269,บริษัท บิสซิเนส คอมเพ็ดทิทีฟ อินเทลลิเจนซ์ จำกัด,สารสนเทศศาสตร์,เทคโนโลยีสารสนเทศ,นนทบุรี,13.837637,100.485451
270,บริษัท ประณีต จำกัด,สารสนเทศศาสตร์,เทคโนโลยีสารสนเทศ,กรุงเทพมหานคร,13.752851,100.529778
271,บริษัท โปรเกรส เน็ตเวิร์ค คอนซัลท์ จำกัด,สารสนเทศศาสตร์,เทคโนโลยีสารสนเทศ,นครศรีธรรมราช,8.438537,99.982033
272,บริษัท โปรอัลฟ่า โซลูชั่นส์ (ประเทศไทย) จำกัด,สารสนเทศศาสตร์,เทคโนโลยีสารสนเทศ,กรุงเทพมหานคร,13.771019,100.465975
273,บริษัท ผลิตไฟฟ้าขนอม จำกัด,สารสนเทศศาสตร์,เทคโนโลยีสารสนเทศ,นครศรีธรรมราช,8.406503,99.988241
274,บริษัท พร้อมท์ ดิ อินโนเวชั่นส์ จำกัด,สารสนเทศศาสตร์,เทคโนโลยีสารสนเทศ,กรุงเทพมหานคร,13.748375,100.51308
275,บริษัท เพชรศรีวิชัย เอ็นเตอร์ไพรส์ จำกัด,สารสนเทศศาสตร์,เทคโนโลยีสารสนเทศ,สุราษฎร์ธานี,9.119,99.313616
276,บริษัท ฟรอนทิส จำกัด,สารสนเทศศาสตร์,เทคโนโลยีสารสนเทศ,กรุงเทพมหานคร,13.737489,100.523308
277,บริษัท ฟินิกซ์ซอฟท์ คอร์ปอเรชั่น จำกัด,สารสนเทศศาสตร์,เทคโนโลยีสารสนเทศ,สมุทรปราการ,13.625756,100.717801
278,บริษัท เมเจอร์ ซีนีเพล็กซ์ กรุ้ป จำกัด (มหาชน),สารสนเทศศาสตร์,เทคโนโลยีสารสนเทศ,กรุงเทพมหานคร,13.794974,100.471843
279,บริษัท ลากูน่า รีสอร์ท แอนด์ โฮเท็ล จำกัด (มหาชน),สารสนเทศศาสตร์,เทคโนโลยีสารสนเทศ,ภูเก็ต,7.852596,98.372787
280,บริษัท วี-สมาร์ท จำกัด,สารสนเทศศาสตร์,เทคโนโลยีสารสนเทศ,กรุงเทพมหานคร,13.760169,100.495193
281,บริษัท สยาม ไอที เน็ตเวิร์คกิ้ง (ประเทศไทย) จำกัด,สารสนเทศศาสตร์,เทคโนโลยีสารสนเทศ,กรุงเทพมหานคร,13.72823,100.523183
282,บริษัท อิมแพ็ค เอ็กซิบิชั่น แมเนจเม้นท์ จำกัด,สารสนเทศศาสตร์,เทคโนโลยีสารสนเทศ,นนทบุรี,13.865885,100.553115
283,บริษัท เอ็ม เอฟ อี ซี จำกัด (มหาชน),สารสนเทศศาสตร์,เทคโนโลยีสารสนเทศ,กรุงเทพมหานคร,13.780441,100.509603
284,บริษัท แอปอินทัช จำกัด,สารสนเทศศาสตร์,เทคโนโลยีสารสนเทศ,กรุงเทพมหานคร,13.778174,100.478038
285,บริษัท ไอ-เทล คอร์ปอเรชั่น จำกัด (มหาชน),สารสนเทศศาสตร์,เทคโนโลยีสารสนเทศ,สงขลา,7.146554,100.460712
286,บริษัท เฮลท์ อัพ จำกัด,สารสนเทศศาสตร์,เทคโนโลยีสารสนเทศ,สมุทรปราการ,13.60544,100.715506
287,โรงเรียนอนุบาลกุลจินต์,สารสนเทศศาสตร์,เทคโนโลยีสารสนเทศ,สงขลา,7.195,100.446105
288,ศูนย์เทคโนโลยีดิจิทัล มหาวิทยาลัยวลัยลักษณ์,สารสนเทศศาสตร์,เทคโนโลยีสารสนเทศ,กรุงเทพมหานคร,13.741052,100.50441
289,ศูนย์พัฒนาทักษะและการเรียนรู้ ICT ภูเก็ต,สารสนเทศศาสตร์,เทคโนโลยีสารสนเทศ,ภูเก็ต,7.84549,98.412472
290,ศูนย์วิจัยระบบอัตโนมัติอัจฉริยะ คณะวิศวกรรมศาสตร์ มหาวิทยาลัยสงขลานครินทร์,สารสนเทศศาสตร์,เทคโนโลยีสารสนเทศ,สงขลา,7.180235,100.44551
291,สำนักงานพัฒนาธุรกรรมทางอิเล็กทรอนิกส์ (ETDA),สารสนเทศศาสตร์,เทคโนโลยีสารสนเทศ,กรุงเทพมหานคร,13.730977,100.518376
292,หลักสูตรเทคโนโลยีสารสนเทศและนวัตกรรมดิจิท้ล สำนักวิชาสารสนเทศศาสตร์ มหาวิทยาลัยวลัยลักษณ์,สารสนเทศศาสตร์,เทคโนโลยีสารสนเทศ,นครศรีธรรมราช,8.427362,99.97325
293,บริษัท โกซอฟท์ (ประเทศไทย) จำกัด,สารสนเทศศาสตร์,เทคโนโลยีสารสนเทศ,กรุงเทพมหานคร,13.750392,100.525653
294,บริษัท คอนโทรล ดาต้า (ประเทศไทย) จำกัด,สารสนเทศศาสตร์,เทคโนโลยีสารสนเทศ,กรุงเทพมหานคร,13.719433,100.527312
295,บริษัท จีไอเอส กรุ๊ป จำกัด ,สารสนเทศศาสตร์,เทคโนโลยีสารสนเทศ,กรุงเทพมหานคร,13.733482,100.467375
296,บริษัท แอดวานซ์ คอนแท็ค เซ็นเตอร์ จำกัด,สารสนเทศศาสตร์,เทคโนโลยีสารสนเทศ,กรุงเทพมหานคร,13.761299,100.474072
297,บริษัท ไอบอทน้อย จํากัด,สารสนเทศศาสตร์,เทคโนโลยีสารสนเทศ,กรุงเทพมหานคร,13.784515,100.502676
298,โรงพยาบาลกรุงเทพสิริโรจน์,สารสนเทศศาสตร์,เทคโนโลยีสารสนเทศ,ภูเก็ต,7.886777,98.359204
299,บริษัท โปรอัลฟ่า (ไทยแลนด์) จำกัด,สารสนเทศศาสตร์,เทคโนโลยีสารสนเทศ,กรุงเทพมหานคร,13.731991,100.477308
300,"Hufron & Rubaie Lawfirm, Surabaya, Indonesia",รัฐศาสตร์และนิติศาสตร์,นิติศาสตร์,กรุงเทพมหานคร,13.766633,100.494123
301,กรมคุ้มครองสิทธิและเสรีภาพ กระทรวงยุติธรรม,รัฐศาสตร์และนิติศาสตร์,นิติศาสตร์,กรุงเทพมหานคร,13.744828,100.508771
302,กรมศุลกากร,รัฐศาสตร์และนิติศาสตร์,นิติศาสตร์,กรุงเทพมหานคร,13.769373,100.481607
303,กรมสอบสวนคดีพิเศษ,รัฐศาสตร์และนิติศาสตร์,นิติศาสตร์,กรุงเทพมหานคร,13.780805,100.462992
304,กองคดีความมั่นคง และ กองคดีภาษีอากร กรมสอบสวนคดีพิเศษ,รัฐศาสตร์และนิติศาสตร์,นิติศาสตร์,กรุงเทพมหานคร,13.718395,100.463062
305,ด่านศุลกากรสะเดา (สำนักงานป้องกันและปราบปรามงานคดี),รัฐศาสตร์และนิติศาสตร์,นิติศาสตร์,สงขลา,7.208469,100.459453
306,ตำรวจภูธรจังหวัดนครศรีธรรมราช,รัฐศาสตร์และนิติศาสตร์,นิติศาสตร์,นครศรีธรรมราช,8.444274,99.962903
307,ที่ทำการปกครองจังหวัดพัทลุง,รัฐศาสตร์และนิติศาสตร์,นิติศาสตร์,พัทลุง,7.618102,100.144287
308,เทศบาลตำบลวิชิต,รัฐศาสตร์และนิติศาสตร์,นิติศาสตร์,ภูเก็ต,7.898116,98.363906
309,บริษัท นิติเสรีธรรม จำกัด,รัฐศาสตร์และนิติศาสตร์,นิติศาสตร์,กรุงเทพมหานคร,13.762436,100.532448
310,บริษัท เราเอ็ล แลนด์ จำกัด กรุงเทพฯ,รัฐศาสตร์และนิติศาสตร์,นิติศาสตร์,กรุงเทพมหานคร,13.756785,100.502701
311,บริษัท วีระยุทธ แอนด์ พาร์ทเนอร์ส จำกัด ,รัฐศาสตร์และนิติศาสตร์,นิติศาสตร์,นนทบุรี,13.901489,100.525124
312,บริษัท สยามลีกัล แอนด์ แอดไวเซอร์ จํากัด,รัฐศาสตร์และนิติศาสตร์,นิติศาสตร์,สงขลา,7.148617,100.482318
313,บริษัท สรรเพชร ทนายความ และเพื่อน จำกัด,รัฐศาสตร์และนิติศาสตร์,นิติศาสตร์,พังงา,8.426434,98.523324
314,บริษัท อินทนิล ลอว์ กรุ๊ป จำกัด,รัฐศาสตร์และนิติศาสตร์,นิติศาสตร์,สุราษฎร์ธานี,9.175633,99.344348
315,มูลนิธิศูนย์ทนายความมุสลิมจังหวัดปัตตานี,รัฐศาสตร์และนิติศาสตร์,นิติศาสตร์,ปัตตานี,6.842387,101.237607
316,ศาลแขวงจังหวัดสุราษฎร์ธานี,รัฐศาสตร์และนิติศาสตร์,นิติศาสตร์,สุราษฎร์ธานี,9.151034,99.360081
317,ศาลแขวงนครศรีธรรมราช,รัฐศาสตร์และนิติศาสตร์,นิติศาสตร์,นครศรีธรรมราช,8.452138,99.962271
318,ศาลแขวงภูเก็ต,รัฐศาสตร์และนิติศาสตร์,นิติศาสตร์,ภูเก็ต,7.90537,98.369195
319,ศาลแขวงสงขลา,รัฐศาสตร์และนิติศาสตร์,นิติศาสตร์,สงขลา,7.154371,100.507693
320,ศาลจังหวัดชุมพร,รัฐศาสตร์และนิติศาสตร์,นิติศาสตร์,ชุมพร,10.50961,99.183981
321,ศาลจังหวัดทุ่งสง,รัฐศาสตร์และนิติศาสตร์,นิติศาสตร์,นครศรีธรรมราช,8.395218,99.929313
322,ศาลจังหวัดนครศรีธรรมราช,รัฐศาสตร์และนิติศาสตร์,นิติศาสตร์,นครศรีธรรมราช,8.445843,99.992439
323,ศาลจังหวัดปัตตานี,รัฐศาสตร์และนิติศาสตร์,นิติศาสตร์,ปัตตานี,6.871248,101.279323
324,ศาลจังหวัดพังงา,รัฐศาสตร์และนิติศาสตร์,นิติศาสตร์,พังงา,8.47037,98.509349
325,ศาลจังหวัดพัทลุง,รัฐศาสตร์และนิติศาสตร์,นิติศาสตร์,พัทลุง,7.630933,100.199753
326,ศาลจังหวัดภูเก็ต,รัฐศาสตร์และนิติศาสตร์,นิติศาสตร์,ภูเก็ต,7.865378,98.395105
327,ศาลจังหวัดยะลา,รัฐศาสตร์และนิติศาสตร์,นิติศาสตร์,ยะลา,6.564138,101.307571
328,ศาลจังหวัดสงขลา,รัฐศาสตร์และนิติศาสตร์,นิติศาสตร์,สงขลา,7.169786,100.469719
329,ศาลจังหวัดสุราษฎร์ธานี,รัฐศาสตร์และนิติศาสตร์,นิติศาสตร์,สุราษฎร์ธานี,9.175978,99.322467
330,ศาลปกครองนครศรีธรรมราช,รัฐศาสตร์และนิติศาสตร์,นิติศาสตร์,นครศรีธรรมราช,8.432164,99.949868
331,ศาลปกครองสูงสุด จังหวัดกรุงเทพมหานคร,รัฐศาสตร์และนิติศาสตร์,นิติศาสตร์,กรุงเทพมหานคร,13.733092,100.48861
332,ศาลเยาวชนและครอบครัวจังหวัดนครศรีธรรมราช,รัฐศาสตร์และนิติศาสตร์,นิติศาสตร์,นครศรีธรรมราช,8.431015,99.998832
333,ศาลเยาวชนและครอบครัวจังหวัดปทุมธานี,รัฐศาสตร์และนิติศาสตร์,นิติศาสตร์,ปทุมธานี,13.984221,100.542711
334,ศาลเยาวชนและครอบครัวจังหวัดสงขลา,รัฐศาสตร์และนิติศาสตร์,นิติศาสตร์,สงขลา,7.141616,100.444576
335,ศาลเยาวชนและครอบครัวจังหวัดสุราษฎร์ธานี,รัฐศาสตร์และนิติศาสตร์,นิติศาสตร์,สุราษฎร์ธานี,9.169996,99.284065
336,ศาลอาญา,รัฐศาสตร์และนิติศาสตร์,นิติศาสตร์,กรุงเทพมหานคร,13.76523,100.470106
337,ศาลอาญากรุงเทพใต้,รัฐศาสตร์และนิติศาสตร์,นิติศาสตร์,กรุงเทพมหานคร,13.726866,100.494781
338,ศาลอาญาธนบุรี,รัฐศาสตร์และนิติศาสตร์,นิติศาสตร์,กรุงเทพมหานคร,13.747612,100.496454
339,สถานกงสุลใหญ่ ณ เมืองโกตาบารู,รัฐศาสตร์และนิติศาสตร์,นิติศาสตร์,มาเลเซีย,,
340,สถานกงสุลใหญ่ ณ เมืองปีนัง,รัฐศาสตร์และนิติศาสตร์,นิติศาสตร์,มาเลเซีย,,
341,สถานเอกอัครราชทูต ณ กรุงกัวลาลัมเปอร์,รัฐศาสตร์และนิติศาสตร์,นิติศาสตร์,มาเลเซีย,,
342,สถานเอกอัครราชทูต ณ สิงคโปร์,รัฐศาสตร์และนิติศาสตร์,นิติศาสตร์,กรุงเทพมหานคร,13.769179,100.49714
343,สถานีตำรวจท่องเที่ยวเกาะสมุย,รัฐศาสตร์และนิติศาสตร์,นิติศาสตร์,สุราษฎร์ธานี,9.163894,99.315782
344,สถานีตำรวจท่องเที่ยวหาดใหญ่,รัฐศาสตร์และนิติศาสตร์,นิติศาสตร์,กรุงเทพมหานคร,13.786541,100.541538
345,สถานีตำรวจภูธรกะทู้,รัฐศาสตร์และนิติศาสตร์,นิติศาสตร์,ภูเก็ต,7.90781,98.400849
346,สถานีตำรวจภูธรบ่อผุด,รัฐศาสตร์และนิติศาสตร์,นิติศาสตร์,สุราษฎร์ธานี,9.153469,99.286845
347,สถานีตำรวจภูธรพุนพิน,รัฐศาสตร์และนิติศาสตร์,นิติศาสตร์,สุราษฎร์ธานี,9.166984,99.340243
348,สถานีตำรวจภูธรเมืองปัตตานี,รัฐศาสตร์และนิติศาสตร์,นิติศาสตร์,ปัตตานี,6.832345,101.286772
349,สถานีตำรวจภูธรเมืองยะลา,รัฐศาสตร์และนิติศาสตร์,นิติศาสตร์,ยะลา,6.563304,101.285322
350,สถาบันอนุญาโตตุลาการ ที เอช เอ ซี,รัฐศาสตร์และนิติศาสตร์,นิติศาสตร์,กรุงเทพมหานคร,13.730328,100.513646
351,สภาทนายความจังหวัดทุ่งสง,รัฐศาสตร์และนิติศาสตร์,นิติศาสตร์,กรุงเทพมหานคร,13.717532,100.509909
352,สภาทนายความภาค 8,รัฐศาสตร์และนิติศาสตร์,นิติศาสตร์,นครศรีธรรมราช,8.460788,99.922943
353,ส่วนตรวจสอบสำนวนคดีอุทธรณ์และฎีกา สำนักงานตำรวจแห่งชาติ,รัฐศาสตร์และนิติศาสตร์,นิติศาสตร์,กรุงเทพมหานคร,13.770847,100.540773
354,ส่วนนิติการ มหาวิทยาลัยวลัยลักษณ์,รัฐศาสตร์และนิติศาสตร์,นิติศาสตร์,นครศรีธรรมราช,8.402459,99.985428
355,สํานักงานอัยการสูงสุด,รัฐศาสตร์และนิติศาสตร์,นิติศาสตร์,กรุงเทพมหานคร,13.735707,100.478556
356,สำนักงาน กฤศทนายความ,รัฐศาสตร์และนิติศาสตร์,นิติศาสตร์,กรุงเทพมหานคร,13.743223,100.541751
357,สำนักงานกฎหมาย มารุต บุนนาค อินเตอร์เนชั่นแนล ลอว์ ออฟฟิศ,รัฐศาสตร์และนิติศาสตร์,นิติศาสตร์,กรุงเทพมหานคร,13.766259,100.517348
358,สำนักงานกฎหมายกีรนันท์ บุญชูวงค์ ทนายความ,รัฐศาสตร์และนิติศาสตร์,นิติศาสตร์,นครศรีธรรมราช,8.421304,99.923081
359,สำนักงานกฎหมายจรัญ ศรีสุข,รัฐศาสตร์และนิติศาสตร์,นิติศาสตร์,นครศรีธรรมราช,8.433878,99.971182
360,สำนักงานกฎหมายทนายชนะ,รัฐศาสตร์และนิติศาสตร์,นิติศาสตร์,สงขลา,7.147548,100.506186
361,สำนักงานคณะกรรมการคุ้มครองผู้บริโภค,รัฐศาสตร์และนิติศาสตร์,นิติศาสตร์,กรุงเทพมหานคร,13.745827,100.492924
362,สำนักงานคดีปราบปรามการทุจริต ภาค 8,รัฐศาสตร์และนิติศาสตร์,นิติศาสตร์,กรุงเทพมหานคร,13.725651,100.522403
363,สำนักงานทนายความ นคร อินเตอร์ ลอว์,รัฐศาสตร์และนิติศาสตร์,นิติศาสตร์,กรุงเทพมหานคร,13.751576,100.50654
364,สำนักงานทนายความ หลักธรรมทนายความ,รัฐศาสตร์และนิติศาสตร์,นิติศาสตร์,นครศรีธรรมราช,8.430004,99.983015
365,สำนักงานทนายความชลสิทธิ แก้วยะรัตน์,รัฐศาสตร์และนิติศาสตร์,นิติศาสตร์,ภูเก็ต,7.897021,98.412205
366,สำนักงานเทศบาลเมืองกะทู้,รัฐศาสตร์และนิติศาสตร์,นิติศาสตร์,ภูเก็ต,7.891231,98.363502
367,สำนักงานนายสุภาษ หงส์ประภัศร เนติบัณฑิต ทนายความ,รัฐศาสตร์และนิติศาสตร์,นิติศาสตร์,นครศรีธรรมราช,8.470807,99.990109
368,สำนักงานบังคับคดี จังหวัดนครศรีธรรมราช,รัฐศาสตร์และนิติศาสตร์,นิติศาสตร์,นครศรีธรรมราช,8.451217,99.927648
369,สำนักงานบังคับคดีจังหวัดนครศรีธรรมราช สาขาทุ่งสง,รัฐศาสตร์และนิติศาสตร์,นิติศาสตร์,นครศรีธรรมราช,8.41201,99.958372
370,สำนักงานบังคับคดีจังหวัดนครศรีธรรมราช สาขาปากพนัง,รัฐศาสตร์และนิติศาสตร์,นิติศาสตร์,นครศรีธรรมราช,8.418052,99.989027
371,สำนักงานบังคับคดีจังหวัดภูเก็ต,รัฐศาสตร์และนิติศาสตร์,นิติศาสตร์,ภูเก็ต,7.849683,98.403678
372,สำนักงานวิเชียรทนายความ,รัฐศาสตร์และนิติศาสตร์,นิติศาสตร์,สุราษฎร์ธานี,9.145551,99.313795
373,สำนักงานศาลปกครอง กรุงเทพมหานคร,รัฐศาสตร์และนิติศาสตร์,นิติศาสตร์,กรุงเทพมหานคร,13.740211,100.48686
374,สำนักงานศาลปกครองภูเก็ต,รัฐศาสตร์และนิติศาสตร์,นิติศาสตร์,ภูเก็ต,7.850518,98.358764
375,สำนักงานส่งเสริมการค้าระหว่างประเทศ กรุงเจนไน อินเดีย,รัฐศาสตร์และนิติศาสตร์,นิติศาสตร์,อินเดีย,,
376,สำนักงานสรรพากรพื้นที่สงขลา 2,รัฐศาสตร์และนิติศาสตร์,นิติศาสตร์,สงขลา,7.190435,100.438347
377,สำนักงานสุรศักดิ์ทนายความ,รัฐศาสตร์และนิติศาสตร์,นิติศาสตร์,กรุงเทพมหานคร,13.758802,100.470377
378,สำนักงานอัยการคดีเยาวชนและครอบครัวจังหวัดภูเก็ต,รัฐศาสตร์และนิติศาสตร์,นิติศาสตร์,ภูเก็ต,7.852402,98.387013
379,สำนักงานอัยการคดีศาลแขวงทุ่งสง,รัฐศาสตร์และนิติศาสตร์,นิติศาสตร์,นครศรีธรรมราช,8.395764,99.955546
380,สำนักงานอัยการคดีศาลแขวงสงขลา,รัฐศาสตร์และนิติศาสตร์,นิติศาสตร์,สงขลา,7.17313,100.514089
381,สำนักงานอัยการคุ้มครองสิทธิช่วยเหลือทางกฎหมายและการบังคับพัทลุง,รัฐศาสตร์และนิติศาสตร์,นิติศาสตร์,พัทลุง,7.643494,100.160222
382,สำนักงานอัยการคุ้มครองสิทธิและช่วยเหลือทางกฎหมายและการบังคับคดีจังหวัดตรัง,รัฐศาสตร์และนิติศาสตร์,นิติศาสตร์,ตรัง,7.530314,99.623084
383,สำนักงานอัยการคุ้มครองสิทธิและช่วยเหลือทางกฎหมายและการบังคับคดีจังหวัดภูเก็ต,รัฐศาสตร์และนิติศาสตร์,นิติศาสตร์,ภูเก็ต,7.891377,98.359237
384,สำนักงานอัยการจังหวัดกระบี่,รัฐศาสตร์และนิติศาสตร์,นิติศาสตร์,กระบี่,8.112549,98.882949
385,สำนักงานอัยการจังหวัดชุมพร,รัฐศาสตร์และนิติศาสตร์,นิติศาสตร์,ชุมพร,10.459664,99.183945
386,สำนักงานอัยการจังหวัดตรัง,รัฐศาสตร์และนิติศาสตร์,นิติศาสตร์,ตรัง,7.597104,99.649992
387,สำนักงานอัยการจังหวัดนครศรีธรรมราช,รัฐศาสตร์และนิติศาสตร์,นิติศาสตร์,นครศรีธรรมราช,8.394699,99.95491
388,สำนักงานอัยการจังหวัดภูเก็ต,รัฐศาสตร์และนิติศาสตร์,นิติศาสตร์,ภูเก็ต,7.890164,98.429638
389,สำนักงานอัยการจังหวัดยะลา,รัฐศาสตร์และนิติศาสตร์,นิติศาสตร์,ยะลา,6.568968,101.24704
390,สำนักงานอัยการจังหวัดระนอง,รัฐศาสตร์และนิติศาสตร์,นิติศาสตร์,ระนอง,9.972352,98.598987
391,สำนักงานอัยการจังหวัดสงขลา,รัฐศาสตร์และนิติศาสตร์,นิติศาสตร์,สงขลา,7.149667,100.468189
392,สำนักงานอัยการจังหวัดสุราษฎร์ธานี,รัฐศาสตร์และนิติศาสตร์,นิติศาสตร์,สุราษฎร์ธานี,9.164181,99.344153
393,สำนักงานอัยการจังหวัดหลังสวน,รัฐศาสตร์และนิติศาสตร์,นิติศาสตร์,ชุมพร,10.508057,99.16969
394,สำนักงานอัยการภาค 8,รัฐศาสตร์และนิติศาสตร์,นิติศาสตร์,สุราษฎร์ธานี,9.124895,99.288002
395,สำนักงานอัยการภาค 9,รัฐศาสตร์และนิติศาสตร์,นิติศาสตร์,สงขลา,7.165406,100.514021
396,สำนักงานอัยการสูงสุด,รัฐศาสตร์และนิติศาสตร์,นิติศาสตร์,กรุงเทพมหานคร,13.771897,100.515501
397,สำนักวิชานิติศาสตร์ มหาวิทยาลัยวลัยลักษณ์,รัฐศาสตร์และนิติศาสตร์,นิติศาสตร์,กรุงเทพมหานคร,13.716425,100.494145
398,สำนักงานอัยการสูงสุด อาคารถนนรัชดาภิเษก,รัฐศาสตร์และนิติศาสตร์,นิติศาสตร์,กรุงเทพมหานคร,13.717142,100.487941
399,สำนักงานอัยการสูงสุด อาคารแจ้งวัฒนะ,รัฐศาสตร์และนิติศาสตร์,นิติศาสตร์,กรุงเทพมหานคร,13.779936,100.478111
400,บริษัท ร่อนพิบูลย์ ทนายความ จำกัด,รัฐศาสตร์และนิติศาสตร์,นิติศาสตร์,นครศรีธรรมราช,8.394879,99.944945
401,ศาลอุทธรณ์,รัฐศาสตร์และนิติศาสตร์,นิติศาสตร์,กรุงเทพมหานคร,13.778165,100.505606
402,สถานีตำรวจภูธรฉวาง,รัฐศาสตร์และนิติศาสตร์,นิติศาสตร์,นครศรีธรรมราช,8.405491,99.96113
403,ศาลจังหวัดกระบี่,รัฐศาสตร์และนิติศาสตร์,นิติศาสตร์,กระบี่,8.079038,98.939511
404,สำนักงานกฎหมายนิติสุข,รัฐศาสตร์และนิติศาสตร์,นิติศาสตร์,ภูเก็ต,7.894681,98.385578
405,สำนักงานเจ้าฟ้าทนายความ,รัฐศาสตร์และนิติศาสตร์,นิติศาสตร์,กระบี่,8.063452,98.939338
406,บริษัท เจเอบี ลอว์ เฮ้าส์ จำกัด,รัฐศาสตร์และนิติศาสตร์,นิติศาสตร์,กรุงเทพมหานคร,13.74128,100.488175
407,ศาลจังหวัดตรัง,รัฐศาสตร์และนิติศาสตร์,นิติศาสตร์,ตรัง,7.550755,99.594991
408,สำนักงานทนายความชัยกฤษณ์ สิทธิพราหมณ์,รัฐศาสตร์และนิติศาสตร์,นิติศาสตร์,กรุงเทพมหานคร,13.734204,100.487172
409,สำนักงานกฎหมาย นคร อินเตอร์ ลอว์ แอนด์ คอนซัลแทนต์ จำกัด,รัฐศาสตร์และนิติศาสตร์,นิติศาสตร์,นครศรีธรรมราช,8.428952,99.926081
410,ศาลแขวงสุราษฎร์ธานี,รัฐศาสตร์และนิติศาสตร์,นิติศาสตร์,สุราษฎร์ธานี,9.160872,99.290306
411,สำนักงานกฎหมายทนายหมัด,รัฐศาสตร์และนิติศาสตร์,นิติศาสตร์,ยะลา,6.556936,101.31131
412,บริษัท ทีเอส อสังหาริมทรัพย์และกฎหมาย จำกัด,รัฐศาสตร์และนิติศาสตร์,นิติศาสตร์,นครศรีธรรมราช,8.466033,99.953198
413,บริษัท เดอะ รอยัล ลอว์ แอนด์ บิซิเนส จำกัด,รัฐศาสตร์และนิติศาสตร์,นิติศาสตร์,ภูเก็ต,7.912693,98.413423
414,ศาลแขวงกระบี่,รัฐศาสตร์และนิติศาสตร์,นิติศาสตร์,กระบี่,8.113599,98.868305
415,สำนักงานกฎหมายกรกตและเพื่อน,รัฐศาสตร์และนิติศาสตร์,นิติศาสตร์,สุราษฎร์ธานี,9.15947,99.29805
416,บริษัท ขอบสนาม จำกัด,สารสนเทศศาสตร์,นิเทศศาสตร์ดิจิทัล,กรุงเทพมหานคร,13.772213,100.464956
417,บริษัท เคเท็นโกลบอลคอนเทนต์ จำกัด,สารสนเทศศาสตร์,นิเทศศาสตร์ดิจิทัล,กรุงเทพมหานคร,13.723992,100.52331
418,บริษัท จีเอ็มเอ็ม โอ ช้อปปิ้ง จำกัด,สารสนเทศศาสตร์,นิเทศศาสตร์ดิจิทัล,กรุงเทพมหานคร,13.775306,100.485941
419,บริษัท เช็ค แอนด์ โชว์ จำกัด,สารสนเทศศาสตร์,นิเทศศาสตร์ดิจิทัล,กรุงเทพมหานคร,13.776846,100.47439
420,บริษัท เซ้นส์ เอนเตอร์เทนเมนท์ จำกัด,สารสนเทศศาสตร์,นิเทศศาสตร์ดิจิทัล,กรุงเทพมหานคร,13.790224,100.462826
421,บริษัท ดิ วันโอวัน เปอร์เซนต์ จำกัด,สารสนเทศศาสตร์,นิเทศศาสตร์ดิจิทัล,กรุงเทพมหานคร,13.739436,100.527173
422,บริษัท ทริปเปิล วี บรอดคาสท์ จำกัด,สารสนเทศศาสตร์,นิเทศศาสตร์ดิจิทัล,กรุงเทพมหานคร,13.759983,100.530278
423,บริษัท ทิปปิ้ง พ้อยท์ โซลูชั่น จำกัด,สารสนเทศศาสตร์,นิเทศศาสตร์ดิจิทัล,กรุงเทพมหานคร,13.764231,100.52854
424,บริษัท นัมเบอร์วันแลนด์ จำกัด,สารสนเทศศาสตร์,นิเทศศาสตร์ดิจิทัล,กรุงเทพมหานคร,13.771498,100.525707
425,บริษัท บางกอก มีเดีย แอนด์ บรอดคาสติ้ง จำกัด (PPTV HD ช่อง 36),สารสนเทศศาสตร์,นิเทศศาสตร์ดิจิทัล,กรุงเทพมหานคร,13.778283,100.486815
426,บริษัท บางกอก เว็บ โซลูชั่น จำกัด,สารสนเทศศาสตร์,นิเทศศาสตร์ดิจิทัล,กรุงเทพมหานคร,13.757455,100.479719
427,บริษัท บางกอกเอ็นเตอร์เทนเมนท์ จำกัด (ไทยทีวีสีช่อง 3 ฝ่ายข่าว),สารสนเทศศาสตร์,นิเทศศาสตร์ดิจิทัล,กรุงเทพมหานคร,13.736003,100.483736
428,บริษัท บีอีซี-เทโร เอ็นเตอร์เทนเม้นท์ จำกัด (มหาชน) ฝ่ายผลิตรายการโทรทัศน์,สารสนเทศศาสตร์,นิเทศศาสตร์ดิจิทัล,กรุงเทพมหานคร,13.749582,100.535583
429,บริษัท บุ๊คสเคป จำกัด,สารสนเทศศาสตร์,นิเทศศาสตร์ดิจิทัล,กรุงเทพมหานคร,13.757639,100.478365
430,บริษัท ประกิต โฮลดิ้งส์ จํากัด,สารสนเทศศาสตร์,นิเทศศาสตร์ดิจิทัล,กรุงเทพมหานคร,13.757004,100.511088
431,บริษัท ปรากฏการณ์ดี จำกัด,สารสนเทศศาสตร์,นิเทศศาสตร์ดิจิทัล,กรุงเทพมหานคร,13.792616,100.497879
432,บริษัท พาราดิซัล มีเดีย จำกัด,สารสนเทศศาสตร์,นิเทศศาสตร์ดิจิทัล,กรุงเทพมหานคร,13.718029,100.530454
433,บริษัท พินปังก์ จำกัด,สารสนเทศศาสตร์,นิเทศศาสตร์ดิจิทัล,กรุงเทพมหานคร,13.736176,100.54004
434,บริษัท ม็อกกิ้งเบิร์ด จำกัด,สารสนเทศศาสตร์,นิเทศศาสตร์ดิจิทัล,กรุงเทพมหานคร,13.735852,100.499097
435,บริษัท มาร์เก็ตเธียร์ จำกัด,สารสนเทศศาสตร์,นิเทศศาสตร์ดิจิทัล,กรุงเทพมหานคร,13.778834,100.528541
436,บริษัท มุมใหม่ จำกัด,สารสนเทศศาสตร์,นิเทศศาสตร์ดิจิทัล,นนทบุรี,13.851415,100.489547
437,บริษัท วงใน มีเดีย จำกัด,สารสนเทศศาสตร์,นิเทศศาสตร์ดิจิทัล,กรุงเทพมหานคร,13.73751,100.525289
438,บริษัท วงใน มีเดีย จำกัด สาขาหาดใหญ่,สารสนเทศศาสตร์,นิเทศศาสตร์ดิจิทัล,สงขลา,7.188272,100.440081
439,บริษัท สองมือโปรดักชั่น จำกัด,สารสนเทศศาสตร์,นิเทศศาสตร์ดิจิทัล,กรุงเทพมหานคร,13.733591,100.494721
440,บริษัท อีเวนต์แฟลร์ จำกัด,สารสนเทศศาสตร์,นิเทศศาสตร์ดิจิทัล,นนทบุรี,13.852452,100.503297
441,โรงพยาบาลพญาไท 2,สารสนเทศศาสตร์,นิเทศศาสตร์ดิจิทัล,กรุงเทพมหานคร,13.795057,100.519949
442,โรงพยาบาลศูนย์การแพทย์มหาวิทยาลัยวลัยลักษณ์,สารสนเทศศาสตร์,นิเทศศาสตร์ดิจิทัล,นครศรีธรรมราช,8.452174,99.927304
443,สถานีวิทยุโทรทัศน์แห่งประเทศไทย จังหวัดภูเก็ต,สารสนเทศศาสตร์,นิเทศศาสตร์ดิจิทัล,ภูเก็ต,7.873557,98.38308
444,สถานีวิทยุโทรทัศน์แห่งประเทศไทย ช่อง 11 จังหวัดนครศรีธรรมราช,สารสนเทศศาสตร์,นิเทศศาสตร์ดิจิทัล,นครศรีธรรมราช,8.455243,99.978583
445,สำนักงานประชาสัมพันธ์จังหวัดเชียงใหม่,สารสนเทศศาสตร์,นิเทศศาสตร์ดิจิทัล,เชียงใหม่,18.818288,98.977903
446,สำนักงานประชาสัมพันธ์จังหวัดภูเก็ต,สารสนเทศศาสตร์,นิเทศศาสตร์ดิจิทัล,ภูเก็ต,7.8553,98.421562
447,องค์การกระจายเสียงและแพร่ภาพสาธารณะแห่งประเทศไทย,สารสนเทศศาสตร์,นิเทศศาสตร์ดิจิทัล,กรุงเทพมหานคร,13.756544,100.471351
448,บริษัท เซ็นทรัลพัฒนา จำกัด (มหาชน) สาขานครศรีธรรมราช,สารสนเทศศาสตร์,นิเทศศาสตร์ดิจิทัล,นครศรีธรรมราช,8.409822,100.000499
449,บริษัท มติชน จำกัด (มหาชน),สารสนเทศศาสตร์,นิเทศศาสตร์ดิจิทัล,กรุงเทพมหานคร,13.793818,100.48159
450,บริษัท เวิร์คพอยท์ เอ็นเทอร์เทนเมนท์ จำกัด (มหาชน),สารสนเทศศาสตร์,นิเทศศาสตร์ดิจิทัล,ปทุมธานี,14.014446,100.553175
451,บริษัท ลากูน่า บันยันทรี จำกัด,สารสนเทศศาสตร์,นิเทศศาสตร์ดิจิทัล,ภูเก็ต,7.875801,98.376737
452,บริษัท ทีวีพูล จำกัด,สารสนเทศศาสตร์,นิเทศศาสตร์ดิจิทัล,กรุงเทพมหานคร,13.79023,100.498707
453,บริษัท อาร์วายไอไอไอ จำกัด,สารสนเทศศาสตร์,นิเทศศาสตร์ดิจิทัล,กรุงเทพมหานคร,13.720724,100.486744
454,สโมสรฟุตบอล นครราชสีมา มาสด้า เอฟซี,สารสนเทศศาสตร์,นิเทศศาสตร์ดิจิทัล,นครราชสีมา,14.960508,102.100167
455,กองกิจการพลเรือน กองทัพภาคที่ 4 ค่ายวชิราวุธ,สารสนเทศศาสตร์,นิเทศศาสตร์ดิจิทัล,นครศรีธรรมราช,8.451097,100.002274
456,เซ็นทรัล เฟสติวัล สมุย,สารสนเทศศาสตร์,นิเทศศาสตร์ดิจิทัล,สุราษฎร์ธานี,9.162606,99.360276
457,บริษัท จัดหางาน จ๊อบบีเคเค ดอท คอม จำกัด สาขานครศรีธรรมราช,สารสนเทศศาสตร์,นิเทศศาสตร์ดิจิทัล,นครศรีธรรมราช,8.397732,99.944319
458,สำนักประชาสัมพันธ์เขต 6 กรมประชาสัมพันธ์,สารสนเทศศาสตร์,นิเทศศาสตร์ดิจิทัล,สงขลา,7.141165,100.510283
459,บริษัท ยานแม่ จำกัด,สารสนเทศศาสตร์,นิเทศศาสตร์ดิจิทัล,กรุงเทพมหานคร,13.734977,100.528464
460,สถานีโทรทัศน์แห่งประเทศไทย จังหวัดสุราษฎร์ธานี,สารสนเทศศาสตร์,นิเทศศาสตร์ดิจิทัล,สุราษฎร์ธานี,9.153458,99.348009
461,สถานีวิทยุกระจายเสียงแห่งประเทศไทย จังหวัดสงขลา,สารสนเทศศาสตร์,นิเทศศาสตร์ดิจิทัล,สงขลา,7.145848,100.442628
462,บริษัท ทอล์ค ออฟ เดอะ ทาวน์ โปรเจค จำกัด,สารสนเทศศาสตร์,นิเทศศาสตร์ดิจิทัล,สงขลา,7.137411,100.470828
463,บริษัท เซ้นส์ มอร์ คอร์ปอเรชั่น จำกัด,สารสนเทศศาสตร์,นิเทศศาสตร์ดิจิทัล,กรุงเทพมหานคร,13.757739,100.513097
464,สถานีวิทยุโทรทัศน์แห่งประเทศไทย,สารสนเทศศาสตร์,นิเทศศาสตร์ดิจิทัล,กรุงเทพมหานคร,13.756094,100.472323
465,สำนักงานประชาสัมพันธ์จังหวัดนครศรีธรรมราช,สารสนเทศศาสตร์,นิเทศศาสตร์ดิจิทัล,นครศรีธรรมราช,8.399099,99.923115
466,บริษัท บุญมีฤทธิ์ มีเดีย จำกัด,สารสนเทศศาสตร์,นิเทศศาสตร์ดิจิทัล,กรุงเทพมหานคร,13.735779,100.465619
467,บริษัท เตชภัช จำกัด (Elite Event Thailand),สารสนเทศศาสตร์,นิเทศศาสตร์ดิจิทัล,สุราษฎร์ธานี,9.166899,99.317279
468,บริษัท ที-เรค เอ็นเตอร์เทนเมนท์ จำกัด,สารสนเทศศาสตร์,นิเทศศาสตร์ดิจิทัล,กรุงเทพมหานคร,13.773522,100.476568
469,ห้างหุ้นส่วนจำกัด บลิส อีเวนส์ (ไทยแลนด์) เกาะสมุย,สารสนเทศศาสตร์,นิเทศศาสตร์ดิจิทัล,สุราษฎร์ธานี,9.108655,99.339232
470,อ้าปากค้างสตูดิโอ,สารสนเทศศาสตร์,นิเทศศาสตร์ดิจิทัล,ปทุมธานี,14.019115,100.500713
471,กองกิจการพลเรือน กองทัพภาคที่ 4 ค่ายวชิราวุธ,สารสนเทศศาสตร์,นิเทศศาสตร์ดิจิทัล,นครศรีธรรมราช,8.418367,99.994422
472,การท่องเที่ยวแห่งประเทศไทย สำนักงานนครศรีธรรมราช,สารสนเทศศาสตร์,นิเทศศาสตร์ดิจิทัล,นครศรีธรรมราช,8.421992,99.964048
473,เซ็นทรัล เฟสติวัล สมุย,สารสนเทศศาสตร์,นิเทศศาสตร์ดิจิทัล,สุราษฎร์ธานี,9.139236,99.295687
474,บริษัท จินเล่อ มีเดีย เวิร์ค จำกัด,สารสนเทศศาสตร์,นิเทศศาสตร์ดิจิทัล,กรุงเทพมหานคร,13.781484,100.513073
475,บริษัท ไทย บรอดคาสติ้ง จำกัด,สารสนเทศศาสตร์,นิเทศศาสตร์ดิจิทัล,ปทุมธานี,13.988011,100.553445
476,บริษัท แพลน บี อีเลฟเว้น จำกัด,สารสนเทศศาสตร์,นิเทศศาสตร์ดิจิทัล,กรุงเทพมหานคร,13.728801,100.52387
477,สถานีโทรทัศน์เพื่อการท่องเที่ยวและกีฬา (T-Sport 7),สารสนเทศศาสตร์,นิเทศศาสตร์ดิจิทัล,กรุงเทพมหานคร,13.750017,100.517673
478,Harian Disway,สารสนเทศศาสตร์,นิเทศศาสตร์ดิจิทัล,อินโดนีเซีย,,
479,RheinMain University of Applied Sciences,สารสนเทศศาสตร์,นิเทศศาสตร์ดิจิทัล,เยอรมัน,,
480,การไฟฟ้าส่วนภูมิภาค เขต 2 (ภาคใต้) จังหวัดนครศรีธรรมราช กองการบัญชี ฝ่ายบัญชีและพลังงานไฟฟ้า,การบัญชีและการเงิน,บัญชี,นครศรีธรรมราช,8.405584,99.984524
481,การไฟฟ้าส่วนภูมิภาคป่าตอง,การบัญชีและการเงิน,บัญชี,ภูเก็ต,7.895494,98.374673
482,บริษัท กรินทร์ ออดิท จำกัด,การบัญชีและการเงิน,บัญชี,กรุงเทพมหานคร,13.751452,100.491512
483,บริษัท กรีน โอเชี่ยน แอคเคาท์ติ้ง จำกัด,การบัญชีและการเงิน,บัญชี,นนทบุรี,13.827711,100.485562
484,บริษัท เคพีเอ็มจี ภูมิไชย สอบบัญชี จำกัด,การบัญชีและการเงิน,บัญชี,กรุงเทพมหานคร,13.75046,100.471557
485,บริษัท ชู แอคเคาท์ติ้ง จำกัด,การบัญชีและการเงิน,บัญชี,กรุงเทพมหานคร,13.757268,100.52994
486,บริษัท โชติวัฒน์อุตสาหกรรมการผลิต จำกัด,การบัญชีและการเงิน,บัญชี,สงขลา,7.168609,100.477917
487,บริษัท ซี เอส การบัญชี จำกัด,การบัญชีและการเงิน,บัญชี,กรุงเทพมหานคร,13.747462,100.541126
488,บริษัท ซีพี ออลล์ จำกัด (มหาชน),การบัญชีและการเงิน,บัญชี,กรุงเทพมหานคร,13.761088,100.517978
489,บริษัท เซฟสกิน เมดดิคอล แอนด์ ไซเอนทิฟิก (ประเทศไทย) จำกัด,การบัญชีและการเงิน,บัญชี,สงขลา,7.143276,100.513888
490,บริษัท เซ้าท์พอยท์ ซอฟต์แวร์ และการบัญชี จำกัด,การบัญชีและการเงิน,บัญชี,สงขลา,7.192471,100.515435
491,บริษัท ดี.วาย.แท็กซ์ ออดิท จำกัด,การบัญชีและการเงิน,บัญชี,นครศรีธรรมราช,8.405573,99.970579
492,บริษัท ดีลอยท์ ทู้ช โธมัทสุ ไชยยศ สอบบัญชี จำกัด,การบัญชีและการเงิน,บัญชี,กรุงเทพมหานคร,13.78135,100.493226
493,บริษัท ตรวจสอบบัญชี เจ.อาร์.ที จำกัด,การบัญชีและการเงิน,บัญชี,นครศรีธรรมราช,8.409324,99.996665
494,บริษัท โตโย ออดิท จำกัด,การบัญชีและการเงิน,บัญชี,กรุงเทพมหานคร,13.736966,100.46191
495,บริษัท ทรู คอร์ปอเรชั่น จำกัด (มหาชน),การบัญชีและการเงิน,บัญชี,นครศรีธรรมราช,8.426802,99.953181
496,บริษัท ท้อปโกลฟ เมดิคอล (ไทยแลนด์) จำกัด,การบัญชีและการเงิน,บัญชี,สงขลา,7.14293,100.459043
497,บริษัท ที.เค. การบัญชีและกฎหมาย จำกัด,การบัญชีและการเงิน,บัญชี,สุราษฎร์ธานี,9.175562,99.298975
498,บริษัท ทีเอ็มเอฟ (ประเทศไทย) จำกัด,การบัญชีและการเงิน,บัญชี,กรุงเทพมหานคร,13.738231,100.468762
499,บริษัท ไทย อินโฟ จำกัด,การบัญชีและการเงิน,บัญชี,กรุงเทพมหานคร,13.787865,100.541497
500,บริษัท ไทยแอคเคาท์ติ้ง คลินิค จำกัด,การบัญชีและการเงิน,บัญชี,กรุงเทพมหานคร,13.740871,100.474724
501,บริษัท ธรรมนิติการบัญชีและภาษีอากร จำกัด,การบัญชีและการเงิน,บัญชี,กรุงเทพมหานคร,13.765415,100.504471
502,บริษัท บริษัทแกรนท์ ธอนตัน จำกัด,การบัญชีและการเงิน,บัญชี,กรุงเทพมหานคร,13.77049,100.524866
503,บริษัท บัญชีกิจ จำกัด,การบัญชีและการเงิน,บัญชี,กรุงเทพมหานคร,13.791113,100.490816
504,บริษัท บีบิ๊กทรี จำกัด,การบัญชีและการเงิน,บัญชี,กรุงเทพมหานคร,13.72,100.514312
505,บริษัท บีอีเอซี แอคเคาน์ แอนด์ ออดิท จำกัด,การบัญชีและการเงิน,บัญชี,กรุงเทพมหานคร,13.730953,100.490303
506,บริษัท บุณยานุช การบัญชี จำกัด,การบัญชีและการเงิน,บัญชี,ภูเก็ต,7.846303,98.408398
507,บริษัท เบเคอร์ ทิลลี่ ออดิท แอนด์ แอ็ดไวเซอร์รี่ เซอร์วิสเซส (ประเทศไทย) จำกัด,การบัญชีและการเงิน,บัญชี,กรุงเทพมหานคร,13.775124,100.470537
508,บริษัท ปตท. จำกัด (มหาชน),การบัญชีและการเงิน,บัญชี,กรุงเทพมหานคร,13.754708,100.541584
509,บริษัท พราว เรียล เอสเตท จำกัด (มหาชน),การบัญชีและการเงิน,บัญชี,กรุงเทพมหานคร,13.751719,100.52566
510,บริษัท พันวาตรวจสอบบัญชี จำกัด,การบัญชีและการเงิน,บัญชี,กรุงเทพมหานคร,13.778728,100.462776
511,บริษัท พี ออดิท จำกัด,การบัญชีและการเงิน,บัญชี,สุราษฎร์ธานี,9.13278,99.30055
512,บริษัท พีวีที ไทยเจริญ จำกัด,การบัญชีและการเงิน,บัญชี,กรุงเทพมหานคร,13.755033,100.533367
513,บริษัท เพชรศรีวิชัยโฮลดิ้ง จำกัด,การบัญชีและการเงิน,บัญชี,สุราษฎร์ธานี,9.098327,99.319555
514,บริษัท ไพร้ซวอเตอร์เฮาส์คูเปอร์ส เอบีเอเอส จำกัด,การบัญชีและการเงิน,บัญชี,กรุงเทพมหานคร,13.749435,100.496026
515,บริษัท ฟาร์มเมซ ภาคใต้,การบัญชีและการเงิน,บัญชี,กรุงเทพมหานคร,13.744904,100.53069
516,บริษัท ฟาร์เมช จำกัด,การบัญชีและการเงิน,บัญชี,นครศรีธรรมราช,8.455029,99.929668
517,บริษัท มายด์เมอร์จ คอนซัลแทนท์ จำกัด,การบัญชีและการเงิน,บัญชี,กรุงเทพมหานคร,13.789696,100.509885
518,บริษัท มาสเตอร์แอคเคาท์ติ้ง แอนด์ คอนซัลแทนท์ จำกัด,การบัญชีและการเงิน,บัญชี,กรุงเทพมหานคร,13.759217,100.46629
519,บริษัท โมเดอร์น แอคเค้าติ้ง เซอร์วิส จำกัด,การบัญชีและการเงิน,บัญชี,กรุงเทพมหานคร,13.738371,100.482083
520,บริษัท ยงยุทธ์การบัญชีและบุตร จำกัด,การบัญชีและการเงิน,บัญชี,กรุงเทพมหานคร,13.71671,100.480782
521,บริษัท รัชพรการบัญชีภาษีอากรและกฏหมาย จำกัด,การบัญชีและการเงิน,บัญชี,กรุงเทพมหานคร,13.76383,100.485827
522,บริษัท ศรีตรังโกลฟส์ (ประเทศไทย) จำกัด สาขาสุราษฎร์ธานี,การบัญชีและการเงิน,บัญชี,สุราษฎร์ธานี,9.098849,99.349431
523,บริษัท ศรีตรังโกลฟส์ ประเทศไทย จำกัด,การบัญชีและการเงิน,บัญชี,ตรัง,7.593867,99.640771
524,บริษัท ศรุดา 9999 จำกัด,การบัญชีและการเงิน,บัญชี,กรุงเทพมหานคร,13.78312,100.519733
525,บริษัท ส.สมุยธุรกิจ จำกัด,การบัญชีและการเงิน,บัญชี,สุราษฎร์ธานี,9.175101,99.286695
526,บริษัท สสุภาการบัญชี จำกัด,การบัญชีและการเงิน,บัญชี,สุราษฎร์ธานี,9.143914,99.344994
527,บริษัท สหการสอบบัญชี จำกัด,การบัญชีและการเงิน,บัญชี,กรุงเทพมหานคร,13.725006,100.505521
528,บริษัท สอบบัญชีธรรมนิติ จำกัด,การบัญชีและการเงิน,บัญชี,กรุงเทพมหานคร,13.793797,100.521045
529,บริษัท สำนักงาน ดร.วิรัช แอนด์ แอสโซซิเอทส์ จำกัด,การบัญชีและการเงิน,บัญชี,กรุงเทพมหานคร,13.728288,100.516774
530,บริษัท สำนักงาน อีวาย จำกัด,การบัญชีและการเงิน,บัญชี,กรุงเทพมหานคร,13.780988,100.511114
531,บริษัท สำนักงาน เอ็ม เอ็ม เอ็น ซินดิเคท จำกัด,การบัญชีและการเงิน,บัญชี,กรุงเทพมหานคร,13.741407,100.467561
532,บริษัท สำนักงานจิราภาบัญชี จำกัด,การบัญชีและการเงิน,บัญชี,กรุงเทพมหานคร,13.761902,100.535654
533,บริษัท สำนักงานปีติเสวี จำกัด,การบัญชีและการเงิน,บัญชี,กรุงเทพมหานคร,13.79283,100.526802
534,บริษัท หลักทรัพย์ ยูโอบี เคย์เฮียน (ประเทศไทย) จำกัด (มหาชน),การบัญชีและการเงิน,บัญชี,กรุงเทพมหานคร,13.742991,100.476076
535,บริษัท เอ.เอ็ม.ซี อินเตอร์เนชั่นแนล คอนซัลติ้ง จำกัด,การบัญชีและการเงิน,บัญชี,กรุงเทพมหานคร,13.737042,100.52777
536,บริษัท เอ็นทูเอส โซลูชั่น จำกัด,การบัญชีและการเงิน,บัญชี,กรุงเทพมหานคร,13.774865,100.512973
537,บริษัท เอ็ม เอส ไอ จี ประกันภัย (ประเทศไทย) จำกัด (มหาชน),การบัญชีและการเงิน,บัญชี,กรุงเทพมหานคร,13.784311,100.492175
538,บริษัท เอส.เค. แอคเคาน์แต้นท์ เซอร์วิสเซส จำกัด,การบัญชีและการเงิน,บัญชี,กรุงเทพมหานคร,13.746388,100.49066
539,บริษัท เอส.ซี. การบัญชีและที่ปรึกษาธุรกิจ (1995) จำกัด,การบัญชีและการเงิน,บัญชี,กรุงเทพมหานคร,13.735056,100.508538
540,บริษัท เอเอสวี แอนด์ แอสโซซิเอทส์ จำกัด,การบัญชีและการเงิน,บัญชี,กรุงเทพมหานคร,13.755005,100.524015
541,บริษัท แอคโคซีด จำกัด,การบัญชีและการเงิน,บัญชี,กรุงเทพมหานคร,13.762197,100.51935
542,บริษัทสอบบัญชี ดี ไอ เอ อินเตอร์เนชั่นแนล จำกัด ,การบัญชีและการเงิน,บัญชี,กรุงเทพมหานคร,13.722232,100.486516
543,โรงแรม เจดับบลิว แมริออท กรุงเทพ,การบัญชีและการเงิน,บัญชี,กรุงเทพมหานคร,13.773313,100.497137
544,โรงแรม เซ็นทารา แกรนด์ บีช รีสอร์ท ภูเก็ต,การบัญชีและการเงิน,บัญชี,ภูเก็ต,7.843725,98.412892
545,โรงแรม โซฟิเทล กระบี่ โภคีธรา กอล์ฟ แอนด์ สปารีสอร์ท,การบัญชีและการเงิน,บัญชี,กระบี่,8.109655,98.905392
546,โรงแรม ดีวาน่า พลาซ่า กระบี่ อ่าวนาง,การบัญชีและการเงิน,บัญชี,กระบี่,8.089635,98.879874
547,โรงแรม ดุสิตธานี,การบัญชีและการเงิน,บัญชี,กรุงเทพมหานคร,13.765606,100.475539
548,โรงแรม เดซติเนชั่น รีสอร์ท ภูเก็ต กะรน บีช,การบัญชีและการเงิน,บัญชี,ภูเก็ต,7.919943,98.368462
549,โรงแรม เดอะ แซนด์ เขาหลัก บาย กะตะธานี พังงา,การบัญชีและการเงิน,บัญชี,พังงา,8.433306,98.546637
550,โรงแรม ธัญญปุระ เฮลท์ แอนด์ สปอร์ตส์ รีสอร์ท,การบัญชีและการเงิน,บัญชี,ภูเก็ต,7.892663,98.425814
551,โรงแรม บุรี รสา เกาะพะงัน,การบัญชีและการเงิน,บัญชี,สุราษฎร์ธานี,9.151196,99.311703
552,โรงแรม ปาหนันกระบี่รีสอร์ท,การบัญชีและการเงิน,บัญชี,กระบี่,8.084456,98.882123
553,โรงแรม พีซ ลากูน่า รีสอร์ท แอนด์ สปา,การบัญชีและการเงิน,บัญชี,กระบี่,8.071432,98.899623
554,โรงแรม พูลแมน ภูเก็ต อาเคเดีย ในทอน บีช,การบัญชีและการเงิน,บัญชี,ภูเก็ต,7.912575,98.394143
555,โรงแรม โรบินสัน เขาหลัก,การบัญชีและการเงิน,บัญชี,พังงา,8.427569,98.513001
556,โรงแรม ศุภาลัย ซีนิค เบย์ รีสอร์ท แอนด์ สปา,การบัญชีและการเงิน,บัญชี,ภูเก็ต,7.872535,98.43026
557,โรงแรมคอนราด เกาะสมุย รีสอร์ท แอนด์ สปา,การบัญชีและการเงิน,บัญชี,สุราษฎร์ธานี,9.144183,99.299947
558,โรงแรมเซ็นซิมาร์ เขาหลัก บีชฟร้อนท์ รีสอร์ท,การบัญชีและการเงิน,บัญชี,พังงา,8.480426,98.501031
559,โรงแรมเซ็นทาราแกรนด์บีชรีสอร์ทสมุย,การบัญชีและการเงิน,บัญชี,สุราษฎร์ธานี,9.110868,99.308258
560,โรงแรมดุสิตธานี กระบี่บีชรีสอร์ท,การบัญชีและการเงิน,บัญชี,กระบี่,8.085691,98.884385
561,โรงแรมเดอะไลบรารี่ (บริษัท กมลธรรม จำกัด),การบัญชีและการเงิน,บัญชี,สุราษฎร์ธานี,9.143597,99.312616
562,โรงแรมโนโวเทล ภูเก็ต รีสอร์ท,การบัญชีและการเงิน,บัญชี,ภูเก็ต,7.864093,98.429741
563,โรงแรมโนโวเทล ภูเก็ต วินเทจ ปาร์ค,การบัญชีและการเงิน,บัญชี,ภูเก็ต,7.904328,98.393549
564,โรงแรมโนโวเทล สมุย รีสอร์ท เฉวง บีช กานดาบุรี,การบัญชีและการเงิน,บัญชี,สุราษฎร์ธานี,9.12321,99.282662
565,โรงแรมโรบินสันคลับ เขาหลัก,การบัญชีและการเงิน,บัญชี,ภูเก็ต,7.891296,98.370547
566,โรงแรมวนาเบล อะ ลักซูรี่ คอลเล็คชั่น รีสอร์ท เกาะสมุย,การบัญชีและการเงิน,บัญชี,สุราษฎร์ธานี,9.119103,99.28336
567,โรงแรมสวิสโฮเต็ล เลอ คองคอร์ด กรุงเทพ,การบัญชีและการเงิน,บัญชี,กรุงเทพมหานคร,13.766041,100.513848
568,โรงแรมอนันตรา บ่อผุด รีสอร์ท แอนด์ สปา เกาะสมุย,การบัญชีและการเงิน,บัญชี,กรุงเทพมหานคร,13.770484,100.51531
569,โรงแรมอนันตรา ลาวาณา เกาะสมุย รีสอร์ท,การบัญชีและการเงิน,บัญชี,สุราษฎร์ธานี,9.164081,99.32122
570,โรงแรมฮอลิเดย์ อินน์ รีสอร์ท ภูเก็ต,การบัญชีและการเงิน,บัญชี,ภูเก็ต,7.883668,98.410807
571,สภาวิชาชีพบัญชี ในพระบรมราชูปถัมภ์,การบัญชีและการเงิน,บัญชี,กรุงเทพมหานคร,13.723837,100.531236
572,สำนักงานการตรวจเงินแผ่นดินภูมิภาคที่ 14 จังหวัดนครศรีธรรมราช,การบัญชีและการเงิน,บัญชี,นครศรีธรรมราช,8.401942,99.992898
573,สำนักงานการตรวจเงินแผ่นดินภูมิภาคที่ 15 จังหวัดสงขลา,การบัญชีและการเงิน,บัญชี,สงขลา,7.148011,100.44227
574,สำนักงานตรวจบัญชีสหกรณ์สุราษฏร์ธานี,การบัญชีและการเงิน,บัญชี,สุราษฎร์ธานี,9.135838,99.327691
575,สำนักงานบัญชี ณสิริพัทธ์ คอนซัลแทนด์,การบัญชีและการเงิน,บัญชี,กรุงเทพมหานคร,13.742989,100.464123
576,สำนักงานบัญชี เอส พี ดี บัญชีภาษีอากรและกฎหมาย,การบัญชีและการเงิน,บัญชี,นครศรีธรรมราช,8.454676,99.958691
577,สำนักงานสงเคราะห์ทหารผ่านศึกเขตนครศรีธรรมราช,การบัญชีและการเงิน,บัญชี,นครศรีธรรมราช,8.454204,99.944549
578,สำนักงานสอบบัญชี เพียว ออดิทติ้ง คอนซัลติ้ง แอนด์ ลอว์,การบัญชีและการเงิน,บัญชี,นครศรีธรรมราช,8.45884,99.955092
579,ห้างหุ้นส่วนจำกัด คิว แอนด์ เอ คอนซัลแต้นท์,การบัญชีและการเงิน,บัญชี,นนทบุรี,13.863652,100.537798
580,บริษัท ฮาโล แอคเคาท์ จำกัด,การบัญชีและการเงิน,บัญชี,กรุงเทพมหานคร,13.717491,100.520344
581,บริษัท เอส พี ออดิท จำกัด,การบัญชีและการเงิน,บัญชี,กรุงเทพมหานคร,13.736298,100.518338
582,บริษัท มาสเตอร์แอคเคาท์ติ้ง กรุ๊ป จำกัด,การบัญชีและการเงิน,บัญชี,นครศรีธรรมราช,8.441958,99.929362
583,บริษัท อัญชนา แอ๊คเคานท์ แอนด์ ออดิท จำกัด,การบัญชีและการเงิน,บัญชี,นนทบุรี,13.858732,100.494919
584,โรงแรม เลอ เมอริเดียน ภูเก็ต ไม้ขาวบีช รีสอร์ท,การบัญชีและการเงิน,บัญชี,ภูเก็ต,7.894225,98.364928
585,บริษัท พังงาทิมเบอร์ อินดัสทรีส์ จำกัด,วิศวกรรมศาสตร์และเทคโนโลยี,ปิโตรเคมี,พังงา,8.482295,98.489561
586,บริษัท พาเนลพลัส จำกัด,วิศวกรรมศาสตร์และเทคโนโลยี,ปิโตรเคมี,สงขลา,7.179037,100.489217
587,บริษัท พีทีที โกลบอล เคมิคอล จำกัด (มหาชน),วิศวกรรมศาสตร์และเทคโนโลยี,ปิโตรเคมี,ระยอง,12.674165,101.219245
588,บริษัท โฟคัซ แมนูแฟคเจอริ่ง จำกัด,วิศวกรรมศาสตร์และเทคโนโลยี,ปิโตรเคมี,กรุงเทพมหานคร,13.765167,100.47691
589,บริษัท วนชัย พาเนล อินดัสทรี่ส์ จำกัด,วิศวกรรมศาสตร์และเทคโนโลยี,ปิโตรเคมี,สุราษฎร์ธานี,9.121417,99.293489
590,บริษัท วาย.ที. รับเบอร์ จำกัด,วิศวกรรมศาสตร์และเทคโนโลยี,ปิโตรเคมี,สุราษฎร์ธานี,9.177341,99.33158
591,บริษัท ศรีตรังแอโกรอินดัสทรี จำกัด (มหาชน) สาขาสิเกา,วิศวกรรมศาสตร์และเทคโนโลยี,ปิโตรเคมี,ตรัง,7.577973,99.615231
592,บริษัท สวิซซ์-วัน คอร์ปอเรชั่น จํากัด,วิศวกรรมศาสตร์และเทคโนโลยี,ปิโตรเคมี,นครปฐม,13.809718,100.04321
593,บริษัท เอ็มอีทรานส์ จำกัด,วิศวกรรมศาสตร์และเทคโนโลยี,ปิโตรเคมี,สมุทรปราการ,13.566018,100.646685
594,บริษัท เอส.เค. โพลีเมอร์ จำกัด,วิศวกรรมศาสตร์และเทคโนโลยี,ปิโตรเคมี,กรุงเทพมหานคร,13.731167,100.502842
595,บริษัท เอส.พี.บี. พาเนล อินดัสตรีส์ จำกัด,วิศวกรรมศาสตร์และเทคโนโลยี,ปิโตรเคมี,สุราษฎร์ธานี,9.116988,99.336498
596,บริษัท แอดวานซ์ เทคโนเคม จำกัด,วิศวกรรมศาสตร์และเทคโนโลยี,ปิโตรเคมี,สงขลา,7.192443,100.508296
597,บริษัท โอตานิ เรเดียล จำกัด,วิศวกรรมศาสตร์และเทคโนโลยี,ปิโตรเคมี,นครปฐม,13.80758,100.066039
598,บริษัท ไอกะ หาดใหญ่ จำกัด,วิศวกรรมศาสตร์และเทคโนโลยี,ปิโตรเคมี,สงขลา,7.190673,100.472489
599,บริษัทโยโกฮามา ไทร์ แมนูแฟคเจอริ่ง (ประเทศไทย) จำกัด,วิศวกรรมศาสตร์และเทคโนโลยี,ปิโตรเคมี,ระยอง,12.663885,101.210656
600,ห้องปฏิบัติการวัสดุวิศวกรรมนาโนเพื่อสิ่งแวดล้อม หน่วยวิจัยเกษตรนาโนและสิ่งแวดล้อม ศูนย์นาโนเทคโนโลยีแห่งชาติ,วิศวกรรมศาสตร์และเทคโนโลยี,ปิโตรเคมี,ปทุมธานี,13.990747,100.489577
601,อุตสาหกรรมพัฒนามูลนิธิ สถาบันพลาสติก,วิศวกรรมศาสตร์และเทคโนโลยี,ปิโตรเคมี,กรุงเทพมหานคร,13.789117,100.463532
602,บริษัท คล็อกเนอร์ เพนทาพลาสท์ (ไทยแลนด์) จำกัด,วิศวกรรมศาสตร์และเทคโนโลยี,ปิโตรเคมี,ระยอง,12.671732,101.240276
603,บริษัท ไทยเซ็นทรัลเคมี จำกัด (มหาชน),วิศวกรรมศาสตร์และเทคโนโลยี,ปิโตรเคมี,สมุทรปราการ,13.612687,100.668853
604,สถาบันวิจัยโลหะและวัสดุ จุฬาลงกรณ์มหาวิทยาลัย,วิศวกรรมศาสตร์และเทคโนโลยี,ปิโตรเคมี,กรุงเทพมหานคร,13.780357,100.484807
605,บริษัท อีลาสโตมิกซ์ (ประเทศไทย) จำกัด,วิศวกรรมศาสตร์และเทคโนโลยี,ปิโตรเคมี,ระยอง,12.659616,101.229474
606,บริษัท ออลเน็กซ์ (ประเทศไทย) จำกัด,วิศวกรรมศาสตร์และเทคโนโลยี,ปิโตรเคมี,สมุทรปราการ,13.593984,100.669169
607,บริษัท พีรพัฒน์เทคโนโลยี จำกัด (มหาชน),วิศวกรรมศาสตร์และเทคโนโลยี,ปิโตรเคมี,สุราษฎร์ธานี,9.123553,99.286265
608,บริษัท ศรีไทยซุปเปอร์แวร์ จำกัด (มหาชน),วิศวกรรมศาสตร์และเทคโนโลยี,ปิโตรเคมี,ชลบุรี,13.37116,100.975376
609,บริษัท ยูนิคพลาสติก อินดัสตรี จำกัด (มหาชน),วิศวกรรมศาสตร์และเทคโนโลยี,ปิโตรเคมี,สมุทรปราการ,13.630084,100.678542
610,บริษัท ซีเอช อิเจคชั่น จำกัด,วิศวกรรมศาสตร์และเทคโนโลยี,ปิโตรเคมี,สมุทรสาคร,13.568414,100.26171
611,บริษัท แอมคอร์ เฟล็กซิเบิ้ล กรุงเทพ จำกัด (มหาชน),วิศวกรรมศาสตร์และเทคโนโลยี,ปิโตรเคมี,สมุทรปราการ,13.607983,100.697452
612,บริษัท บีเอเอสเอฟ (ไทย) จำกัด โรงงานบางปู,วิศวกรรมศาสตร์และเทคโนโลยี,ปิโตรเคมี,สมุทรปราการ,13.643329,100.650319
613,บริษัท เอ.เบสท์ อินเตอร์ โปรดักส์ จำกัด,วิศวกรรมศาสตร์และเทคโนโลยี,ปิโตรเคมี,กรุงเทพมหานคร,13.765703,100.528635
614,สถาบันพลาสติก,วิศวกรรมศาสตร์และเทคโนโลยี,ปิโตรเคมี,กรุงเทพมหานคร,13.747169,100.539622
615,บริษัท ไร้ท์ รีแอคติเวชั่น จำกัด (มหาชน),วิศวกรรมศาสตร์และเทคโนโลยี,ปิโตรเคมี,ระยอง,12.70339,101.226516
616,บริษัท ศรีตรังแอโกรอินดัสทรี จำกัด (มหาชน) สาขานราธิวาส,วิศวกรรมศาสตร์และเทคโนโลยี,ปิโตรเคมี,นราธิวาส,6.413826,101.810432
617,โรงแรม คาเพลล่า แบงค็อก,การจัดการ,ศิลปะการประกอบอาหารอย่างมืออาชีพ,กรุงเทพมหานคร,13.764251,100.504585
618,โรงแรม เจดับบลิว แมริออท ภูเก็ต รีสอร์ท แอนด์ สปา,การจัดการ,ศิลปะการประกอบอาหารอย่างมืออาชีพ,ภูเก็ต,7.89479,98.381006
619,โรงแรม เซ็นทารา อ่าวนาง บีช รีสอร์ท แอนด์ สปา กระบี่,การจัดการ,ศิลปะการประกอบอาหารอย่างมืออาชีพ,กระบี่,8.107502,98.906534
620,โรงแรม เดอะ นาคา ไอแลนด์ อะลักชัวรี่ คอลเลคชั่น รีสอร์ท แอนด์ สปา ภูเก็ต,การจัดการ,ศิลปะการประกอบอาหารอย่างมืออาชีพ,ภูเก็ต,7.87193,98.393066
621,โรงแรม บันยันทรี ภูเก็ต,การจัดการ,ศิลปะการประกอบอาหารอย่างมืออาชีพ,ภูเก็ต,7.861815,98.4289
622,โรงแรม พาร์ค ไฮแอท กรุงเทพ,การจัดการ,ศิลปะการประกอบอาหารอย่างมืออาชีพ,กรุงเทพมหานคร,13.768514,100.476166
623,โรงแรม พูลแมน ภูเก็ต อาเคเดีย ในทอน บีช,การจัดการ,ศิลปะการประกอบอาหารอย่างมืออาชีพ,ภูเก็ต,7.912664,98.368826
624,โรงแรม โฟร์ซีซั่นส์ รีสอร์ท เกาะสมุย,การจัดการ,ศิลปะการประกอบอาหารอย่างมืออาชีพ,สุราษฎร์ธานี,9.152112,99.337509
625,โรงแรม โฟร์พ้อยท์ส บาย เชอราตัน ภูเก็ต ป่าตองบีช รีสอร์ท,การจัดการ,ศิลปะการประกอบอาหารอย่างมืออาชีพ,ภูเก็ต,7.900746,98.394031
626,"โรงแรม ภูเก็ตแมริออท รีสอร์ท แอนด์ สปา, เมอร์ลิน บีช",การจัดการ,ศิลปะการประกอบอาหารอย่างมืออาชีพ,ภูเก็ต,7.84559,98.391971
627,โรงแรม โรสวูด ภูเก็ต,การจัดการ,ศิลปะการประกอบอาหารอย่างมืออาชีพ,ภูเก็ต,7.895114,98.390273
628,โรงแรม วนาเบล อะ ลักซูรี่ คอลเล็คชั่น รีสอร์ท เกาะสมุย,การจัดการ,ศิลปะการประกอบอาหารอย่างมืออาชีพ,กรุงเทพมหานคร,13.746097,100.508839
629,โรงแรม วี วิลล่า ภูเก็ต,การจัดการ,ศิลปะการประกอบอาหารอย่างมืออาชีพ,ภูเก็ต,7.862328,98.372522
630,โรงแรม ศรีพันวา ภูเก็ต,การจัดการ,ศิลปะการประกอบอาหารอย่างมืออาชีพ,ภูเก็ต,7.874108,98.368201
631,โรงแรม อนันตรา ลายัน ภูเก็ต รีสอร์ท,การจัดการ,ศิลปะการประกอบอาหารอย่างมืออาชีพ,ภูเก็ต,7.916206,98.390322
632,โรงแรม อัล มีรอซ กรุงเทพ,การจัดการ,ศิลปะการประกอบอาหารอย่างมืออาชีพ,กรุงเทพมหานคร,13.761583,100.533489
633,โรงแรม อินเตอร์คอนติเนนตัล ภูเก็ต กมลา บีช รีสอร์ท,การจัดการ,ศิลปะการประกอบอาหารอย่างมืออาชีพ,ภูเก็ต,7.872918,98.418315
634,โรงแรม ไฮแอท รีเจนซี่ เกาะสมุย,การจัดการ,ศิลปะการประกอบอาหารอย่างมืออาชีพ,สุราษฎร์ธานี,9.170932,99.318991
635,โรงแรมดุสิตธานี ลากูน่า ภูเก็ต,การจัดการ,ศิลปะการประกอบอาหารอย่างมืออาชีพ,ภูเก็ต,7.849517,98.425416
636,โรงแรมเลอ เมอริเดียน ภูเก็ต บีช รีสอร์ท,การจัดการ,ศิลปะการประกอบอาหารอย่างมืออาชีพ,ภูเก็ต,7.881226,98.3709
637,โรงแรมฮอลิเดย์ อินน์ รีสอร์ท ภูเก็ต,การจัดการ,ศิลปะการประกอบอาหารอย่างมืออาชีพ,ภูเก็ต,7.867873,98.416675
638,โรงแรมตรีสรา ภูเก็ต,การจัดการ,ศิลปะการประกอบอาหารอย่างมืออาชีพ,ภูเก็ต,7.916176,98.421345
639,โรงแรม ภูเก็ต แมริออท รีสอร์ท แอนด์ สปา ในยางบีช,การจัดการ,ศิลปะการประกอบอาหารอย่างมืออาชีพ,ภูเก็ต,7.860917,98.370825
640,โรงแรม เรเนอซองส์ ภูเก็ต รีสอร์ท แอนด์ สปา,การจัดการ,ศิลปะการประกอบอาหารอย่างมืออาชีพ,ภูเก็ต,7.853634,98.392855
641,โรงแรมอมันปุรี รีสอร์ท,การจัดการ,ศิลปะการประกอบอาหารอย่างมืออาชีพ,ภูเก็ต,7.870731,98.424109
642,Central Retail Corporation (CRC Talent Acquisition),การจัดการ,ศิลปะการประกอบอาหารอย่างมืออาชีพ,กรุงเทพมหานคร,13.745419,100.491614
643,บริษัท ซีพีเอฟ ฟู้ด แอนด์ เบฟเวอร์เรจ จำกัด จังหวัดพระนครศรีอยุธยา,การจัดการ,ศิลปะการประกอบอาหารอย่างมืออาชีพ,พระนครศรีอยุธยา,14.366379,100.553131
644,โรงแรม เอาท์ริกเกอร์ สุรินทร์บีช รีสอร์ท,การจัดการ,ศิลปะการประกอบอาหารอย่างมืออาชีพ,สุรินทร์,14.920124,103.476
645,โรงแรมกะตะธานีภูเก็ตบีชรีสอร์ท,การจัดการ,ศิลปะการประกอบอาหารอย่างมืออาชีพ,ภูเก็ต,7.85189,98.371685
646,โรงแรม เลอ เมอริเดียน เขาหลัก รีสอร์ท แอนด์ สปา,การจัดการ,ศิลปะการประกอบอาหารอย่างมืออาชีพ,พังงา,8.484607,98.561152
647,โรงแรมอนันตรา ไม้ขาว ภูเก็ต วิลล่า,การจัดการ,ศิลปะการประกอบอาหารอย่างมืออาชีพ,ภูเก็ต,7.850406,98.422551
648,โรงแรมเกาะยาวใหญ่วิลเลจ,การจัดการ,ศิลปะการประกอบอาหารอย่างมืออาชีพ,พังงา,8.485188,98.552521
649,โรงแรม อนันตรา เกาะยาวใหญ่ รีสอร์ท,การจัดการ,ศิลปะการประกอบอาหารอย่างมืออาชีพ,พังงา,8.416387,98.541569
650,โรงแรมพูลแมน ภูเก็ต พันวาบีช รีสอร์ท,การจัดการ,ศิลปะการประกอบอาหารอย่างมืออาชีพ,ภูเก็ต,7.899547,98.404305
651,โรงแรม เดอะ เวสทิน สิเหร่ เบย์ รีสอร์ท แอนด์ สปา ภูเก็ต,การจัดการ,ศิลปะการประกอบอาหารอย่างมืออาชีพ,ภูเก็ต,7.901741,98.391029
652,โรงแรม คอนราด เกาะสมุย รีสอร์ท แอนด์ สปา,การจัดการ,ศิลปะการประกอบอาหารอย่างมืออาชีพ,กรุงเทพมหานคร,13.758494,100.47878
653,โรงแรม คามาลายา จำกัด,การจัดการ,ศิลปะการประกอบอาหารอย่างมืออาชีพ,สุราษฎร์ธานี,9.130926,99.32741
654,โรงแรม คิมป์ตัน คีตาเล สมุย,การจัดการ,ศิลปะการประกอบอาหารอย่างมืออาชีพ,สุราษฎร์ธานี,9.10603,99.354872
655,โรงแรม เชอราตัน สมุย รีสอร์ท,การจัดการ,ศิลปะการประกอบอาหารอย่างมืออาชีพ,สุราษฎร์ธานี,9.123501,99.340168
656,โรงแรม ซิกเซ้นส์ สมุย,การจัดการ,ศิลปะการประกอบอาหารอย่างมืออาชีพ,สุราษฎร์ธานี,9.101636,99.29024
657,โรงแรม ดับเบิ้ลยู เกาะสมุย,การจัดการ,ศิลปะการประกอบอาหารอย่างมืออาชีพ,สุราษฎร์ธานี,9.166671,99.320835
658,โรงแรม เดอะ ริทซ์-คาร์ลตัน เกาะสมุย,การจัดการ,ศิลปะการประกอบอาหารอย่างมืออาชีพ,สุราษฎร์ธานี,9.170609,99.350526
659,โรงแรม บันยันทรี กระบี่,การจัดการ,ศิลปะการประกอบอาหารอย่างมืออาชีพ,กระบี่,8.050327,98.867545
660,โรงแรม บันยันทรี เกาะสมุย,การจัดการ,ศิลปะการประกอบอาหารอย่างมืออาชีพ,สุราษฎร์ธานี,9.144367,99.341985
661,โรงแรม ศาลาสมุย เชิงมน บีช,การจัดการ,ศิลปะการประกอบอาหารอย่างมืออาชีพ,สุราษฎร์ธานี,9.149916,99.346238
662,โรงแรม ศิลาวดี พูล สปา แอนด์ รีสอร์ท,การจัดการ,ศิลปะการประกอบอาหารอย่างมืออาชีพ,สุราษฎร์ธานี,9.147621,99.327042
663,โรงแรม อนันตรา บ่อผุด รีสอร์ท แอนด์ สปา เกาะสมุย,การจัดการ,ศิลปะการประกอบอาหารอย่างมืออาชีพ,กรุงเทพมหานคร,13.768727,100.538459
664,โรงแรม อนันตรา ลาวาณา เกาะสมุย รีสอร์ท,การจัดการ,ศิลปะการประกอบอาหารอย่างมืออาชีพ,กรุงเทพมหานคร,13.746776,100.487222
665,โรงแรม อินดิโก้ ภูเก็ต ป่าตอง,การจัดการ,ศิลปะการประกอบอาหารอย่างมืออาชีพ,ภูเก็ต,7.878084,98.371264
666,โรงแรม ฮอลิเดย์ อินน์ รีสอร์ท ภูเก็ต ไม้ขาวบีช,การจัดการ,ศิลปะการประกอบอาหารอย่างมืออาชีพ,ภูเก็ต,7.881265,98.376056
667,โรงแรม คลับเมด ภูเก็ต,การจัดการ,ศิลปะการประกอบอาหารอย่างมืออาชีพ,ภูเก็ต,7.884807,98.379993
668,อวานี พลัส เขาหลัก,การจัดการ,ศิลปะการประกอบอาหารอย่างมืออาชีพ,พังงา,8.486046,98.523078
669,"Courtyard by Marriott Phuket, Patong Beach Resort",การจัดการ,ศิลปะการประกอบอาหารอย่างมืออาชีพ,กรุงเทพมหานคร,13.752994,100.526799
670,โรงแรม คิมป์ตัน มาลัย กรุงเทพ,การจัดการ,ศิลปะการประกอบอาหารอย่างมืออาชีพ,กรุงเทพมหานคร,13.724031,100.522904
671,โรงแรม ฮอลิเดย์ อินน์ วานา นาวา หัวหิน,การจัดการ,ศิลปะการประกอบอาหารอย่างมืออาชีพ,ประจวบคีรีขันธ์,11.835954,99.81082
672,Day and Night @ Nakhon Si Thammarat,การจัดการ,ศิลปะการประกอบอาหารอย่างมืออาชีพ,กรุงเทพมหานคร,13.795213,100.541369
673,โรงแรมโนราบุรี รีสอร์ท แอนด์ สปา,การจัดการ,ศิลปะการประกอบอาหารอย่างมืออาชีพ,สุราษฎร์ธานี,9.138478,99.351987
674,โรงแรม โนราบีช รีสอร์ท แอนด์ สปา,การจัดการ,ศิลปะการประกอบอาหารอย่างมืออาชีพ,สุราษฎร์ธานี,9.165265,99.3159
675,โรงแรมทวินโลตัส,การจัดการ,ศิลปะการประกอบอาหารอย่างมืออาชีพ,นครศรีธรรมราช,8.45177,99.970482
676,โรงแรมแกรนด์ ฟอร์จูน นครศรีธรรมราช,การจัดการ,ศิลปะการประกอบอาหารอย่างมืออาชีพ,นครศรีธรรมราช,8.459247,99.97808
677,โรงแรม เขาหลัก แมริออท รีสอร์ท แอนด์ สปา,การจัดการ,ศิลปะการประกอบอาหารอย่างมืออาชีพ,พังงา,8.45391,98.539848
678,โรงแรมอวานีพลัส สมุย รีสอร์ท,การจัดการ,ศิลปะการประกอบอาหารอย่างมืออาชีพ,สุราษฎร์ธานี,9.104103,99.291979
679,โรงแรมอินเตอร์คอนติเนนตัล เกาะสมุย รีสอร์ท,การจัดการ,ศิลปะการประกอบอาหารอย่างมืออาชีพ,สุราษฎร์ธานี,9.136598,99.310818
680,โรงแรม รอยัล ออคิด เชอราตัน โฮเทล แอนด์ ทาวเวอร์,การจัดการ,ศิลปะการประกอบอาหารอย่างมืออาชีพ,กรุงเทพมหานคร,13.726141,100.513975
681,โรงแรม สยาม แอ็ท สยาม,การจัดการ,ศิลปะการประกอบอาหารอย่างมืออาชีพ,กรุงเทพมหานคร,13.74788,100.535388
682,โรงแรมเมอเวนพิค มิธ โฮเทล ป่าตอง ภูเก็ต,การจัดการ,ศิลปะการประกอบอาหารอย่างมืออาชีพ,ภูเก็ต,7.901995,98.409226
683,Pala Café' Pizza & Pasta ,การจัดการ,ศิลปะการประกอบอาหารอย่างมืออาชีพ,กรุงเทพมหานคร,13.785413,100.537978
684,ศูนย์ปฏิบัติการอาหารวลัยลักษณ์,การจัดการ,ศิลปะการประกอบอาหารอย่างมืออาชีพ,กรุงเทพมหานคร,13.726615,100.530858
685,โรงแรม ทวินปาล์มส์ ภูเก็ต,การจัดการ,ศิลปะการประกอบอาหารอย่างมืออาชีพ,ภูเก็ต,7.902073,98.420344
686,โรงแรม พิมาลัย รีสอร์ท แอนด์ สปา,การจัดการ,ศิลปะการประกอบอาหารอย่างมืออาชีพ,กระบี่,8.091767,98.881716
687,โรงแรมกีมาลา,การจัดการ,ศิลปะการประกอบอาหารอย่างมืออาชีพ,ภูเก็ต,7.857507,98.383689
688,โรงแรม วี กรุงเทพ โฮเทล,การจัดการ,ศิลปะการประกอบอาหารอย่างมืออาชีพ,กรุงเทพมหานคร,13.791749,100.491855
689, โรงแรมโรสวูด กรุงเทพ,การจัดการ,ศิลปะการประกอบอาหารอย่างมืออาชีพ,กรุงเทพมหานคร,13.759755,100.490829
690,โรงแรมอมัน นายเลิศ กรุงเทพฯ,การจัดการ,ศิลปะการประกอบอาหารอย่างมืออาชีพ,กรุงเทพมหานคร,13.77109,100.530438
691,โรงแรมบันยันทรี กรุงเทพ,การจัดการ,ศิลปะการประกอบอาหารอย่างมืออาชีพ,กรุงเทพมหานคร,13.735177,100.536102
692,โรงแรม แบงค็อก แมริออท มาร์คีส์ ควีนส์ปาร์ค,การจัดการ,ศิลปะการประกอบอาหารอย่างมืออาชีพ,กรุงเทพมหานคร,13.753085,100.495138
693,โรงแรม เจดับบลิว แมริออท เขาหลัก รีสอร์ท แอนด์ สปา,การจัดการ,ศิลปะการประกอบอาหารอย่างมืออาชีพ,พังงา,8.418025,98.552123
694,โรงแรม ดินสอ รีสอร์ต แอนด์ วิลล่า ภูเก็ต,การจัดการ,ศิลปะการประกอบอาหารอย่างมืออาชีพ,ภูเก็ต,7.847571,98.402159
695,โรงแรม เซเร็นดิพิตี้ บีช รีสอร์ท เกาะหลีเป๊ะ,การจัดการ,ศิลปะการประกอบอาหารอย่างมืออาชีพ,สตูล,6.615156,100.062031
696,โรงแรมสยาม เคมปินสกี้ กรุงเทพ,การจัดการ,ศิลปะการประกอบอาหารอย่างมืออาชีพ,กรุงเทพมหานคร,13.772273,100.501936
697,ร้านอาหารครัวปากพยิง,การจัดการ,ศิลปะการประกอบอาหารอย่างมืออาชีพ,นครศรีธรรมราช,8.445888,99.968957
698,บริษัท เซ็นทรัล รีเทล คอร์ปอเรชั่น จำกัด (มหาชน),การจัดการ,ศิลปะการประกอบอาหารอย่างมืออาชีพ,กรุงเทพมหานคร,13.795866,100.493523
699,พาลา คาเฟ่ พิซซ่า แอนด์ พาสต้า,การจัดการ,ศิลปะการประกอบอาหารอย่างมืออาชีพ,นครศรีธรรมราช,8.448908,99.968967
700,โรงแรม คอร์ทยาร์ด บาย แมริออท ภูเก็ต ป่าตอง บีช รีสอร์ท,การจัดการ,ศิลปะการประกอบอาหารอย่างมืออาชีพ,ภูเก็ต,7.920176,98.391861
701,โรงแรม คาเพลล่า แบงค์คอก,การจัดการ,ศิลปะการประกอบอาหารอย่างมืออาชีพ,กรุงเทพมหานคร,13.775574,100.540596
702,โรงแรม รอยัล ออคิด เชอราตัน ริเวอร์ไซด์ โฮเทล แบงค็อก,การจัดการ,ศิลปะการประกอบอาหารอย่างมืออาชีพ,กรุงเทพมหานคร,13.74862,100.497229
703,โรงแรมโรสวูด ภูเก็ต,การจัดการ,ศิลปะการประกอบอาหารอย่างมืออาชีพ,ภูเก็ต,7.877694,98.412452
704,สาขาวิชาการท่องเที่ยวและโปรเชฟ สำนักวิชาการจัดการ มหาวิทยาลัยวลัยลักษณ์,การจัดการ,ศิลปะการประกอบอาหารอย่างมืออาชีพ,นครศรีธรรมราช,8.392907,99.961994
705,โรงแรม อนันตรา เกาะยาวใหญ่ รีสอร์ท แอนด์ วิลล่าส์,การจัดการ,ศิลปะการประกอบอาหารอย่างมืออาชีพ,พังงา,8.445087,98.525277
706,โรงแรม อนันตรา เวเคชั่น คลับ ไม้ขาว ภูเก็ต,การจัดการ,ศิลปะการประกอบอาหารอย่างมืออาชีพ,ภูเก็ต,7.883986,98.408632
707,รงแรม เอ้าท์ริกเกอร์ สุรินทร์ บีช รีสอร์ท,การจัดการ,ศิลปะการประกอบอาหารอย่างมืออาชีพ,สุรินทร์,14.882989,103.467411
708,โรงแรม เอ้าท์ริกเกอร์ สุรินทร์ บีช รีสอร์ท,การจัดการ,ศิลปะการประกอบอาหารอย่างมืออาชีพ,ภูเก็ต,7.913005,98.380704
709,ร้าน เดย์ แอนด์ ไนท์,การจัดการ,ศิลปะการประกอบอาหารอย่างมืออาชีพ,นครศรีธรรมราช,8.442638,99.94212
710,บริษัท งานทวีพี่น้อง จำกัด,เทคโนโลยีการเกษตร,พืชศาสตร์,ภูเก็ต,7.902149,98.367265
711,บริษัท ทักษิณปาล์ม (2521) จำกัด,เทคโนโลยีการเกษตร,พืชศาสตร์,สุราษฎร์ธานี,9.130004,99.350059
712,วิทยาลัยอาชีวศึกษาภาวนาโพธิคุณ,เทคโนโลยีการเกษตร,พืชศาสตร์,สุราษฎร์ธานี,9.126216,99.310952
713,ศูนย์วิจัยเกษตรหลวงเชียงใหม่ (ขุนวาง),เทคโนโลยีการเกษตร,พืชศาสตร์,เชียงใหม่,18.77031,99.005832
714,ตรีวนันดา,เทคโนโลยีการเกษตร,พืชศาสตร์,ภูเก็ต,7.861311,98.359297
715,ศูนย์วิจัยปาล์มน้ำมันสุราษฎร์ธานี,เทคโนโลยีการเกษตร,พืชศาสตร์,สุราษฎร์ธานี,9.177933,99.313406
716,ศูนย์ส่งเสริมเทคโนโลยีการเกษตรด้านอารักขาพืช จังหวัดสุราษฎร์ธานี,เทคโนโลยีการเกษตร,พืชศาสตร์,สุราษฎร์ธานี,9.17206,99.313573
717,มูลนิธิแม่ฟ้าหลวง โครงการพัฒนาดอยตุง(พื้นที่ทรงงาน) อันเนื่องมาจากพระราชดำริ,เทคโนโลยีการเกษตร,พืชศาสตร์,กรุงเทพมหานคร,13.731276,100.506256
718,ศูนย์ศึกษาการพัฒนาพิกุลทองอันเนื่องมาจากพระราชดำริ,เทคโนโลยีการเกษตร,พืชศาสตร์,นราธิวาส,6.422853,101.849055
719,บริษัท สวนปาล์มพนมชัย จำกัด,เทคโนโลยีการเกษตร,พืชศาสตร์,สุราษฎร์ธานี,9.116515,99.313159
720,ด่านตรวจคนเข้าเมืองท่าอากาศยานภูเก็ต,ศิลปศาสตร์,ภาษาจีน,ภูเก็ต,7.859098,98.373122
721,บริษัท ซีสตาร์ อันดามัน จำกัด,ศิลปศาสตร์,ภาษาจีน,ภูเก็ต,7.88696,98.368301
722,บริษัท ซีอาร์ซี สปอร์ต จำกัด (เครือเซ็นทรัล รีเทล คอร์ปอเรชั่น),ศิลปศาสตร์,ภาษาจีน,กรุงเทพมหานคร,13.780342,100.514741
723,บริษัท ซีอีเอสอี 2 (ไทยแลนด์) จำกัด,ศิลปศาสตร์,ภาษาจีน,กรุงเทพมหานคร,13.762986,100.496423
724,บริษัท ท่าอากาศยานไทย จำกัด (มหาชน) สาขาท่าอากาศยานดอนเมือง,ศิลปศาสตร์,ภาษาจีน,กรุงเทพมหานคร,13.778266,100.518042
725,บริษัท ไทยไลอ้อนแอร์ จำกัด,ศิลปศาสตร์,ภาษาจีน,กรุงเทพมหานคร,13.743404,100.537289
726,บริษัท ไทยแอร์เอเชีย จำกัด,ศิลปศาสตร์,ภาษาจีน,กรุงเทพมหานคร,13.747952,100.502055
727,บริษัท ไทยแอร์เอเชีย จำกัด สำนักงานภูเก็ต,ศิลปศาสตร์,ภาษาจีน,ภูเก็ต,7.897861,98.411831
728,บริษัท ไท่หยาง มีเดีย ประเทศไทย จำกัด,ศิลปศาสตร์,ภาษาจีน,กรุงเทพมหานคร,13.777016,100.532771
729,บริษัท โปรทา จำกัด (Realme),ศิลปศาสตร์,ภาษาจีน,กรุงเทพมหานคร,13.7322,100.54045
730,บริษัท ว้าว อันดามัน จำกัด,ศิลปศาสตร์,ภาษาจีน,พังงา,8.455277,98.49901
731,บริษัท สกายเทร็ค แอดเวนเจอร์ จำกัด,ศิลปศาสตร์,ภาษาจีน,ภูเก็ต,7.901563,98.406466
732,แฟนแทซทิค สิมิลัน ทราเวล,ศิลปศาสตร์,ภาษาจีน,พังงา,8.429542,98.556796
733,โรงเรียนกัลยาณีศรีธรรมราช,ศิลปศาสตร์,ภาษาจีน,นครศรีธรรมราช,8.427833,99.954172
734,โรงเรียนดีบุกพังงาวิทยายน,ศิลปศาสตร์,ภาษาจีน,พังงา,8.419448,98.522102
735,โรงเรียนตรังคริสเตียนศึกษา,ศิลปศาสตร์,ภาษาจีน,ตรัง,7.583458,99.634382
736,โรงเรียนตันติวัตร,ศิลปศาสตร์,ภาษาจีน,นครศรีธรรมราช,8.45118,99.935628
737,โรงเรียนท่าศาลา,ศิลปศาสตร์,ภาษาจีน,นครศรีธรรมราช,8.46237,99.95741
738,โรงเรียนท่าศาลาประสิทธิ์ศึกษา,ศิลปศาสตร์,ภาษาจีน,นครศรีธรรมราช,8.411914,99.936872
739,โรงเรียนเทพมิตรศึกษา,ศิลปศาสตร์,ภาษาจีน,สุราษฎร์ธานี,9.166658,99.334155
740,โรงเรียนธนาคารออมสิน,ศิลปศาสตร์,ภาษาจีน,ประจวบคีรีขันธ์,11.787098,99.765712
741,โรงเรียนเบญจมราชูทิศ,ศิลปศาสตร์,ภาษาจีน,นครศรีธรรมราช,8.441608,99.931775
742,โรงเรียนภูบดินทร์พิทยาลัย,ศิลปศาสตร์,ภาษาจีน,ชุมพร,10.48456,99.161807
743,โรงเรียนวมินทร์วิทยา (ฮัวเหมิง),ศิลปศาสตร์,ภาษาจีน,สุราษฎร์ธานี,9.11745,99.321857
744,โรงเรียนวัดพระมหาธาตุ,ศิลปศาสตร์,ภาษาจีน,นครศรีธรรมราช,8.468722,99.939323
745,โรงเรียนศรีธรรมราชศึกษา,ศิลปศาสตร์,ภาษาจีน,นครศรีธรรมราช,8.464463,99.988018
746,โรงเรียนศรีนครมูลนิธิ,ศิลปศาสตร์,ภาษาจีน,สงขลา,7.169888,100.444932
747,โรงเรียนสภาราชินี จังหวัดตรัง,ศิลปศาสตร์,ภาษาจีน,ตรัง,7.541467,99.618145
748,โรงเรียนสิชลประชาสรรค์,ศิลปศาสตร์,ภาษาจีน,นครศรีธรรมราช,8.406196,99.984592
749,โรงเรียนหลังสวนเทศบาลอุปถัมภ์,ศิลปศาสตร์,ภาษาจีน,ชุมพร,10.474292,99.166341
750,โรงเรียนอำมาตย์พานิชนุกูล,ศิลปศาสตร์,ภาษาจีน,กระบี่,8.109508,98.902071
751,โรงแรม ชูการ์ มารีน่า รีสอร์ท นอติคอล กะตะบีช,ศิลปศาสตร์,ภาษาจีน,ภูเก็ต,7.915584,98.424732
752,โรงแรม เดอะราชา,ศิลปศาสตร์,ภาษาจีน,ภูเก็ต,7.847485,98.387362
753,โรงแรม สลีพ วิธ มี ดีไซน์ โฮเต็ล แอท ป่าตอง,ศิลปศาสตร์,ภาษาจีน,ภูเก็ต,7.88894,98.412749
754,โรงแรมอนันตรา ไม้ขาว ภูเก็ต วิลล่า,ศิลปศาสตร์,ภาษาจีน,ภูเก็ต,7.893367,98.358759
755,วิทยาลัยอาชีวศึกษานครศรีธรรมราช,ศิลปศาสตร์,ภาษาจีน,นครศรีธรรมราช,8.463604,99.9472
756,สถานีตำรวจท่องเที่ยว 5 กองกำกับการ 2 กองบังคับการตำรวจท่องเที่ยว 3,ศิลปศาสตร์,ภาษาจีน,สุราษฎร์ธานี,9.098894,99.347966
757,สถาบันขงจื๊อ มหาวิทยาลัยสงขลานครินทร์,ศิลปศาสตร์,ภาษาจีน,สงขลา,7.1912,100.457867
758,สายการบินสปริงแอร์ไลน์,ศิลปศาสตร์,ภาษาจีน,สุราษฎร์ธานี,9.115619,99.327229
759,สายการบินสปริงแอร์ไลน์ ท่าอากาศยานนานาชาติสุวรรณภูมิ,ศิลปศาสตร์,ภาษาจีน,สมุทรปราการ,13.606903,100.708601
760,ด่านตรวจคนเข้าเมืองท่าอากาศยานหาดใหญ่,ศิลปศาสตร์,ภาษาจีน,สงขลา,7.165022,100.464011
761,บริษัท ฟอร์ท อีเอ็มเอส จำกัด,ศิลปศาสตร์,ภาษาจีน,นครปฐม,13.806689,100.063979
762,บริษัท เอชจีที อินดัสเทรียล จำกัด,ศิลปศาสตร์,ภาษาจีน,ฉะเชิงเทรา,13.701766,101.064971
763,โรงเรียนเตรียมอุดมศึกษาพัฒนาการนนทบุรี,ศิลปศาสตร์,ภาษาจีน,นนทบุรี,13.865978,100.499486
764,โรงเรียนเทศบาลเชิงทะเล (ตันติวิท),ศิลปศาสตร์,ภาษาจีน,ภูเก็ต,7.849589,98.380541
765,โรงเรียนเทศบาลปากพนัง 2,ศิลปศาสตร์,ภาษาจีน,นครศรีธรรมราช,8.444,99.942909
766,โรงเรียนพัทลุง,ศิลปศาสตร์,ภาษาจีน,พัทลุง,7.599878,100.145145
767,โรงเรียนสาธิตมหาวิทยาลัยราชภัฏนครศรีธรรมราช,ศิลปศาสตร์,ภาษาจีน,นครศรีธรรมราช,8.409317,99.927016
768,โรงเรียนสุราษฎร์ธานี 2,ศิลปศาสตร์,ภาษาจีน,สุราษฎร์ธานี,9.125258,99.318702
769,โรงแรม คาลิมา รีสอร์ท แอนด์ สปา ภูเก็ต,ศิลปศาสตร์,ภาษาจีน,ภูเก็ต,7.911637,98.411333
770,โรงแรม ชาวเกาะ พีพี โฮเทล แอนด์ รีสอร์ท,ศิลปศาสตร์,ภาษาจีน,กระบี่,8.052655,98.931137
771,ตรวจคนเข้าเมืองจังหวัดกระบี่,ศิลปศาสตร์,ภาษาจีน,กระบี่,8.05235,98.871433
772,บริษัท ซีอาร์ซี สปอร์ต จำกัด เซ็นทรัลเฟสติวัลเกาะสมุย,ศิลปศาสตร์,ภาษาจีน,สุราษฎร์ธานี,9.113896,99.301405
773,บริษัท ซีอาร์ซี สปอร์ต จำกัด เซ็นทรัลเฟสติวัลภูเก็ต,ศิลปศาสตร์,ภาษาจีน,ภูเก็ต,7.864801,98.362747
774,บริษัท ซีอาร์ซี สปอร์ต จำกัด เซ็นทรัลเฟสติวัลภูเก็ต,ศิลปศาสตร์,ภาษาจีน,ภูเก็ต,7.881718,98.407969
775,บริษัท ซีอาร์ซี สปอร์ต จำกัด (สาขาหาดใหญ่),ศิลปศาสตร์,ภาษาจีน,สงขลา,7.204023,100.496059
776,บริษัท ปั้ง ปั้ง ทัวร์ จำกัด,ศิลปศาสตร์,ภาษาจีน,ภูเก็ต,7.869641,98.366361
777,บริษัท ว้าว อันดามัน จำกัด,ศิลปศาสตร์,ภาษาจีน,พังงา,8.454612,98.506227
778,โรงเรียนสิชลคุณาธารวิทยา,ศิลปศาสตร์,ภาษาจีน,นครศรีธรรมราช,8.436237,99.985224
779,โรงแรม ชูการ์ มารีน่า รีสอร์ท - คลิฟแฮงเกอร์ อ่าวนาง,ศิลปศาสตร์,ภาษาจีน,กระบี่,8.105988,98.904274
780,โรงแรมชูการ์ มารีน่า รีสอร์ท - อาร์ต - กะรนบีช,ศิลปศาสตร์,ภาษาจีน,ภูเก็ต,7.873569,98.423792
781,สถานีตำรวจท่องเที่ยว 1 กองกำกับการ 2 กองบังคับการท่องเที่ยว 2 กองบัญชาการตำรวจท่องเที่ยว,ศิลปศาสตร์,ภาษาจีน,เชียงใหม่,18.804538,98.995344
782,บริษัท เฟฮู ดีไซน์ จำกัด,ศิลปศาสตร์,ภาษาจีน,กรุงเทพมหานคร,13.767358,100.497803
783,บริษัท สายการบินนกแอร์ จำกัด (มหาชน) สาขาภูเก็ต,ศิลปศาสตร์,ภาษาจีน,ภูเก็ต,7.846176,98.379653
784,บริษัท สายการบินนกแอร์ จำกัด (มหาชน) สำนักงานสนามบินดอนเมือง,ศิลปศาสตร์,ภาษาจีน,กรุงเทพมหานคร,13.787241,100.464775
785,โรงเรียนสุราษฎร์พิทยา,ศิลปศาสตร์,ภาษาจีน,สุราษฎร์ธานี,9.118656,99.294784
786,กรมส่งเสริมวัฒนธรรม,ศิลปศาสตร์,ภาษาไทย,กรุงเทพมหานคร,13.763451,100.470547
787,บริษัท อมรินทร์พริ้นติ้งแอนด์พับลิชชิ่ง จำกัด (มหาชน),ศิลปศาสตร์,ภาษาไทย,กรุงเทพมหานคร,13.762352,100.481875
788,พิพิธภัณฑ์และหอจดหมายเหตุ สำนักการประชาสัมพันธ์ กรมประชาสัมพันธ์,ศิลปศาสตร์,ภาษาไทย,กรุงเทพมหานคร,13.76727,100.474573
789,พิพิธภัณฑ์สถานแห่งชาติสตูล,ศิลปศาสตร์,ภาษาไทย,สตูล,6.60235,100.057389
790,ม.เกษตรศาสตร์,ศิลปศาสตร์,ภาษาไทย,กรุงเทพมหานคร,13.750643,100.537636
791,โรงแรมแกรนด์ ป่าตอง ภูเก็ต,ศิลปศาสตร์,ภาษาไทย,ภูเก็ต,7.871116,98.375592
792,ศูนย์มานุษยวิทยาสิรินธร (องค์การมหาชน),ศิลปศาสตร์,ภาษาไทย,กรุงเทพมหานคร,13.729483,100.481167
793,ศูนย์ส่งเสริมศิลปะและวัฒนธรรม มหาวิทยาลัยสงขลานครินทร์,ศิลปศาสตร์,ภาษาไทย,สงขลา,7.207988,100.44676
794,ศูนย์สยามทรรศน์ศึกษา คณะศิลปศาสตร์ มหาวิทยาลัยมหิดล,ศิลปศาสตร์,ภาษาไทย,นครปฐม,13.792391,100.045691
795,สถานีวิทยุกระจายเสียงแห่งประเทศไทย,ศิลปศาสตร์,ภาษาไทย,กรุงเทพมหานคร,13.789753,100.538464
796,สถาบันทักษิณคดีศึกษา,ศิลปศาสตร์,ภาษาไทย,สงขลา,7.137976,100.506434
797,สถาบันวิจัยประชากรและสังคม มหาวิทยาลัยมหิดล,ศิลปศาสตร์,ภาษาไทย,นครปฐม,13.813517,100.079353
798,สํานักวิจัยและพัฒนา มหาวิทยาลัยสงขลานครินทร์,ศิลปศาสตร์,ภาษาไทย,สงขลา,7.21149,100.44836
799,สำนักงานปลัดกระทรวงวัฒนธรรม,ศิลปศาสตร์,ภาษาไทย,กรุงเทพมหานคร,13.743089,100.532493
800,สำนักงานมูลนิธิชัยพัฒนา,ศิลปศาสตร์,ภาษาไทย,กรุงเทพมหานคร,13.752034,100.522427
801,สำนักงานวัฒนธรรมจังหวัดกระบี่,ศิลปศาสตร์,ภาษาไทย,กระบี่,8.089738,98.931189
802,สำนักงานวัฒนธรรมจังหวัดเชียงใหม่,ศิลปศาสตร์,ภาษาไทย,เชียงใหม่,18.774851,98.992637
803,สำนักงานวัฒนธรรมจังหวัดตรัง,ศิลปศาสตร์,ภาษาไทย,ตรัง,7.5665,99.626368
804,สำนักงานวัฒนธรรมจังหวัดภูเก็ต,ศิลปศาสตร์,ภาษาไทย,ภูเก็ต,7.88282,98.416059
805,สำนักงานวัฒนธรรมจังหวัดสงขลา,ศิลปศาสตร์,ภาษาไทย,สงขลา,7.207724,100.487378
806,สำนักงานวัฒนธรรมจังหวัดสุราษฎร์ธานี,ศิลปศาสตร์,ภาษาไทย,สุราษฎร์ธานี,9.157211,99.287081
807,สำนักงานอัยการคดีเยาวชนและครอบครัวจังหวัดนครศรีธรรมราช,ศิลปศาสตร์,ภาษาไทย,นครศรีธรรมราช,8.403627,99.992549
808,สำนักพิมพ์นาคร,ศิลปศาสตร์,ภาษาไทย,ปทุมธานี,14.026534,100.557152
809,หอสมุดแห่งชาตินครศรีธรรมราช,ศิลปศาสตร์,ภาษาไทย,นครศรีธรรมราช,8.440765,99.937417
810,โรงเรียนหนองทะเลวิทยา,ศิลปศาสตร์,ภาษาไทย,กระบี่,8.065638,98.877665
811,โรงเรียนปัญญาวิทย์ จังหวัดตรัง,ศิลปศาสตร์,ภาษาไทย,ตรัง,7.573398,99.581073
812,โรงเรียนวัดไทรงาม,ศิลปศาสตร์,ภาษาไทย,ตรัง,7.565742,99.65066
813,องค์การบริหารส่วนจังหวัดพัทลุง,ศิลปศาสตร์,ภาษาไทย,พัทลุง,7.654783,100.137399
814,สำนักงานศิลปวัฒนธรรมร่วมสมัย กระทรวงวัฒนธรรม,ศิลปศาสตร์,ภาษาไทย,กรุงเทพมหานคร,13.768203,100.515542
815,"โรงเรียนอนุบาลนครศรีธรรมราช ""ณ นคร อุทิศ""",ศิลปศาสตร์,ภาษาไทย,นครศรีธรรมราช,8.46429,99.98368
816,โรงเรียนเทศบาล 6 (วัดตันตยาภิรม),ศิลปศาสตร์,ภาษาไทย,ตรัง,7.528605,99.575612
817,องค์การบริหารส่วนตำบลบางสัก,ศิลปศาสตร์,ภาษาไทย,ตรัง,7.532667,99.592172
818,โรงเรียนบ้านห้วยหาร,ศิลปศาสตร์,ภาษาไทย,นครศรีธรรมราช,8.441031,99.955953
819,โรงเรียนวัดหนองจิก,ศิลปศาสตร์,ภาษาไทย,นครศรีธรรมราช,8.422134,99.937601
820,โรงเรียนละงูพิทยาคม,ศิลปศาสตร์,ภาษาไทย,สตูล,6.661709,100.103756
821,เทศบาลตำบลทอนหงส์,ศิลปศาสตร์,ภาษาไทย,นครศรีธรรมราช,8.407454,99.940447
822,โรงเรียนราชประชานุเคราะห์ 42 จังหวัดสตูล,ศิลปศาสตร์,ภาษาไทย,สตูล,6.663134,100.073977
823,สำนักงานเขตพื้นที่การศึกษาประถมศึกษานครศรีธรรมราช เขต 2,ศิลปศาสตร์,ภาษาไทย,นครศรีธรรมราช,8.457699,99.940268
824,โรงเรียนชุมชนวัดจันทาราม,ศิลปศาสตร์,ภาษาไทย,สุราษฎร์ธานี,9.136425,99.32234
825,โรงแรม แกรนด์ เมอร์เคียว ภูเก็ต ป่าตอง รีสอร์ท แอนด์ วิลล่า,ศิลปศาสตร์,ภาษาไทย,ภูเก็ต,7.913352,98.425886
826,โรงเรียนบ้านในถุ้ง,ศิลปศาสตร์,ภาษาไทย,นครศรีธรรมราช,8.392785,100.001739
827,โรงเรียนชุมชนวัดสระแก้ว,ศิลปศาสตร์,ภาษาไทย,นครศรีธรรมราช,8.456526,99.924058
828,องค์การบริหารส่วนตำบลนาพรุ,ศิลปศาสตร์,ภาษาไทย,นครศรีธรรมราช,8.439185,100.000221
829,โรงเรียนบ้านบือยอง,ศิลปศาสตร์,ภาษาไทย,ยะลา,6.529979,101.244909
830,โรงเรียนเทศบาล 3 ท่าแดง,ศิลปศาสตร์,ภาษาไทย,กระบี่,8.049156,98.940804
831,บัณฑิตวิทยาลัย มหาวิทยาลัยวลัยลักษณ์,ศิลปศาสตร์,ภาษาไทย,นครศรีธรรมราช,8.450895,99.991382
832,โรงเรียนบันนังสตาวิทยา,ศิลปศาสตร์,ภาษาไทย,ยะลา,6.575762,101.246972
833,สำนักงานคณบดีสำนักวิชาครุศาสตร์ มหาวิทยาลัยวลัยลักษณ์,ศิลปศาสตร์,ภาษาไทย,นครศรีธรรมราช,8.463317,99.939429
834,ที่ว่าการอำเภอเขาพนม จังหวัดกระบี่,ศิลปศาสตร์,ภาษาไทย,กระบี่,8.11587,98.918023
835,สถาบันภาษาศาสตร์และวัฒนธรรมศึกษาราชนครินทร์ มหาวิทยาลัยเกษตรศาสตร์,ศิลปศาสตร์,ภาษาไทย,กรุงเทพมหานคร,13.768923,100.529643
836,โรงเรียนเตรียมอุดมศึกษาพัฒนาการสุราษฎร์ธานี,ศิลปศาสตร์,ภาษาไทย,สุราษฎร์ธานี,9.149891,99.329599
837,โรงเรียนอนุบาลตรัง,ศิลปศาสตร์,ภาษาไทย,ตรัง,7.540408,99.594962
838,โรงเรียนบ้านทุ่งเกราะ,ศิลปศาสตร์,ภาษาไทย,นครศรีธรรมราช,8.454294,99.955033
839,โรงเรียนเทศบาล 5 เทศบาลเมืองปัตตานี,ศิลปศาสตร์,ภาษาไทย,ปัตตานี,6.905843,101.220853
840,โรงเรียนวัดสระประดิษฐ์,ศิลปศาสตร์,ภาษาไทย,นครศรีธรรมราช,8.39896,99.945603
841,โรงเรียนแสงทองวิทยา,ศิลปศาสตร์,ภาษาไทย,สงขลา,7.19526,100.511815
842,"School of Languages, Literacies & Translation, Universiti Sains Malaysia",ศิลปศาสตร์,ภาษาไทย,กรุงเทพมหานคร,13.760598,100.540993
843,โรงเรียนธิดาแม่พระ,ศิลปศาสตร์,ภาษาไทย,สุราษฎร์ธานี,9.155378,99.320552
844,สถานีวิทยุกระจายเสียงแห่งประเทศไทย จังหวัดตรัง,ศิลปศาสตร์,ภาษาไทย,ตรัง,7.595872,99.595145
845,การรถไฟแห่งประเทศไทย,ศิลปศาสตร์,ภาษาไทย,กรุงเทพมหานคร,13.732537,100.477524
846,University of Malaya,ศิลปศาสตร์,ภาษาอังกฤษ,มาเลเซีย,,
847,กรมการค้าต่างประเทศ กระทรวงพาณิชย์,ศิลปศาสตร์,ภาษาอังกฤษ,นนทบุรี,13.857354,100.525064
848,การรถไฟแห่งประเทศไทย กองการต่างประเทศ,ศิลปศาสตร์,ภาษาอังกฤษ,กรุงเทพมหานคร,13.736427,100.484383
849,คณะศิลปศาสตร์ มหาวิทยาลัยนราธิวาสราชนครินทร์,ศิลปศาสตร์,ภาษาอังกฤษ,นราธิวาส,6.417716,101.778524
850,ด่านศุลกากรท่าอากาศยานภูเก็ต,ศิลปศาสตร์,ภาษาอังกฤษ,ภูเก็ต,7.920379,98.385461
851,ตรวจคนเข้าเมืองจังหวัดภูเก็ต,ศิลปศาสตร์,ภาษาอังกฤษ,ภูเก็ต,7.846026,98.378661
852,ตรวจคนเข้าเมืองจังหวัดสุราษฎร์ธานี,ศิลปศาสตร์,ภาษาอังกฤษ,สุราษฎร์ธานี,9.118296,99.303294
853,ท่าอากาศยานตรัง,ศิลปศาสตร์,ภาษาอังกฤษ,ตรัง,7.567958,99.610321
854,บริษัท การบินไทย จำกัด (มหาชน),ศิลปศาสตร์,ภาษาอังกฤษ,กรุงเทพมหานคร,13.749768,100.472071
855,บริษัท คิง เพาเวอร์ ดิวตี้ฟรี จำกัด สาขาสนามบินภูเก็ต,ศิลปศาสตร์,ภาษาอังกฤษ,ภูเก็ต,7.866049,98.36552
856,บริษัท เชฟรอนประเทศไทยสำรวจและผลิต จำกัด จังหวัดนครศรีธรรมราช,ศิลปศาสตร์,ภาษาอังกฤษ,นครศรีธรรมราช,8.421101,99.941891
857,บริษัท แซนด์ ซี จำกัด,ศิลปศาสตร์,ภาษาอังกฤษ,กระบี่,8.055336,98.91105
858,บริษัท ไตรโฟเลียม จำกัด,ศิลปศาสตร์,ภาษาอังกฤษ,ภูเก็ต,7.912965,98.35722
859,บริษัท ไทย ไลอ้อน เมนทารี จำกัด (สายการบินไทยไลอ้อนแอร์),ศิลปศาสตร์,ภาษาอังกฤษ,กรุงเทพมหานคร,13.727284,100.48452
860,บริษัท ไทยแอร์เอเชีย จำกัด ท่าอากาศยานนานาชาติหาดใหญ่,ศิลปศาสตร์,ภาษาอังกฤษ,สงขลา,7.149533,100.472434
861,บริษัท แบ็กส์บริการภาคพื้น จำกัด,ศิลปศาสตร์,ภาษาอังกฤษ,ภูเก็ต,7.903894,98.423181
862,มูลนิธิกระจกเงา เชียงราย,ศิลปศาสตร์,ภาษาอังกฤษ,เชียงราย,19.943504,99.791672
863,โรงเรียนกาญจนภิเษกวิทยาลัย กระบี่,ศิลปศาสตร์,ภาษาอังกฤษ,กระบี่,8.121249,98.905877
864,โรงเรียนขจรเกียรตินานาชาติ ภูเก็ต,ศิลปศาสตร์,ภาษาอังกฤษ,ภูเก็ต,7.858166,98.423396
865,โรงเรียนนานาชาติบริติช ภูเก็ต,ศิลปศาสตร์,ภาษาอังกฤษ,ภูเก็ต,7.888416,98.420807
866,โรงเรียนพรหมคีรีพิทยาคม,ศิลปศาสตร์,ภาษาอังกฤษ,นครศรีธรรมราช,8.418328,99.960852
867,โรงเรียนวรพัฒน์,ศิลปศาสตร์,ภาษาอังกฤษ,สงขลา,7.175182,100.462843
868,โรงแรม เกรซแลนด์เขาหลักบีชรีสอร์ท,ศิลปศาสตร์,ภาษาอังกฤษ,กรุงเทพมหานคร,13.757764,100.54106
869,สถานกงสุลใหญ่มาเลเซีย จังหวัดสงขลา,ศิลปศาสตร์,ภาษาอังกฤษ,สงขลา,7.13836,100.510225
870,สถานีตำรวจท่องเที่ยว 3 กองกำกับการ 2 กองบังคับการตำรวจท่องเที่ยว 3,ศิลปศาสตร์,ภาษาอังกฤษ,กระบี่,8.096126,98.912231
871,สถาบันคีนันแห่งเอเซีย,ศิลปศาสตร์,ภาษาอังกฤษ,กรุงเทพมหานคร,13.757312,100.478164
872,สถาบันพิพิธภัณฑ์การเรียนรู้แห่งชาติ,ศิลปศาสตร์,ภาษาอังกฤษ,กรุงเทพมหานคร,13.736184,100.478147
873,สายการบินโอมานแอร์ สนามบินสุวรรณภูมิ,ศิลปศาสตร์,ภาษาอังกฤษ,สมุทรปราการ,13.610594,100.660729
874,หอการค้าอเมริกันในประเทศไทย,ศิลปศาสตร์,ภาษาอังกฤษ,กรุงเทพมหานคร,13.782759,100.522451
875,องค์การรัฐมนตรีศึกษาแห่งเอเชียตะวันออกเฉียงใต้ (SEAMEO),ศิลปศาสตร์,ภาษาอังกฤษ,กรุงเทพมหานคร,13.743643,100.534792
876,Avista Grand Phuket Karon,ศิลปศาสตร์,ภาษาอังกฤษ,ภูเก็ต,7.872365,98.394327
877,Universiti Teknologi MARA,ศิลปศาสตร์,ภาษาอังกฤษ,มาเลเซีย,,
878,University Sains Malaysia,ศิลปศาสตร์,ภาษาอังกฤษ,มาเลเซีย,,
879,กองบังคับการตรวจคนเข้าเมือง 3,ศิลปศาสตร์,ภาษาอังกฤษ,กรุงเทพมหานคร,13.776886,100.514343
880,ด่านศุลกากรสงขลา,ศิลปศาสตร์,ภาษาอังกฤษ,สงขลา,7.157554,100.465039
881,ตรวจคนเข้าเมืองจังหวัดพังงา,ศิลปศาสตร์,ภาษาอังกฤษ,พังงา,8.428257,98.538205
882,บริษัท โค้ชไทย คอร์ปอเรชั่น จำกัด,ศิลปศาสตร์,ภาษาอังกฤษ,กรุงเทพมหานคร,13.772505,100.500028
883,บริษัท เซ็นทรัล กรุ๊ป ออนไลน์ จำกัด,ศิลปศาสตร์,ภาษาอังกฤษ,กรุงเทพมหานคร,13.793731,100.463835
884,โรงเรียนสวรรค์วิทยาคาร,ศิลปศาสตร์,ภาษาอังกฤษ,นราธิวาส,6.397239,101.825176
885,โรงเรียนอนุบาลกระบี่,ศิลปศาสตร์,ภาษาอังกฤษ,กระบี่,8.071239,98.939271
886,โรงแรม เซ็นทาราอันดาเทวีรีสอร์ทและสปา กระบี่,ศิลปศาสตร์,ภาษาอังกฤษ,กระบี่,8.103763,98.881585
887,โรงแรม ดีวาน่า พลาซ่า ภูเก็ต ป่าตอง,ศิลปศาสตร์,ภาษาอังกฤษ,ภูเก็ต,7.901229,98.407116
888,โรงแรม ทวินปาล์ม มอนท์เอซัวร์,ศิลปศาสตร์,ภาษาอังกฤษ,ภูเก็ต,7.851225,98.390658
889,โรงแรม พูลแมน เขาหลัก รีสอร์ท,ศิลปศาสตร์,ภาษาอังกฤษ,พังงา,8.454229,98.561454
890,โรงแรม อวานี อ่าวนาง คลิฟฟ์ กระบี่ รีสอร์ท,ศิลปศาสตร์,ภาษาอังกฤษ,กระบี่,8.102477,98.915366
891,โรงแรม อัล มีรอซ กรุงเทพ,ศิลปศาสตร์,ภาษาอังกฤษ,กรุงเทพมหานคร,13.791989,100.535606
892,โรงแรมกะตะธานี ภูเก็ต บีช รีสอร์ท,ศิลปศาสตร์,ภาษาอังกฤษ,ภูเก็ต,7.866816,98.354071
893,โรงแรมโนราบุรี รีสอร์ท แอนด์ สปา,ศิลปศาสตร์,ภาษาอังกฤษ,สุราษฎร์ธานี,9.127273,99.325885
894,โรงแรมอนันตรา บ่อผุด เกาะสมุย รีสอร์ท,ศิลปศาสตร์,ภาษาอังกฤษ,สุราษฎร์ธานี,9.176191,99.316722
895,โรงแรมไอบิส สมุย บ่อผุด,ศิลปศาสตร์,ภาษาอังกฤษ,สุราษฎร์ธานี,9.147827,99.309202
896,ศูนย์กิจการนานาชาติ มหาวิทยาลัยวลัยลักษณ์,ศิลปศาสตร์,ภาษาอังกฤษ,นครศรีธรรมราช,8.435353,99.96094
897,สถานีตำรวจท่องเที่ยว 1 กองกำกับการ 3 กรมบังคับการ ตำรวจท่องเที่ยว 2 (ตำรวจท่องเที่ยวพิษณุโลก),ศิลปศาสตร์,ภาษาอังกฤษ,พิษณุโลก,16.853005,100.294547
898,สถานีตำรวจท่องเที่ยวระนอง,ศิลปศาสตร์,ภาษาอังกฤษ,ระนอง,9.97437,98.61222
899,สำนักวิชาพหุภาษาและการศึกษาทั่วไป มหาวิทยาลัยวลัยลักษณ์,ศิลปศาสตร์,ภาษาอังกฤษ,นครศรีธรรมราช,8.419479,99.976391
900,ส่วนสื่อสารองค์กร มหาวิทยาลัยวลัยลักษณ์,ศิลปศาสตร์,ภาษาอังกฤษ,นครศรีธรรมราช,8.465617,99.966488
901,โรงแรม ศาลาสมุย เฉวง บีช,ศิลปศาสตร์,ภาษาอังกฤษ,สุราษฎร์ธานี,9.150867,99.320946
902,โรงแรมศรีพันวา ภูเก็ต ลักชัวรี พูลวิลลา,ศิลปศาสตร์,ภาษาอังกฤษ,ภูเก็ต,7.865098,98.380844
903,โรงเรียนศรีธรรมราชศึกษา English Program,ศิลปศาสตร์,ภาษาอังกฤษ,นครศรีธรรมราช,8.465121,99.940146
904,โรงเรียนท่าศาลาประสิทธิ์ศึกษา,ศิลปศาสตร์,ภาษาอังกฤษ,นครศรีธรรมราช,8.41581,99.933449
905,พิพิธภัณฑสถานแห่งชาติ นครศรีธรรมราช,ศิลปศาสตร์,ภาษาอังกฤษ,นครศรีธรรมราช,8.434104,99.935813
906,ด่านตรวจคนเข้าเมืองสมุย,ศิลปศาสตร์,ภาษาอังกฤษ,สุราษฎร์ธานี,9.159014,99.284326
907,ท่าอากาศยานนานาชาติกระบี่,ศิลปศาสตร์,ภาษาอังกฤษ,กระบี่,8.076041,98.889087
908,บริษัท การบินไทย จำกัด (มหาชน) ท่าอากาศยานนานาชาติกระบี่,ศิลปศาสตร์,ภาษาอังกฤษ,กระบี่,8.088748,98.919576
909,โรงแรมเดอะทับแขกกระบี่บูทีครีสอร์ท,ศิลปศาสตร์,ภาษาอังกฤษ,กระบี่,8.122205,98.912602
910,สำนักงานการท่องเที่ยวและกีฬาจังหวัดสงขลา,ศิลปศาสตร์,ภาษาอังกฤษ,สงขลา,7.148068,100.469855
911,บริษัท เบทาโกร จำกัด (มหาชน),รัฐศาสตร์และนิติศาสตร์,รัฐประศาสนศาสตร์,สมุทรปราการ,13.6447,100.698439
912,บริษัท แปซิฟิคแปรรูปสัตว์น้ำ จำกัด,รัฐศาสตร์และนิติศาสตร์,รัฐประศาสนศาสตร์,สงขลา,7.213085,100.440639
913,บริษัท ลากูน่า เซอร์วิส จำกัด,รัฐศาสตร์และนิติศาสตร์,รัฐประศาสนศาสตร์,ภูเก็ต,7.899179,98.406451
914,บริษัท หาดทิพย์ จำกัด (มหาชน) สาขาหาดใหญ่,รัฐศาสตร์และนิติศาสตร์,รัฐประศาสนศาสตร์,สงขลา,7.157331,100.483164
915,โรงพยาบาลราษฎร์ยินดี,รัฐศาสตร์และนิติศาสตร์,รัฐประศาสนศาสตร์,กรุงเทพมหานคร,13.744829,100.526945
916,บริษัทการบินไทย จำกัด (มหาชน) ท่าอากาศยานนานาชาติภูเก็ต,รัฐศาสตร์และนิติศาสตร์,รัฐประศาสนศาสตร์,ภูเก็ต,7.873033,98.370161
917,บริษัท เจริญโภคภัณฑ์อาหาร จำกัด (มหาชน) สำนักสรรหาและคัดเลือกทรัพยากรบุคคล,รัฐศาสตร์และนิติศาสตร์,รัฐประศาสนศาสตร์,กรุงเทพมหานคร,13.755853,100.506347
918,บริษัท ชัวร์เท็กซ์ จำกัด,รัฐศาสตร์และนิติศาสตร์,รัฐประศาสนศาสตร์,สุราษฎร์ธานี,9.118707,99.326779
919,บริษัท ซีพี ออล์ จำกัด (มหาชน),รัฐศาสตร์และนิติศาสตร์,รัฐประศาสนศาสตร์,กรุงเทพมหานคร,13.742325,100.508365
920,บริษัท ซีพีเอฟ (ประเทศไทย) จำกัด (มหาชน) โรงงานหนองจอก,รัฐศาสตร์และนิติศาสตร์,รัฐประศาสนศาสตร์,ลำพูน,18.568012,99.038933
921,บริษัท ศรีตรัง แอโกรอินดัสทรี จำกัด (มหาชน),รัฐศาสตร์และนิติศาสตร์,รัฐประศาสนศาสตร์,สงขลา,7.135892,100.513197
922,บริษัท สงขลาแคนนิ่ง จำกัด (มหาชน),รัฐศาสตร์และนิติศาสตร์,รัฐประศาสนศาสตร์,สงขลา,7.138686,100.454305
923,โรงพยาบาลกรุงเทพสมุย,รัฐศาสตร์และนิติศาสตร์,รัฐประศาสนศาสตร์,สุราษฎร์ธานี,9.1308,99.324052
924,การประปาส่วนภูมิภาค เขต 3,รัฐศาสตร์และนิติศาสตร์,รัฐประศาสนศาสตร์,ราชบุรี,13.520609,99.853344
925,ที่ทำการปกครองอำเภอเกาะสมุย,รัฐศาสตร์และนิติศาสตร์,รัฐประศาสนศาสตร์,สุราษฎร์ธานี,9.131464,99.317015
926,สำนักงานเทศบาลเมืองกระบี่,รัฐศาสตร์และนิติศาสตร์,รัฐประศาสนศาสตร์,กระบี่,8.051999,98.929313
927,สำนักงานปลัดกระทรวงทรัพยากรธรรมชาติและสิ่งแวดล้อม,รัฐศาสตร์และนิติศาสตร์,รัฐประศาสนศาสตร์,กรุงเทพมหานคร,13.72198,100.516024
928,สำนักงานพัฒนาสังคมและความมั่นคงของมนุษย์จังหวัดพัทลุง,รัฐศาสตร์และนิติศาสตร์,รัฐประศาสนศาสตร์,พัทลุง,7.634732,100.154165
929,สำนักงานพัฒนาสังคมและความมั่นคงของมนุษย์จังหวัดสงขลา,รัฐศาสตร์และนิติศาสตร์,รัฐประศาสนศาสตร์,สงขลา,7.198241,100.476132
930,สำนักงานพัฒนาสังคมและความมั่นคงของมนุษย์จังหวัดสุราษฎร์ธานี,รัฐศาสตร์และนิติศาสตร์,รัฐประศาสนศาสตร์,สุราษฎร์ธานี,9.150941,99.302624
931,สำนักงานศาลรัฐธรรมนูญ,รัฐศาสตร์และนิติศาสตร์,รัฐประศาสนศาสตร์,กรุงเทพมหานคร,13.751896,100.504324
932,สำนักงานส่งเสริมการปกครองท้องถิ่นจังหวัดสุราษฎร์ธานี,รัฐศาสตร์และนิติศาสตร์,รัฐประศาสนศาสตร์,สุราษฎร์ธานี,9.170956,99.354516
933,องค์การบริหารส่วนจังหวัดกระบี่,รัฐศาสตร์และนิติศาสตร์,รัฐประศาสนศาสตร์,กระบี่,8.08834,98.890367
934,องค์การบริหารส่วนจังหวัดตรัง,รัฐศาสตร์และนิติศาสตร์,รัฐประศาสนศาสตร์,ตรัง,7.548651,99.621044
935,องค์การบริหารส่วนจังหวัดสตูล,รัฐศาสตร์และนิติศาสตร์,รัฐประศาสนศาสตร์,สตูล,6.58612,100.079186
936,เมืองพัทยา,รัฐศาสตร์และนิติศาสตร์,รัฐประศาสนศาสตร์,ชลบุรี,13.333328,100.991623
937,โรงแรม ไร่เลย์ วิลเลจ รีสอร์ท แอนด์ สปา กระบี่,รัฐศาสตร์และนิติศาสตร์,รัฐประศาสนศาสตร์,กระบี่,8.092764,98.916207
938,โรงแรม อมารี พัทยา,รัฐศาสตร์และนิติศาสตร์,รัฐประศาสนศาสตร์,ชลบุรี,13.328202,100.953302
939,โรงพยาบาลกระบี่นครินทร์ อินเตอร์เนชั่นแนล,รัฐศาสตร์และนิติศาสตร์,รัฐประศาสนศาสตร์,กระบี่,8.105948,98.890685
940,โรงพยาบาลกรุงเทพภูเก็ต,รัฐศาสตร์และนิติศาสตร์,รัฐประศาสนศาสตร์,ภูเก็ต,7.909234,98.406614
941,โรงพยาบาลกรุงเทพหาดใหญ่,รัฐศาสตร์และนิติศาสตร์,รัฐประศาสนศาสตร์,สงขลา,7.158113,100.445948
942,โรงพยาบาลจุฬารัตน์ 9 แอร์พอร์ต,รัฐศาสตร์และนิติศาสตร์,รัฐประศาสนศาสตร์,กรุงเทพมหานคร,13.770929,100.539508
943,โรงพยาบาลวิรัชศิลป์,รัฐศาสตร์และนิติศาสตร์,รัฐประศาสนศาสตร์,ชุมพร,10.466639,99.185486
944,โรงพยาบาลสุราษฎร์ธานี,รัฐศาสตร์และนิติศาสตร์,รัฐประศาสนศาสตร์,สุราษฎร์ธานี,9.100432,99.304938
945,กรมส่งเสริมการปกครองท้องถิ่น,รัฐศาสตร์และนิติศาสตร์,รัฐประศาสนศาสตร์,กรุงเทพมหานคร,13.741657,100.525451
946,กองแผนงาน กรมที่ดิน,รัฐศาสตร์และนิติศาสตร์,รัฐประศาสนศาสตร์,กรุงเทพมหานคร,13.750543,100.490011
947,ที่ทำการปกครองจังหวัดสุราษฎร์ธานี,รัฐศาสตร์และนิติศาสตร์,รัฐประศาสนศาสตร์,สุราษฎร์ธานี,9.107608,99.314662
948,ที่ว่าการปกครองอำเภอขนอม,รัฐศาสตร์และนิติศาสตร์,รัฐประศาสนศาสตร์,นครศรีธรรมราช,8.398999,99.9263
949,ที่ว่าการอำเภอเชียรใหญ่,รัฐศาสตร์และนิติศาสตร์,รัฐประศาสนศาสตร์,นครศรีธรรมราช,8.468511,99.958936
950,ที่ว่าการอำเภอนาบอน,รัฐศาสตร์และนิติศาสตร์,รัฐประศาสนศาสตร์,นครศรีธรรมราช,8.414093,99.951685
951,ที่ว่าการอำเภอสิงหนคร,รัฐศาสตร์และนิติศาสตร์,รัฐประศาสนศาสตร์,สงขลา,7.211885,100.510748
952,ธนาคารออมสิน สาขาทุ่งสง,รัฐศาสตร์และนิติศาสตร์,รัฐประศาสนศาสตร์,นครศรีธรรมราช,8.398365,99.994271
953,บริษัท โรบินสัน จำกัด (มหาชน) สาขาสุราษฎร์ธานี,รัฐศาสตร์และนิติศาสตร์,รัฐประศาสนศาสตร์,สุราษฎร์ธานี,9.104502,99.295103
954,บริษัท ซีอาร์ซี ไทวัสดุ จำกัด สาขาสุราษฎร์ธานี,รัฐศาสตร์และนิติศาสตร์,รัฐประศาสนศาสตร์,สุราษฎร์ธานี,9.161158,99.340491
955,บริษัท บ้านซูซูกิ จำกัด,รัฐศาสตร์และนิติศาสตร์,รัฐประศาสนศาสตร์,สงขลา,7.207208,100.464278
956,บริษัท รักษาความปลอดภัย ยืนยงสงขลา 99 จำกัด,รัฐศาสตร์และนิติศาสตร์,รัฐประศาสนศาสตร์,นครศรีธรรมราช,8.438263,99.991559
957,บริษัท หน่ำฮั่วรับเบอร์ จำกัด,รัฐศาสตร์และนิติศาสตร์,รัฐประศาสนศาสตร์,สงขลา,7.20033,100.447492
958,บริษัท อีโธส เอ็นเนอร์จี (ประเทศไทย) จำกัด,รัฐศาสตร์และนิติศาสตร์,รัฐประศาสนศาสตร์,ระยอง,12.646728,101.247299
959,สำนักงานเทศบาลเมืองชุมพร,รัฐศาสตร์และนิติศาสตร์,รัฐประศาสนศาสตร์,ชุมพร,10.472782,99.196842
960,สำนักงานเทศบาลเมืองทุ่งสง,รัฐศาสตร์และนิติศาสตร์,รัฐประศาสนศาสตร์,นครศรีธรรมราช,8.446883,99.996714
961,สำนักงานเทศบาลเมืองปากพนัง,รัฐศาสตร์และนิติศาสตร์,รัฐประศาสนศาสตร์,นครศรีธรรมราช,8.441029,99.939398
962,สำนักงานเทศบาลนครตรัง,รัฐศาสตร์และนิติศาสตร์,รัฐประศาสนศาสตร์,ตรัง,7.53169,99.612396
963,สำนักงานเทศบาลนครยะลา,รัฐศาสตร์และนิติศาสตร์,รัฐประศาสนศาสตร์,ยะลา,6.542542,101.277814
964,สำนักงานการท่องเที่ยวและกีฬาจังหวัดนครศรีธรรมราช,รัฐศาสตร์และนิติศาสตร์,รัฐประศาสนศาสตร์,นครศรีธรรมราช,8.396321,99.93671
965,สำนักงานจังหวัดตรัง,รัฐศาสตร์และนิติศาสตร์,รัฐประศาสนศาสตร์,ตรัง,7.59552,99.641351
966,สำนักงานประกันสังคมจังหวัดนครศรีธรรมราช,รัฐศาสตร์และนิติศาสตร์,รัฐประศาสนศาสตร์,นครศรีธรรมราช,8.423454,99.966599
967,สำนักงานปลัดกระทรวงยุติธรรม,รัฐศาสตร์และนิติศาสตร์,รัฐประศาสนศาสตร์,กรุงเทพมหานคร,13.73213,100.507571
968,สำนักงานพัฒนาชุมชนจังหวัดสงขลา,รัฐศาสตร์และนิติศาสตร์,รัฐประศาสนศาสตร์,สงขลา,7.196902,100.487029
969,สำนักงานพัฒนาชุมชนอำเภอท่าศาลา,รัฐศาสตร์และนิติศาสตร์,รัฐประศาสนศาสตร์,นครศรีธรรมราช,8.467877,99.982859
970,สำนักงานพัฒนาชุมชนอำเภอพรหมคีรี,รัฐศาสตร์และนิติศาสตร์,รัฐประศาสนศาสตร์,นครศรีธรรมราช,8.412563,99.959018
971,สำนักงานพัฒนาสังคมและความมั่นคงของมนุษย์จังหวัดพังงา,รัฐศาสตร์และนิติศาสตร์,รัฐประศาสนศาสตร์,พังงา,8.472783,98.500297
972,สำนักงานส่งเสริมการปกครองท้องถิ่น จังหวัดนครศรีธรรมราช,รัฐศาสตร์และนิติศาสตร์,รัฐประศาสนศาสตร์,นครศรีธรรมราช,8.457094,99.931587
973,สำนักงานส่งเสริมการปกครองท้องถิ่นจังหวัดตรัง,รัฐศาสตร์และนิติศาสตร์,รัฐประศาสนศาสตร์,ตรัง,7.555724,99.601874
974,สำนักงานส่งเสริมการปกครองท้องถิ่นจังหวัดยะลา,รัฐศาสตร์และนิติศาสตร์,รัฐประศาสนศาสตร์,ยะลา,6.528381,101.293027
975,องค์การบริหารส่วนจังหวัดพังงา,รัฐศาสตร์และนิติศาสตร์,รัฐประศาสนศาสตร์,พังงา,8.457049,98.556157
976,สมาคมการจัดการงานบุคคลแห่งประเทศไทย,รัฐศาสตร์และนิติศาสตร์,รัฐประศาสนศาสตร์,กรุงเทพมหานคร,13.73743,100.483689
977,โรงพยาบาลทักษิณ,รัฐศาสตร์และนิติศาสตร์,รัฐประศาสนศาสตร์,สุราษฎร์ธานี,9.159342,99.332362
978,สำนักงานที่ดินจังหวัดนครศรีธรรมราช สาขาท่าศาลา,รัฐศาสตร์และนิติศาสตร์,รัฐประศาสนศาสตร์,นครศรีธรรมราช,8.416918,99.972419
979,สำนักงานศาลปกครองนครศรีธรรมราช,รัฐศาสตร์และนิติศาสตร์,รัฐประศาสนศาสตร์,นครศรีธรรมราช,8.440339,99.958917
980,ที่ทำการปกครองอำเภอหลังสวน,รัฐศาสตร์และนิติศาสตร์,รัฐประศาสนศาสตร์,ชุมพร,10.488643,99.153321
981,องค์การบริหารส่วนตำบลท่าขึ้น,รัฐศาสตร์และนิติศาสตร์,รัฐประศาสนศาสตร์,นครศรีธรรมราช,8.469261,99.946852
982,ที่ว่าการอำเภอนบพิตำ,รัฐศาสตร์และนิติศาสตร์,รัฐประศาสนศาสตร์,นครศรีธรรมราช,8.454525,99.929506
983,ธนาคารอิสลามแห่งประเทศไทย,รัฐศาสตร์และนิติศาสตร์,รัฐประศาสนศาสตร์,กรุงเทพมหานคร,13.734642,100.537545
984,ที่ว่าการอำเภอบางสะพาน,รัฐศาสตร์และนิติศาสตร์,รัฐประศาสนศาสตร์,ประจวบคีรีขันธ์,11.781008,99.779303
985,ที่ว่าการอำเภอเมืองชุมพร,รัฐศาสตร์และนิติศาสตร์,รัฐประศาสนศาสตร์,ชุมพร,10.459137,99.199116
986,ที่ว่าการอำเภอบ้านนาสาร,รัฐศาสตร์และนิติศาสตร์,รัฐประศาสนศาสตร์,สุราษฎร์ธานี,9.154751,99.287306
987,สำนักงานเทศบาลตำบลบ้านกรูด,รัฐศาสตร์และนิติศาสตร์,รัฐประศาสนศาสตร์,ประจวบคีรีขันธ์,11.799599,99.801698
988,องค์การบริหารส่วนตำบลอินคีรี,รัฐศาสตร์และนิติศาสตร์,รัฐประศาสนศาสตร์,นครศรีธรรมราช,8.440332,99.940977
989,สำนักงานจังหวัดภูเก็ต,รัฐศาสตร์และนิติศาสตร์,รัฐประศาสนศาสตร์,ภูเก็ต,7.862067,98.395218
990,เทศบาลตำบลร่อนพิบูลย์,รัฐศาสตร์และนิติศาสตร์,รัฐประศาสนศาสตร์,นครศรีธรรมราช,8.393081,99.977461
991,สำนักงานจังหวัดสงขลา,รัฐศาสตร์และนิติศาสตร์,รัฐประศาสนศาสตร์,สงขลา,7.201471,100.49127
992,สำนักงานเทศบาลเมืองดอนสัก,รัฐศาสตร์และนิติศาสตร์,รัฐประศาสนศาสตร์,สุราษฎร์ธานี,9.173267,99.28838
993,ที่ว่าการอำเภอเขาชัยสน จังหวัดพัทลุง,รัฐศาสตร์และนิติศาสตร์,รัฐประศาสนศาสตร์,พัทลุง,7.621735,100.195573
994,สถานีตำรวจภูธรเมืองภูเก็ต,รัฐศาสตร์และนิติศาสตร์,รัฐประศาสนศาสตร์,ภูเก็ต,7.912733,98.421672
995,องค์การบริหารส่วนจังหวัดชุมพร,รัฐศาสตร์และนิติศาสตร์,รัฐประศาสนศาสตร์,ชุมพร,10.454787,99.150852
996,องค์การบริหารส่วนตำบลไทยบุรี,รัฐศาสตร์และนิติศาสตร์,รัฐประศาสนศาสตร์,นครศรีธรรมราช,8.436979,99.9503
997,บริษัท อาฟเตอร์ ยู จำกัด (มหาชน),รัฐศาสตร์และนิติศาสตร์,รัฐประศาสนศาสตร์,กรุงเทพมหานคร,13.757671,100.48133
998,บริษัท ยูนิวานิชน้ำมันปาล์ม จำกัด (มหาชน) สาขาอำเภออ่าวลึก,รัฐศาสตร์และนิติศาสตร์,รัฐประศาสนศาสตร์,กระบี่,8.114121,98.928332
999,โรงแรมฮอลิเดย์ อินน์ รีสอร์ท กระบี่,รัฐศาสตร์และนิติศาสตร์,รัฐประศาสนศาสตร์,กระบี่,8.063272,98.872889
1000,ที่ทำการปกครองอำเภอลานสกา,รัฐศาสตร์และนิติศาสตร์,รัฐประศาสนศาสตร์,นครศรีธรรมราช,8.425306,99.939409
1001,ด่านศุลกากรท่าอากาศยานหาดใหญ่,รัฐศาสตร์และนิติศาสตร์,รัฐประศาสนศาสตร์,สงขลา,7.193012,100.449742
1002,บริษัท ผลิตไฟฟ้าราชบุรี จำกัด,รัฐศาสตร์และนิติศาสตร์,รัฐประศาสนศาสตร์,ราชบุรี,13.549033,99.804462
1003,โรงพยาบาลกรุงเทพสุราษฎร์,รัฐศาสตร์และนิติศาสตร์,รัฐประศาสนศาสตร์,สุราษฎร์ธานี,9.123504,99.311365
1004,โรงแรม สันติบุรี เกาะสมุย,รัฐศาสตร์และนิติศาสตร์,รัฐประศาสนศาสตร์,สุราษฎร์ธานี,9.137282,99.337752
1005,สำนักงานคุมประพฤติจังหวัดนครศรีธรรมราช,รัฐศาสตร์และนิติศาสตร์,รัฐประศาสนศาสตร์,นครศรีธรรมราช,8.406163,99.950828
1006,องค์การบริหารส่วนตำบลหินตก,รัฐศาสตร์และนิติศาสตร์,รัฐประศาสนศาสตร์,นครศรีธรรมราช,8.408151,99.992661
1007,โรงแรม อโนน่า บีชฟรอนต์ ภูเก็ต รีสอร์ท,รัฐศาสตร์และนิติศาสตร์,รัฐประศาสนศาสตร์,ภูเก็ต,7.849335,98.366164
1008,โรงพยาบาลธนบุรี ทุ่งสง,รัฐศาสตร์และนิติศาสตร์,รัฐประศาสนศาสตร์,นครศรีธรรมราช,8.416381,99.961078
1009,สำนักงานปลัด องค์การบริหารส่วนจังหวัดนครศรีธรรมราช,รัฐศาสตร์และนิติศาสตร์,รัฐประศาสนศาสตร์,นครศรีธรรมราช,8.416724,99.993163
1010,สำนักงานจังหวัดสุราษฎร์ธานี,รัฐศาสตร์และนิติศาสตร์,รัฐประศาสนศาสตร์,สุราษฎร์ธานี,9.16501,99.32601
1011,สำนักงานพัฒนาชุมชนจังหวัดพังงา,รัฐศาสตร์และนิติศาสตร์,รัฐประศาสนศาสตร์,พังงา,8.485537,98.543242
1012,ที่ว่าการอำเภอจุฬาภรณ์,รัฐศาสตร์และนิติศาสตร์,รัฐประศาสนศาสตร์,นครศรีธรรมราช,8.44211,99.991061
1013,สำนักงานพัฒนาชุมชนจังหวัดสตูล,รัฐศาสตร์และนิติศาสตร์,รัฐประศาสนศาสตร์,สตูล,6.593618,100.092225
1014,สำนักงานป้องกันและบรรเทาสาธารณะภัยจังหวัดชุมพร,รัฐศาสตร์และนิติศาสตร์,รัฐประศาสนศาสตร์,ชุมพร,10.514651,99.141006
1015,ศูนย์มานุษยวิทยาสิริธร (องค์การมหาชน),รัฐศาสตร์และนิติศาสตร์,รัฐศาสตร์ (การเมืองการปกครอง),กรุงเทพมหานคร,13.75959,100.472895
1016,สำนักงานเทศบาลนครหาดใหญ่,รัฐศาสตร์และนิติศาสตร์,รัฐศาสตร์ (การเมืองการปกครอง),สงขลา,7.136044,100.467871
1017,สำนักงานเทศบาลนครสงขลา,รัฐศาสตร์และนิติศาสตร์,รัฐศาสตร์ (การเมืองการปกครอง),สงขลา,7.153334,100.491034
1018,สำนักงานเทศบาลนครนครศรีธรรมราช,รัฐศาสตร์และนิติศาสตร์,รัฐศาสตร์ (การเมืองการปกครอง),นครศรีธรรมราช,8.447626,99.937115
1019,สำนักงานจังหวัดนครศรีธรรมราช,รัฐศาสตร์และนิติศาสตร์,รัฐศาสตร์ (การเมืองการปกครอง),นครศรีธรรมราช,8.406827,99.986644
1020,สำนักงานเทศบาลนครเกาะสมุย,รัฐศาสตร์และนิติศาสตร์,รัฐศาสตร์ (การเมืองการปกครอง),สุราษฎร์ธานี,9.110165,99.306216
1021,สำนักงานเทศบาลนครสุราษฎร์ธานี,รัฐศาสตร์และนิติศาสตร์,รัฐศาสตร์ (การเมืองการปกครอง),สุราษฎร์ธานี,9.100512,99.317154
1022,สถานกงลุสใหญ่ ณ เมืองโกตาบารู,รัฐศาสตร์และนิติศาสตร์,รัฐศาสตร์ (การเมืองการปกครอง),กรุงเทพมหานคร,13.771179,100.486458
1023,สำนักงานคณะกรรมการสิทธิมนุษยชนแห่งชาติ,รัฐศาสตร์และนิติศาสตร์,รัฐศาสตร์ (การเมืองการปกครอง),กรุงเทพมหานคร,13.757059,100.501579
1024,สถานกงลุสใหญ่ ณ เมืองปีนัง,รัฐศาสตร์และนิติศาสตร์,รัฐศาสตร์ (การเมืองการปกครอง),กรุงเทพมหานคร,13.763461,100.514598
1025,กรมเจรจาการค้าระหว่างประเทศ กระทรวงพาณิชย์,รัฐศาสตร์และนิติศาสตร์,รัฐศาสตร์ (การเมืองการปกครอง),นนทบุรี,13.897792,100.498152
1026,บริษัท แมกเนคอมพ์ พรีซิชั่น เทคโนโลยี จำกัด (มหาชน),รัฐศาสตร์และนิติศาสตร์,รัฐศาสตร์ (การเมืองการปกครอง),พระนครศรีอยุธยา,14.335883,100.574976
1027,ศูนย์อำนวยการบริหารจังหวัดชายแดนภาคใต้,รัฐศาสตร์และนิติศาสตร์,รัฐศาสตร์ (การเมืองการปกครอง),ยะลา,6.520624,101.24223
1028,สำนักงานเทศบาลนครนนทบุรี,รัฐศาสตร์และนิติศาสตร์,รัฐศาสตร์ (การเมืองการปกครอง),นนทบุรี,13.866427,100.528796
1029,สำนักงานสวัสดิการและคุ้มครองแรงงานจังหวัดสงขลา,รัฐศาสตร์และนิติศาสตร์,รัฐศาสตร์ (การเมืองการปกครอง),สงขลา,7.142685,100.49414
1030,สำนักงานเทศบาลนครภูเก็ต,รัฐศาสตร์และนิติศาสตร์,รัฐศาสตร์ (การเมืองการปกครอง),ภูเก็ต,7.891927,98.409021
1031,กรมการพัฒนาชุมชน,รัฐศาสตร์และนิติศาสตร์,รัฐศาสตร์ (การเมืองการปกครอง),กรุงเทพมหานคร,13.77116,100.500251
1032,ที่ว่าการอำเภอพระพรหม,รัฐศาสตร์และนิติศาสตร์,รัฐศาสตร์ (การเมืองการปกครอง),นครศรีธรรมราช,8.460833,99.940386
1033,สถาบันพัฒนาบุคลากรท้องถิ่น,รัฐศาสตร์และนิติศาสตร์,รัฐศาสตร์ (การเมืองการปกครอง),ปทุมธานี,14.022767,100.546062
1034,สำนักงานคณะกรรมการการเลือกตั้งประจำจังหวัดนครศรีธรรมราช,รัฐศาสตร์และนิติศาสตร์,รัฐศาสตร์ (การเมืองการปกครอง),นครศรีธรรมราช,8.427666,99.971173
1035,กรมส่งเสริมการค้าระหว่างประเทศ กระทรวงพาณิชย์,รัฐศาสตร์และนิติศาสตร์,รัฐศาสตร์ (การเมืองการปกครอง),นนทบุรี,13.833958,100.529259
1036,สำนักงานเทศบาลตำบลท่าศาลา,รัฐศาสตร์และนิติศาสตร์,รัฐศาสตร์ (การเมืองการปกครอง),นครศรีธรรมราช,8.399334,99.941739
1037,องค์การบริหารส่วนจังหวัดภูเก็ต,รัฐศาสตร์และนิติศาสตร์,รัฐศาสตร์ (การเมืองการปกครอง),ภูเก็ต,7.875749,98.364703
1038,ที่ว่าการอำเภอท่าศาลา,รัฐศาสตร์และนิติศาสตร์,รัฐศาสตร์ (การเมืองการปกครอง),นครศรีธรรมราช,8.469458,99.928356
1039,ที่ว่าการอำเภอสิชล,รัฐศาสตร์และนิติศาสตร์,รัฐศาสตร์ (การเมืองการปกครอง),นครศรีธรรมราช,8.403391,99.994564
1040,สำนักงานพัฒนาสังคมและความมั่นคงของมนุษย์จังหวัดนครศรีธรรมราช,รัฐศาสตร์และนิติศาสตร์,รัฐศาสตร์ (การเมืองการปกครอง),นครศรีธรรมราช,8.471418,99.958309
1041,สำนักงานคุมประพฤติจังหวัดสุราษฎร์ธานี,รัฐศาสตร์และนิติศาสตร์,รัฐศาสตร์ (การเมืองการปกครอง),สุราษฎร์ธานี,9.147527,99.312164
1042,ที่ว่าการอำเภอเมืองสุราษฎร์ธานี,รัฐศาสตร์และนิติศาสตร์,รัฐศาสตร์ (การเมืองการปกครอง),สุราษฎร์ธานี,9.162586,99.316652
1043,องค์การบริหารส่วนจังหวัดสงขลา,รัฐศาสตร์และนิติศาสตร์,รัฐศาสตร์ (การเมืองการปกครอง),สงขลา,7.151132,100.443729
1044,ที่ว่าการอำเภอทุ่งสง,รัฐศาสตร์และนิติศาสตร์,รัฐศาสตร์ (การเมืองการปกครอง),นครศรีธรรมราช,8.419249,99.985529
1045,องค์การบริหารส่วนจังหวัดปัตตานี,รัฐศาสตร์และนิติศาสตร์,รัฐศาสตร์ (การเมืองการปกครอง),ปัตตานี,6.889671,101.233084
1046,องค์การบริหารส่วนตำบลท่าศาลา,รัฐศาสตร์และนิติศาสตร์,รัฐศาสตร์ (การเมืองการปกครอง),นครศรีธรรมราช,8.459415,99.975236
1047,สำนักงานส่งเสริมการปกครองท้องถิ่นจังหวัดสงขลา,รัฐศาสตร์และนิติศาสตร์,รัฐศาสตร์ (การเมืองการปกครอง),สงขลา,7.215301,100.504955
1048,ที่ว่าการอำเภอเมืองกระบี่,รัฐศาสตร์และนิติศาสตร์,รัฐศาสตร์ (การเมืองการปกครอง),กระบี่,8.117993,98.920433
1049,ที่ว่าการอำเภอปลายพระยา,รัฐศาสตร์และนิติศาสตร์,รัฐศาสตร์ (การเมืองการปกครอง),กระบี่,8.054648,98.911096
1050,ที่ว่าการอำเภอคีรีรัฐนิคม,รัฐศาสตร์และนิติศาสตร์,รัฐศาสตร์ (การเมืองการปกครอง),สุราษฎร์ธานี,9.108422,99.315052
1051,ที่ทำการปกครองจังหวัดภูเก็ต,รัฐศาสตร์และนิติศาสตร์,รัฐศาสตร์ (การเมืองการปกครอง),ภูเก็ต,7.850624,98.414168
1052,ที่ทำการปกครองจังหวัดตรัง,รัฐศาสตร์และนิติศาสตร์,รัฐศาสตร์ (การเมืองการปกครอง),ตรัง,7.570094,99.581278
1053,ที่ทำการปกครองจังหวัดนครศรีธรรมราช,รัฐศาสตร์และนิติศาสตร์,รัฐศาสตร์ (การเมืองการปกครอง),นครศรีธรรมราช,8.468222,99.984394
1054,ที่ทำการปกครองจังหวัดชุมพร,รัฐศาสตร์และนิติศาสตร์,รัฐศาสตร์ (การเมืองการปกครอง),ชุมพร,10.523154,99.154454
1055,ที่ว่าการปกครองอำเภอเมืองนครศรีธรรมราช,รัฐศาสตร์และนิติศาสตร์,รัฐศาสตร์ (การเมืองการปกครอง),นครศรีธรรมราช,8.450857,99.950519
1056,ที่ทำการปกครองจังหวัดสงขลา,รัฐศาสตร์และนิติศาสตร์,รัฐศาสตร์ (การเมืองการปกครอง),สงขลา,7.156549,100.500873
1057,ที่ทำการปกครองจังหวัดยะลา,รัฐศาสตร์และนิติศาสตร์,รัฐศาสตร์ (การเมืองการปกครอง),ยะลา,6.538143,101.304702
1058,ศาลเยาวชนและครอบครัวจังหวัดภูเก็ต,รัฐศาสตร์และนิติศาสตร์,รัฐศาสตร์ (การเมืองการปกครอง),ภูเก็ต,7.864876,98.42737
1059,ที่ทำการปกครองจังหวัดพังงา,รัฐศาสตร์และนิติศาสตร์,รัฐศาสตร์ (การเมืองการปกครอง),พังงา,8.471751,98.531921
1060,ศูนย์ดำรงธรรมจังหวัดกระบี่,รัฐศาสตร์และนิติศาสตร์,รัฐศาสตร์ (การเมืองการปกครอง),กระบี่,8.100401,98.882923
1061,องค์การบริหารส่วนจังหวัดระนอง,รัฐศาสตร์และนิติศาสตร์,รัฐศาสตร์ (การเมืองการปกครอง),ระนอง,9.961634,98.572589
1062,สำนักงานส่งเสริมการปกครองท้องถิ่นอำเภอเมืองปัตตานี,รัฐศาสตร์และนิติศาสตร์,รัฐศาสตร์ (การเมืองการปกครอง),ปัตตานี,6.905991,101.283239
1063,ที่ว่าการอำเภอชะอวด,รัฐศาสตร์และนิติศาสตร์,รัฐศาสตร์ (การเมืองการปกครอง),นครศรีธรรมราช,8.465211,99.965324
1064,ที่ว่าการอำเภอปากพนัง,รัฐศาสตร์และนิติศาสตร์,รัฐศาสตร์ (การเมืองการปกครอง),นครศรีธรรมราช,8.42318,99.971279
1065,ที่ว่าการอำเภอเมืองนราธิวาส,รัฐศาสตร์และนิติศาสตร์,รัฐศาสตร์ (การเมืองการปกครอง),นราธิวาส,6.419722,101.790558
1066,ที่ว่าการอำเภอถลาง,รัฐศาสตร์และนิติศาสตร์,รัฐศาสตร์ (การเมืองการปกครอง),ภูเก็ต,7.918853,98.376662
1067,สำนักงานศาลปกครอง,รัฐศาสตร์และนิติศาสตร์,รัฐศาสตร์ (การเมืองการปกครอง),กรุงเทพมหานคร,13.722049,100.467759
1068,ที่ทำการปกครองอำเภอหาดใหญ่,รัฐศาสตร์และนิติศาสตร์,รัฐศาสตร์ (การเมืองการปกครอง),กรุงเทพมหานคร,13.756477,100.479469
1069,สำนักงานพัฒนาสังคมและความมั่นคงของมนุษย์ จังหวัดนนทบุรี,รัฐศาสตร์และนิติศาสตร์,รัฐศาสตร์ (การเมืองการปกครอง),นนทบุรี,13.892575,100.489573
1070,สำนักงานศาลปกครองนครศรีธรรมราช,รัฐศาสตร์และนิติศาสตร์,รัฐศาสตร์ (การเมืองการปกครอง),นครศรีธรรมราช,8.47195,99.940056
1071,สำนักงานพัฒนาชุมชนอำเภอเมืองนครศรีธรรมราช,รัฐศาสตร์และนิติศาสตร์,รัฐศาสตร์ (การเมืองการปกครอง),นครศรีธรรมราช,8.427549,99.964468
1072,สำนักงานจังหวัดกระบี่,รัฐศาสตร์และนิติศาสตร์,รัฐศาสตร์ (การเมืองการปกครอง),กระบี่,8.106298,98.906399
1073,สำนักงานส่งเสริมการปกครองท้องถิ่นจังหวัดภูเก็ต,รัฐศาสตร์และนิติศาสตร์,รัฐศาสตร์ (การเมืองการปกครอง),ภูเก็ต,7.84906,98.354512
1074,สำนักงานจังหวัดนราธิวาส,รัฐศาสตร์และนิติศาสตร์,รัฐศาสตร์ (การเมืองการปกครอง),นราธิวาส,6.441411,101.77956
1075,ที่ทำการปกครองจังหวัดสตูล,รัฐศาสตร์และนิติศาสตร์,รัฐศาสตร์ (การเมืองการปกครอง),สตูล,6.630854,100.096285
1076,ที่ทำการปกครองจังหวัดสตูล,รัฐศาสตร์และนิติศาสตร์,รัฐศาสตร์ (การเมืองการปกครอง),สตูล,6.611367,100.068513
1077,สำนักงานพัฒนาชุมชนจังหวัดสุราษฎร์ธานี,รัฐศาสตร์และนิติศาสตร์,รัฐศาสตร์ (การเมืองการปกครอง),สุราษฎร์ธานี,9.118608,99.285486
1078,สำนักงานจังหวัดกระบี่,รัฐศาสตร์และนิติศาสตร์,รัฐศาสตร์ (การเมืองการปกครอง),กระบี่,8.073907,98.884521
1079,สำนักงานส่งเสริมการปกครองท้องถิ่นจังหวัดภูเก็ต,รัฐศาสตร์และนิติศาสตร์,รัฐศาสตร์ (การเมืองการปกครอง),ภูเก็ต,7.85378,98.363549
1080,สำนักงานส่งเสริมการปกครองท้องถิ่นจังหวัดภูเก็ต,รัฐศาสตร์และนิติศาสตร์,รัฐศาสตร์ (การเมืองการปกครอง),ภูเก็ต,7.907626,98.368737
1081,สำนักงานพัฒนาชุมชนจังหวัดสุราษฎร์ธานี,รัฐศาสตร์และนิติศาสตร์,รัฐศาสตร์ (การเมืองการปกครอง),สุราษฎร์ธานี,9.15432,99.306043
1082,สำนักงานพัฒนาชุมชนจังหวัดสุราษฎร์ธานี,รัฐศาสตร์และนิติศาสตร์,รัฐศาสตร์ (การเมืองการปกครอง),สุราษฎร์ธานี,9.154532,99.293654
1083,สํานักงานที่ดินจังหวัดนครศรีธรรมราช,รัฐศาสตร์และนิติศาสตร์,รัฐศาสตร์ (การเมืองการปกครอง),นครศรีธรรมราช,8.4115,99.931298
1084,โรงแรม เดอะ ซี เกาะสมุย รีสอร์ท แอนด์ เรสซิเดนซ์ บาย ทูลานี,รัฐศาสตร์และนิติศาสตร์,รัฐศาสตร์ (การเมืองการปกครอง),สุราษฎร์ธานี,9.171859,99.359294
1085,สำนักงานคุมประพฤติจังหวัดนครศรีธรรมราช สาขาทุ่งสง,รัฐศาสตร์และนิติศาสตร์,รัฐศาสตร์ (การเมืองการปกครอง),นครศรีธรรมราช,8.408761,99.999053
1086,เรือนจำจังหวัดภูเก็ต,รัฐศาสตร์และนิติศาสตร์,รัฐศาสตร์ (การเมืองการปกครอง),ภูเก็ต,7.911466,98.365014
1087,ที่ว่าการอำเภอหาดใหญ่,รัฐศาสตร์และนิติศาสตร์,รัฐศาสตร์ (การเมืองการปกครอง),สงขลา,7.159479,100.50255
1088,ที่ว่าการอำเภอเมืองระนอง,รัฐศาสตร์และนิติศาสตร์,รัฐศาสตร์ (การเมืองการปกครอง),ระนอง,9.931426,98.615836
1089,ที่ว่าการอำเภอเวียงสระ,รัฐศาสตร์และนิติศาสตร์,รัฐศาสตร์ (การเมืองการปกครอง),สุราษฎร์ธานี,9.162005,99.33701
1090,ที่ว่าการอำเภอดอนสัก,รัฐศาสตร์และนิติศาสตร์,รัฐศาสตร์ (การเมืองการปกครอง),สุราษฎร์ธานี,9.122702,99.294042
1091,Hanoi University,รัฐศาสตร์และนิติศาสตร์,รัฐศาสตร์(อาเซียนศึกษา),เวียดนาม,,
1092,Museum Rudana,รัฐศาสตร์และนิติศาสตร์,รัฐศาสตร์(อาเซียนศึกษา),อินโดนีเซีย,,
1093,Universitas Negari Malang,รัฐศาสตร์และนิติศาสตร์,รัฐศาสตร์(อาเซียนศึกษา),อินโดนีเซีย,,
1094,Universitas Trunojoyo Madura,รัฐศาสตร์และนิติศาสตร์,รัฐศาสตร์(อาเซียนศึกษา),อินโดนีเซีย,,
1095,ด่านตรวจคนเข้าเมืองเบตง,รัฐศาสตร์และนิติศาสตร์,รัฐศาสตร์(อาเซียนศึกษา),ยะลา,6.559274,101.2786
1096,บริษัท คิง เพาเวอร์ อินเตอร์เนชั่นแนล จำกัด สาขาท่าอากาศยานสุวรรณภูมิ,รัฐศาสตร์และนิติศาสตร์,รัฐศาสตร์(อาเซียนศึกษา),สมุทรปราการ,13.624407,100.685348
1097,บริษัท ไทยแอร์เอเชีย จำกัด ท่าอากาศยานนานาชาติสุราษฎร์ธานี,รัฐศาสตร์และนิติศาสตร์,รัฐศาสตร์(อาเซียนศึกษา),สุราษฎร์ธานี,9.138153,99.337571
1098,มูลนิธิกระจกเงา จังหวัดเชียงราย,รัฐศาสตร์และนิติศาสตร์,รัฐศาสตร์(อาเซียนศึกษา),เชียงราย,19.874877,99.857979
1099,มูลนิธิสื่อเพื่อการศึกษาของชุมชน,รัฐศาสตร์และนิติศาสตร์,รัฐศาสตร์(อาเซียนศึกษา),กรุงเทพมหานคร,13.777527,100.514986
1100,โรงเรียนกัลยาณชนรังสรรค์มูลนิธิ มัสยิดบ้านเหนือ,รัฐศาสตร์และนิติศาสตร์,รัฐศาสตร์(อาเซียนศึกษา),สงขลา,7.158663,100.437685
1101,โรงเรียนเมืองนครศรีธรรมราช,รัฐศาสตร์และนิติศาสตร์,รัฐศาสตร์(อาเซียนศึกษา),นครศรีธรรมราช,8.400044,99.932204
1102,โรงแรม ไร่เลย์ เบย์ รีสอร์ท แอนด์ สปา,รัฐศาสตร์และนิติศาสตร์,รัฐศาสตร์(อาเซียนศึกษา),กระบี่,8.096287,98.87802
1103,โรงแรมเกาะยาวใหญ่วิลเลจ,รัฐศาสตร์และนิติศาสตร์,รัฐศาสตร์(อาเซียนศึกษา),พังงา,8.456231,98.511683
1104,สถาบันเอเชียศึกษา จุฬาลงกรณ์มหาวิทยาลัย,รัฐศาสตร์และนิติศาสตร์,รัฐศาสตร์(อาเซียนศึกษา),กรุงเทพมหานคร,13.757246,100.513679
1105,สำนักงานการท่องเที่ยวเมืองบาตู,รัฐศาสตร์และนิติศาสตร์,รัฐศาสตร์(อาเซียนศึกษา),อินโดนีเซีย,,
1106,สำนักงานสวัสดิการและคุ้มครองแรงงานจังหวัดสงขลา สาขาหาดใหญ่,รัฐศาสตร์และนิติศาสตร์,รัฐศาสตร์(อาเซียนศึกษา),สงขลา,7.203883,100.473327
1107,หลักสูตรอินโดนีเซีย-มาเลเซียศึกษาเพื่องานระหว่างประเทศ คณะมนุษยศาสตร์และสังคมศาสตร์ มหาวิทยาลัยราชภัฎสงขลา,รัฐศาสตร์และนิติศาสตร์,รัฐศาสตร์(อาเซียนศึกษา),สงขลา,7.172203,100.50875
1108,Universitas Brawijaya,รัฐศาสตร์และนิติศาสตร์,รัฐศาสตร์(อาเซียนศึกษา),อินโดนีเซีย,,
1109,Universitas Negari Malang,รัฐศาสตร์และนิติศาสตร์,รัฐศาสตร์(อาเซียนศึกษา),อินโดนีเซีย,,
1110,ตรวจคนเข้าเมืองจังหวัดนครศรีธรรมราช,รัฐศาสตร์และนิติศาสตร์,รัฐศาสตร์(อาเซียนศึกษา),นครศรีธรรมราช,8.405632,99.955839
1111,Universitas Brawijaya,รัฐศาสตร์และนิติศาสตร์,รัฐศาสตร์(อาเซียนศึกษา),อินโดนีเซีย,,
1112,ตรวจคนเข้าเมืองจังหวัดภูเก็ต,รัฐศาสตร์และนิติศาสตร์,รัฐศาสตร์(อาเซียนศึกษา),ภูเก็ต,7.84357,98.356849
1113,บริษัท สยาม เอ็กซ์เพรส โลจิสติกส์ 2023 จำกัด,รัฐศาสตร์และนิติศาสตร์,รัฐศาสตร์(อาเซียนศึกษา),สมุทรปราการ,13.603018,100.699801
1114,โรงแรมเกาะยาวใหญ่วิลเลจ,รัฐศาสตร์และนิติศาสตร์,รัฐศาสตร์(อาเซียนศึกษา),พังงา,8.443288,98.537128
1115,สถานกงสุลใหญ่ ณ นครเฉิงตู,รัฐศาสตร์และนิติศาสตร์,รัฐศาสตร์(ความสัมพันธ์ระหว่างประเทศ),จีน,,
1116,การท่องเที่ยวแห่งประเทศไทย สำนักงานสุราษฎร์ธานี,รัฐศาสตร์และนิติศาสตร์,รัฐศาสตร์(ความสัมพันธ์ระหว่างประเทศ),สุราษฎร์ธานี,9.145452,99.343252
1117,การท่องเที่ยวแห่งประเทศไทย,รัฐศาสตร์และนิติศาสตร์,รัฐศาสตร์(ความสัมพันธ์ระหว่างประเทศ),กรุงเทพมหานคร,13.786552,100.524352
1118,สำนักงานพาณิชย์จังหวัดนครศรีธรรมราช กลุ่มกำกับดูแลและพัฒนาเศรษฐกิจการค้า,รัฐศาสตร์และนิติศาสตร์,รัฐศาสตร์(ความสัมพันธ์ระหว่างประเทศ),นครศรีธรรมราช,8.436091,99.963003
1119,การท่องเที่ยวแห่งประเทศไทย สำนักงานภูเก็ต,รัฐศาสตร์และนิติศาสตร์,รัฐศาสตร์(ความสัมพันธ์ระหว่างประเทศ),ภูเก็ต,7.84179,98.354125
1120,ศูนย์ส่งเสริมการส่งออกในภูมิภาค (สุราษฎร์ธานี),รัฐศาสตร์และนิติศาสตร์,รัฐศาสตร์(ความสัมพันธ์ระหว่างประเทศ),สุราษฎร์ธานี,9.146545,99.292786
1121,กระทรวงดิจิทัลเพื่อเศรษฐกิจและสังคม,รัฐศาสตร์และนิติศาสตร์,รัฐศาสตร์(ความสัมพันธ์ระหว่างประเทศ),กรุงเทพมหานคร,13.723565,100.471261
1122,กระทรวงการต่างประเทศ,รัฐศาสตร์และนิติศาสตร์,รัฐศาสตร์(ความสัมพันธ์ระหว่างประเทศ),กรุงเทพมหานคร,13.734526,100.524995
1123,สำนักงานศาลยุติธรรมประจำภาค 8,รัฐศาสตร์และนิติศาสตร์,รัฐศาสตร์(ความสัมพันธ์ระหว่างประเทศ),สุราษฎร์ธานี,9.152962,99.357229
1124,ด่านศุลกากรระนอง,รัฐศาสตร์และนิติศาสตร์,รัฐศาสตร์(ความสัมพันธ์ระหว่างประเทศ),ระนอง,9.962311,98.578485
1125,กองการต่างประเทศ สำนักงานปลัดกระทรวงมหาดไทย,รัฐศาสตร์และนิติศาสตร์,รัฐศาสตร์(ความสัมพันธ์ระหว่างประเทศ),กรุงเทพมหานคร,13.732541,100.487704
1126,สำนักงานพาณิชย์จังหวัดภูเก็ต,รัฐศาสตร์และนิติศาสตร์,รัฐศาสตร์(ความสัมพันธ์ระหว่างประเทศ),ภูเก็ต,7.908311,98.355259
1127,สำนักงานพาณิชย์จังหวัดสงขลา,รัฐศาสตร์และนิติศาสตร์,รัฐศาสตร์(ความสัมพันธ์ระหว่างประเทศ),สงขลา,7.19233,100.514134
1128,สำนักงานการท่องเที่ยวและกีฬาจังหวัดภูเก็ต,รัฐศาสตร์และนิติศาสตร์,รัฐศาสตร์(ความสัมพันธ์ระหว่างประเทศ),ภูเก็ต,7.918129,98.426726
1129,สำนักงานพัฒนาชุมชนอำเภอเมืองนครศรีธรรมราช,รัฐศาสตร์และนิติศาสตร์,รัฐศาสตร์(ความสัมพันธ์ระหว่างประเทศ),นครศรีธรรมราช,8.439904,99.964459
1130,สำนักงานแรงงานจังหวัดนครศรีธรรมราช,รัฐศาสตร์และนิติศาสตร์,รัฐศาสตร์(ความสัมพันธ์ระหว่างประเทศ),นครศรีธรรมราช,8.394905,99.94435
1131,สำนักงานสวัสดิการและคุ้มครองแรงงานจังหวัดสุราษฎร์ธานี,รัฐศาสตร์และนิติศาสตร์,รัฐศาสตร์(ความสัมพันธ์ระหว่างประเทศ),สุราษฎร์ธานี,9.104204,99.352343
1132,สำนักงานบังคับคดีจังหวัดพังงา,รัฐศาสตร์และนิติศาสตร์,รัฐศาสตร์(ความสัมพันธ์ระหว่างประเทศ),พังงา,8.444067,98.505309
1133,ศูนย์ดำรงธรรมจังหวัดนครศรีธรรมราช,รัฐศาสตร์และนิติศาสตร์,รัฐศาสตร์(ความสัมพันธ์ระหว่างประเทศ),นครศรีธรรมราช,8.429117,99.964587
1134,สำนักงานสวัสดิการและคุ้มครองแรงงานจังหวัดภูเก็ต,รัฐศาสตร์และนิติศาสตร์,รัฐศาสตร์(ความสัมพันธ์ระหว่างประเทศ),ภูเก็ต,7.841652,98.393819
1135,บริษัท ท่าอากาศยานไทย จำกัด (มหาชน) ท่าอากาศยานสุวรรณภูมิ,รัฐศาสตร์และนิติศาสตร์,รัฐศาสตร์(ความสัมพันธ์ระหว่างประเทศ),สมุทรปราการ,13.630155,100.641701
1136,เทศบาลตำบลนาบอน,รัฐศาสตร์และนิติศาสตร์,รัฐศาสตร์(ความสัมพันธ์ระหว่างประเทศ),นครศรีธรรมราช,8.3978,100.000994
1137,บริษัท ไทย ไลอ้อน เมนทารี จำกัด จังหวัดนครศรีธรรมราช,รัฐศาสตร์และนิติศาสตร์,รัฐศาสตร์(ความสัมพันธ์ระหว่างประเทศ),นครศรีธรรมราช,8.438173,99.992308
1138,ศูนย์วัฒนธรรมอาเซียน สำนักความสัมพันธ์ต่างประเทศ สำนักงานปลัดกระทรวงวัฒนธรรม,รัฐศาสตร์และนิติศาสตร์,รัฐศาสตร์(ความสัมพันธ์ระหว่างประเทศ),กรุงเทพมหานคร,13.729571,100.509748
1139,ด่านศุลกากรสะเดา,รัฐศาสตร์และนิติศาสตร์,รัฐศาสตร์(ความสัมพันธ์ระหว่างประเทศ),สงขลา,7.140871,100.496385
1140,สถานกงสุลใหญ่อินเดีย จังหวัดเชียงใหม่,รัฐศาสตร์และนิติศาสตร์,รัฐศาสตร์(ความสัมพันธ์ระหว่างประเทศ),เชียงใหม่,18.805764,99.000777
1141,สํานักงานข้าหลวงใหญ่ผู้ลี้ภัยแห่งสหประชาชาติ,รัฐศาสตร์และนิติศาสตร์,รัฐศาสตร์(ความสัมพันธ์ระหว่างประเทศ),กรุงเทพมหานคร,13.777504,100.514466
1142,ด่านตรวจคนเข้าเมือง ท่าอากาศยานสุวรรณภูมิ กองบังคับการตรวจคนเข้าเมือง 2,รัฐศาสตร์และนิติศาสตร์,รัฐศาสตร์(ความสัมพันธ์ระหว่างประเทศ),สมุทรปราการ,13.581872,100.679089
1143,กรมป่าไม้ (สำนักจัดการทรัพยากรป่าไม้ที่ 11 สุราษฎร์ธานี),รัฐศาสตร์และนิติศาสตร์,รัฐศาสตร์(ความสัมพันธ์ระหว่างประเทศ),สุราษฎร์ธานี,9.12843,99.287605
1144,ตรวจคนเข้าเมืองจังหวัดนครศรีธรรมราช,รัฐศาสตร์และนิติศาสตร์,รัฐศาสตร์(ความสัมพันธ์ระหว่างประเทศ),นครศรีธรรมราช,8.442458,99.992394
1145,บริษัท เลิฟ ไอแลนด์ จำกัด,รัฐศาสตร์และนิติศาสตร์,รัฐศาสตร์(ความสัมพันธ์ระหว่างประเทศ),ภูเก็ต,7.907768,98.367834
1146,สำนักงานเทศบาลตำบลตันหยงมัส,รัฐศาสตร์และนิติศาสตร์,รัฐศาสตร์(ความสัมพันธ์ระหว่างประเทศ),นราธิวาส,6.436999,101.802547
1147,สำนักงานสรรพสามิตพื้นที่ตรัง,รัฐศาสตร์และนิติศาสตร์,รัฐศาสตร์(ความสัมพันธ์ระหว่างประเทศ),ตรัง,7.596165,99.622379
1148,สำนักการประชาสัมพันธ์ต่างประเทศ กรมประชาสัมพันธ์,รัฐศาสตร์และนิติศาสตร์,รัฐศาสตร์(ความสัมพันธ์ระหว่างประเทศ),กรุงเทพมหานคร,13.77693,100.517926
1149,ศาลปกครองสงขลา,รัฐศาสตร์และนิติศาสตร์,รัฐศาสตร์(ความสัมพันธ์ระหว่างประเทศ),สงขลา,7.205944,100.472151
1150,สำนักงานสถิติจังหวัดสุราษฎร์ธานี,รัฐศาสตร์และนิติศาสตร์,รัฐศาสตร์(ความสัมพันธ์ระหว่างประเทศ),สุราษฎร์ธานี,9.133048,99.340374
1151,กองคุ้มครองและดูแลผลประโยชน์คนไทยในต่างประเทศ กระทรวงการต่างประเทศ,รัฐศาสตร์และนิติศาสตร์,รัฐศาสตร์(ความสัมพันธ์ระหว่างประเทศ),กรุงเทพมหานคร,13.736389,100.535798
1152,สำนักงานสรรพสามิตพื้นที่นครศรีธรรมราช,รัฐศาสตร์และนิติศาสตร์,รัฐศาสตร์(ความสัมพันธ์ระหว่างประเทศ),นครศรีธรรมราช,8.420189,99.940363
1153,ด่านตรวจคนเข้าเมือง ท่าอากาศยานกรุงเทพ,รัฐศาสตร์และนิติศาสตร์,รัฐศาสตร์(ความสัมพันธ์ระหว่างประเทศ),กรุงเทพมหานคร,13.785454,100.531654
1154,สำนักงานพาณิชย์จังหวัดเชียงใหม่,รัฐศาสตร์และนิติศาสตร์,รัฐศาสตร์(ความสัมพันธ์ระหว่างประเทศ),เชียงใหม่,18.820761,99.00018
1155,สำนักงานการค้าต่างประเทศ เขต 6 (เชียงราย) กรมการค้าต่างประเทศ กระทรวงพาณิชย์,รัฐศาสตร์และนิติศาสตร์,รัฐศาสตร์(ความสัมพันธ์ระหว่างประเทศ),เชียงราย,19.870418,99.794026
1156,มูลนิธินิมิตรประเทศไทย จังหวัดเชียงใหม่,รัฐศาสตร์และนิติศาสตร์,รัฐศาสตร์(ความสัมพันธ์ระหว่างประเทศ),กรุงเทพมหานคร,13.742952,100.525877
1157,สำนักงานจัดหางานจังหวัดสมุทรปราการ,รัฐศาสตร์และนิติศาสตร์,รัฐศาสตร์(ความสัมพันธ์ระหว่างประเทศ),สมุทรปราการ,13.589316,100.695884
1158,สำนักงานจัดหางานจังหวัดภูเก็ต,รัฐศาสตร์และนิติศาสตร์,รัฐศาสตร์(ความสัมพันธ์ระหว่างประเทศ),ภูเก็ต,7.888488,98.394883
1159,สำนักงานการท่องเที่ยวและกีฬาจังหวัดเชียงใหม่,รัฐศาสตร์และนิติศาสตร์,รัฐศาสตร์(ความสัมพันธ์ระหว่างประเทศ),เชียงใหม่,18.828263,99.008087
1160,ด่านศุลกากรนครศรีธรรมราช,รัฐศาสตร์และนิติศาสตร์,รัฐศาสตร์(ความสัมพันธ์ระหว่างประเทศ),นครศรีธรรมราช,8.40175,99.943791
1161,มูลนิธิรักษ์ไทย สำนักงานจังหวัดเชียงใหม่,รัฐศาสตร์และนิติศาสตร์,รัฐศาสตร์(ความสัมพันธ์ระหว่างประเทศ),เชียงใหม่,18.792969,99.016902
1162,มูลนิธิกระจกเงา สำนักงานฝาง จังหวัดเชียงใหม่,รัฐศาสตร์และนิติศาสตร์,รัฐศาสตร์(ความสัมพันธ์ระหว่างประเทศ),เชียงใหม่,18.772688,98.948985
1163,ด่านศุลกากรกระบี่,รัฐศาสตร์และนิติศาสตร์,รัฐศาสตร์(ความสัมพันธ์ระหว่างประเทศ),กระบี่,8.061702,98.935086
1164,ตรวจคนเข้าเมืองจังหวัดปัตตานี,รัฐศาสตร์และนิติศาสตร์,รัฐศาสตร์(ความสัมพันธ์ระหว่างประเทศ),ปัตตานี,6.875278,101.246745
1165,สำนักงานแรงงานจังหวัดเชียงราย,รัฐศาสตร์และนิติศาสตร์,รัฐศาสตร์(ความสัมพันธ์ระหว่างประเทศ),เชียงราย,19.876893,99.817515
1166,กรมการจัดหางาน กระทรวงแรงงาน,รัฐศาสตร์และนิติศาสตร์,รัฐศาสตร์(ความสัมพันธ์ระหว่างประเทศ),กรุงเทพมหานคร,13.717155,100.515624
1167,สำนักงานยุติธรรมจังหวัดนครศรีธรรมราช,รัฐศาสตร์และนิติศาสตร์,รัฐศาสตร์(ความสัมพันธ์ระหว่างประเทศ),นครศรีธรรมราช,8.419212,99.982026
1168,สำนักงานสวัสดิการและคุ้มครองแรงงานจังหวัดปัตตานี,รัฐศาสตร์และนิติศาสตร์,รัฐศาสตร์(ความสัมพันธ์ระหว่างประเทศ),ปัตตานี,6.854509,101.278694
1169,เทศบาลตำบลท่าแพ,รัฐศาสตร์และนิติศาสตร์,รัฐศาสตร์(ความสัมพันธ์ระหว่างประเทศ),นครศรีธรรมราช,8.404064,99.963517
1170,สำนักงานแรงงานจังหวัดยะลา,รัฐศาสตร์และนิติศาสตร์,รัฐศาสตร์(ความสัมพันธ์ระหว่างประเทศ),ยะลา,6.551179,101.266131
1171,กรมการกงสุล กระทรวงการต่างประเทศ สำนักงานหนังสือเดินทางฯ จังหวัดนครศรีธรรมราช,รัฐศาสตร์และนิติศาสตร์,รัฐศาสตร์(ความสัมพันธ์ระหว่างประเทศ),นครศรีธรรมราช,8.402501,99.972812
1172,สำนักงานการท่องเที่ยวและกีฬาจังหวัดระนอง,รัฐศาสตร์และนิติศาสตร์,รัฐศาสตร์(ความสัมพันธ์ระหว่างประเทศ),ระนอง,9.955741,98.609919
1173,บริษัท ชิปป๊อป จำกัด,รัฐศาสตร์และนิติศาสตร์,รัฐศาสตร์(ความสัมพันธ์ระหว่างประเทศ),กรุงเทพมหานคร,13.74845,100.519981
1174,สำนักบริหารพื้นที่อนุรักษ์ที่ 4,รัฐศาสตร์และนิติศาสตร์,รัฐศาสตร์(ความสัมพันธ์ระหว่างประเทศ),สุราษฎร์ธานี,9.120707,99.323852
1175,สถานกงสุลอินโดนีเซียประจำจังหวัดสงขลา,รัฐศาสตร์และนิติศาสตร์,รัฐศาสตร์(ความสัมพันธ์ระหว่างประเทศ),สงขลา,7.175542,100.440489
1176,หอการค้าจังหวัดเชียงใหม่,รัฐศาสตร์และนิติศาสตร์,รัฐศาสตร์(ความสัมพันธ์ระหว่างประเทศ),เชียงใหม่,18.805069,98.981429
1177,ที่ทำการอำเภอปะเหลียน,รัฐศาสตร์และนิติศาสตร์,รัฐศาสตร์(ความสัมพันธ์ระหว่างประเทศ),ตรัง,7.585134,99.598022
1178,สถานเอกอัครราชทูต ณ กรุงสตอกโฮม,รัฐศาสตร์และนิติศาสตร์,รัฐศาสตร์(ความสัมพันธ์ระหว่างประเทศ),สวีเดน,,
1179,สำนักงานปลัดกระทรวงพัฒนาสังคมและความมั่นคงของมนุษย์,รัฐศาสตร์และนิติศาสตร์,รัฐศาสตร์(ความสัมพันธ์ระหว่างประเทศ),กรุงเทพมหานคร,13.71866,100.530905
1180,สำนักงานจัดหางานกรุงเทพมหานครพื้นที่ 10,รัฐศาสตร์และนิติศาสตร์,รัฐศาสตร์(ความสัมพันธ์ระหว่างประเทศ),กรุงเทพมหานคร,13.755677,100.520905
1181,สำนักงานเลขาธิการสภาผู้แทนราษฎร,รัฐศาสตร์และนิติศาสตร์,รัฐศาสตร์(ความสัมพันธ์ระหว่างประเทศ),กรุงเทพมหานคร,13.768787,100.477122
1182,สถาบันการต่างประเทศเทวะวงศ์วโรปการ,รัฐศาสตร์และนิติศาสตร์,รัฐศาสตร์(ความสัมพันธ์ระหว่างประเทศ),กรุงเทพมหานคร,13.764616,100.517973
1183,สถานเอกอัครราชทูตไทย ณ เวียงจันทร์,รัฐศาสตร์และนิติศาสตร์,รัฐศาสตร์(ความสัมพันธ์ระหว่างประเทศ),สาธารณรัฐประชาธิปไตยประชาชนลาว,,
1184,กระทรวงการพัฒนาสังคมและความมั่นคงของมนุษย์,รัฐศาสตร์และนิติศาสตร์,รัฐศาสตร์(ความสัมพันธ์ระหว่างประเทศ),กรุงเทพมหานคร,13.724401,100.509774
1185,กองการต่างประเทศ สำนักงานปลัดกระทรวงการพัฒนาสังคมและความมั่นคงของมนุษย์,รัฐศาสตร์และนิติศาสตร์,รัฐศาสตร์(ความสัมพันธ์ระหว่างประเทศ),กรุงเทพมหานคร,13.732633,100.524096
1186,กรมการศาสนา กระทรวงวัฒนธรรม,รัฐศาสตร์และนิติศาสตร์,รัฐศาสตร์(ความสัมพันธ์ระหว่างประเทศ),กรุงเทพมหานคร,13.777074,100.482896
1187,UNDP,รัฐศาสตร์และนิติศาสตร์,รัฐศาสตร์(ความสัมพันธ์ระหว่างประเทศ),กรุงเทพมหานคร,13.716667,100.525934
1188,UNESCO,รัฐศาสตร์และนิติศาสตร์,รัฐศาสตร์(ความสัมพันธ์ระหว่างประเทศ),กรุงเทพมหานคร,13.779046,100.488345
1189,กรมองค์การระหว่างประเทศ กระทรวงการต่างประเทศ,รัฐศาสตร์และนิติศาสตร์,รัฐศาสตร์(ความสัมพันธ์ระหว่างประเทศ),กรุงเทพมหานคร,13.762556,100.475609
1190,ตรวจคนเข้าเมืองจังหวัดนราธิวาส,รัฐศาสตร์และนิติศาสตร์,รัฐศาสตร์(ความสัมพันธ์ระหว่างประเทศ),นราธิวาส,6.399597,101.814218
1191,คลังพัสดุ ส่วนอาคารสถานที่ มหาวิทยาลัยวลัยลักษณ์,การจัดการ,โลจิสติกส์,นครศรีธรรมราช,8.468597,99.953913
1192,ที่ทำการไปรษณีย์ขนอม,การจัดการ,โลจิสติกส์,นครศรีธรรมราช,8.412881,99.985515
1193,ที่ทำการไปรษณีย์จังหวัดตรัง,การจัดการ,โลจิสติกส์,ตรัง,7.585507,99.612674
1194,ที่ทำการไปรษณีย์จังหวัดนครศรีธรรมราช,การจัดการ,โลจิสติกส์,นครศรีธรรมราช,8.425817,99.975144
1195,ที่ทำการไปรษณีย์ท่าศาลา,การจัดการ,โลจิสติกส์,นครศรีธรรมราช,8.432696,99.982703
1196,ที่ทำการไปรษณีย์หาดใหญ่,การจัดการ,โลจิสติกส์,สงขลา,7.212759,100.486662
1197,บริษัท ก.ชัยแสง เทรดดิ้ง จำกัด,การจัดการ,โลจิสติกส์,สงขลา,7.141283,100.460551
1198,บริษัท การบินไทย จำกัด (มหาชน) ฝ่ายปฏิบัติการคลังสินค้า,การจัดการ,โลจิสติกส์,สมุทรปราการ,13.574085,100.657479
1199,บริษัท กิตติภูมิ พาราวู๊ด จำกัด,การจัดการ,โลจิสติกส์,นครศรีธรรมราช,8.46671,99.974423
1200,บริษัท เกรทโกลฟ (ประเทศไทย) จำกัด,การจัดการ,โลจิสติกส์,ภูเก็ต,7.870342,98.405867
1201,บริษัท ครัวการบินกรุงเทพภูเก็ต จำกัด,การจัดการ,โลจิสติกส์,ภูเก็ต,7.856065,98.365334
1202,บริษัท จี ทรี โกลจีสติกส์ (ประเทศไทย) จำกัด,การจัดการ,โลจิสติกส์,กรุงเทพมหานคร,13.7925,100.51256
1203,บริษัท จีที ทรานสปอร์ต 2012 จํากัด,การจัดการ,โลจิสติกส์,สงขลา,7.140992,100.490924
1204,บริษัท เจ้าพระยาท่าเรือสากล จำกัด,การจัดการ,โลจิสติกส์,สงขลา,7.184771,100.442426
1205,บริษัท โชติวัฒน์อุตสาหกรรมการผลิต จำกัด ,การจัดการ,โลจิสติกส์,สงขลา,7.164017,100.483967
1206,บริษัท ซิลลิค ฟาร์มา จำกัด,การจัดการ,โลจิสติกส์,กรุงเทพมหานคร,13.767459,100.535783
1207,บริษัท ซิลลิค ฟาร์มา จำกัด (คลังสินค้า),การจัดการ,โลจิสติกส์,สมุทรปราการ,13.61758,100.673307
1208,บริษัท ซี อาร์ นครศรีธรรมราช (ประเทศไทย) จำกัด ห้างโรบินสัน เซ็นทรัลพลาซ่า,การจัดการ,โลจิสติกส์,นครศรีธรรมราช,8.451682,99.939305
1209,บริษัท ซีเกท โลจิสติกส์ (ประเทศไทย) จำกัด,การจัดการ,โลจิสติกส์,กรุงเทพมหานคร,13.754135,100.468614
1210,บริษัท ซีพี ออลล์ จำกัด (มหาชน) ศูนย์กระจายสินค้า CDC ภูเก็ต,การจัดการ,โลจิสติกส์,ภูเก็ต,7.842039,98.388421
1211,บริษัท ซีพี ออลล์ จำกัด (มหาชน) ศูนย์กระจายสินค้าสุราษฎร์ธานี,การจัดการ,โลจิสติกส์,สุราษฎร์ธานี,9.123723,99.330807
1212,บริษัท ซีพี ออลล์ จำกัด (มหาชน) ศูนย์กระจายสินค้าหาดใหญ่,การจัดการ,โลจิสติกส์,สงขลา,7.208296,100.486916
1213,บริษัท ซีพี แอ็กซ์ตร้า จำกัด (มหาชน) สาขานครศรีธรรมราช,การจัดการ,โลจิสติกส์,นครศรีธรรมราช,8.451029,99.959772
1214,บริษัท ซีพีแอล อินเตอร์ - โลจิสติกส์ จำกัด,การจัดการ,โลจิสติกส์,กรุงเทพมหานคร,13.735222,100.501902
1215,บริษัท ซีเอ็มเอ ซีจีเอ็ม (ไทยแลนด์) จำกัด,การจัดการ,โลจิสติกส์,กรุงเทพมหานคร,13.757853,100.488662
1216,บริษัท โซนิค อินเตอร์เฟรท จำกัด (มหาชน),การจัดการ,โลจิสติกส์,สมุทรปราการ,13.576774,100.678368
1217,บริษัท โซนิค อินเตอร์เฟรท จำกัด (มหาชน) สาขาคลองเตย,การจัดการ,โลจิสติกส์,กรุงเทพมหานคร,13.77109,100.527635
1218,บริษัท ไซโน โลจิสติกส์ คอร์ปอเรชั่น จำกัด (มหาชน),การจัดการ,โลจิสติกส์,กรุงเทพมหานคร,13.730011,100.526943
1219,บริษัท ดับบลิวเอฟพีจีคาร์โก้ จำกัด,การจัดการ,โลจิสติกส์,สมุทรปราการ,13.629981,100.676077
1220,บริษัท ดี เอช แอล ซัพพลายเชน (ประเทศไทย) จํากัด (คลังสินค้าสุราษฎร์ธานี),การจัดการ,โลจิสติกส์,สุราษฎร์ธานี,9.113945,99.324174
1221,บริษัท ดีแคทลอน (ประเทศไทย) จำกัด,การจัดการ,โลจิสติกส์,สมุทรปราการ,13.622625,100.675029
1222,บริษัท ดีไนน์ โซลูชั่น เอ็นจิเนียริ่ง จำกัด,การจัดการ,โลจิสติกส์,กรุงเทพมหานคร,13.735369,100.518106
1223,บริษัท โดลไทยแลนด์ จำกัด จังหวัดประจวบคีรีขันธ์,การจัดการ,โลจิสติกส์,ประจวบคีรีขันธ์,11.80921,99.796643
1224,บริษัท ไดนามิค ทรานสปอร์ต จำกัด,การจัดการ,โลจิสติกส์,กรุงเทพมหานคร,13.78014,100.501
1225,บริษัท ถาวรการเกษตร จำกัด,การจัดการ,โลจิสติกส์,นครศรีธรรมราช,8.41746,99.945495
1226,บริษัท ถาวรอุตสาหกรรมยางพารา (1982) จำกัด,การจัดการ,โลจิสติกส์,สงขลา,7.210851,100.463985
1227,บริษัท ทรอปิคอลแคนนิ่ง (ประเทศไทย) จำกัด (มหาชน) ,การจัดการ,โลจิสติกส์,สงขลา,7.175656,100.481903
1228,บริษัท ทรีซิกซ์ตี้ ซัพพลายเชน จำกัด,การจัดการ,โลจิสติกส์,กรุงเทพมหานคร,13.748704,100.485567
1229,บริษัท ทูน่าพาราไดส์ จำกัด ,การจัดการ,โลจิสติกส์,พังงา,8.43072,98.509011
1230,บริษัท ไทย ไลอ้อน เมนทารี จำกัด จังหวัดภูเก็ต,การจัดการ,โลจิสติกส์,ภูเก็ต,7.880796,98.356926
1231,บริษัท ไทย ไลอ้อน เมนทารี จำกัด จังหวัดสุราษฎร์ธานี,การจัดการ,โลจิสติกส์,สุราษฎร์ธานี,9.158879,99.319339
1232,บริษัท ไทยเบฟเวอเรจโลจิสติกส์ จำกัด (สาขาสุราษฎร์ธานี),การจัดการ,โลจิสติกส์,สุราษฎร์ธานี,9.170064,99.357009
1233,บริษัท ไทยยูเนี่ยน กรุ๊ป จำกัด (มหาชน) ,การจัดการ,โลจิสติกส์,สมุทรสาคร,13.575778,100.242528
1234,บริษัท ไทยวา จำกัด (มหาชน) ,การจัดการ,โลจิสติกส์,กรุงเทพมหานคร,13.781674,100.469041
1235,บริษัท ธนาปาล์มโปรดักส์ จำกัด,การจัดการ,โลจิสติกส์,สุราษฎร์ธานี,9.163411,99.300751
1236,บริษัท นิ่มซี่เส็งขนส่ง 1988 จำกัด,การจัดการ,โลจิสติกส์,เชียงใหม่,18.770411,98.993077
1237,บริษัท นิว เอ็น.ซี. ทรานส์ชิปปิ้ง แอนด์ เทรดดิ้ง จำกัด,การจัดการ,โลจิสติกส์,สงขลา,7.158008,100.460493
1238,บริษัท บริการภาคพื้น ท่าอากาศยานไทย จำกัด (ท่าอากาศยานภูเก็ต),การจัดการ,โลจิสติกส์,ภูเก็ต,7.87847,98.40857
1239,บริษัท บริการภาคพื้นการบินกรุงเทพ เวิล์ดไวด์ไฟล์ท เซอร์วิส จำกัด,การจัดการ,โลจิสติกส์,กระบี่,8.074817,98.898495
1240,บริษัท บอร์เนียว เทคนิเคิล (ประเทศไทย) จํากัด,การจัดการ,โลจิสติกส์,กรุงเทพมหานคร,13.770881,100.501044
1241,บริษัท โบ๋เหวิน จำกัด,การจัดการ,โลจิสติกส์,เชียงราย,19.883783,99.841309
1242,บริษัท ปูนซิเมนต์ไทย (ทุ่งสง) จำกัด ,การจัดการ,โลจิสติกส์,กรุงเทพมหานคร,13.737992,100.484347
1243,บริษัท แปซิฟิคแปรรูปสัตว์น้ำ จำกัด ,การจัดการ,โลจิสติกส์,สงขลา,7.19203,100.514384
1244,บริษัท ไปรษณีย์ไทย ดิสทริบิวชั่น จํากัด สาขาสุราษฎร์ธานี,การจัดการ,โลจิสติกส์,สุราษฎร์ธานี,9.129824,99.309995
1245,บริษัท พี.เค. มารีน เทรดดิ้ง จำกัด,การจัดการ,โลจิสติกส์,สุราษฎร์ธานี,9.16508,99.296957
1246,บริษัท พีซีมารีน (1992) จำกัด,การจัดการ,โลจิสติกส์,กรุงเทพมหานคร,13.718069,100.510791
1247,บริษัท เพชรศรีวิชัย เอ็นเตอร์ไพรส์ จำกัด (มหาชน),การจัดการ,โลจิสติกส์,สุราษฎร์ธานี,9.157916,99.282136
1248,บริษัท แพคกิ้งไลน์ จำกัด,การจัดการ,โลจิสติกส์,สมุทรสาคร,13.556025,100.274943
1249,บริษัท แพ็คฟู้ด จำกัด (มหาชน) ,การจัดการ,โลจิสติกส์,นครศรีธรรมราช,8.402227,99.987662
1250,บริษัท ฟอร์แคร์ อินโน จํากัด ,การจัดการ,โลจิสติกส์,กรุงเทพมหานคร,13.736596,100.486068
1251,บริษัท ฟอร์ท สมาร์ท เซอร์วิส จำกัด (มหาชน),การจัดการ,โลจิสติกส์,กรุงเทพมหานคร,13.741698,100.504247
1252,บริษัท ฟอร์ไมก้า (ประเทศไทย) จำกัด,การจัดการ,โลจิสติกส์,สมุทรปราการ,13.597735,100.686432
1253,บริษัท มหาชัยขนส่งภาคใต้ จำกัด,การจัดการ,โลจิสติกส์,สงขลา,7.212824,100.47258
1254,บริษัท เมนูก้าไทย จำกัด,การจัดการ,โลจิสติกส์,ปทุมธานี,13.981527,100.490506
1255,บริษัท แมนเอโฟรเซนฟู้ดส์ จำกัด ,การจัดการ,โลจิสติกส์,สงขลา,7.139534,100.474658
1256,บริษัท ยูเซ็น โลจิสติกส์ (ประเทศไทย) จำกัด,การจัดการ,โลจิสติกส์,กรุงเทพมหานคร,13.779526,100.531607
1257,บริษัท ยูเซ็น โลจิสติกส์ (ประเทศไทย) จำกัด จังหวัดสมุทรปราการ,การจัดการ,โลจิสติกส์,สมุทรปราการ,13.596583,100.641129
1258,บริษัท ยูแทคไทย จำกัด - บางนา,การจัดการ,โลจิสติกส์,กรุงเทพมหานคร,13.780331,100.502735
1259,บริษัท เลสชาโก้ (ประเทศไทย) จำกัด,การจัดการ,โลจิสติกส์,กรุงเทพมหานคร,13.730636,100.527111
1260,บริษัท วายเคพี โอเชี่ยน เซอร์วิส จำกัด,การจัดการ,โลจิสติกส์,ตรัง,7.526841,99.650184
1261,บริษัท แวนการ์ด โลจิสติกส์ เซอร์วิสเซส (ประเทศไทย) จำกัด ,การจัดการ,โลจิสติกส์,กรุงเทพมหานคร,13.773754,100.536508
1262,บริษัท ศรีตรังโกลฟส์ (ประเทศไทย) จำกัด (มหาชน) จังหวัดตรัง,การจัดการ,โลจิสติกส์,ตรัง,7.586323,99.626052
1263,บริษัท ศิริมงคลโลจิสติกส์ จำกัด ,การจัดการ,โลจิสติกส์,ชุมพร,10.4754,99.157262
1264,บริษัท สยามไดกิ้นเซลส์ จํากัด,การจัดการ,โลจิสติกส์,กรุงเทพมหานคร,13.743652,100.468239
1265,บริษัท สยามอาร์สตรองค์ จำกัด,การจัดการ,โลจิสติกส์,กรุงเทพมหานคร,13.787603,100.487775
1266,บริษัท สหวิริยาสตีลอินดัสตรี จำกัด (มหาชน),การจัดการ,โลจิสติกส์,ประจวบคีรีขันธ์,11.831717,99.761642
1267,บริษัท สายการบินนกแอร์ จำกัด (มหาชน) สาขานครศรีธรรมราช,การจัดการ,โลจิสติกส์,นครศรีธรรมราช,8.425386,99.946158
1268,บริษัท สุราษฎร์ธานีเบเวอเรช จำกัด,การจัดการ,โลจิสติกส์,สุราษฎร์ธานี,9.15617,99.312772
1269,บริษัท หยางหมิง ไลน์ (ประเทศไทย) จำกัด,การจัดการ,โลจิสติกส์,กรุงเทพมหานคร,13.739116,100.517673
1270,บริษัท หาดทิพย์ จำกัด (มหาชน) โรงงานพุนพิน,การจัดการ,โลจิสติกส์,สุราษฎร์ธานี,9.140631,99.334968
1271,บริษัท อจิลิตี้ จำกัด ,การจัดการ,โลจิสติกส์,กรุงเทพมหานคร,13.792759,100.468654
1272,บริษัท อนันต์ พลาสติก พริ้นติ้ง จำกัด,การจัดการ,โลจิสติกส์,สมุทรปราการ,13.623244,100.647101
1273,บริษัท อาร์ทีเอ็น โลจิสติคส์ จำกัด,การจัดการ,โลจิสติกส์,กรุงเทพมหานคร,13.783942,100.494312
1274,บริษัท อินเตอร์คอสเพ็ด (ประเทศไทย) จำกัด,การจัดการ,โลจิสติกส์,กรุงเทพมหานคร,13.768545,100.491542
1275,บริษัท อินเตอร์เอเชียโลจิสติกส์ จำกัด,การจัดการ,โลจิสติกส์,สงขลา,7.13899,100.482838
1276,บริษัท เอก-ชัยดิสทริบิวชั่นซิสเทม จำกัด (เทสโกโลตัสคุ้มค่า สาขาจันดี),การจัดการ,โลจิสติกส์,นครศรีธรรมราช,8.40309,99.946016
1277,บริษัท เอเชียโลจิสติกส์ จำกัด,การจัดการ,โลจิสติกส์,สงขลา,7.192924,100.510336
1278,บริษัท เอซีซีแอล โซลูชั่นส์ จำกัด,การจัดการ,โลจิสติกส์,สงขลา,7.175782,100.457003
1279,บริษัท เอ็น พี มารีน จำกัด,การจัดการ,โลจิสติกส์,สุราษฎร์ธานี,9.169904,99.326484
1280,บริษัท เอฟ ที เอส บริการขนส่ง จำกัด,การจัดการ,โลจิสติกส์,กรุงเทพมหานคร,13.747828,100.492891
1281,บริษัท เอ็ม เอ็ม โลจิสติกส์ จำกัด,การจัดการ,โลจิสติกส์,กรุงเทพมหานคร,13.789021,100.484218
1282,บริษัท เอ-วอท โกลเบิล โลจิสติกส์ (ไทยแลนด์) จำกัด,การจัดการ,โลจิสติกส์,กรุงเทพมหานคร,13.776593,100.463503
1283,บริษัท เอสเอฟเอส เอวิเอชั่น จำกัด จังหวัดสงขลา,การจัดการ,โลจิสติกส์,สงขลา,7.15545,100.509376
1284,บริษัท ฮันคิว ฮันชิน เอ็กซ์เพลส (ประเทศไทย) จำกัด,การจัดการ,โลจิสติกส์,กรุงเทพมหานคร,13.764091,100.469648
1285,บริษัท ฮาร์เปอร์ส เฟรท อินเตอร์เนชั่นแนล แอร์ คาร์โก้ จำกัด,การจัดการ,โลจิสติกส์,กรุงเทพมหานคร,13.752369,100.540555
1286,บริษัท โฮมโปรดักส์ เซ็นเตอร์ จำกัด (มหาชน) สาขาตรัง,การจัดการ,โลจิสติกส์,ตรัง,7.536919,99.573742
1287,ภูนาวา รีสอร์ท,การจัดการ,โลจิสติกส์,ภูเก็ต,7.861126,98.423739
1288,โรงแรม คามาลายา,การจัดการ,โลจิสติกส์,สุราษฎร์ธานี,9.109844,99.332713
1289,โรงแรม มันดาราวา รีสอร์ท แอนด์ สปา ภูเก็ต,การจัดการ,โลจิสติกส์,ภูเก็ต,7.870017,98.387769
1290,โรงแรม ลากูน่า แกรนด์ โฮเทล แอนด์ สปา สงขลา,การจัดการ,โลจิสติกส์,สงขลา,7.137913,100.462732
1291,โรงแรม วารานา กระบี่,การจัดการ,โลจิสติกส์,กระบี่,8.114087,98.906665
1292,โรงแรม อวิสต้า แกรนด์ ภูเก็ต กะรน เอ็ม แกลเลอรี,การจัดการ,โลจิสติกส์,ภูเก็ต,7.84719,98.41387
1293,โรงแรม ฮอลิเดย์ อ่าวนาง บีช รีสอร์ท กระบี่,การจัดการ,โลจิสติกส์,กระบี่,8.057314,98.902794
1294,โรงแรม ฮอลิเดย์ อินน์ รีสอน์ท สมุย บ่อผุด,การจัดการ,โลจิสติกส์,กรุงเทพมหานคร,13.734121,100.497472
1295,โรงแรมแกรนด์ ฟอร์จูน นครศรีธรรมราช,การจัดการ,โลจิสติกส์,นครศรีธรรมราช,8.402238,99.970683
1296,โรงแรมดุสิตธานี ลากูน่า ภูเก็ต,การจัดการ,โลจิสติกส์,ภูเก็ต,7.872393,98.413184
1297,โรงแรมเมอเวนพิค มิธ โฮเทล ป่าตอง ภูเก็ต,การจัดการ,โลจิสติกส์,ภูเก็ต,7.882864,98.375903
1298,โรงแรมอิมเพียน่า รีสอร์ท เกาะสมุย,การจัดการ,โลจิสติกส์,สุราษฎร์ธานี,9.125574,99.309937
1299,สแปลช บีช รีสอร์ท,การจัดการ,โลจิสติกส์,ภูเก็ต,7.901463,98.397678
1300,สภาผู้ส่งสินค้าทางเรือแห่งประเทศไทย,การจัดการ,โลจิสติกส์,กรุงเทพมหานคร,13.786227,100.473775
1301,สำนักงานขนส่งจังหวัดสุราษฎร์ธานี,การจัดการ,โลจิสติกส์,สุราษฎร์ธานี,9.105355,99.344831
1302,สำนักงานเจ้าท่าภูมิภาคสาขาตรัง,การจัดการ,โลจิสติกส์,ตรัง,7.562667,99.64289
1303,สำนักงานศุลกากรตรวจสินค้าท่าอากาศยานสุวรรณภูมิ,การจัดการ,โลจิสติกส์,สมุทรปราการ,13.606488,100.655206
1304,สำนักวิชาการจัดการ มหาวิทยาลัยวลัยลักษณ์,การจัดการ,โลจิสติกส์,นครศรีธรรมราช,8.425898,99.945917
1305,เอมิเรตส์ สกาย คาร์โก้,การจัดการ,โลจิสติกส์,ภูเก็ต,7.901649,98.410018
1306,บริษัท ก.ชัยแสง ดี.ซี. จำกัด,การจัดการ,โลจิสติกส์,สงขลา,7.146344,100.465994
1307,Play Strong Performance Athletics,วิทยาศาสตร์,วิทยาศาสตร์การกีฬาและการออกกำลังกาย,กรุงเทพมหานคร,13.739062,100.466602
1308,สโมสร ฟุตบอลชลบุรี เอฟซี,วิทยาศาสตร์,วิทยาศาสตร์การกีฬาและการออกกำลังกาย,ชลบุรี,13.355076,101.007727
1309,Fitness Lifestyle Hatyai,วิทยาศาสตร์,วิทยาศาสตร์การกีฬาและการออกกำลังกาย,สงขลา,7.178049,100.474353
1310,โรงแรมภูเล เบย์ อะริชคาร์ลตัน รีเซิร์ฟ,วิทยาศาสตร์,วิทยาศาสตร์การกีฬาและการออกกำลังกาย,กระบี่,8.099372,98.907835
1311,สโมรสรแบดมินตันบ้านทองหยอด,วิทยาศาสตร์,วิทยาศาสตร์การกีฬาและการออกกำลังกาย,กรุงเทพมหานคร,13.717489,100.469039
1312,สมาคมกีฬาวอลเลย์บอลแห่งประเทศไทย,วิทยาศาสตร์,วิทยาศาสตร์การกีฬาและการออกกำลังกาย,กรุงเทพมหานคร,13.723445,100.481692
1313,การกีฬาแห่งประเทศไทย,วิทยาศาสตร์,วิทยาศาสตร์การกีฬาและการออกกำลังกาย,กรุงเทพมหานคร,13.772907,100.501657
1314,Jetts 24 Hour Fitness - The Fourth,วิทยาศาสตร์,วิทยาศาสตร์การกีฬาและการออกกำลังกาย,กรุงเทพมหานคร,13.793392,100.529787
1315,Virgin Active Thailand (EmQuartier),วิทยาศาสตร์,วิทยาศาสตร์การกีฬาและการออกกำลังกาย,กรุงเทพมหานคร,13.738826,100.489753
1316,Fitness Lifestyle Suratthani,วิทยาศาสตร์,วิทยาศาสตร์การกีฬาและการออกกำลังกาย,สุราษฎร์ธานี,9.143107,99.302636
1317,ยักษ์ฟิตเนส สาขาสุขุมวิท 101/1,วิทยาศาสตร์,วิทยาศาสตร์การกีฬาและการออกกำลังกาย,กรุงเทพมหานคร,13.749063,100.473509
1318,ฟิตดี พญาไท สเปซ,วิทยาศาสตร์,วิทยาศาสตร์การกีฬาและการออกกำลังกาย,กรุงเทพมหานคร,13.773878,100.540579
1319,Fit - D Space Sukhumvit 39,วิทยาศาสตร์,วิทยาศาสตร์การกีฬาและการออกกำลังกาย,กรุงเทพมหานคร,13.749443,100.462254
1320,สาขาเวชศาสตร์การกีฬา ภาควิชาศัลยศาสตร์ออร์โธปิดิคน์และกายภาพบำบัด คณะแพทยศาสตร์ศิริราชพยาบาล มหาวิทยาลัยมหิดล,วิทยาศาสตร์,วิทยาศาสตร์การกีฬาและการออกกำลังกาย,กรุงเทพมหานคร,13.739507,100.490752
1321,Jetts Fitness Marketplace Dusit,วิทยาศาสตร์,วิทยาศาสตร์การกีฬาและการออกกำลังกาย,กรุงเทพมหานคร,13.755125,100.524108
1322,ฟิตดี สเปซ รัชดา,วิทยาศาสตร์,วิทยาศาสตร์การกีฬาและการออกกำลังกาย,กรุงเทพมหานคร,13.74507,100.524402
1323,Wolf Wellness & Training,วิทยาศาสตร์,วิทยาศาสตร์การกีฬาและการออกกำลังกาย,กรุงเทพมหานคร,13.750533,100.518112
1324,สำนักงานการกีฬาแห่งประเทศไทย ภาค 3 จังหวัดนครราชสีมา,วิทยาศาสตร์,วิทยาศาสตร์การกีฬาและการออกกำลังกาย,นครราชสีมา,14.996896,102.072213
1325,โรงพยาบาลรามคำแหง,วิทยาศาสตร์,วิทยาศาสตร์การกีฬาและการออกกำลังกาย,กรุงเทพมหานคร,13.754519,100.481841
1326,สโมสรฟุตบอลชัยนาท ฮอร์นบิล,วิทยาศาสตร์,วิทยาศาสตร์การกีฬาและการออกกำลังกาย,ชัยนาท,15.187495,100.16063
1327,ฟิต ฟอร์เอเวอร์ ฟิตเนส (สาขารังสิต),วิทยาศาสตร์,วิทยาศาสตร์การกีฬาและการออกกำลังกาย,ปทุมธานี,14.019903,100.510576
1328,สมาคมบริดจ์แห่งประเทศไทย,วิทยาศาสตร์,วิทยาศาสตร์การกีฬาและการออกกำลังกาย,กรุงเทพมหานคร,13.787761,100.493112
1329,สำนักงานการกีฬาแห่งประเทศไทย ภาค 4 จังหวัดสงขลา,วิทยาศาสตร์,วิทยาศาสตร์การกีฬาและการออกกำลังกาย,สงขลา,7.177593,100.510344
1330,Young Blood Club,วิทยาศาสตร์,วิทยาศาสตร์การกีฬาและการออกกำลังกาย,กรุงเทพมหานคร,13.74293,100.517919
1331,IBiz Fitness Gym,วิทยาศาสตร์,วิทยาศาสตร์การกีฬาและการออกกำลังกาย,นครศรีธรรมราช,8.421086,99.970996
1332,The Balance Pilates,วิทยาศาสตร์,วิทยาศาสตร์การกีฬาและการออกกำลังกาย,กรุงเทพมหานคร,13.75156,100.534247
1333,Get Well Fitness Krabi,วิทยาศาสตร์,วิทยาศาสตร์การกีฬาและการออกกำลังกาย,กระบี่,8.098629,98.878954
1334,สมาคมกีฬาจักรยานแห่งประเทศไทยในพระบรมราชูปถัมภ์,วิทยาศาสตร์,วิทยาศาสตร์การกีฬาและการออกกำลังกาย,กรุงเทพมหานคร,13.742391,100.462358
1335,โรงเรียนกีฬาจังหวัดสุพรรณบุรี,วิทยาศาสตร์,วิทยาศาสตร์การกีฬาและการออกกำลังกาย,สุพรรณบุรี,14.472558,100.129792
1336,เวิร์คเอ้าท์ ฟิตเนส แอนด์ มวยไทย,วิทยาศาสตร์,วิทยาศาสตร์การกีฬาและการออกกำลังกาย,ภูเก็ต,7.907047,98.357947
1337,บริษัท สโมสรฟุตบอล พีที ประจวบ เอฟซี จำกัด,วิทยาศาสตร์,วิทยาศาสตร์การกีฬาและการออกกำลังกาย,ประจวบคีรีขันธ์,11.829455,99.814321
1338,ฟิต ฟอร์เอเวอร์ ฟิตเนส (สาขาพัฒนาการ),วิทยาศาสตร์,วิทยาศาสตร์การกีฬาและการออกกำลังกาย,กรุงเทพมหานคร,13.77046,100.518691
1339,โรงพยาบาลสมิติเวช สุขุมวิท,วิทยาศาสตร์,วิทยาศาสตร์การกีฬาและการออกกำลังกาย,กรุงเทพมหานคร,13.764859,100.492327
1340,บริษัท สยาม โอเชี่ยน เวิร์ล กรุงเทพ จำกัด,วิทยาศาสตร์,วิทย์ทะล,กรุงเทพมหานคร,13.753977,100.517879
1341,ศูนย์วิจัยสมุทรศาสตร์ชายฝั่งและการเปลี่ยนแปลงสภาพภูมิอากาศ มหาวิทยาลัยสงขลานครินทร์,วิทยาศาสตร์,วิทย์ทะล,สงขลา,7.204197,100.491026
1342,โรงแรม ทราย พีพี ไอแลนด์ วิลเลจ,วิทยาศาสตร์,วิทย์ทะล,กระบี่,8.118587,98.894466
1343,บริษัท คอนซัลแทนท์ ออฟ เทคโนโลยี จำกัด,วิทยาศาสตร์,วิทยาศาสตร์ทางทะเล,กรุงเทพมหานคร,13.777927,100.512261
1344,บริษัท เซาธเทิร์น แล็บ แอนด์ เอ็นจิเนียริ่ง จำกัด,วิทยาศาสตร์,วิทยาศาสตร์ทางทะเล,ภูเก็ต,7.880719,98.40309
1345,บริษัท ยูไนเต็ด แอนนาลิสต์ แอนด์ เอ็นจิเนียริ่ง คอนซัลแตนท์ จำกัด,วิทยาศาสตร์,วิทยาศาสตร์ทางทะเล,กรุงเทพมหานคร,13.749466,100.484798
1346,บริษัท อควาวอล์ค (ประเทศไทย) จำกัด,วิทยาศาสตร์,วิทยาศาสตร์ทางทะเล,ภูเก็ต,7.868704,98.364992
1347,ศูนย์ปฏิบัติการอุทยานแห่งชาติทางทะเลที่ 3 จังหวัดตรัง,วิทยาศาสตร์,วิทยาศาสตร์ทางทะเล,ตรัง,7.587287,99.615243
1348,ศูนย์พัฒนาการประมงแห่งเอเชียตะวันออกเฉียงใต้,วิทยาศาสตร์,วิทยาศาสตร์ทางทะเล,สมุทรปราการ,13.63137,100.644965
1349,ศูนย์วิจัยทรัพยากรทางทะเลและชายฝั่งทะเลอันดามันตอนบน,วิทยาศาสตร์,วิทยาศาสตร์ทางทะเล,ภูเก็ต,7.887102,98.362712
1350,ศูนย์วิจัยทรัพยากรทางทะเลและชายฝั่งทะเลอันดามันตอนล่าง,วิทยาศาสตร์,วิทยาศาสตร์ทางทะเล,ตรัง,7.595781,99.591823
1351,ศูนย์วิจัยทรัพยากรทางทะเลและชายฝั่งอ่าวไทยตอนกลาง,วิทยาศาสตร์,วิทยาศาสตร์ทางทะเล,ชุมพร,10.520872,99.165929
1352,ศูนย์วิจัยทรัพยากรทางทะเลและชายฝั่งอ่าวไทยตอนบน,วิทยาศาสตร์,วิทยาศาสตร์ทางทะเล,สมุทรสาคร,13.544374,100.298179
1353,ศูนย์วิจัยทรัพยากรทางทะเลและชายฝั่งอ่าวไทยตอนล่าง,วิทยาศาสตร์,วิทยาศาสตร์ทางทะเล,สงขลา,7.173107,100.464026
1354,ศูนย์วิจัยและพัฒนาทรัพยากรทางทะเลและชายฝั่งทะเลอันดามัน,วิทยาศาสตร์,วิทยาศาสตร์ทางทะเล,กรุงเทพมหานคร,13.740609,100.498325
1355,ศูนย์วิจัยและพัฒนาทรัพยากรทางทะเลและชายฝั่งอ่าวไทยตอนกลาง,วิทยาศาสตร์,วิทยาศาสตร์ทางทะเล,กรุงเทพมหานคร,13.794431,100.498687
1356,ศูนย์วิจัยและพัฒนาทรัพยากรทางทะเลและชายฝั่งอ่าวไทยตอนล่าง,วิทยาศาสตร์,วิทยาศาสตร์ทางทะเล,กรุงเทพมหานคร,13.76435,100.520564
1357,ศูนย์วิจัยและพัฒนาทรัพยากรทางทะเลและชายฝั่งอ่าวไทยฝั่งตะวันออก,วิทยาศาสตร์,วิทยาศาสตร์ทางทะเล,ระยอง,12.664571,101.203338
1358,ศูนย์วิจัยและพัฒนาประมงชายฝั่งตรัง,วิทยาศาสตร์,วิทยาศาสตร์ทางทะเล,ตรัง,7.57313,99.607743
1359,ศูนย์วิจัยและพัฒนาประมงทะเลสงขลา,วิทยาศาสตร์,วิทยาศาสตร์ทางทะเล,สงขลา,7.215092,100.461816
1360,ศูนย์วิจัยและพัฒนาประมงทะเลอ่าวไทยตอนล่าง,วิทยาศาสตร์,วิทยาศาสตร์ทางทะเล,กรุงเทพมหานคร,13.746988,100.51196
1361,ศูนย์วิจัยและพัฒนาพันธุกรรมสัตว์น้ำ จังหวัดนครศรีธรรมราช,วิทยาศาสตร์,วิทยาศาสตร์ทางทะเล,นครศรีธรรมราช,8.427347,99.980146
1362,ศูนย์อนุรักษ์ทรัพยากรทางทะเลและชายฝั่งที่ 1 ( จ.ระยอง),วิทยาศาสตร์,วิทยาศาสตร์ทางทะเล,ระยอง,12.704215,101.220489
1363,ศูนย์อนุรักษ์ทรัพยากรทางทะเลและชายฝั่งที่ 5 (จ.ภูเก็ต),วิทยาศาสตร์,วิทยาศาสตร์ทางทะเล,ภูเก็ต,7.883837,98.367467
1364,สถานวิจัยสารสนเทศภูมิศาสตร์ ทรัพยากรธรรมชาติและสิ่งแวดล้อม มหาวิทยาลัยสงขลานครินทร์,วิทยาศาสตร์,วิทยาศาสตร์ทางทะเล,สงขลา,7.206916,100.470735
1365,สถาบันวิจัยทรัพยากรทางน้ำ จุฬาลงกรณ์มหาวิทยาลัย,วิทยาศาสตร์,วิทยาศาสตร์ทางทะเล,กรุงเทพมหานคร,13.792628,100.539804
1366,สถาบันวิจัยสภาวะแวดล้อม จุฬาลงกรณ์มหาวิทยาลัย,วิทยาศาสตร์,วิทยาศาสตร์ทางทะเล,กรุงเทพมหานคร,13.778378,100.52555
1367,สถาบันวิทยาศาสตร์ทางทะเล มหาวิทยาลัยบูรพา,วิทยาศาสตร์,วิทยาศาสตร์ทางทะเล,ชลบุรี,13.391851,100.952511
1368,ส่วนแหล่งน้ำทะเล สำนักจัดการคุณภาพน้ำ กรมควบคุมมลพิษ,วิทยาศาสตร์,วิทยาศาสตร์ทางทะเล,กรุงเทพมหานคร,13.787459,100.485594
1369,สำนักงานทรัพยากรทางทะเลและชายฝั่งที่ 7,วิทยาศาสตร์,วิทยาศาสตร์ทางทะเล,ตรัง,7.55817,99.628931
1370,สำนักงานพัฒนาเทคโนโลยีอวกาศและภูมิสารสนเทศ (องค์การมหาชน),วิทยาศาสตร์,วิทยาศาสตร์ทางทะเล,กรุงเทพมหานคร,13.781004,100.473308
1371,อุทยานแห่งชาติหมู่เกาะเภตรา,วิทยาศาสตร์,วิทยาศาสตร์ทางทะเล,สตูล,6.631645,100.077523
1372,ภาควิชาวิทยาศาสตร์ทางทะเล คณะวิทยาศาสตร์ จุฬาลงกรณ์มหาวิทยาลัย,วิทยาศาสตร์,วิทยาศาสตร์ทางทะเล,กรุงเทพมหานคร,13.730612,100.524286
1373,มูลนิธิเอ็นไลฟ,วิทยาศาสตร์,วิทยาศาสตร์ทางทะเล,กรุงเทพมหานคร,13.745104,100.538638
1374,ศูนย์วิจัยและพัฒนาประมงทะเลชุมพร,วิทยาศาสตร์,วิทยาศาสตร์ทางทะเล,ชุมพร,10.532955,99.212412
1375,อุทยานแห่งชาติอ่าวพังงา,วิทยาศาสตร์,วิทยาศาสตร์ทางทะเล,พังงา,8.475502,98.56537
1376,กองตรวจพิสูจน์ทางวิทยาศาสตร์ สถาบันนิติวิทยาศาสตร์,วิทยาศาสตร์,วิทยาศาสตร์,กรุงเทพมหานคร,13.71771,100.506948
1377,กองพิสูจน์หลักฐาน สำนักงานตำรวจแห่งชาติ,วิทยาศาสตร์,วิทยาศาสตร์,กรุงเทพมหานคร,13.729953,100.536157
1378,บริษัท ฟอร์เวิร์ด แล็บส์ จำกัด,วิทยาศาสตร์,วิทยาศาสตร์,กรุงเทพมหานคร,13.758855,100.46986
1379,บริษัท โฟโตไบโอแคร์ จำกัด,วิทยาศาสตร์,วิทยาศาสตร์,นนทบุรี,13.875748,100.487297
1380,บริษัท มาลี แอพพลายด์ ไซเอ็นซ์ จํากัด,วิทยาศาสตร์,วิทยาศาสตร์,ปทุมธานี,13.986848,100.555501
1381,บริษัท ลูเมนตั้ม อินเตอร์เนชั่นแนล (ประเทศไทย) จำกัด,วิทยาศาสตร์,วิทยาศาสตร์,ปทุมธานี,13.990506,100.510921
1382,บริษัท สุพรีม โปรดักส์ จำกัด,วิทยาศาสตร์,วิทยาศาสตร์,กรุงเทพมหานคร,13.761552,100.476968
1383,บริษัท เอ็มยูไอ โรบอติกส์ จำกัด,วิทยาศาสตร์,วิทยาศาสตร์,นนทบุรี,13.896796,100.518866
1384,ภาควิชาคณิตศาสตร์ คณะวิทยาศาสตร์ มหาวิทยาลัยเทคโนโลยีพระจอมเกล้าธนบุรี,วิทยาศาสตร์,วิทยาศาสตร์,กรุงเทพมหานคร,13.749925,100.532392
1385,ภาควิชาคณิตศาสตร์และวิทยาการคอมพิวเตอร์ คณะวิทยาศาสตร์ จุฬาลงกรณ์มหาวิทยาลัย,วิทยาศาสตร์,วิทยาศาสตร์,กรุงเทพมหานคร,13.739115,100.46424
1386,ภาควิชาวิศวกรรมเครื่องกลและการบิน-อวกาศ คณะวิศวกรรมศาสตร์ มหาวิทยาลัยเทคโนโลยีพระจอมเกล้าพระนครเหนือ,วิทยาศาสตร์,วิทยาศาสตร์,กรุงเทพมหานคร,13.792593,100.472088
1387,ภาควิชาวิศวกรรมไฟฟ้า คณะวิศวกรรมศาสตร์ มหาวิทยาลัยขอนแก่น,วิทยาศาสตร์,วิทยาศาสตร์,ขอนแก่น,16.442865,102.86313
1388,โรงเรียนวัดเขาปูน,วิทยาศาสตร์,วิทยาศาสตร์,นครศรีธรรมราช,8.410009,99.980372
1389,ศูนย์ความเป็นเลิศด้านนิเวศวิทยาพยากรณ์และการจัดการ สำนักวิชาวิทยาศาสตร์ มหาวิทยาลัยวลัยลักษณ์,วิทยาศาสตร์,วิทยาศาสตร์,นครศรีธรรมราช,8.424643,99.925425
1390,ศูนย์ความเป็นเลิศด้านวัสดุเชิงฟังก์ชันและนาโนเทคโนโลยี มหาวิทยาลัยวลัยลักษณ์,วิทยาศาสตร์,วิทยาศาสตร์,นครศรีธรรมราช,8.404198,99.974032
1391,ศูนย์ความเป็นเลิศด้านวิทยาศาสตร์ข้อมูลเพื่อวิทยาการสุขภาพ มหาวิทยาลัยวลัยลักษณ์,วิทยาศาสตร์,วิทยาศาสตร์,นครศรีธรรมราช,8.434455,99.998021
1392,ศูนย์ความหลากหลายทางชีวภาพ สถาบันวิจัยวิทยาศาสตร์และเทคโนโลยีแห่งประเทศไทย,วิทยาศาสตร์,วิทยาศาสตร์,ปทุมธานี,14.024479,100.543311
1393,ศูนย์เทคโนโลยีเพื่อความมั่นคงของประเทศและการประยุกต์เชิงพาณิชย์,วิทยาศาสตร์,วิทยาศาสตร์,ปทุมธานี,14.030896,100.529745
1394,ศูนย์พันธุวิศวกรรมและเทคโนโลยีชีวภาพแห่งชาติ,วิทยาศาสตร์,วิทยาศาสตร์,ปทุมธานี,14.055133,100.502464
1395,ศูนย์พิสูจน์หลักฐาน 8,วิทยาศาสตร์,วิทยาศาสตร์,สุราษฎร์ธานี,9.17256,99.327294
1396,ศูนย์วิจัยความเป็นเลิศด้านการวิเคราะห์สารปริมาณน้อยและไบโอเซนเซอร์ มหาวิทยาลัยสงขลานครินทร์,วิทยาศาสตร์,วิทยาศาสตร์,สงขลา,7.198862,100.514539
1397,ศูนย์วิทยาศาสตร์ฮาลาล จุฬาลงกรณ์มหาวิทยาลัย,วิทยาศาสตร์,วิทยาศาสตร์,กรุงเทพมหานคร,13.765822,100.466332
1398,ศูนย์ส่งเสริมการเรียนรู้และพัฒนาทรัพยากรป่าชายเลนที่ 5 (สตูล),วิทยาศาสตร์,วิทยาศาสตร์,สตูล,6.653516,100.059781
1399,ศูนย์อุตุนิยมวิทยาภาคใต้ฝั่งตะวันออก,วิทยาศาสตร์,วิทยาศาสตร์,สงขลา,7.158957,100.476642
1400,ศูนย์โอมิกส์แห่งชาติ ศูนย์พันธุวิศวกรรมและเทคโนโลยีชีวภาพแห่งชาติ,วิทยาศาสตร์,วิทยาศาสตร์,ปทุมธานี,13.988637,100.510367
1401,สถาบันเทคโนโลยีนิวเคลียร์แห่งชาติ (องค์การมหาชน),วิทยาศาสตร์,วิทยาศาสตร์,นครนายก,14.239818,101.246963
1402,สถาบันวิจัยจุฬาภรณ์,วิทยาศาสตร์,วิทยาศาสตร์,กรุงเทพมหานคร,13.72826,100.532122
1403,สถาบันวิจัยวิทยาศาสตร์และเทคโนโลยีแห่งประเทศไทย จังหวัดปทุมธานี,วิทยาศาสตร์,วิทยาศาสตร์,ปทุมธานี,14.033452,100.514809
1404,สถาบันวิจัยแสงซินโครตรอน (องค์การมหาชน),วิทยาศาสตร์,วิทยาศาสตร์,นครราชสีมา,15.015822,102.078275
1405,สถาบันวิทยสิริเมธี สำนักวิชาวิทยาการโมเลกุล,วิทยาศาสตร์,วิทยาศาสตร์,ระยอง,12.699882,101.251337
1406,สาขาวิชาเคมี สำนักวิชาวิทยาศาสตร์ มหาวิทยาลัยเทคโนโลยีสุรนารี,วิทยาศาสตร์,วิทยาศาสตร์,นครราชสีมา,15.001532,102.100594
1407,สำนักงานวิจัยการอนุรักษ์ป่าไม้และพันธุ์พืช,วิทยาศาสตร์,วิทยาศาสตร์,กรุงเทพมหานคร,13.791373,100.526583
1408,ห้องปฏิบัติการทางการแพทย์ โรงพยาบาลศูนย์การแพทย์มหาวิทยาลัยวลัยลักษณ์,วิทยาศาสตร์,วิทยาศาสตร์,นครศรีธรรมราช,8.402922,99.962552
1409,ห้องปฏิบัติการวัสดุนาโนเฉพาะทางและโครงสร้างพื้นผิว ศูนย์นาโนเทคโนโลยีแห่งชาติ,วิทยาศาสตร์,วิทยาศาสตร์,ปทุมธานี,14.019826,100.542144
1410,ห้องปฏิบัติการวิจัยการจำลองขนาดใหญ่ ศูนย์เทคโนโลยีอิเล็กทรอนิกส์และคอมพิวเตอร์แห่งชาติ,วิทยาศาสตร์,วิทยาศาสตร์,ปทุมธานี,14.046351,100.522587
1411,ห้องปฏิบัติการสิ่งทอ หน่วยวิจัยโพลิเมอร์ ศูนย์เทคโนโลยีโลหะและวัสดุแห่งชาติ,วิทยาศาสตร์,วิทยาศาสตร์,ปทุมธานี,13.984553,100.526274
1412,องค์การพิพิธภัณฑ์วิทยาศาสตร์แห่งชาติ,วิทยาศาสตร์,วิทยาศาสตร์,ปทุมธานี,13.98938,100.556445
1413,ทีมวิจัยปฏิสัมพันธ์ของจุลินทรีย์ทางการเกษตร กลุ่มวิจัยเทคโนโลยีชีวภาพพืชและการจัดการแบบบูรณาการ,วิทยาศาสตร์,วิทยาศาสตร์,ปทุมธานี,14.003941,100.520326
1414,ศูนย์เชี่ยวชาญเฉพาะทางด้านฟิสิกส์พลังงานสูงและฟิลิกส์ดาราศาสตร์ มหาวิทยาลัยเทคโนโลยีสุรนารี,วิทยาศาสตร์,วิทยาศาสตร์,นครราชสีมา,14.941752,102.118157
1415,สถาบันวิจัยสิ่งแวดล้อมเพื่อความยั่งยืน จุฬาลงกรณ์มหาวิทยาลัย,วิทยาศาสตร์,วิทยาศาสตร์,กรุงเทพมหานคร,13.771818,100.487025
1416,"Institute of Nano Electronic Engineering, University Malaysia Perlis",วิทยาศาสตร์,วิทยาศาสตร์,มาเลเซีย,,
1417,ศูนย์เชี่ยวชาญนวัตกรรมผลิตภัณฑ์สมุนไพร (ศนส.) สถาบันวิจัยวิทยาศาสตร์และเทคโนโลยีแห่งประเทศไทย,วิทยาศาสตร์,วิทยาศาสตร์,ปทุมธานี,14.016785,100.553109
1418,ศูนย์พิสูจน์หลักฐาน 9,วิทยาศาสตร์,วิทยาศาสตร์,สงขลา,7.155863,100.4853
1419,โรงงานบริการนวัตกรรมอาหาร สถาบันวิจัยทางวิทยาศาสตร์และเทคโนโลยีแห่งประเทศไทย,วิทยาศาสตร์,วิทยาศาสตร์,ปทุมธานี,14.019776,100.501425
1420,ภาควิชาเคมี คณะวิทยาศาสตร์ จุฬาลงกรณ์มหาวิทยาลัย,วิทยาศาสตร์,วิทยาศาสตร์,กรุงเทพมหานคร,13.723578,100.476873
1421,พิสูจน์หลักฐานจังหวัดกระบี่,วิทยาศาสตร์,วิทยาศาสตร์,กระบี่,8.118028,98.873405
1422,สาขาวิชาจุลชีววิทยาทางการแพทย์ คณะแพทย์ศาสตร์ มหาวิทยาลัยขอนแก่น,วิทยาศาสตร์,วิทยาศาสตร์,ขอนแก่น,16.464129,102.828867
1423,"Department of Earth, Ocean and Atmospheric Science, Faculty of Science, UBC (Vancouver Campus)",วิทยาศาสตร์,วิทยาศาสตร์,แคนาดา,,
1424,ภาควิชาฟิสิกส์ คณะวิทยาศาสตร์ มหาวิทยาลัยมหิดล,วิทยาศาสตร์,วิทยาศาสตร์,กรุงเทพมหานคร,13.731796,100.47576
1425,สถาบันชีววิทยาศาสตร์โมเลกุล มหาวิทยาลัยมหิดล,วิทยาศาสตร์,วิทยาศาสตร์,นครปฐม,13.783016,100.076702
1426,สาขาวิชาวิทยาศาสตร์สุขภาพและวิทยาศาสตร์ประยุกต์ คณะวิทยาศาสตร์ มหาวิทยาลัยสงขลานครินทร์,วิทยาศาสตร์,วิทยาศาสตร์,สงขลา,7.186733,100.454426
1427,กลุ่มนิติพยาธิวิทยา กองนิติวิทยาศาสตร์บริการ สถาบันนิติวิทยาศาสตร์,วิทยาศาสตร์,วิทยาศาสตร์,กรุงเทพมหานคร,13.751265,100.491544
1428,ศูนย์นวัตกรรมผลิตหัวเชื้อจุลินทรีย์เพื่ออุตสาหกรรม (ICPIM) สถาบันวิจัยวิทยาศาสตร์และเทคโนโลยีแห่งประเทศไทย,วิทยาศาสตร์,วิทยาศาสตร์,ปทุมธานี,13.988162,100.511111
1429,สาขาวิทยาศาสตร์ชีวภาพ คณะวิทยาศาสตร์ มหาวิทยาลัยสงขลานครินทร์,วิทยาศาสตร์,วิทยาศาสตร์,สงขลา,7.156431,100.451622
1430,พิสูจน์หลักฐานจังหวัดตรัง,วิทยาศาสตร์,วิทยาศาสตร์,ตรัง,7.571772,99.587482
1431,ศูนย์วิทยาศาสตร์เบทาโกร บริษัท เบทาโกร จำกัด (มหาชน),วิทยาศาสตร์,วิทยาศาสตร์,ปทุมธานี,13.981311,100.517699
1432,"Faculty of Chemical Engineering and Technology, University Malaysia Perlis",วิทยาศาสตร์,วิทยาศาสตร์,มาเลเซีย,,
1433,"Toyota Tsusho Nexty Electronics (Thailand) Co., Ltd.",วิศวกรรมศาสตร์และเทคโนโลยี,วิศวกรรมคอม,กรุงเทพมหานคร,13.769718,100.481416
1434,Universiti Malaysia Perlis,วิศวกรรมศาสตร์และเทคโนโลยี,วิศวกรรมคอม,มาเลเซีย,,
1435,"Western Digital (M) Sdn. Bhd.,",วิศวกรรมศาสตร์และเทคโนโลยี,วิศวกรรมคอม,มาเลเซีย,,
1436,การไฟฟ้าฝ่ายผลิตแห่งประเทศไทย ฝ่ายปฏิบัติการภาคใต้,วิศวกรรมศาสตร์และเทคโนโลยี,วิศวกรรมคอม,กระบี่,8.115884,98.942517
1437,บริษัท 10บิต เดเวลอปเมนต์ จำกัด,วิศวกรรมศาสตร์และเทคโนโลยี,วิศวกรรมคอม,สมุทรปราการ,13.645111,100.715537
1438,บริษัท กราวิเทคไทย (ไทยแลนด์) จำกัด,วิศวกรรมศาสตร์และเทคโนโลยี,วิศวกรรมคอม,ปทุมธานี,14.044745,100.556976
1439,บริษัท จัสมิน อินเตอร์เนชั่นแนล จำกัด (มหาชน),วิศวกรรมศาสตร์และเทคโนโลยี,วิศวกรรมคอม,นนทบุรี,13.836476,100.546134
1440,บริษัท ซีเกทเทคโนโลยี (ประเทศไทย) จำกัด,วิศวกรรมศาสตร์และเทคโนโลยี,วิศวกรรมคอม,นครราชสีมา,14.953359,102.122553
1441,บริษัท ซีเกทเทคโนโลยี (ประเทศไทย) จำกัด พระประแดง,วิศวกรรมศาสตร์และเทคโนโลยี,วิศวกรรมคอม,สมุทรปราการ,13.644742,100.656755
1442,บริษัท ซีพีเอฟไอทีเซ็นเตอร์ จำกัด,วิศวกรรมศาสตร์และเทคโนโลยี,วิศวกรรมคอม,กรุงเทพมหานคร,13.785264,100.536893
1443,บริษัท ซีวิค มีเดีย จำกัด,วิศวกรรมศาสตร์และเทคโนโลยี,วิศวกรรมคอม,สมุทรสาคร,13.556483,100.312272
1444,บริษัท ดังภูมิ จำกัด,วิศวกรรมศาสตร์และเทคโนโลยี,วิศวกรรมคอม,กรุงเทพมหานคร,13.719785,100.493561
1445,บริษัท โตโยต้า ทูโช เน็กซ์ตี อิเล็กทรอนิกส์ (ไทยแลนด์) จำกัด,วิศวกรรมศาสตร์และเทคโนโลยี,วิศวกรรมคอม,กรุงเทพมหานคร,13.751778,100.483148
1446,บริษัท ท้อปโกลฟ เทคโนโลยี (ประเทศไทย) จำกัด,วิศวกรรมศาสตร์และเทคโนโลยี,วิศวกรรมคอม,สงขลา,7.144802,100.50089
1447,บริษัท ไทยเซอร์เทค จำกัด,วิศวกรรมศาสตร์และเทคโนโลยี,วิศวกรรมคอม,นครศรีธรรมราช,8.442717,99.978621
1448,บริษัท รีฟินิทิฟ ซอฟแวร์ (ประเทศไทย) จำกัด,วิศวกรรมศาสตร์และเทคโนโลยี,วิศวกรรมคอม,กรุงเทพมหานคร,13.747389,100.535638
1449,บริษัท วัลแคน ดิจิทัล เดลิเวอรี จำกัด,วิศวกรรมศาสตร์และเทคโนโลยี,วิศวกรรมคอม,กรุงเทพมหานคร,13.743306,100.52291
1450,บริษัท วาย.ไอ.เอ็ม. คอร์ปอเรชั่่น จำกัด,วิศวกรรมศาสตร์และเทคโนโลยี,วิศวกรรมคอม,กรุงเทพมหานคร,13.777926,100.481928
1451,บริษัท วีเดียซอฟแวร์โซลูชั่น จำกัด,วิศวกรรมศาสตร์และเทคโนโลยี,วิศวกรรมคอม,กรุงเทพมหานคร,13.754309,100.477673
1452,บริษัท เวสเทิร์น ดิจิตอล (ประเทศไทย) จำกัด,วิศวกรรมศาสตร์และเทคโนโลยี,วิศวกรรมคอม,ปทุมธานี,14.046488,100.521814
1453,บริษัท สยามแม็คโคร จำกัด (มหาชน),วิศวกรรมศาสตร์และเทคโนโลยี,วิศวกรรมคอม,กรุงเทพมหานคร,13.74051,100.529628
1454,บริษัท อิตาเลียนไทย ดีเวล๊อปเมนต์ จำกัด (มหาชน),วิศวกรรมศาสตร์และเทคโนโลยี,วิศวกรรมคอม,กรุงเทพมหานคร,13.737489,100.536411
1455,บริษัท อินเตอร์เนชั่นแนล เมดิคัล ซอฟต์แวร์ จำกัด,วิศวกรรมศาสตร์และเทคโนโลยี,วิศวกรรมคอม,ภูเก็ต,7.912945,98.407023
1456,บริษัท อีเว้นท์ไทย จำกัด,วิศวกรรมศาสตร์และเทคโนโลยี,วิศวกรรมคอม,นนทบุรี,13.878602,100.520589
1457,บริษัท เอสซีบี เทคเอกซ์ จํากัด,วิศวกรรมศาสตร์และเทคโนโลยี,วิศวกรรมคอม,กรุงเทพมหานคร,13.719226,100.471335
1458,บริษัทแอดวานซ์ อินโฟร์ เซอร์วิส จำกัด (มหาชน),วิศวกรรมศาสตร์และเทคโนโลยี,วิศวกรรมคอม,นครศรีธรรมราช,8.442224,99.960887
1459,บริษัทแอดวานซ์ อินโฟร์ เซอร์วิส จำกัด (มหาชน) Data analysis,วิศวกรรมศาสตร์และเทคโนโลยี,วิศวกรรมคอม,กรุงเทพมหานคร,13.754968,100.521471
1460,โรงแรม อนนันตรา บ่อผุด สมุย,วิศวกรรมศาสตร์และเทคโนโลยี,วิศวกรรมคอม,กรุงเทพมหานคร,13.748228,100.476008
1461,ศูนย์เทคโนโลยีอิเล็กทรอนิกส์และคอมพิวเตอร์แห่งชาติ,วิศวกรรมศาสตร์และเทคโนโลยี,วิศวกรรมคอม,ปทุมธานี,14.001542,100.507246
1462,ศูนย์นวัตกรรมไมโครซอฟท์ กรุงเทพ,วิศวกรรมศาสตร์และเทคโนโลยี,วิศวกรรมคอม,กรุงเทพมหานคร,13.746312,100.541378
1463,สมาคมสมองกลฝังตัวไทย,วิศวกรรมศาสตร์และเทคโนโลยี,วิศวกรรมคอม,กรุงเทพมหานคร,13.747269,100.50858
1464,สำนักงานส่งเสริมเศรษฐกิจดิจิทัล ภูเก็ต,วิศวกรรมศาสตร์และเทคโนโลยี,วิศวกรรมคอม,ภูเก็ต,7.891123,98.413053
1465,Faculty of Electronic Engineering & Technology (FKTEN) Universiti Malaysia Perlis,วิศวกรรมศาสตร์และเทคโนโลยี,วิศวกรรมคอม,มาเลเซีย,,
1466,การทางพิเศษแห่งประเทศไทย,วิศวกรรมศาสตร์และเทคโนโลยี,วิศวกรรมคอม,กรุงเทพมหานคร,13.736117,100.525678
1467,การรถไฟฟ้าขนส่งมวลชนแห่งประเทศไทย,วิศวกรรมศาสตร์และเทคโนโลยี,วิศวกรรมคอม,กรุงเทพมหานคร,13.771742,100.53009
1468,บริษัท ซีล เทค อินเตอร์เนชั่นแนล จำกัด,วิศวกรรมศาสตร์และเทคโนโลยี,วิศวกรรมคอม,กรุงเทพมหานคร,13.790016,100.497577
1469,บริษัท โซนี่ เทคโนโลยี ประเทศไทย จำกัด โรงงานบางกระดี,วิศวกรรมศาสตร์และเทคโนโลยี,วิศวกรรมคอม,ชลบุรี,13.399805,100.957388
1470,บริษัท ไทยดอทรัน จำกัด,วิศวกรรมศาสตร์และเทคโนโลยี,วิศวกรรมคอม,กรุงเทพมหานคร,13.777865,100.502828
1471,บริษัท นีโอ แฟคทอรี่ จำกัด,วิศวกรรมศาสตร์และเทคโนโลยี,วิศวกรรมคอม,ปทุมธานี,14.051848,100.55668
1472,บริษัท ฟอร์ทแทร็คกิ้ง ซิสเต็ม จำกัด,วิศวกรรมศาสตร์และเทคโนโลยี,วิศวกรรมคอม,กรุงเทพมหานคร,13.733273,100.498548
1473,บริษัท ฟอสเตอร์ เอ็นจิเนียริ่ง จำกัด,วิศวกรรมศาสตร์และเทคโนโลยี,วิศวกรรมคอม,กรุงเทพมหานคร,13.727825,100.483679
1474,บริษัท เวอร์เบิล จำกัด,วิศวกรรมศาสตร์และเทคโนโลยี,วิศวกรรมคอม,สงขลา,7.178076,100.44596
1475,บริษัท ศรีตรัง ไอบีซี จำกัด,วิศวกรรมศาสตร์และเทคโนโลยี,วิศวกรรมคอม,สงขลา,7.172387,100.507467
1476,บริษัท ออฟฟิศเมท (ประเทศไทย) จำกัด,วิศวกรรมศาสตร์และเทคโนโลยี,วิศวกรรมคอม,กรุงเทพมหานคร,13.774945,100.527343
1477,โรงไฟฟ้าภาคใต้ การไฟฟ้าฝ่ายผลิตแห่งประเทศไทย,วิศวกรรมศาสตร์และเทคโนโลยี,วิศวกรรมคอม,กระบี่,8.106084,98.927472
1478,บริษัท นีโอ คอร์ปอเรท จำกัด (มหาชน),วิศวกรรมศาสตร์และเทคโนโลยี,วิศวกรรมคอม,กรุงเทพมหานคร,13.729741,100.511756
1479,บริษัท ไทยเอเวชั่นเซอร์วิส จำกัด,วิศวกรรมศาสตร์และเทคโนโลยี,วิศวกรรมคอม,นครศรีธรรมราช,8.461405,99.954472
1480,บริษัท โซนี่ ดีไวซ์ เทคโนโลยี ประเทศไทย จำกัด โรงงานบางกระดี,วิศวกรรมศาสตร์และเทคโนโลยี,วิศวกรรมคอม,ปทุมธานี,14.05689,100.524472
1481,บริษัท ดีพลัส อินเตอร์เทรด จำกัด,วิศวกรรมศาสตร์และเทคโนโลยี,วิศวกรรมคอม,กรุงเทพมหานคร,13.758882,100.537181
1482,บริษัท ฟอร์ท คอร์ปอเรชั่น จำกัด (มหาชน) สำนักงานใหญ่,วิศวกรรมศาสตร์และเทคโนโลยี,วิศวกรรมคอม,กรุงเทพมหานคร,13.751551,100.506051
1483,บริษัท ออด-อี (ประเทศไทย) จำกัด,วิศวกรรมศาสตร์และเทคโนโลยี,วิศวกรรมคอม,กรุงเทพมหานคร,13.780655,100.508733
1484,สำนักงานพัฒนาวิทยาศาสตร์และเทคโนโลยีแห่งชาติ,วิศวกรรมศาสตร์และเทคโนโลยี,วิศวกรรมคอม,ปทุมธานี,14.008014,100.559085
1485,"College of Intelligen System Science and Engineering, Harbin Engineering University",วิศวกรรมศาสตร์และเทคโนโลยี,วิศวกรรมคอม,จีน,,
1486,"National Chung Cheng University, College of Engineering",วิศวกรรมศาสตร์และเทคโนโลยี,วิศวกรรมคอม,ไต้หวัน,,
1487,บริษัท ไวซ์ไซท์ ประเทศไทย จำกัด,วิศวกรรมศาสตร์และเทคโนโลยี,วิศวกรรมคอม,กรุงเทพมหานคร,13.785969,100.53025
1488,บริษัท ไอ เดวา คอร์ปอเรชั่น จำกัด,วิศวกรรมศาสตร์และเทคโนโลยี,วิศวกรรมคอม,นนทบุรี,13.843345,100.515548
1489,National Institute of Advanced Industrial Science and Technology,วิศวกรรมศาสตร์และเทคโนโลยี,วิศวกรรมเคมี,ญี่ปุ่น,,
1490,School of Bioprocess Engineering Universiti Malaysia Perlis,วิศวกรรมศาสตร์และเทคโนโลยี,วิศวกรรมเคมี,มาเลเซีย,,
1491,"School of Environmental Engineering , Universiti Malaysia Perlis",วิศวกรรมศาสตร์และเทคโนโลยี,วิศวกรรมเคมี,มาเลเซีย,,
1492,Sriwijaya University,วิศวกรรมศาสตร์และเทคโนโลยี,วิศวกรรมเคมี,อินโดนีเซีย,,
1493,"Top Grove Sdn. Bhd., Malaysia",วิศวกรรมศาสตร์และเทคโนโลยี,วิศวกรรมเคมี,มาเลเซีย,,
1494,กลุ่มวิจัยวัตถุดิบทางเภสัชกรรม สถาบันวิจัยและพัฒนา องค์การเภสัชกรรม,วิศวกรรมศาสตร์และเทคโนโลยี,วิศวกรรมเคมี,กรุงเทพมหานคร,13.749746,100.541285
1495,โนวาซิล,วิศวกรรมศาสตร์และเทคโนโลยี,วิศวกรรมเคมี,สมุทรปราการ,13.62463,100.684534
1496,บริษัท เคชั่น เพาเวอร์ จำกัด,วิศวกรรมศาสตร์และเทคโนโลยี,วิศวกรรมเคมี,กรุงเทพมหานคร,13.746311,100.505445
1497,บริษัท โซลเวย์ (บางปู) สเปเชียลตี้ เคมีคอลส์ จำกัด,วิศวกรรมศาสตร์และเทคโนโลยี,วิศวกรรมเคมี,สมุทรปราการ,13.574059,100.642863
1498,บริษัท ทรานส์ ไทย-มาเลเซีย (ประเทศไทย) จำกัด,วิศวกรรมศาสตร์และเทคโนโลยี,วิศวกรรมเคมี,สงขลา,7.135944,100.477244
1499,บริษัท ไทย - สวีดิช แอสเซมบลีย์ จำกัด,วิศวกรรมศาสตร์และเทคโนโลยี,วิศวกรรมเคมี,สมุทรปราการ,13.566931,100.653722
1500,บริษัท ไทย เอ็นโอเค จำกัด,วิศวกรรมศาสตร์และเทคโนโลยี,วิศวกรรมเคมี,ชลบุรี,13.386061,100.994822
1501,บริษัท ไทยทาโลว์ แอนด์ ออยล์ จำกัด (สาขาไทรขึง),วิศวกรรมศาสตร์และเทคโนโลยี,วิศวกรรมเคมี,สุราษฎร์ธานี,9.105699,99.336564
1502,บริษัท เฟดเดอรัล อีเลคตริค จำกัด,วิศวกรรมศาสตร์และเทคโนโลยี,วิศวกรรมเคมี,สมุทรปราการ,13.604787,100.703762
1503,บริษัท เรโซแนค ออโตโมทีฟ โปรดักส์ (ประเทศไทย) จำกัด,วิศวกรรมศาสตร์และเทคโนโลยี,วิศวกรรมเคมี,ระยอง,12.659764,101.260084
1504,บริษัท โรเบิร์ต บ๊อช ออโตโมทีฟ เทคโนโลยี (ประเทศไทย) จำกัด,วิศวกรรมศาสตร์และเทคโนโลยี,วิศวกรรมเคมี,กรุงเทพมหานคร,13.744983,100.513404
1505,บริษัท ไลอ้อน (ประเทศไทย) จำกัด,วิศวกรรมศาสตร์และเทคโนโลยี,วิศวกรรมเคมี,ชลบุรี,13.346892,100.95187
1506,บริษัท วีนิไทย จำกัด (มหาชน),วิศวกรรมศาสตร์และเทคโนโลยี,วิศวกรรมเคมี,ระยอง,12.674839,101.207257
1507,บริษัท เวสเทิร์น ดิจิตอล สตอเรจ เทคโนโลยีส์ (ประเทศไทย) จำกัด,วิศวกรรมศาสตร์และเทคโนโลยี,วิศวกรรมเคมี,พระนครศรีอยุธยา,14.342961,100.624608
1508,บริษัท สเปเชียลตี้ อินโนเวชั่น จำกัด,วิศวกรรมศาสตร์และเทคโนโลยี,วิศวกรรมเคมี,สมุทรปราการ,13.593556,100.656313
1509,บริษัท ฮิตาชิ เคมีคัล ออโตโมทีฟ โปรดักส์ (ประเทศไทย) จำกัด,วิศวกรรมศาสตร์และเทคโนโลยี,วิศวกรรมเคมี,ระยอง,12.706111,101.200016
1510,ศูนย์พัฒนาปิโตรเลียมภาคเหนือ กรมการพลังงานทหาร,วิศวกรรมศาสตร์และเทคโนโลยี,วิศวกรรมเคมี,เชียงใหม่,18.793052,99.00837
1511,กองวิจัยและประกันคุณภาพ โรงงานเภสัชกรรมทหาร,วิศวกรรมศาสตร์และเทคโนโลยี,วิศวกรรมเคมี,กรุงเทพมหานคร,13.776609,100.511898
1512,บริษัท กลุ่มปาล์มธรรมชาติ จำกัด,วิศวกรรมศาสตร์และเทคโนโลยี,วิศวกรรมเคมี,ชุมพร,10.521135,99.173426
1513,บริษัท คิว แอนด์ อี อินเตอร์เนชั่นแนล จำกัด,วิศวกรรมศาสตร์และเทคโนโลยี,วิศวกรรมเคมี,ปทุมธานี,14.047387,100.554022
1514,บริษัท ซัน-เฮิร์บ ไทย ไชนีส แมนูแฟคเจอริ่ง จำกัด,วิศวกรรมศาสตร์และเทคโนโลยี,วิศวกรรมเคมี,ปทุมธานี,14.032596,100.554614
1515,บริษัท ไทยเชื้อเพลิงการบิน จำกัด,วิศวกรรมศาสตร์และเทคโนโลยี,วิศวกรรมเคมี,สมุทรปราการ,13.571954,100.647836
1516,บริษัท น้ำตาลครบุรี จำกัด (มหาชน),วิศวกรรมศาสตร์และเทคโนโลยี,วิศวกรรมเคมี,นครราชสีมา,15.006295,102.068186
1517,บริษัท นิว ไบโอดีเซล จำกัด,วิศวกรรมศาสตร์และเทคโนโลยี,วิศวกรรมเคมี,สุราษฎร์ธานี,9.101698,99.290619
1518,บริษัท โนวาซิล (ไทยแลนด์) จํากัด,วิศวกรรมศาสตร์และเทคโนโลยี,วิศวกรรมเคมี,สมุทรปราการ,13.617638,100.652827
1519,บริษัท บีเคเอฟ แอโรสเปซ จำกัด,วิศวกรรมศาสตร์และเทคโนโลยี,วิศวกรรมเคมี,สมุทรสาคร,13.520853,100.249978
1520,บริษัท ปตท. จำกัด (มหาชน) ศูนย์ปฏิบัติการชลบุรี,วิศวกรรมศาสตร์และเทคโนโลยี,วิศวกรรมเคมี,ชลบุรี,13.357744,100.973069
1521,บริษัท มิลลิเมด บีเอฟเอส จำกัด,วิศวกรรมศาสตร์และเทคโนโลยี,วิศวกรรมเคมี,เชียงราย,19.878664,99.79816
1522,บริษัท ไอคัลเลอร์ คอสเมติกส์ (ประเทศไทย) จำกัด,วิศวกรรมศาสตร์และเทคโนโลยี,วิศวกรรมเคมี,กรุงเทพมหานคร,13.76784,100.523184
1523,บริษัท ไอเรียล พลัส (ประเทศไทย) จำกัด,วิศวกรรมศาสตร์และเทคโนโลยี,วิศวกรรมเคมี,นครปฐม,13.858733,100.016843
1524,ศูนย์วิจัยความเป็นเลิิศระบบนำส่งยา คณะเภสัชศาสตร์ มหาวิทยาลัยสงขลานครินทร์,วิศวกรรมศาสตร์และเทคโนโลยี,วิศวกรรมเคมี,สงขลา,7.171325,100.445519
1525,องค์การเภสัชกรรม (ธัญบุรี),วิศวกรรมศาสตร์และเทคโนโลยี,วิศวกรรมเคมี,ปทุมธานี,13.983204,100.56351
1526,กองวิจัยผลิตภัณฑ์ธรรมชาติ ฝ่ายวิจัยพัฒนาและนวัตกรรม องค์การเภสัชกรรม,วิศวกรรมศาสตร์และเทคโนโลยี,วิศวกรรมเคมี,กรุงเทพมหานคร,13.756592,100.499529
1527,บริษัท ไทยแลนด์สเมลติ้งแอนด์รีไฟนิ่ง จำกัด,วิศวกรรมศาสตร์และเทคโนโลยี,วิศวกรรมเคมี,ภูเก็ต,7.840555,98.367728
1528,บริษัท อินเตอร์เนชั่นแนล อินโนเวชั่น จำกัด (ในเครือบริษัทอุตสาหกรรมมิตรมงคล),วิศวกรรมศาสตร์และเทคโนโลยี,วิศวกรรมเคมี,กรุงเทพมหานคร,13.726986,100.494193
1529,แผนกบำรุงรักษา 3 ฝ่ายเทคโนโลยีและวิศวกรรม องค์การเภสัชกรรม (ธัญบุรี),วิศวกรรมศาสตร์และเทคโนโลยี,วิศวกรรมเคมี,ปทุมธานี,14.046673,100.518664
1530,แผนกผลิตเภสัชภัณฑ์ องค์การเภสัชกรรม,วิศวกรรมศาสตร์และเทคโนโลยี,วิศวกรรมเคมี,ปทุมธานี,14.002879,100.527787
1531,แผนกมาตรฐานการผลิต องค์การเภสัชกรรม (ธัญบุรี),วิศวกรรมศาสตร์และเทคโนโลยี,วิศวกรรมเคมี,ปทุมธานี,13.98264,100.486715
1532,สถาบันวิจัยเทคโนโลยีชีวภาพและวิศวกรรมพันธุศาสตร์ จุฬาลงกรณ์มหาวิทยาลัย,วิศวกรรมศาสตร์และเทคโนโลยี,วิศวกรรมเคมี,กรุงเทพมหานคร,13.746541,100.477604
1533,องค์การเภสัชกรรม,วิศวกรรมศาสตร์และเทคโนโลยี,วิศวกรรมเคมี,กรุงเทพมหานคร,13.795961,100.503171
1534,กลุ่มตรวจพิสูจน์ทางเคมี กองตรวจพิสูจน์ทางวิทยาศาสตร์ สถาบันนิติวิทยาศาสตร์,วิศวกรรมศาสตร์และเทคโนโลยี,วิศวกรรมเคมี,ปทุมธานี,14.001511,100.544855
1535,บริษัท รีโว่เมด กรุ๊ป จำกัด,วิศวกรรมศาสตร์และเทคโนโลยี,วิศวกรรมเคมี,นนทบุรี,13.873749,100.50377
1536,บริษัท อิจิโกห์ อินดัสตรีส์ (ไทยแลนด์) จำกัด,วิศวกรรมศาสตร์และเทคโนโลยี,วิศวกรรมเคมี,ระยอง,12.705608,101.274877
1537,บริษัท โอลิค (ประเทศไทย) จำกัด,วิศวกรรมศาสตร์และเทคโนโลยี,วิศวกรรมเคมี,พระนครศรีอยุธยา,14.349676,100.57751
1538,บริษัท ไทยเม็ททอล อลูมิเนียม จำกัด,วิศวกรรมศาสตร์และเทคโนโลยี,วิศวกรรมเคมี,สมุทรปราการ,13.585325,100.711918
1539,บริษัท อินโนวาเฮลท์ จำกัด,วิศวกรรมศาสตร์และเทคโนโลยี,วิศวกรรมเคมี,ปทุมธานี,14.034336,100.491692
1540,บริษัท ทัทวิน จำกัด,วิศวกรรมศาสตร์และเทคโนโลยี,วิศวกรรมเคมี,สงขลา,7.196437,100.47813
1541,บริษัท ท่าฉาง กรีน เอ็นเนอร์ยี่ จำกัด (มหาชน),วิศวกรรมศาสตร์และเทคโนโลยี,วิศวกรรมเคมี,สุราษฎร์ธานี,9.177178,99.320794
1542,การไฟฟ้าส่วนภูมิภาค เขต 2 ภาคใต้ จังหวัดนครศรีธรรมราช,วิศวกรรมศาสตร์และเทคโนโลยี,วิศวกรรมไฟฟ้า,นครศรีธรรมราช,8.436737,99.978582
1543,บริษัท คลองหลวงยูทิลิตี้ จำกัด,วิศวกรรมศาสตร์และเทคโนโลยี,วิศวกรรมไฟฟ้า,ปทุมธานี,14.028789,100.515135
1544,บริษัท คอมพลีท เอ็นจิเนียริ่ง จำกัด,วิศวกรรมศาสตร์และเทคโนโลยี,วิศวกรรมไฟฟ้า,สุราษฎร์ธานี,9.163449,99.297909
1545,บริษัท ซิซซา กรุ๊ป จำกัด,วิศวกรรมศาสตร์และเทคโนโลยี,วิศวกรรมไฟฟ้า,กรุงเทพมหานคร,13.749763,100.479351
1546,บริษัท ซินโดม อิเลคทรอนิคส์ อินดัสตรี จำกัด,วิศวกรรมศาสตร์และเทคโนโลยี,วิศวกรรมไฟฟ้า,กรุงเทพมหานคร,13.726309,100.52187
1547,บริษัท ซิลิคอน คราฟท์ เทคโนโลยี จำกัด,วิศวกรรมศาสตร์และเทคโนโลยี,วิศวกรรมไฟฟ้า,กรุงเทพมหานคร,13.76513,100.502148
1548,บริษัท ซิสเท็ม ดีไซน์ เซอร์วิส จำกัด,วิศวกรรมศาสตร์และเทคโนโลยี,วิศวกรรมไฟฟ้า,ภูเก็ต,7.886121,98.419137
1549,บริษัท เซาท์ เอ็นจิเนียริ่ง แอนด์ เทคโนโลยี จำกัด,วิศวกรรมศาสตร์และเทคโนโลยี,วิศวกรรมไฟฟ้า,นนทบุรี,13.857759,100.522299
1550,บริษัท ทิพวัฒน์ คอร์ปอเรชั่น จำกัด,วิศวกรรมศาสตร์และเทคโนโลยี,วิศวกรรมไฟฟ้า,ลพบุรี,14.830965,100.62247
1551,บริษัท ทีทีซีแอล จำกัด (มหาชน),วิศวกรรมศาสตร์และเทคโนโลยี,วิศวกรรมไฟฟ้า,กรุงเทพมหานคร,13.724512,100.538375
1552,บริษัท ทีอาร์ซี คอนสตรัคชั่น จำกัด (มหาชน),วิศวกรรมศาสตร์และเทคโนโลยี,วิศวกรรมไฟฟ้า,กรุงเทพมหานคร,13.780027,100.465679
1553,บริษัท นีโอ คอนเดค จำกัด,วิศวกรรมศาสตร์และเทคโนโลยี,วิศวกรรมไฟฟ้า,ภูเก็ต,7.885781,98.369924
1554,บริษัท บางกอกชีทเม็ททัล จำกัด (มหาชน),วิศวกรรมศาสตร์และเทคโนโลยี,วิศวกรรมไฟฟ้า,สมุทรปราการ,13.625598,100.686918
1555,บริษัท เพาเวอร์ไลน์ เอ็นจิเนียริ่ง จำกัด (มหาชน),วิศวกรรมศาสตร์และเทคโนโลยี,วิศวกรรมไฟฟ้า,สงขลา,7.202768,100.467909
1556,บริษัท ฟาบริเนท จำกัด,วิศวกรรมศาสตร์และเทคโนโลยี,วิศวกรรมไฟฟ้า,ปทุมธานี,14.019778,100.556984
1557,บริษัท มูราตะ อิเล็กทรอนิกส์ (ประเทศไทย) จำกัด,วิศวกรรมศาสตร์และเทคโนโลยี,วิศวกรรมไฟฟ้า,ลำพูน,18.611615,98.984245
1558,บริษัท แมคทริค จำกัด (มหาชน),วิศวกรรมศาสตร์และเทคโนโลยี,วิศวกรรมไฟฟ้า,กรุงเทพมหานคร,13.787291,100.504177
1559,บริษัท ระบบขนส่งมวลชนกรุงเทพ จำกัด (มหาชน),วิศวกรรมศาสตร์และเทคโนโลยี,วิศวกรรมไฟฟ้า,กรุงเทพมหานคร,13.733651,100.517374
1560,บริษัท วิศวกรพล จำกัด,วิศวกรรมศาสตร์และเทคโนโลยี,วิศวกรรมไฟฟ้า,เชียงใหม่,18.757032,98.979164
1561,บริษัท วิศวภัทร์ จำกัด,วิศวกรรมศาสตร์และเทคโนโลยี,วิศวกรรมไฟฟ้า,กรุงเทพมหานคร,13.793034,100.514446
1562,บริษัท สมาร์ทเตอร์ เอ็นเนอร์ยี่ โซลูชั่น จำกัด,วิศวกรรมศาสตร์และเทคโนโลยี,วิศวกรรมไฟฟ้า,ภูเก็ต,7.915773,98.392693
1563,บริษัท สิทธิชัย อินเตอร์ กรุ๊ป จำกัด,วิศวกรรมศาสตร์และเทคโนโลยี,วิศวกรรมไฟฟ้า,ภูเก็ต,7.908316,98.378623
1564,บริษัท อนันตกาญจน์ โฮลดิ้ง คอมปานี จำกัด,วิศวกรรมศาสตร์และเทคโนโลยี,วิศวกรรมไฟฟ้า,ภูเก็ต,7.900498,98.381317
1565,บริษัท อัครโอฬาร (1996) จำกัด,วิศวกรรมศาสตร์และเทคโนโลยี,วิศวกรรมไฟฟ้า,ชลบุรี,13.35618,101.012257
1566,บริษัท อินเตอร์เนชั่นแนลโพรเจคแอดมินิสเตรชั่น จำกัด (InterPAC),วิศวกรรมศาสตร์และเทคโนโลยี,วิศวกรรมไฟฟ้า,กรุงเทพมหานคร,13.783909,100.495764
1567,บริษัท อินโนเวชั่น เทคโนโลยี จํากัด,วิศวกรรมศาสตร์และเทคโนโลยี,วิศวกรรมไฟฟ้า,กรุงเทพมหานคร,13.769313,100.536402
1568,บริษัท อีคอน พลัส จำกัด,วิศวกรรมศาสตร์และเทคโนโลยี,วิศวกรรมไฟฟ้า,กรุงเทพมหานคร,13.74544,100.466247
1569,บริษัท เอ็กโก เอ็นจิเนียนิ่ง แอนด์ เซอร์วิส จำกัด,วิศวกรรมศาสตร์และเทคโนโลยี,วิศวกรรมไฟฟ้า,ระยอง,12.702566,101.252049
1570,บริษัท เอ็นซีเอ็นเอ จำกัด,วิศวกรรมศาสตร์และเทคโนโลยี,วิศวกรรมไฟฟ้า,สมุทรปราการ,13.608648,100.681463
1571,บริษัท เอ็นเนอร์จี้ เรสปอนส์ จำกัด,วิศวกรรมศาสตร์และเทคโนโลยี,วิศวกรรมไฟฟ้า,กรุงเทพมหานคร,13.778144,100.505673
1572,บริษัท เอส.จี. แลนด์ จำกัด,วิศวกรรมศาสตร์และเทคโนโลยี,วิศวกรรมไฟฟ้า,กรุงเทพมหานคร,13.762873,100.471031
1573,บริษัท แอดวานซ์ อินโฟร์ เซอร์วิส จำกัด (มหาชน) สุราษฎร์ธานี,วิศวกรรมศาสตร์และเทคโนโลยี,วิศวกรรมไฟฟ้า,สุราษฎร์ธานี,9.151187,99.296632
1574,ฝ่ายปฏิบัติการและบำรุงรักษา การไฟฟ้าส่วนภูมิภาค เขต 3 ภาคใต้,วิศวกรรมศาสตร์และเทคโนโลยี,วิศวกรรมไฟฟ้า,สงขลา,7.17277,100.503916
1575,โรงไฟฟ้าจะนะ การไฟฟ้าฝ่ายผลิตแห่งประเทศไทย,วิศวกรรมศาสตร์และเทคโนโลยี,วิศวกรรมไฟฟ้า,สงขลา,7.212505,100.479621
1576,โรงแยกก๊าซธรรมชาติขนอม บริษัท ปตท. จำกัด (มหาชน),วิศวกรรมศาสตร์และเทคโนโลยี,วิศวกรรมไฟฟ้า,นครศรีธรรมราช,8.430993,99.934899
1577,ห้างหุ้นส่วนจำกัด มารูนเทคเอ็นจิเนียริ่ง,วิศวกรรมศาสตร์และเทคโนโลยี,วิศวกรรมไฟฟ้า,สงขลา,7.178484,100.46084
1578,บริษัท จาร์ดีน เอ็นจิเนียริ่ง จำกัด,วิศวกรรมศาสตร์และเทคโนโลยี,วิศวกรรมไฟฟ้า,กรุงเทพมหานคร,13.787163,100.53724
1579,บริษัท พีเออี (ประเทศไทย) จำกัด (มหาชน),วิศวกรรมศาสตร์และเทคโนโลยี,วิศวกรรมไฟฟ้า,สงขลา,7.164624,100.452479
1580,บริษัท แพลนนิ่ง เอ็นจิเนียริ่ง ดีเวลล็อปเมนท์ จำกัด,วิศวกรรมศาสตร์และเทคโนโลยี,วิศวกรรมไฟฟ้า,สมุทรปราการ,13.601196,100.684588
1581,บริษัท มิว เอ็นจิเนียริ่ง ซิสเท็ม จำกัด,วิศวกรรมศาสตร์และเทคโนโลยี,วิศวกรรมไฟฟ้า,ภูเก็ต,7.887447,98.363877
1582,บริษัท อนาล็อก ดีไวเซส (ประเทศไทย) จำกัด,วิศวกรรมศาสตร์และเทคโนโลยี,วิศวกรรมไฟฟ้า,ชลบุรี,13.352916,100.963037
1583,บริษัท อีเลคตริคคอล โปรเจคท์ จำกัด,วิศวกรรมศาสตร์และเทคโนโลยี,วิศวกรรมไฟฟ้า,ภูเก็ต,7.884489,98.402508
1584,บริษัท อีเอ็มเอส เอ็นจิเนียริ่ง จำกัด,วิศวกรรมศาสตร์และเทคโนโลยี,วิศวกรรมไฟฟ้า,ภูเก็ต,7.855987,98.403593
1585,บริษัท เอ็มไลน์ เอ็นจิเนียริ่ง จำกัด,วิศวกรรมศาสตร์และเทคโนโลยี,วิศวกรรมไฟฟ้า,กรุงเทพมหานคร,13.724552,100.47059
1586,บริษัท ไทยสแตนเลย์การไฟฟ้า จำกัด (มหาชน),วิศวกรรมศาสตร์และเทคโนโลยี,วิศวกรรมไฟฟ้า,ปทุมธานี,13.988787,100.554595
1587,บริษัท เอ็นซีเอ็นเอ กรุ๊ป จำกัด,วิศวกรรมศาสตร์และเทคโนโลยี,วิศวกรรมไฟฟ้า,สมุทรปราการ,13.639545,100.703342
1588,บริษัท ธาร์ณัส จำกัด,วิศวกรรมศาสตร์และเทคโนโลยี,วิศวกรรมไฟฟ้า,กรุงเทพมหานคร,13.719067,100.536087
1589,บริษัท ฐปกร เอ็นจิเนียริ่ง ซิสเต็ม จำกัด,วิศวกรรมศาสตร์และเทคโนโลยี,วิศวกรรมไฟฟ้า,ภูเก็ต,7.888256,98.413645
1590,บริษัท ไทย ซัมมิท โอโตพาร์ท อินดัสตรี จำกัด,วิศวกรรมศาสตร์และเทคโนโลยี,วิศวกรรมไฟฟ้า,สมุทรปราการ,13.606424,100.698138
1591,บริษัท คริสเตียนีและนีลเส็น (ไทย) จำกัด (มหาชน),วิศวกรรมศาสตร์และเทคโนโลยี,วิศวกรรมโยธา,กรุงเทพมหานคร,13.721592,100.465161
1592,บริษัท คอนสตรัคชั่น ไลนส์ จำกัด,วิศวกรรมศาสตร์และเทคโนโลยี,วิศวกรรมโยธา,กรุงเทพมหานคร,13.774012,100.464519
1593,บริษัท คอร์ เทคโนโลยี คอนซัลแต้นส์ จำกัด,วิศวกรรมศาสตร์และเทคโนโลยี,วิศวกรรมโยธา,นนทบุรี,13.841873,100.532875
1594,บริษัท เคเทค คอนสตรัคชั่น จำกัด (มหาชน),วิศวกรรมศาสตร์และเทคโนโลยี,วิศวกรรมโยธา,กรุงเทพมหานคร,13.760363,100.514273
1595,บริษัท เคเอ็มไอที คอนสตรัคชั่น จำกัด,วิศวกรรมศาสตร์และเทคโนโลยี,วิศวกรรมโยธา,ภูเก็ต,7.862749,98.42854
1596,บริษัท ช.การช่าง จำกัด (มหาชน),วิศวกรรมศาสตร์และเทคโนโลยี,วิศวกรรมโยธา,กรุงเทพมหานคร,13.792598,100.473111
1597,บริษัท เชียงใหม่ริมดอย จํากัด (มหาชน),วิศวกรรมศาสตร์และเทคโนโลยี,วิศวกรรมโยธา,สุราษฎร์ธานี,9.175218,99.331997
1598,บริษัท ซินเท็ค คอนสตรัคชั่น จำกัด (มหาชน),วิศวกรรมศาสตร์และเทคโนโลยี,วิศวกรรมโยธา,กรุงเทพมหานคร,13.739189,100.469022
1599,บริษัท ซิโน - ไทย เอ็นจีเนียริ่ง แอนด์ คอนสตรัคชั่น จำกัด (มหาชน),วิศวกรรมศาสตร์และเทคโนโลยี,วิศวกรรมโยธา,กรุงเทพมหานคร,13.751103,100.47493
1600,บริษัท ซีฟโก้ จำกัด (มหาชน),วิศวกรรมศาสตร์และเทคโนโลยี,วิศวกรรมโยธา,กรุงเทพมหานคร,13.728774,100.488608
1601,บริษัท ทวีมงคลก่อสร้าง (2000) จำกัด,วิศวกรรมศาสตร์และเทคโนโลยี,วิศวกรรมโยธา,กรุงเทพมหานคร,13.719067,100.494499
1602,บริษัท ที.แอล.เอช เอ็นจิเนียริ่ง จำกัด,วิศวกรรมศาสตร์และเทคโนโลยี,วิศวกรรมโยธา,กรุงเทพมหานคร,13.718109,100.519422
1603,บริษัท ทีม คอนซัลติ้ง เอนจิเนียริ่ง แอนด์ แมเนจเมนท์ จำกัด (มหาชน),วิศวกรรมศาสตร์และเทคโนโลยี,วิศวกรรมโยธา,กรุงเทพมหานคร,13.748734,100.463252
1604,บริษัท ทีม คอนสตรัคชั่น แมเนจเมนท์ จำกัด,วิศวกรรมศาสตร์และเทคโนโลยี,วิศวกรรมโยธา,กรุงเทพมหานคร,13.738216,100.520331
1605,บริษัท ไทยโพลีคอนส์ จำกัด (มหาชน),วิศวกรรมศาสตร์และเทคโนโลยี,วิศวกรรมโยธา,กรุงเทพมหานคร,13.779909,100.514166
1606,บริษัท นันทวัน จำกัด (Thai Obayashi),วิศวกรรมศาสตร์และเทคโนโลยี,วิศวกรรมโยธา,กรุงเทพมหานคร,13.782552,100.482857
1607,บริษัท โปรเจค แพลนนิ่ง เซอร์วิส จำกัด (มหาชน),วิศวกรรมศาสตร์และเทคโนโลยี,วิศวกรรมโยธา,กรุงเทพมหานคร,13.792467,100.471946
1608,บริษัท โปรบิลด์สมุย ดีเวลลอปเมนท์ จำกัด,วิศวกรรมศาสตร์และเทคโนโลยี,วิศวกรรมโยธา,สุราษฎร์ธานี,9.1165,99.343156
1609,บริษัท พรูเด้นท์ บิวเดอร์ จำกัด,วิศวกรรมศาสตร์และเทคโนโลยี,วิศวกรรมโยธา,ภูเก็ต,7.91515,98.384409
1610,บริษัท พฤกษา เรียลเอสเตท จำกัด (มหาชน),วิศวกรรมศาสตร์และเทคโนโลยี,วิศวกรรมโยธา,กรุงเทพมหานคร,13.729134,100.497305
1611,บริษัท พีเจซี วูด จำกัด,วิศวกรรมศาสตร์และเทคโนโลยี,วิศวกรรมโยธา,สุราษฎร์ธานี,9.099635,99.354136
1612,บริษัท เพชรอุดมเอ็นเตอร์ไพรส์ จำกัด,วิศวกรรมศาสตร์และเทคโนโลยี,วิศวกรรมโยธา,ปทุมธานี,14.054546,100.490051
1613,บริษัท ภูเก็ตไนน์ จำกัด,วิศวกรรมศาสตร์และเทคโนโลยี,วิศวกรรมโยธา,ภูเก็ต,7.917609,98.389783
1614,บริษัท วสี จำกัด,วิศวกรรมศาสตร์และเทคโนโลยี,วิศวกรรมโยธา,ภูเก็ต,7.899949,98.358977
1615,บริษัท วินซี คอนสตรัคชั่น จำกัด,วิศวกรรมศาสตร์และเทคโนโลยี,วิศวกรรมโยธา,กรุงเทพมหานคร,13.772234,100.525373
1616,บริษัท ศุภาลัย จำกัด (มหาชน),วิศวกรรมศาสตร์และเทคโนโลยี,วิศวกรรมโยธา,กรุงเทพมหานคร,13.784474,100.518127
1617,บริษัท สโตนเฮ้นจ์ อินเตอร์ จำกัด (มหาชน),วิศวกรรมศาสตร์และเทคโนโลยี,วิศวกรรมโยธา,กรุงเทพมหานคร,13.719003,100.532333
1618,บริษัท แสนสิริ จำกัด (มหาชน),วิศวกรรมศาสตร์และเทคโนโลยี,วิศวกรรมโยธา,กรุงเทพมหานคร,13.757289,100.514229
1619,บริษัท อนันดา ดีเวลลอปเม้นท์ จํากัด (มหาชน),วิศวกรรมศาสตร์และเทคโนโลยี,วิศวกรรมโยธา,กรุงเทพมหานคร,13.793646,100.53225
1620,บริษัท ออกซิเจนเรียลเอสเตท จำกัด,วิศวกรรมศาสตร์และเทคโนโลยี,วิศวกรรมโยธา,สงขลา,7.183836,100.475072
1621,บริษัท อาร์คิเทคเชอแรล เอ็นจิเนียริ่ง 49 (ภูเก็ต) จำกัด,วิศวกรรมศาสตร์และเทคโนโลยี,วิศวกรรมโยธา,ภูเก็ต,7.873054,98.362531
1622,บริษัท เอ็กซ์ตร้า คอนสตรัคชั่นแอนด์ดีไซน์ จำกัด,วิศวกรรมศาสตร์และเทคโนโลยี,วิศวกรรมโยธา,สุราษฎร์ธานี,9.130268,99.304276
1623,บริษัท เอสซีจี 1995 จำกัด,วิศวกรรมศาสตร์และเทคโนโลยี,วิศวกรรมโยธา,สุราษฎร์ธานี,9.155851,99.311673
1624,บริษัท แอสคอนคอนสตรัคชั่น จำกัด (มหาชน),วิศวกรรมศาสตร์และเทคโนโลยี,วิศวกรรมโยธา,กรุงเทพมหานคร,13.776689,100.534153
1625,กรมทางหลวงชนบท,วิศวกรรมศาสตร์และเทคโนโลยี,วิศวกรรมโยธา,สงขลา,7.151671,100.475124
1626,โครงการชลประทานพัทลุง,วิศวกรรมศาสตร์และเทคโนโลยี,วิศวกรรมโยธา,พัทลุง,7.580578,100.13743
1627,บริษัท 22 คอนซัลเต้นท์ แอนด์ แมเนจเม้นท์ จำกัด,วิศวกรรมศาสตร์และเทคโนโลยี,วิศวกรรมโยธา,กรุงเทพมหานคร,13.779111,100.488712
1628,บริษัท 7 มกรา พลัส จำกัด,วิศวกรรมศาสตร์และเทคโนโลยี,วิศวกรรมโยธา,กรุงเทพมหานคร,13.740289,100.476095
1629,บริษัท แกรนด์ซีโอ เอ็นจิเนียริ่ง จำกัด,วิศวกรรมศาสตร์และเทคโนโลยี,วิศวกรรมโยธา,กรุงเทพมหานคร,13.789546,100.501166
1630,บริษัท ขั้นเทพ การช่าง จำกัด,วิศวกรรมศาสตร์และเทคโนโลยี,วิศวกรรมโยธา,สมุทรปราการ,13.637899,100.645082
1631,บริษัท เจโต โฮม จำกัด,วิศวกรรมศาสตร์และเทคโนโลยี,วิศวกรรมโยธา,ภูเก็ต,7.854885,98.394422
1632,บริษัท ซี.ซี. จักรกลและก่อสร้าง จำกัด,วิศวกรรมศาสตร์และเทคโนโลยี,วิศวกรรมโยธา,นครศรีธรรมราช,8.428113,99.925191
1633,บริษัท ฐานิดา ก่อสร้าง จำกัด,วิศวกรรมศาสตร์และเทคโนโลยี,วิศวกรรมโยธา,สมุทรปราการ,13.574251,100.68216
1634,บริษัท ทรัสตี้โปรเจคแมเนจเมนต์ จำกัด,วิศวกรรมศาสตร์และเทคโนโลยี,วิศวกรรมโยธา,กรุงเทพมหานคร,13.720493,100.470905
1635,บริษัท แทนเจนต์ เอ็นจิเนียริ่ง จำกัด,วิศวกรรมศาสตร์และเทคโนโลยี,วิศวกรรมโยธา,นครนายก,14.212389,101.189933
1636,บริษัท สยามมัลติคอน จำกัด,วิศวกรรมศาสตร์และเทคโนโลยี,วิศวกรรมโยธา,กรุงเทพมหานคร,13.725035,100.510208
1637,บริษัท เอส เอส เอส แอนด์ พี เอ็นจิเนียริ่ง ซัพพลาย จำกัด,วิศวกรรมศาสตร์และเทคโนโลยี,วิศวกรรมโยธา,กรุงเทพมหานคร,13.768065,100.509323
1638,บริษัท เอคอนส์ เอ็นจิเนียริ่ง จำกัด,วิศวกรรมศาสตร์และเทคโนโลยี,วิศวกรรมโยธา,ปทุมธานี,14.0082,100.545817
1639,บริษัท เวิลด์ คอนสตรัคชั่น แอนด์ เอนยิเนียริ่ง จำกัด,วิศวกรรมศาสตร์และเทคโนโลยี,วิศวกรรมโยธา,ภูเก็ต,7.840876,98.430067
1640,บริษัท ซีวิล เอนจิเนียริ่ง จำกัด (มหาชน),วิศวกรรมศาสตร์และเทคโนโลยี,วิศวกรรมโยธา,กรุงเทพมหานคร,13.725069,100.539245
1641,บริษัท บีวาย ชีวิลเอ็นจิเนียริ่ง ดีไซน์ แอนด์ คอนเซาท์แตนท์ จำกัด,วิศวกรรมศาสตร์และเทคโนโลยี,วิศวกรรมโยธา,สมุทรปราการ,13.635474,100.677487
1642,สำนักงานทางหลวงที่ 16 กรมทางหลวง,วิศวกรรมศาสตร์และเทคโนโลยี,วิศวกรรมโยธา,นครศรีธรรมราช,8.419311,99.943535
1643,สำนักงานชลประทานที่ 16 กรมชลประทาน กระทรวงฯเกษตรและสหกรณ์,วิศวกรรมศาสตร์และเทคโนโลยี,วิศวกรรมโยธา,สงขลา,7.188653,100.440494
1644,ศูนย์สร้างทางสงขลา สำนักก่อสร้างทางที่ 2 กรมทางหลวง,วิศวกรรมศาสตร์และเทคโนโลยี,วิศวกรรมโยธา,สงขลา,7.161974,100.471998
1645,บริษัท เอจี คอนสตรัคชั่น ภูเก็ต จำกัด,วิศวกรรมศาสตร์และเทคโนโลยี,วิศวกรรมโยธา,ภูเก็ต,7.866211,98.403876
1646,บริษัท เอส.อาร์.แอล. เอ็นจิเนียริ่ง แอนด์ คอนสตรัคชั่น จำกัด,วิศวกรรมศาสตร์และเทคโนโลยี,วิศวกรรมโยธา,นครศรีธรรมราช,8.404241,99.979852
1647,บริษัท พรศิวะ 999 การก่อสร้าง จำกัด,วิศวกรรมศาสตร์และเทคโนโลยี,วิศวกรรมโยธา,สุราษฎร์ธานี,9.162952,99.337049
1648,แขวงทางหลวงชนบทชุมพร,วิศวกรรมศาสตร์และเทคโนโลยี,วิศวกรรมโยธา,ชุมพร,10.519405,99.212977
1649,บริษัท ขยันการเกียรติ จำกัด,วิศวกรรมศาสตร์และเทคโนโลยี,วิศวกรรมโยธา,ภูเก็ต,7.844442,98.367943
1650,บริษัท เอ็น คอนส์ แอนด์ บิลท์ จำกัด,วิศวกรรมศาสตร์และเทคโนโลยี,วิศวกรรมโยธา,นนทบุรี,13.857439,100.501609
1651,บริษัท บูรพาคอนกรีต แอนด์ คอนสตรัคชั่น จำกัด,วิศวกรรมศาสตร์และเทคโนโลยี,วิศวกรรมโยธา,จันทบุรี,12.575758,102.117907
1652,บริษัท บวิค - ไทย จำกัด,วิศวกรรมศาสตร์และเทคโนโลยี,วิศวกรรมโยธา,นนทบุรี,13.84003,100.482279
1653,บริษัท อัลลายแอนซ์ คอร์ป จำกัด,วิศวกรรมศาสตร์และเทคโนโลยี,วิศวกรรมโยธา,ภูเก็ต,7.900327,98.425818
1654,บริษัท เอส.โอ.เอ็น. เอ็นจิเนียริ่ง จำกัด,วิศวกรรมศาสตร์และเทคโนโลยี,วิศวกรรมโยธา,นราธิวาส,6.424174,101.832209
1655,บริษัท เสริมสงวนก่อสร้าง จำกัด จังหวัดกระบี่,วิศวกรรมศาสตร์และเทคโนโลยี,วิศวกรรมโยธา,กระบี่,8.056853,98.89225
1656,สำนักงานทางหลวงชนบทที่ 12 (สงขลา) กรมทางหลวงชนบท,วิศวกรรมศาสตร์และเทคโนโลยี,วิศวกรรมโยธา,สงขลา,7.156797,100.442583
1657,บริษัท โซนี่ เทคโนโลยี ประเทศไทย จำกัด สำนักงานใหญ่,วิศวกรรมศาสตร์และเทคโนโลยี,วิศวกรรมเครื่องกล,ชลบุรี,13.391066,101.009996
1658,บริษัท เบลตัน อินดัสเตรียล (ประเทศไทย) จำกัด,วิศวกรรมศาสตร์และเทคโนโลยี,วิศวกรรมเครื่องกล,พระนครศรีอยุธยา,14.36488,100.624503
1659,บริษัท ฟลอยด์ จำกัด (มหาชน),วิศวกรรมศาสตร์และเทคโนโลยี,วิศวกรรมเครื่องกล,นนทบุรี,13.851415,100.551622
1660,บริษัท อุตสาหกรรมการบิน จำกัด,วิศวกรรมศาสตร์และเทคโนโลยี,วิศวกรรมเครื่องกล,กรุงเทพมหานคร,13.724869,100.502122
1661,บริษัท แคเรียร์ (ประเทศไทย) จำกัด,วิศวกรรมศาสตร์และเทคโนโลยี,วิศวกรรมเครื่องกล,กรุงเทพมหานคร,13.765287,100.518175
1662,บริษัท ซีเนียร์ แอโรสเปซ (ไทยแลนด์) จำกัด,วิศวกรรมศาสตร์และเทคโนโลยี,วิศวกรรมเครื่องกล,กรุงเทพมหานคร,13.75504,100.475674
1663,Belton Industrial Thailand Ltd.,วิศวกรรมศาสตร์และเทคโนโลยี,วิศวกรรมเครื่องกล,กรุงเทพมหานคร,13.759354,100.478861
1664,บริษัท เบลตัน อินดัสเตรียล (ประเทศไทย) จำกัด จังหวัดพระนครศรีอยุธยา,วิศวกรรมศาสตร์และเทคโนโลยี,วิศวกรรมเครื่องกล,พระนครศรีอยุธยา,14.352316,100.622513
1665,ธนาคารกรุงไทย จำกัด (มหาชน) สำนักงานใหญ่,การบัญชีและการเงิน,เศรษฐศาสตร์,กรุงเทพมหานคร,13.768403,100.533834
1666,ธนาคารพัฒนาวิสาหกิจขนาดกลางและขนาดย่อมแห่งประเทศไทย,การบัญชีและการเงิน,เศรษฐศาสตร์,กรุงเทพมหานคร,13.743442,100.473851
1667,ธนาคารพัฒนาวิสาหกิจขนาดกลางและขนาดย่อมแห่งประเทศไทย สาขานครศรีธรรมราช,การบัญชีและการเงิน,เศรษฐศาสตร์,นครศรีธรรมราช,8.418937,99.976532
1668,บริษัท เดอะบิสซิเนส รีเสิร์ช สเปเชียลลิสต์ จำกัด,การบัญชีและการเงิน,เศรษฐศาสตร์,กรุงเทพมหานคร,13.746461,100.51085
1669,บริษัท ทริส คอร์ปอเรชั่น จำกัด,การบัญชีและการเงิน,เศรษฐศาสตร์,กรุงเทพมหานคร,13.734979,100.495586
1670,บริษัท บริหารสินทรัพย์ สุขุมวิท จำกัด,การบัญชีและการเงิน,เศรษฐศาสตร์,กรุงเทพมหานคร,13.786448,100.501339
1671,บริษัท บริหารสินทรัพย์กรุงเทพพาณิชย์ จำกัด (มหาชน) สำนักงานนครศรีธรรมราช,การบัญชีและการเงิน,เศรษฐศาสตร์,นครศรีธรรมราช,8.407751,99.923155
1672,บริษัท หลักทรัพย์หยวนต้า (ประเทศไทย) จำกัด สำนักงานจังหวัดนครศรีธรรมราช,การบัญชีและการเงิน,เศรษฐศาสตร์,นครศรีธรรมราช,8.431271,99.936824
1673,บริษัท เอ็ม บี เค เรียล เอสเตท จํากัด,การบัญชีและการเงิน,เศรษฐศาสตร์,กรุงเทพมหานคร,13.778675,100.528288
1674,บริษัทบริหารสินทรัพย์ กรุงเทพพาณิชย์ จำกัด (มหาชน),การบัญชีและการเงิน,เศรษฐศาสตร์,นครปฐม,13.800695,100.014823
1675,สำนักงบประมาณ,การบัญชีและการเงิน,เศรษฐศาสตร์,กรุงเทพมหานคร,13.732885,100.520824
1676,สำนักงานเทศบาล,การบัญชีและการเงิน,เศรษฐศาสตร์,ชุมพร,10.4958,99.153213
1677,สำนักงานบริหารหนี้สาธารณะ กระทรวงการคลัง,การบัญชีและการเงิน,เศรษฐศาสตร์,กรุงเทพมหานคร,13.775859,100.482853
1678,สำนักงานแรงงานไทยในประเทศสิงคโปร์,การบัญชีและการเงิน,เศรษฐศาสตร์,สิงคโปร์,,
1679,สำนักงานเศรษฐกิจการเกษตร,การบัญชีและการเงิน,เศรษฐศาสตร์,กรุงเทพมหานคร,13.723509,100.490339
1680,สำนักงานเศรษฐกิจการเกษตร เขต 8,การบัญชีและการเงิน,เศรษฐศาสตร์,สุราษฎร์ธานี,9.158618,99.348485
1681,สำนักงานส่งเสริมการค้าในต่างประเทศ ณ สิงคโปร์,การบัญชีและการเงิน,เศรษฐศาสตร์,สิงคโปร์,,
1682,สำนักงานสถิติแห่งชาติ,การบัญชีและการเงิน,เศรษฐศาสตร์,กรุงเทพมหานคร,13.784074,100.486214
1683,ธนาคารเพื่อการเกษตรและสหกรณ์การเกษตร,การบัญชีและการเงิน,เศรษฐศาสตร์,กรุงเทพมหานคร,13.727631,100.494752
1684,ธนาคารเพื่อการเกษตรและสหกรณ์การเกษตร (ธ.ก.ส.) สาขาหัวไทร,การบัญชีและการเงิน,เศรษฐศาสตร์,ปัตตานี,6.865128,101.244562
1685,ธนาคารเพื่อการเกษตรและสหกรณ์การเกษตร สาขาเกาะสมุย,การบัญชีและการเงิน,เศรษฐศาสตร์,สุราษฎร์ธานี,9.112865,99.281901
1686,ธนาคารเพื่อการเกษตรและสหกรณ์การเกษตร สาขาทวดทอง,การบัญชีและการเงิน,เศรษฐศาสตร์,นครศรีธรรมราช,8.41173,99.928192
1687,ธนาคารเพื่อการเกษตรและสหกรณ์การเกษตร สาขาบ้านนาเดิม,การบัญชีและการเงิน,เศรษฐศาสตร์,สุราษฎร์ธานี,9.147136,99.309885
1688,ธนาคารเพื่อการเกษตรและสหกรณ์การเกษตร สาขาระนอง,การบัญชีและการเงิน,เศรษฐศาสตร์,ระนอง,9.986201,98.573304
1689,ธนาคารเพื่อการเกษตรและสหกรณ์การเกษตร สาขาหาดใหญ่,การบัญชีและการเงิน,เศรษฐศาสตร์,สงขลา,7.201379,100.479204
1690,ธนาคารอาคารสงเคราะห์ สาขานครศรีธรรมราช,การบัญชีและการเงิน,เศรษฐศาสตร์,นครศรีธรรมราช,8.440958,99.999629
1691,บริษัท หลักทรัพย์ พาย จำกัด (มหาชน),การบัญชีและการเงิน,เศรษฐศาสตร์,กรุงเทพมหานคร,13.794334,100.514344
1692,สำนักงานเกษตรและสหกรณ์จังหวัดสุราษฎร์ธานี,การบัญชีและการเงิน,เศรษฐศาสตร์,สุราษฎร์ธานี,9.155229,99.325496
1693,สำนักงานคลังจังหวัดสุราษฎร์ธานี,การบัญชีและการเงิน,เศรษฐศาสตร์,สุราษฎร์ธานี,9.174713,99.301816
1694,สำนักงานสหกรณ์จังหวัดตรัง,การบัญชีและการเงิน,เศรษฐศาสตร์,ตรัง,7.571027,99.604733
1695,สมาคมบริษัทจัดการลงทุน (AIMC),การบัญชีและการเงิน,เศรษฐศาสตร์,กรุงเทพมหานคร,13.727653,100.513586
1696,สำนักงานส่งเสริมเศรษฐกิจดิจิทัล,การบัญชีและการเงิน,เศรษฐศาสตร์,กรุงเทพมหานคร,13.776281,100.482825
1697,สำนักงานการตรวจเงินแผ่นดิน,การบัญชีและการเงิน,เศรษฐศาสตร์,กรุงเทพมหานคร,13.760102,100.532027
1698,สำนักงานพัฒนาเศรษฐกิจและสังคมภาคใต้,การบัญชีและการเงิน,เศรษฐศาสตร์,สงขลา,7.152066,100.492426
1699,ธนาคารพัฒนาวิสาหกิจขนาดกลางและขนาดย่อมแห่งประเทศไทย สาขาหาดใหญ่,การบัญชีและการเงิน,เศรษฐศาสตร์,นครศรีธรรมราช,8.399736,99.981817
1700,ธนาคารเพื่อการเกษตรและสหกรณ์การเกษตร จังหวัดนครศรีธรรมราช,การบัญชีและการเงิน,เศรษฐศาสตร์,นครศรีธรรมราช,8.439192,99.954466
1701,ธนาคารออมสิน เขตสงขลา 1,การบัญชีและการเงิน,เศรษฐศาสตร์,สงขลา,7.203481,100.47638
1702,ธนาคารออมสิน ภาค 18,การบัญชีและการเงิน,เศรษฐศาสตร์,สงขลา,7.142373,100.452856
1703,บริษัท บริหารสินทรัพย์กรุงเทพพาณิชย์ จำกัด ฝ่ายพัฒนาสินทรัพย์ภาคใต้ตอนล่าง,การบัญชีและการเงิน,เศรษฐศาสตร์,ชุมพร,10.516713,99.163534
1704,บริษัท ดีลอินเวส จำกัด,การบัญชีและการเงิน,เศรษฐศาสตร์,กรุงเทพมหานคร,13.771249,100.498303
1705,บริษัท ไพร์ม โกลบอล แอสเสท จำกัด,การบัญชีและการเงิน,เศรษฐศาสตร์,ภูเก็ต,7.916029,98.391771
1706,บริษัท มีเดีย แอสโซซิเอตเต็ด จำกัด,การบัญชีและการเงิน,เศรษฐศาสตร์,กรุงเทพมหานคร,13.786224,100.507152
1707,ธนาคารออมสิน สาขาท่าศาลา,การบัญชีและการเงิน,เศรษฐศาสตร์,นครศรีธรรมราช,8.432888,99.982527
1708,ธนาคารเพื่อการเกษตรและสหกรณ์การเกษตร สาขาท่าศาลา,การบัญชีและการเงิน,เศรษฐศาสตร์,นครศรีธรรมราช,8.404499,99.973871
1709,ธนาคารเพื่อการเกษตรและสหกรณ์การเกษตร สาขาสุราษฎร์ธานี,การบัญชีและการเงิน,เศรษฐศาสตร์,สุราษฎร์ธานี,9.138339,99.317069
1710,ส่วนอาคารสถานที่ มหาวิทยาลัยวลัยลักษณ์,สถาปัตยกรรมศาสตร์และการออกแบบ,สถาปัตยกรรมศาสตร์,นครศรีธรรมราช,8.431759,99.942516
1711,บริษัท อีโค่ อาร์คิเทค จำกัด (สาขาภูเก็ต),สถาปัตยกรรมศาสตร์และการออกแบบ,สถาปัตยกรรมศาสตร์,ภูเก็ต,7.883782,98.359352
1712,บริษัท ทริพเพิลทู ดีไซน์ สตูดิโอ จำกัด,สถาปัตยกรรมศาสตร์และการออกแบบ,สถาปัตยกรรมศาสตร์,ภูเก็ต,7.880181,98.371897
1713,บริษัท วอลลูม แมททริกส์ สตูดิโอ จำกัด,สถาปัตยกรรมศาสตร์และการออกแบบ,สถาปัตยกรรมศาสตร์,กรุงเทพมหานคร,13.748763,100.530799
1714,บริษัท รูฟดีไซน์ แอนด์ แมเนจเม้นท์ จำกัด,สถาปัตยกรรมศาสตร์และการออกแบบ,สถาปัตยกรรมศาสตร์,ภูเก็ต,7.910195,98.379182
1715,บริษัท ไฮโปธีสีส จำกัด,สถาปัตยกรรมศาสตร์และการออกแบบ,สถาปัตยกรรมศาสตร์,กรุงเทพมหานคร,13.737208,100.498054
1716,บริษัท อาซาว่า อาร์คิเทค จำกัด,สถาปัตยกรรมศาสตร์และการออกแบบ,สถาปัตยกรรมศาสตร์,นครศรีธรรมราช,8.407201,99.947317
1717,ห้างหุ้นส่วนจำกัด โฮมเบส คอนสตรัคชั่น,สถาปัตยกรรมศาสตร์และการออกแบบ,สถาปัตยกรรมศาสตร์,สุราษฎร์ธานี,9.152214,99.296749
1718,บริษัท เอสเอ็ม.ทีเอช คอนสตรักชั่น จำกัด (สถาปนิกมุสลิมเพื่อชุมชน),สถาปัตยกรรมศาสตร์และการออกแบบ,สถาปัตยกรรมศาสตร์,สตูล,6.620264,100.030672
1719,บริษัท นัมเบอร์ทเวลฟท จำกัด,สถาปัตยกรรมศาสตร์และการออกแบบ,สถาปัตยกรรมศาสตร์,ภูเก็ต,7.893171,98.389353
1720,บริษัท สตูดิโอ มิติ จำกัด,สถาปัตยกรรมศาสตร์และการออกแบบ,สถาปัตยกรรมศาสตร์,กรุงเทพมหานคร,13.792058,100.520187
1721,บริษัท เอส.โอ.เอส อาร์คิเทคส์ จำกัด,สถาปัตยกรรมศาสตร์และการออกแบบ,สถาปัตยกรรมศาสตร์,เชียงใหม่,18.753747,98.992074
1722,บริษัท สารมาศ ดีเวลลอปเม้นท์ จำกัด,สถาปัตยกรรมศาสตร์และการออกแบบ,สถาปัตยกรรมศาสตร์,กระบี่,8.072088,98.902437
1723,บริษัท วีอาร์คอนซัลแตนท์ แอนด์ เซอร์วิส จำกัด,สถาปัตยกรรมศาสตร์และการออกแบบ,สถาปัตยกรรมศาสตร์,กรุงเทพมหานคร,13.781473,100.47187
1724,บริษัท 9ดี สถาปนิก จำกัด,สถาปัตยกรรมศาสตร์และการออกแบบ,สถาปัตยกรรมศาสตร์,ภูเก็ต,7.885522,98.353846
1725,บริษัท เอ็มสเปซ จำกัด,สถาปัตยกรรมศาสตร์และการออกแบบ,สถาปัตยกรรมศาสตร์,กรุงเทพมหานคร,13.722656,100.534042
1726,บริษัท สถาปนิก 49 (ภูเก็ต) จำกัด,สถาปัตยกรรมศาสตร์และการออกแบบ,สถาปัตยกรรมศาสตร์,ภูเก็ต,7.872355,98.376622
1727,บริษัท ไอ วิว ดีไซต์ สตูดิโอ จำกัด,สถาปัตยกรรมศาสตร์และการออกแบบ,สถาปัตยกรรมศาสตร์,กรุงเทพมหานคร,13.76735,100.533121
1728,ห้างหุ้นส่วนจำกัด ฟอร์แปลนกรุ๊ป,สถาปัตยกรรมศาสตร์และการออกแบบ,สถาปัตยกรรมศาสตร์,นครศรีธรรมราช,8.470583,99.949852
1729,บริษัท ทรัพย์เปอร์ จำกัด,สถาปัตยกรรมศาสตร์และการออกแบบ,สถาปัตยกรรมศาสตร์,สงขลา,7.172628,100.469102
1730,ห้างหุ้นส่วนกระบี่สถาปัตย์,สถาปัตยกรรมศาสตร์และการออกแบบ,สถาปัตยกรรมศาสตร์,กระบี่,8.082394,98.890232
1731,บริษัท แพลนนิ่ง แอนด์ แม๊ปปิ้ง คอนเซาแทนต์ จำกัด,สถาปัตยกรรมศาสตร์และการออกแบบ,สถาปัตยกรรมศาสตร์,สงขลา,7.177275,100.509057
1732,บริษัท วอลลาเซีย จำกัด,สถาปัตยกรรมศาสตร์และการออกแบบ,สถาปัตยกรรมศาสตร์,กรุงเทพมหานคร,13.722307,100.481746
1733,บริษัท อีโค่ อาร์คิเทค จำกัด (สาขากรุงเทพ),สถาปัตยกรรมศาสตร์และการออกแบบ,สถาปัตยกรรมศาสตร์,กรุงเทพมหานคร,13.736601,100.535415
1734,บริษัท จูน เซคิโน อาร์ดิเทคต์ แอนด์ ดีไซน์ จำกัด,สถาปัตยกรรมศาสตร์และการออกแบบ,สถาปัตยกรรมศาสตร์,กรุงเทพมหานคร,13.722949,100.466985
1735,บริษัท พอ สถาปัตย์ จำกัด,สถาปัตยกรรมศาสตร์และการออกแบบ,สถาปัตยกรรมศาสตร์,กรุงเทพมหานคร,13.736329,100.495259
1736,บริษัท การันตี สุดโปรด จำกัด,สถาปัตยกรรมศาสตร์และการออกแบบ,สถาปัตยกรรมศาสตร์,กรุงเทพมหานคร,13.74219,100.495792
1737,บริษัท เออาร์คิเทค จำกัด,สถาปัตยกรรมศาสตร์และการออกแบบ,สถาปัตยกรรมศาสตร์,กรุงเทพมหานคร,13.766971,100.483985
1738,บริษัท โมโนเทลโล จำกัด,สถาปัตยกรรมศาสตร์และการออกแบบ,สถาปัตยกรรมศาสตร์,กรุงเทพมหานคร,13.78747,100.498179
1739,"บริษัท สถาปนิกชุมชนและสิ่งแวดล้อม อาศรมศิลป์ จำกัด
",สถาปัตยกรรมศาสตร์และการออกแบบ,สถาปัตยกรรมศาสตร์,กรุงเทพมหานคร,13.771673,100.467792
1740,บริษัท น็อสทอลเจีย ดีไซน์,สถาปัตยกรรมศาสตร์และการออกแบบ,สถาปัตยกรรมศาสตร์,สงขลา,7.177835,100.436372
1741,บริษัท เวสสุ คอลลาบอเรชั่น จำกัด,สถาปัตยกรรมศาสตร์และการออกแบบ,สถาปัตยกรรมศาสตร์,กรุงเทพมหานคร,13.777484,100.508206
1742,บริษัท ออราเคิลอาคิเทค จำกัด,สถาปัตยกรรมศาสตร์และการออกแบบ,สถาปัตยกรรมศาสตร์,ภูเก็ต,7.854194,98.372954
1743,บริษัท กรีนบ๊อกซ์ ดีไซน์ จำกัด,สถาปัตยกรรมศาสตร์และการออกแบบ,สถาปัตยกรรมศาสตร์,กรุงเทพมหานคร,13.732145,100.468613
1744,บริษัท พี.เอ็ม. ดีไซน์ จำกัด,สถาปัตยกรรมศาสตร์และการออกแบบ,สถาปัตยกรรมศาสตร์,สงขลา,7.21267,100.48873
1745,บริษัท สถาปนิก วิน วรวรรณ จำกัด,สถาปัตยกรรมศาสตร์และการออกแบบ,สถาปัตยกรรมศาสตร์,กรุงเทพมหานคร,13.790222,100.518372
1746,บริษัท เอสเอสดับเบิลยู แอนด์ แอสโซซิเอทส์ จำกัด,สถาปัตยกรรมศาสตร์และการออกแบบ,สถาปัตยกรรมศาสตร์,กรุงเทพมหานคร,13.757321,100.498491
1747,บริษัท เฌอเมคเกอร์ สตูดิโอ จำกัด,สถาปัตยกรรมศาสตร์และการออกแบบ,สถาปัตยกรรมศาสตร์,เชียงใหม่,18.810508,98.985549
1748,บริษัท แวสแล็บ จำกัด,สถาปัตยกรรมศาสตร์และการออกแบบ,สถาปัตยกรรมศาสตร์,กรุงเทพมหานคร,13.736756,100.484554
1749,บริษัท สตูดิโอ อาร์คิเทค อรรถสิทธิ์ ศรีขุนทด จำกัด,สถาปัตยกรรมศาสตร์และการออกแบบ,สถาปัตยกรรมศาสตร์,สุราษฎร์ธานี,9.172669,99.349403
1750,บริษัท สถาปนิก 49 จำกัด,สถาปัตยกรรมศาสตร์และการออกแบบ,สถาปัตยกรรมศาสตร์,กรุงเทพมหานคร,13.786333,100.470435
1751,บริษัท กอปรฝัน จำกัด,สถาปัตยกรรมศาสตร์และการออกแบบ,สถาปัตยกรรมศาสตร์,กรุงเทพมหานคร,13.724994,100.482937
1752,บริษัท จั่นอาร์คิเทค จำกัด,สถาปัตยกรรมศาสตร์และการออกแบบ,สถาปัตยกรรมศาสตร์,กรุงเทพมหานคร,13.765729,100.537505
1753,บริษัท พศ.สถาปนิก จำกัด,สถาปัตยกรรมศาสตร์และการออกแบบ,สถาปัตยกรรมศาสตร์,ภูเก็ต,7.905291,98.38135
1754,บริษัท สเปซพลัส อาร์คิเทค จำกัด,สถาปัตยกรรมศาสตร์และการออกแบบ,สถาปัตยกรรมศาสตร์,สงขลา,7.184162,100.479062
1755,บริษัท นีโอ สตูดิโอ ดีไซน์ แอนด์ ดีเวลลอปเม้นท์ จำกัด,สถาปัตยกรรมศาสตร์และการออกแบบ,สถาปัตยกรรมศาสตร์,สุราษฎร์ธานี,9.110869,99.355233
1756,บริษัท พัชระ อรณิชา สถาปัตย์ จำกัด,สถาปัตยกรรมศาสตร์และการออกแบบ,สถาปัตยกรรมศาสตร์,นนทบุรี,13.854852,100.515794
1757,บริษัท สถาปนิกพอดี จำกัด,สถาปัตยกรรมศาสตร์และการออกแบบ,สถาปัตยกรรมศาสตร์,กรุงเทพมหานคร,13.787849,100.539876
1758,บริษัท สถาปนิก ไอดิน จำกัด,สถาปัตยกรรมศาสตร์และการออกแบบ,สถาปัตยกรรมศาสตร์,กรุงเทพมหานคร,13.7472,100.501305
1759,บริษัท อีโค่ อาร์คิเทค จำกัด (สาขาภูเก็ต),สถาปัตยกรรมศาสตร์และการออกแบบ,สถาปัตยกรรมศาสตร์,ภูเก็ต,7.843684,98.360628
1760,บริษัท ทริพเพิลทู ดีไซน์ สตูดิโอ จำกัด,สถาปัตยกรรมศาสตร์และการออกแบบ,สถาปัตยกรรมศาสตร์,ภูเก็ต,7.904366,98.36808
1761,บริษัท วอลลูม แมททริกส์ สตูดิโอ จำกัด,สถาปัตยกรรมศาสตร์และการออกแบบ,สถาปัตยกรรมศาสตร์,กรุงเทพมหานคร,13.778697,100.50837
1762,บริษัท รูฟดีไซน์ แอนด์ แมเนจเม้นท์ จำกัด,สถาปัตยกรรมศาสตร์และการออกแบบ,สถาปัตยกรรมศาสตร์,ภูเก็ต,7.899822,98.40523
1763,บริษัท ไฮโปธีสีส จำกัด,สถาปัตยกรรมศาสตร์และการออกแบบ,สถาปัตยกรรมศาสตร์,กรุงเทพมหานคร,13.787821,100.505655
1764,บริษัท อาซาว่า อาร์คิเทค จำกัด,สถาปัตยกรรมศาสตร์และการออกแบบ,สถาปัตยกรรมศาสตร์,นครศรีธรรมราช,8.394982,99.961448
1765,ห้างหุ้นส่วนจำกัด โฮมเบส คอนสตรัคชั่น,สถาปัตยกรรมศาสตร์และการออกแบบ,สถาปัตยกรรมศาสตร์,สุราษฎร์ธานี,9.143696,99.291677
1766,บริษัท เอสเอ็ม.ทีเอช คอนสตรักชั่น จำกัด (สถาปนิกมุสลิมเพื่อชุมชน),สถาปัตยกรรมศาสตร์และการออกแบบ,สถาปัตยกรรมศาสตร์,สตูล,6.643427,100.044238
1767,บริษัท นัมเบอร์ทเวลฟท จำกัด,สถาปัตยกรรมศาสตร์และการออกแบบ,สถาปัตยกรรมศาสตร์,ภูเก็ต,7.843694,98.410375
1768,บริษัท สตูดิโอ มิติ จำกัด,สถาปัตยกรรมศาสตร์และการออกแบบ,สถาปัตยกรรมศาสตร์,กรุงเทพมหานคร,13.775688,100.492331
1769,บริษัท เอส.โอ.เอส อาร์คิเทคส์ จำกัด,สถาปัตยกรรมศาสตร์และการออกแบบ,สถาปัตยกรรมศาสตร์,เชียงใหม่,18.764995,98.952597
1770,บริษัท สารมาศ ดีเวลลอปเม้นท์ จำกัด,สถาปัตยกรรมศาสตร์และการออกแบบ,สถาปัตยกรรมศาสตร์,กระบี่,8.108923,98.87431
1771,บริษัท วีอาร์คอนซัลแตนท์ แอนด์ เซอร์วิส จำกัด,สถาปัตยกรรมศาสตร์และการออกแบบ,สถาปัตยกรรมศาสตร์,กรุงเทพมหานคร,13.79275,100.467482
1772,บริษัท อันดามัน แอสเซท โซลูชั่น จำกัด,สถาปัตยกรรมศาสตร์และการออกแบบ,สถาปัตยกรรมศาสตร์,ภูเก็ต,7.893209,98.361518
1773,บริษัท นูเซ็น จำกัด,สถาปัตยกรรมศาสตร์และการออกแบบ,สถาปัตยกรรมศาสตร์,ภูเก็ต,7.847327,98.359949
1774,บริษัท 9ดี สถาปนิก จำกัด,สถาปัตยกรรมศาสตร์และการออกแบบ,สถาปัตยกรรมศาสตร์,ภูเก็ต,7.885163,98.423533
1775,บริษัท เอ็มสเปซ จำกัด,สถาปัตยกรรมศาสตร์และการออกแบบ,สถาปัตยกรรมศาสตร์,กรุงเทพมหานคร,13.760691,100.508775
1776,บริษัท สถาปนิก 49 (ภูเก็ต) จำกัด,สถาปัตยกรรมศาสตร์และการออกแบบ,สถาปัตยกรรมศาสตร์,ภูเก็ต,7.848442,98.3593
1777,บริษัท ไอ วิว ดีไซต์ สตูดิโอ จำกัด,สถาปัตยกรรมศาสตร์และการออกแบบ,สถาปัตยกรรมศาสตร์,กรุงเทพมหานคร,13.723566,100.469417
1778,ห้างหุ้นส่วนจำกัด ฟอร์แปลนกรุ๊ป,สถาปัตยกรรมศาสตร์และการออกแบบ,สถาปัตยกรรมศาสตร์,นครศรีธรรมราช,8.443898,99.962345
1779,บริษัท ทรัพย์เปอร์ จำกัด,สถาปัตยกรรมศาสตร์และการออกแบบ,สถาปัตยกรรมศาสตร์,สงขลา,7.201537,100.456682
1780,ห้างหุ้นส่วนกระบี่สถาปัตย์,สถาปัตยกรรมศาสตร์และการออกแบบ,สถาปัตยกรรมศาสตร์,กระบี่,8.100987,98.898909
1781,บริษัท แพลนนิ่ง แอนด์ แม๊ปปิ้ง คอนเซาแทนต์ จำกัด,สถาปัตยกรรมศาสตร์และการออกแบบ,สถาปัตยกรรมศาสตร์,สงขลา,7.202763,100.469302
1782,บริษัท วอลลาเซีย จำกัด,สถาปัตยกรรมศาสตร์และการออกแบบ,สถาปัตยกรรมศาสตร์,กรุงเทพมหานคร,13.743681,100.484067
1783,บริษัท อีโค่ อาร์คิเทค จำกัด (สาขากรุงเทพ),สถาปัตยกรรมศาสตร์และการออกแบบ,สถาปัตยกรรมศาสตร์,กรุงเทพมหานคร,13.758045,100.496415
1784,บริษัท จูน เซคิโน อาร์ดิเทคต์ แอนด์ ดีไซน์ จำกัด,สถาปัตยกรรมศาสตร์และการออกแบบ,สถาปัตยกรรมศาสตร์,กรุงเทพมหานคร,13.764699,100.467232
1785,บริษัท พอ สถาปัตย์ จำกัด,สถาปัตยกรรมศาสตร์และการออกแบบ,สถาปัตยกรรมศาสตร์,กรุงเทพมหานคร,13.747616,100.519716
1786,บริษัท การันตี สุดโปรด จำกัด,สถาปัตยกรรมศาสตร์และการออกแบบ,สถาปัตยกรรมศาสตร์,กรุงเทพมหานคร,13.754769,100.50942
1787,บริษัท เออาร์คิเทค จำกัด,สถาปัตยกรรมศาสตร์และการออกแบบ,สถาปัตยกรรมศาสตร์,กรุงเทพมหานคร,13.774342,100.46606
1788,บริษัท โมโนเทลโล จำกัด,สถาปัตยกรรมศาสตร์และการออกแบบ,สถาปัตยกรรมศาสตร์,กรุงเทพมหานคร,13.78898,100.507356
1789,บริษัท สถาปนิกชุมชนและสิ่งแวดล้อม อาศรมศิลป์ จำกัด,สถาปัตยกรรมศาสตร์และการออกแบบ,สถาปัตยกรรมศาสตร์,กรุงเทพมหานคร,13.782517,100.52947
1790,บริษัท น็อสทอลเจีย ดีไซน์,สถาปัตยกรรมศาสตร์และการออกแบบ,สถาปัตยกรรมศาสตร์,สงขลา,7.168595,100.502742
1791,บริษัท เวสสุ คอลลาบอเรชั่น จำกัด,สถาปัตยกรรมศาสตร์และการออกแบบ,สถาปัตยกรรมศาสตร์,กรุงเทพมหานคร,13.757073,100.496786
1792,บริษัท เกาะแต้วฟู้ดส์ จำกัด,เทคโนโลยีการเกษตร,สัตวศาสตร์,สงขลา,7.202094,100.455208
1793,บริษัท คาร์กิลล์สยาม จำกัด,เทคโนโลยีการเกษตร,สัตวศาสตร์,กรุงเทพมหานคร,13.74784,100.46652
1794,บริษัท เจริญโภคภัณฑ์อาหาร จำกัด (มหาชน),เทคโนโลยีการเกษตร,สัตวศาสตร์,นครศรีธรรมราช,8.430653,99.935765
1795,บริษัท ออลซีซั่นคิงดอม จำกัด,เทคโนโลยีการเกษตร,สัตวศาสตร์,กรุงเทพมหานคร,13.784862,100.485239
1796,บริษัท ท่าอากาศยานไทย จำกัด (มหาชน) สาขาท่าอากาศยานสุวรรณภูมิ,สาธารณสุขศาสตร์,อนามัยสิ่งแวดล้อม,สมุทรปราการ,13.597756,100.711355
1797,บริษัท ธาราคอนซัลแตนท์ จำกัด,สาธารณสุขศาสตร์,อนามัยสิ่งแวดล้อม,กรุงเทพมหานคร,13.751642,100.495087
1798,บริษัท นิปปอนเพนต์ เดคโคเรทีฟ โคทติ้ง (ประเทศไทย) จำกัด,สาธารณสุขศาสตร์,อนามัยสิ่งแวดล้อม,สมุทรปราการ,13.617436,100.699229
1799,บริษัท บางจากไบโอฟูเอล จํากัด,สาธารณสุขศาสตร์,อนามัยสิ่งแวดล้อม,พระนครศรีอยุธยา,14.387476,100.575442
1800,บริษัท ยูนิลีเวอร์ไทยโฮลดิ้งส์ จำกัด,สาธารณสุขศาสตร์,อนามัยสิ่งแวดล้อม,กรุงเทพมหานคร,13.78191,100.533974
1801,บริษัท เอ็ม เอ็ม พี อินเตอร์เนชั่นแนล จำกัด,สาธารณสุขศาสตร์,อนามัยสิ่งแวดล้อม,สมุทรสาคร,13.517502,100.30121
1802,แผนกอนามัยสิ่งแวดล้อม ฝ่ายแพทย์และอนามัย การไฟฟ้าฝ่ายผลิตแห่งประเทศไทย,สาธารณสุขศาสตร์,อนามัยสิ่งแวดล้อม,นนทบุรี,13.894816,100.525484
1803,ศูนย์อนามัยที่ 11 นครศรีธรรมราช,สาธารณสุขศาสตร์,อนามัยสิ่งแวดล้อม,นครศรีธรรมราช,8.457807,99.924373
1804,ศูนย์อนามัยที่ 12 ยะลา,สาธารณสุขศาสตร์,อนามัยสิ่งแวดล้อม,ยะลา,6.573943,101.310765
1805,สำนักงานเขตจตุจักร,สาธารณสุขศาสตร์,อนามัยสิ่งแวดล้อม,กรุงเทพมหานคร,13.71856,100.46554
1806,สำนักงานเขตยานนาวา,สาธารณสุขศาสตร์,อนามัยสิ่งแวดล้อม,กรุงเทพมหานคร,13.726031,100.49588
1807,สำนักงานเทศบาลนครเชียงใหม่,สาธารณสุขศาสตร์,อนามัยสิ่งแวดล้อม,เชียงใหม่,18.752985,98.946946
1808,สำนักงานเทศบาลเมืองเขารูปช้าง,สาธารณสุขศาสตร์,อนามัยสิ่งแวดล้อม,สงขลา,7.154543,100.491702
1809,สำนักงานสุขาภิบาลอาหารและน้ำ กรมอนามัย,สาธารณสุขศาสตร์,อนามัยสิ่งแวดล้อม,นนทบุรี,13.890626,100.512135
1810,สำนักอนามัยสิ่งแวดล้อม กรมอนามัย กระทรวงสาธารณสุข,สาธารณสุขศาสตร์,อนามัยสิ่งแวดล้อม,กรุงเทพมหานคร,13.760638,100.499194
1811,ห้องปฏิบัติการเทคโนโลยีชีวภาพ สถาบันวิจัยจุฬาภรณ์,สาธารณสุขศาสตร์,อนามัยสิ่งแวดล้อม,กรุงเทพมหานคร,13.755792,100.51328
1812,ห้องปฏิบัติการพิษวิทยาสิ่งแวดล้อม สถาบันวิจัยจุฬาภรณ์,สาธารณสุขศาสตร์,อนามัยสิ่งแวดล้อม,กรุงเทพมหานคร,13.78992,100.525786
1813,Chung Yuan Christian University,สาธารณสุขศาสตร์,อนามัยสิ่งแวดล้อม,ไต้หวัน,,
1814,บริษัท คอสมอส บริวเวอรี่ (ประเทศไทย) จํากัด,สาธารณสุขศาสตร์,อนามัยสิ่งแวดล้อม,พระนครศรีอยุธยา,14.396102,100.591904
1815,สำนักงานเขตลาดกระบัง,สาธารณสุขศาสตร์,อนามัยสิ่งแวดล้อม,กรุงเทพมหานคร,13.79312,100.48722
1816,สำนักงานสาธารณสุขจังหวัดนครศรีธรรมราช,สาธารณสุขศาสตร์,อนามัยสิ่งแวดล้อม,นครศรีธรรมราช,8.423151,99.930408
1817,บริษัท ศรีตรัง แอโกรอินดัสทรี จำกัด (มหาชน) สาขาทุ่งสง,สาธารณสุขศาสตร์,อนามัยสิ่งแวดล้อม,นครศรีธรรมราช,8.436191,99.934208
1818,สำนักงานสาธารณสุขจังหวัดสงขลา,สาธารณสุขศาสตร์,อนามัยสิ่งแวดล้อม,สงขลา,7.211539,100.516101
1819,สำนักงานสาธารณสุขจังหวัดกระบี่,สาธารณสุขศาสตร์,อนามัยสิ่งแวดล้อม,กระบี่,8.117654,98.87574
1820,สำนักงานสาธารณสุขจังหวัดภูเก็ต,สาธารณสุขศาสตร์,อนามัยสิ่งแวดล้อม,ภูเก็ต,7.899292,98.411616
1821,โรงพยาบาลวชิระภูเก็ต กลุ่มงานอาชีวเวชกรรม,สาธารณสุขศาสตร์,อนามัยสิ่งแวดล้อม,ภูเก็ต,7.859205,98.37857
1822,บริษัท ไทยยูเนี่ยน กรุ๊ป จำกัด (มหาชน),สาธารณสุขศาสตร์,อนามัยสิ่งแวดล้อม,สมุทรสาคร,13.508044,100.282277
1823,สำนักงานเขตห้วยขวาง,สาธารณสุขศาสตร์,อนามัยสิ่งแวดล้อม,กรุงเทพมหานคร,13.777682,100.524623
1824,กองประเมินผลกระทบต่อสุขภาพ กรมอนามัย,สาธารณสุขศาสตร์,อนามัยสิ่งแวดล้อม,นนทบุรี,13.864197,100.490995
1825,บริษัท บีบีจีไอ ไบโอดีเซล จำกัด,สาธารณสุขศาสตร์,อนามัยสิ่งแวดล้อม,พระนครศรีอยุธยา,14.394922,100.588541
1826,สำนักงานเทศบาลเมืองปัตตานี,สาธารณสุขศาสตร์,อนามัยสิ่งแวดล้อม,ปัตตานี,6.870093,101.270828
1827,สำนักงานเทศบาลเมืองหัวหิน,สาธารณสุขศาสตร์,อนามัยสิ่งแวดล้อม,ประจวบคีรีขันธ์,11.796284,99.764964
1828,สำนักงานเทศบาลเมืองหลังสวน,สาธารณสุขศาสตร์,อนามัยสิ่งแวดล้อม,ชุมพร,10.529361,99.142491
1829,สำนักงานสาธารณสุขจังหวัดชุมพร,สาธารณสุขศาสตร์,อนามัยสิ่งแวดล้อม,ชุมพร,10.525315,99.14303
1830,โรงพยาบาลมหาราชนครศรีธรรมราช,สาธารณสุขศาสตร์,อนามัยสิ่งแวดล้อม,นครศรีธรรมราช,8.407376,99.970629
1831,สำนักงานเทศบาลตำบลเกาะเพชร,สาธารณสุขศาสตร์,อนามัยสิ่งแวดล้อม,นครศรีธรรมราช,8.398746,99.977924
1832,สำนักงานเทศบาลเมืองท่าข้าม จังหวัดสุราษฎร์ธานี,สาธารณสุขศาสตร์,อนามัยสิ่งแวดล้อม,สุราษฎร์ธานี,9.173306,99.293599
1833,สำนักงานเทศบาลตำบลวิชิต,สาธารณสุขศาสตร์,อนามัยสิ่งแวดล้อม,ภูเก็ต,7.908784,98.426508
1834,สำนักงานเทศบาลเมืองพัทลุง,สาธารณสุขศาสตร์,อนามัยสิ่งแวดล้อม,พัทลุง,7.606665,100.176162
1835,บริษัท ครัวการบินกรุงเทพสมุย จำกัด,สาธารณสุขศาสตร์,อนามัยสิ่งแวดล้อม,สุราษฎร์ธานี,9.127278,99.292937
1836,"Centre for Marine & Coastal Studies (CEMACS), University Sains Malaysia",สาธารณสุขศาสตร์,อนามัยสิ่งแวดล้อม,มาเลเซีย,,
1837,โรงแรม การ์รียา ท้องทราย เบย์ สมุย,สาธารณสุขศาสตร์,อนามัยสิ่งแวดล้อม,สุราษฎร์ธานี,9.17788,99.305437
1838,สำนักงานสาธารณสุขจังหวัดนราธิวาส,สาธารณสุขศาสตร์,อนามัยสิ่งแวดล้อม,นราธิวาส,6.391357,101.791775
1839,สำนักงานเทศบาลเมืองสุไหงโกลก,สาธารณสุขศาสตร์,อนามัยสิ่งแวดล้อม,นราธิวาส,6.463809,101.78051
1840,บริษัท ท่าอากาศยานไทย จำกัด (มหาชน) สาขาท่าอากาศยานสุวรรณภูมิ,สาธารณสุขศาสตร์,อนามัยสิ่งแวดล้อม,สมุทรปราการ,13.600618,100.711211
1841,บริษัท ธาราคอนซัลแตนท์ จำกัด,สาธารณสุขศาสตร์,อนามัยสิ่งแวดล้อม,กรุงเทพมหานคร,13.788864,100.478356
1842,บริษัท นิปปอนเพนต์ เดคโคเรทีฟ โคทติ้ง (ประเทศไทย) จำกัด,สาธารณสุขศาสตร์,อนามัยสิ่งแวดล้อม,สมุทรปราการ,13.622408,100.693155
1843,บริษัท บางจากไบโอฟูเอล จํากัด,สาธารณสุขศาสตร์,อนามัยสิ่งแวดล้อม,พระนครศรีอยุธยา,14.353624,100.573988
1844,บริษัท ปูนซิเมนต์ไทย (ทุ่งสง) จำกัด,สาธารณสุขศาสตร์,อนามัยสิ่งแวดล้อม,กรุงเทพมหานคร,13.777131,100.474493
1845,บริษัท พาเนลพลัส จำกัด,สาธารณสุขศาสตร์,อนามัยสิ่งแวดล้อม,สงขลา,7.20138,100.513667
1846,บริษัท ยูนิลีเวอร์ไทยโฮลดิ้งส์ จำกัด,สาธารณสุขศาสตร์,อนามัยสิ่งแวดล้อม,กรุงเทพมหานคร,13.768598,100.515527
1847,บริษัท หาดทิพย์ จำกัด (มหาชน) สาขาหาดใหญ่,สาธารณสุขศาสตร์,อนามัยสิ่งแวดล้อม,สงขลา,7.207733,100.443565
1848,บริษัท เอ็ม เอ็ม พี อินเตอร์เนชั่นแนล จำกัด,สาธารณสุขศาสตร์,อนามัยสิ่งแวดล้อม,สมุทรสาคร,13.510694,100.293986
1849,แผนกอนามัยสิ่งแวดล้อม ฝ่ายแพทย์และอนามัย การไฟฟ้าฝ่ายผลิตแห่งประเทศไทย,สาธารณสุขศาสตร์,อนามัยสิ่งแวดล้อม,นนทบุรี,13.838565,100.484014
1850,โรงไฟฟ้าจะนะ การไฟฟ้าฝ่ายผลิตแห่งประเทศไทย,สาธารณสุขศาสตร์,อนามัยสิ่งแวดล้อม,สงขลา,7.173887,100.484242
1851,โรงแรม บันยันทรี ภูเก็ต,สาธารณสุขศาสตร์,อนามัยสิ่งแวดล้อม,ภูเก็ต,7.901399,98.407377
1852,ศูนย์อนามัยที่ 11 นครศรีธรรมราช,สาธารณสุขศาสตร์,อนามัยสิ่งแวดล้อม,นครศรีธรรมราช,8.409566,99.955088
1853,ศูนย์อนามัยที่ 12 ยะลา,สาธารณสุขศาสตร์,อนามัยสิ่งแวดล้อม,ยะลา,6.577423,101.315269
1854,สำนักงานเขตจตุจักร,สาธารณสุขศาสตร์,อนามัยสิ่งแวดล้อม,กรุงเทพมหานคร,13.791113,100.501937
1855,สำนักงานเขตยานนาวา,สาธารณสุขศาสตร์,อนามัยสิ่งแวดล้อม,กรุงเทพมหานคร,13.791519,100.508882
1856,สำนักงานเทศบาลนครเชียงใหม่,สาธารณสุขศาสตร์,อนามัยสิ่งแวดล้อม,เชียงใหม่,18.815587,98.951061
1857,สำนักงานเทศบาลนครนนทบุรี,สาธารณสุขศาสตร์,อนามัยสิ่งแวดล้อม,นนทบุรี,13.881983,100.522816
1858,สำนักงานเทศบาลนครภูเก็ต,สาธารณสุขศาสตร์,อนามัยสิ่งแวดล้อม,ภูเก็ต,7.849634,98.354637
1859,สำนักงานเทศบาลนครสงขลา,สาธารณสุขศาสตร์,อนามัยสิ่งแวดล้อม,สงขลา,7.136417,100.484726
1860,สำนักงานเทศบาลนครสุราษฎร์ธานี,สาธารณสุขศาสตร์,อนามัยสิ่งแวดล้อม,สุราษฎร์ธานี,9.145097,99.360597
1861,สำนักงานเทศบาลเมืองเขารูปช้าง,สาธารณสุขศาสตร์,อนามัยสิ่งแวดล้อม,สงขลา,7.210405,100.439133
1862,สำนักงานสุขาภิบาลอาหารและน้ำ กรมอนามัย,สาธารณสุขศาสตร์,อนามัยสิ่งแวดล้อม,นนทบุรี,13.852104,100.490246
1863,สำนักอนามัยสิ่งแวดล้อม กรมอนามัย กระทรวงสาธารณสุข,สาธารณสุขศาสตร์,อนามัยสิ่งแวดล้อม,กรุงเทพมหานคร,13.723993,100.472933
1864,ห้องปฏิบัติการเทคโนโลยีชีวภาพ สถาบันวิจัยจุฬาภรณ์,สาธารณสุขศาสตร์,อนามัยสิ่งแวดล้อม,กรุงเทพมหานคร,13.750519,100.507597
1865,ห้องปฏิบัติการพิษวิทยาสิ่งแวดล้อม สถาบันวิจัยจุฬาภรณ์,สาธารณสุขศาสตร์,อนามัยสิ่งแวดล้อม,กรุงเทพมหานคร,13.746974,100.52141
1866,Chung Yuan Christian University,สาธารณสุขศาสตร์,อนามัยสิ่งแวดล้อม,ไต้หวัน,,
1867,บริษัท เซาธเทิร์น แล็บ แอนด์ เอ็นจิเนียริ่ง จำกัด,สาธารณสุขศาสตร์,อนามัยสิ่งแวดล้อม,ภูเก็ต,7.895299,98.381446
1868,บริษัท คอสมอส บริวเวอรี่ (ประเทศไทย) จํากัด,สาธารณสุขศาสตร์,อนามัยสิ่งแวดล้อม,พระนครศรีอยุธยา,14.406369,100.592405
1869,สำนักงานเขตลาดกระบัง,สาธารณสุขศาสตร์,อนามัยสิ่งแวดล้อม,กรุงเทพมหานคร,13.773387,100.521351
1870,บริษัท ธาราคอนซัลแตนท์ จำกัด,สาธารณสุขศาสตร์,อนามัยสิ่งแวดล้อม,กรุงเทพมหานคร,13.792882,100.470769
1871,สำนักงานเทศบาลนครนครศรีธรรมราช,สาธารณสุขศาสตร์,อนามัยสิ่งแวดล้อม,นครศรีธรรมราช,8.467434,100.002677
1872,โรงพยาบาลศูนย์การแพทย์มหาวิทยาลัยวลัยลักษณ์,สาธารณสุขศาสตร์,อนามัยสิ่งแวดล้อม,นครศรีธรรมราช,8.402206,99.963038
1873,สำนักงานสาธารณสุขจังหวัดนครศรีธรรมราช,สาธารณสุขศาสตร์,อนามัยสิ่งแวดล้อม,นครศรีธรรมราช,8.459015,99.989101
1874,สำนักงานเทศบาลเมืองทุ่งสง,สาธารณสุขศาสตร์,อนามัยสิ่งแวดล้อม,นครศรีธรรมราช,8.40589,99.979716
1875,บริษัท ศรีตรัง แอโกรอินดัสทรี จำกัด (มหาชน) สาขาทุ่งสง,สาธารณสุขศาสตร์,อนามัยสิ่งแวดล้อม,นครศรีธรรมราช,8.432682,99.993865
1876,สำนักงานเทศบาลนครหาดใหญ่,สาธารณสุขศาสตร์,อนามัยสิ่งแวดล้อม,สงขลา,7.170489,100.45365
1877,สำนักงานสาธารณสุขจังหวัดสงขลา,สาธารณสุขศาสตร์,อนามัยสิ่งแวดล้อม,สงขลา,7.141726,100.437735
1878,โรงแรม ซิกเซ้นส์ สมุย,สาธารณสุขศาสตร์,อนามัยสิ่งแวดล้อม,สุราษฎร์ธานี,9.151191,99.32314
1879,สำนักงานสาธารณสุขจังหวัดกระบี่,สาธารณสุขศาสตร์,อนามัยสิ่งแวดล้อม,กระบี่,8.066538,98.906057
1880,สำนักงานเทศบาลนครตรัง,สาธารณสุขศาสตร์,อนามัยสิ่งแวดล้อม,ตรัง,7.53533,99.581063
1881,สำนักงานสาธารณสุขจังหวัดภูเก็ต,สาธารณสุขศาสตร์,อนามัยสิ่งแวดล้อม,ภูเก็ต,7.874663,98.35422
1882,โรงพยาบาลวชิระภูเก็ต กลุ่มงานอาชีวเวชกรรม,สาธารณสุขศาสตร์,อนามัยสิ่งแวดล้อม,ภูเก็ต,7.858732,98.404311
1883,บริษัท ไทยยูเนี่ยน กรุ๊ป จำกัด (มหาชน),สาธารณสุขศาสตร์,อนามัยสิ่งแวดล้อม,สมุทรสาคร,13.520136,100.304224
1884,สำนักงานเขตห้วยขวาง,สาธารณสุขศาสตร์,อนามัยสิ่งแวดล้อม,กรุงเทพมหานคร,13.738217,100.491517
1885,กองประเมินผลกระทบต่อสุขภาพ กรมอนามัย,สาธารณสุขศาสตร์,อนามัยสิ่งแวดล้อม,นนทบุรี,13.893024,100.490417
1886,บริษัท บีบีจีไอ ไบโอดีเซล จำกัด,สาธารณสุขศาสตร์,อนามัยสิ่งแวดล้อม,พระนครศรีอยุธยา,14.398309,100.575362
1887,บริษัท โชติวัฒน์อุตสาหกรรมการผลิต จำกัด,สาธารณสุขศาสตร์,อนามัยสิ่งแวดล้อม,สงขลา,7.205194,100.492169
1888,สำนักงานเทศบาลนครยะลา,สาธารณสุขศาสตร์,อนามัยสิ่งแวดล้อม,ยะลา,6.561758,101.279729
1889,สำนักงานเทศบาลเมืองปัตตานี,สาธารณสุขศาสตร์,อนามัยสิ่งแวดล้อม,ปัตตานี,6.865449,101.223678
1890,บริษัท ไทยอินโดปาล์มออยล์ แฟคทอรี่ จำกัด,สาธารณสุขศาสตร์,อนามัยสิ่งแวดล้อม,กระบี่,8.122135,98.909428
1891,สำนักงานเทศบาลเมืองป่าตอง,สาธารณสุขศาสตร์,อนามัยสิ่งแวดล้อม,ภูเก็ต,7.878328,98.386824
1892,สำนักงานเทศบาลเมืองบ้านพรุ,สาธารณสุขศาสตร์,อนามัยสิ่งแวดล้อม,สงขลา,7.167925,100.4642
1893,สำนักงานเทศบาลเมืองคอหงส์,สาธารณสุขศาสตร์,อนามัยสิ่งแวดล้อม,สงขลา,7.184646,100.464292
1894,สำนักงานเทศบาลเมืองควนลัง,สาธารณสุขศาสตร์,อนามัยสิ่งแวดล้อม,สงขลา,7.214364,100.453858
1895,S Cube Design,สถาปัตยกรรมศาสตร์และการออกแบบ,ออกแบบภายใน,กรุงเทพมหานคร,13.752137,100.477932
1896,บริษัท นอกชานออกแบบและตกแต่ง จำกัด,สถาปัตยกรรมศาสตร์และการออกแบบ,ออกแบบภายใน,ภูเก็ต,7.919551,98.400611
1897,บริษัท สมุย กรีน คอทเทจส์ จำกัด,สถาปัตยกรรมศาสตร์และการออกแบบ,ออกแบบภายใน,กรุงเทพมหานคร,13.771383,100.530738
1898,บริษัท รักลูก เอ็ดดูเท็กซ์ จำกัด,สถาปัตยกรรมศาสตร์และการออกแบบ,ออกแบบภายใน,กรุงเทพมหานคร,13.716985,100.522956
1899,"Eco Architect Co.,Ltd.",สถาปัตยกรรมศาสตร์และการออกแบบ,ออกแบบภายใน,กรุงเทพมหานคร,13.79094,100.516551
1900,บริษัท ไวเฟรม ดีไซน์ สตูดิโอ จำกัด,สถาปัตยกรรมศาสตร์และการออกแบบ,ออกแบบภายใน,กรุงเทพมหานคร,13.758515,100.503208
1901,Morpher Design Studio,สถาปัตยกรรมศาสตร์และการออกแบบ,ออกแบบภายใน,กรุงเทพมหานคร,13.744344,100.488948
1902,บริษัท 168 ทูบีดีไซต์ จำกัด,สถาปัตยกรรมศาสตร์และการออกแบบ,ออกแบบภายใน,นนทบุรี,13.844696,100.486057
1903,บริษัท เอ็นพีพีเอ็น ดีไซน์ แอนด์ รีเสิร์ช จำกัด,สถาปัตยกรรมศาสตร์และการออกแบบ,ออกแบบภายใน,กรุงเทพมหานคร,13.71822,100.511691
1904,บริษัท โลโคโมทีฟ ดีไซน์ จำกัด,สถาปัตยกรรมศาสตร์และการออกแบบ,ออกแบบภายใน,ภูเก็ต,7.913322,98.425935
1905,บริษัท ไอดีล วัน จำกัด,สถาปัตยกรรมศาสตร์และการออกแบบ,ออกแบบภายใน,นนทบุรี,13.866756,100.526393
1906,บริษัท พี-เฟอร์ เดกคอร์เรท จำกัด,สถาปัตยกรรมศาสตร์และการออกแบบ,ออกแบบภายใน,กรุงเทพมหานคร,13.746313,100.476991
1907,บริษัท ราม แอสโซซิเอทส์ จำกัด,สถาปัตยกรรมศาสตร์และการออกแบบ,ออกแบบภายใน,สงขลา,7.16384,100.461936
1908,บริษัท วาร์ป สตูดิโอ จำกัด,สถาปัตยกรรมศาสตร์และการออกแบบ,ออกแบบภายใน,กรุงเทพมหานคร,13.723096,100.53317
1909,บริษัท แกลม สตูดิโอ จำกัด,สถาปัตยกรรมศาสตร์และการออกแบบ,ออกแบบภายใน,กรุงเทพมหานคร,13.721529,100.499827
1910,บริษัท เซพพลิน จำกัด,สถาปัตยกรรมศาสตร์และการออกแบบ,ออกแบบภายใน,สงขลา,7.182005,100.501052
1911,บริษัท เซาท์ซัน ดีไซน์ จำกัด,สถาปัตยกรรมศาสตร์และการออกแบบ,ออกแบบภายใน,สงขลา,7.166986,100.515411
1912,บริษัท น็อสทอลเจีย ดีไซน์ จำกัด,สถาปัตยกรรมศาสตร์และการออกแบบ,ออกแบบภายใน,สงขลา,7.144803,100.511118
1913,บริษัท บลิ๊งค์ ดีไซน์ กรุ๊ป จำกัด,สถาปัตยกรรมศาสตร์และการออกแบบ,ออกแบบภายใน,กรุงเทพมหานคร,13.732396,100.475224
1914,บริษัท บายวิสต้า จำกัด,สถาปัตยกรรมศาสตร์และการออกแบบ,ออกแบบภายใน,สุราษฎร์ธานี,9.137563,99.354765
1915,บริษัท ปาร์ตี้สเปซดีไซน์ เอสซี จำกัด,สถาปัตยกรรมศาสตร์และการออกแบบ,ออกแบบภายใน,กรุงเทพมหานคร,13.762798,100.465561
1916,บริษัท ลิระดีไซน์ คลับ จำกัด,สถาปัตยกรรมศาสตร์และการออกแบบ,ออกแบบภายใน,นนทบุรี,13.882274,100.476677
1917,บริษัท สถาปนิกเมนคอร์ส จำกัด,สถาปัตยกรรมศาสตร์และการออกแบบ,ออกแบบภายใน,กรุงเทพมหานคร,13.754041,100.535276
1918,บริษัท อาร์ต อิน มายด์ กรุ๊ป จำกัด,สถาปัตยกรรมศาสตร์และการออกแบบ,ออกแบบภายใน,สงขลา,7.159977,100.499357
1919,บริษัท เอกอาร์คิเทค แอนด์ ดิเวลล๊อปเมนท์ จำกัด,สถาปัตยกรรมศาสตร์และการออกแบบ,ออกแบบภายใน,สุราษฎร์ธานี,9.102757,99.311216
1920,บริษัท เอส ดับบลิว ที คอนสตรัคชั่น แอนด์ ซีวิล จำกัด,สถาปัตยกรรมศาสตร์และการออกแบบ,ออกแบบภายใน,ตรัง,7.579408,99.650629
1921,บริษัท แอทไซน์ อาร์คิเทคท์ จำกัด,สถาปัตยกรรมศาสตร์และการออกแบบ,ออกแบบภายใน,สุราษฎร์ธานี,9.111034,99.299571
1922,บริษัท แอท สิริ ดีไซน์ จำกัด,สถาปัตยกรรมศาสตร์และการออกแบบ,ออกแบบภายใน,ภูเก็ต,7.91126,98.359334
1923,เอสคิวบ์ ดีไซน์,สถาปัตยกรรมศาสตร์และการออกแบบ,ออกแบบภายใน,กรุงเทพมหานคร,13.753523,100.465369
1924,บริษัท สยามมิชลิน จำกัด,สาธารณสุขศาสตร์,อาชีวอนามัย,สงขลา,7.213925,100.515466
1925,โรงพยาบาลนพรัตนราชธานี,สาธารณสุขศาสตร์,อาชีวอนามัย,กรุงเทพมหานคร,13.759843,100.522641
1926,บริษัท เวสเทิร์น ดิจิตอล (ประเทศไทย) จำกัด นิคมอุตสาหกรรมบางปะอิน,สาธารณสุขศาสตร์,อาชีวอนามัย,พระนครศรีอยุธยา,14.354599,100.619424
1927,บริษัท เอชจีเอสที (ประเทศไทย) จํากัด,สาธารณสุขศาสตร์,อาชีวอนามัย,ปราจีนบุรี,14.081264,101.35532
1928,บริษัท เอ็นเอ็มบี - มินีแบ ไทย จำกัด โรงงานโรจนะ,สาธารณสุขศาสตร์,อาชีวอนามัย,พระนครศรีอยุธยา,14.337709,100.617578
1929,บริษัท โรเบิร์ต บ๊อช ออโตโมทีฟ เทคโนโลยี ประเทศไทย จำกัด,สาธารณสุขศาสตร์,อาชีวอนามัย,กรุงเทพมหานคร,13.767206,100.497842
1930,บริษัท ชไนเดอร์ (ไทยแลนด์) จำกัด,สาธารณสุขศาสตร์,อาชีวอนามัย,สมุทรปราการ,13.598108,100.709233
1931,บริษัท นันทวัน จำกัด,สาธารณสุขศาสตร์,อาชีวอนามัย,กรุงเทพมหานคร,13.721417,100.48192
1932,บริษัท ปตท. จำกัด (มหาชน) คลังปิโตรเลียมสงขลา,สาธารณสุขศาสตร์,อาชีวอนามัย,สงขลา,7.137176,100.448278
1933,บริษัท สมบูรณ์แอ๊ดวานซ์เทคโนโลยี จำกัด (มหาชน),สาธารณสุขศาสตร์,อาชีวอนามัย,ระยอง,12.678483,101.213631
1934,บริษัท สมบูรณ์แอ๊ดวานซ์เทคโนโลยี จำกัด (มหาชน) จังหวัดระยอง,สาธารณสุขศาสตร์,อาชีวอนามัย,ระยอง,12.713334,101.257063
1935,บริษัท นิปปอนเพนต์ (ประเทศไทย) จำกัด,สาธารณสุขศาสตร์,อาชีวอนามัย,ชลบุรี,13.323175,100.953914
1936,บริษัท ไบเออสดร๊อฟ (ประเทศไทย) จำกัด,สาธารณสุขศาสตร์,อาชีวอนามัย,สมุทรปราการ,13.582437,100.686036
1937,บริษัท ซีออยส์ จำกัด (มหาชน),สาธารณสุขศาสตร์,อาชีวอนามัย,กรุงเทพมหานคร,13.735222,100.508182
1938,บริษัท ซาฟราน เคบิน กรุงเทพ จำกัด,สาธารณสุขศาสตร์,อาชีวอนามัย,สมุทรปราการ,13.606081,100.696346
1939,บริษัท สงขลาไบโอเพาเวอร์ จำกัด (โรงไฟฟ้าสงขลาไบโอเพาเวอร์),สาธารณสุขศาสตร์,อาชีวอนามัย,สงขลา,7.194228,100.471265
1940,โรงพยาบาลรามาธิบดี,สาธารณสุขศาสตร์,อาชีวอนามัย,กรุงเทพมหานคร,13.742638,100.484955
1941,สำนักงานป้องกันควบคุมโรคที่ 12 จังหวัดสงขลา,สาธารณสุขศาสตร์,อาชีวอนามัย,สงขลา,7.19449,100.490586
1942,บริษัท ทิปโก้แอสฟัลท์ จำกัด (มหาชน) โรงงานพระประแดง,สาธารณสุขศาสตร์,อาชีวอนามัย,สมุทรปราการ,13.586909,100.698075
1943,บริษัท ข้าว ซี.พี. จำกัด (โรงงานนครหลวง)​,สาธารณสุขศาสตร์,อาชีวอนามัย,พระนครศรีอยุธยา,14.395541,100.60186
1944,บริษัท คาร์กิลล์สยาม จำกัด โรงงานนครปฐม,สาธารณสุขศาสตร์,อาชีวอนามัย,นครปฐม,13.814767,100.06366
1945,บริษัท เซาท์ เอ็นจิเนียริ่ง แอนด์ เทคโนโลยี จำกัด ที่ต้องลงพื้นที่ โรงไฟฟ้าหงสา สปป.ลาว,สาธารณสุขศาสตร์,อาชีวอนามัย,นนทบุรี,13.858396,100.539343
1946,บริษัท ดูคาติ มอเตอร์,สาธารณสุขศาสตร์,อาชีวอนามัย,ระยอง,12.662561,101.262583
1947,บริษัท ไทยแอร์เอเชีย จำกัด ดอนเมือง,สาธารณสุขศาสตร์,อาชีวอนามัย,กรุงเทพมหานคร,13.761421,100.531166
1948,บริษัท โรงงานน้ำตาลสิงห์บุรี (กลุ่มน้ำตาลมิตรผล),สาธารณสุขศาสตร์,อาชีวอนามัย,สิงห์บุรี,14.921624,100.385444
1949,บริษัท ไลน์ ทรานสปอร์ต จำกัด,สาธารณสุขศาสตร์,อาชีวอนามัย,ประจวบคีรีขันธ์,11.79791,99.806753
1950,โรงพยาบาลจุฬาลงกรณ์,สาธารณสุขศาสตร์,อาชีวอนามัย,กรุงเทพมหานคร,13.725221,100.463216
1951,โรงพยาบาลเฉลิมพระเกียรติสมเด็จพระเทพรัตนราชสุดาฯ สยามบรมราชกุมารี ระยอง,สาธารณสุขศาสตร์,อาชีวอนามัย,ระยอง,12.715159,101.203363
1952,"Changhua Christian Hospital, Changhua, Taiwan, ROC",สาธารณสุขศาสตร์,อาชีวอนามัย,ไต้หวัน,,
1953,"โรงพยาบาล Sultan Abdul Aziz Shah (HSAAS), Universiti Putra Malaysia",สาธารณสุขศาสตร์,อาชีวอนามัย,กรุงเทพมหานคร,13.750735,100.471179
1954,วินด์แฮม แกรนด์ ในหาน บีช ภูเก็ต,สาธารณสุขศาสตร์,อาชีวอนามัย,ภูเก็ต,7.843485,98.372727
1955,โรงแรม เกรซแลนด์ เขาหลัก บีช รีสอร์ท,สาธารณสุขศาสตร์,อาชีวอนามัย,พังงา,8.413719,98.504332
1956,ส่วนบริการกลาง มหาวิทยาลัยวลัยลักษณ์,สาธารณสุขศาสตร์,อาชีวอนามัย,กรุงเทพมหานคร,13.777471,100.531222
1957,สำนักงานก่อสร้างชลประทานขนาดใหญ่ที่ 15,สาธารณสุขศาสตร์,อาชีวอนามัย,สุราษฎร์ธานี,9.162886,99.29928
1958,สำนักงานอาชีวอนามัยและความปลอดภัย คณะแพทยศาสตร์ มหาวิทยาลัยขอนแก่น,สาธารณสุขศาสตร์,อาชีวอนามัย,ขอนแก่น,16.454778,102.845153
1959,บริษัท คาร์กิลล์สยาม จำกัด โรงงานพิษณุโลก,สาธารณสุขศาสตร์,อาชีวอนามัย,พิษณุโลก,16.818236,100.301443
1960,บริษัท เซมเพอร์เฟล็กซ์ เอเชีย จำกัด (สำนักงานใหญ่),สาธารณสุขศาสตร์,อาชีวอนามัย,สงขลา,7.144422,100.465792
1961,บริษัท ดีเอชแอล ซัพพลายเชน (ประเทศไทย) จำกัด คลังสุราษฎร์ธานี เปลี่ยนมาจาก บริษัท เอก-ชัย ดีสทริบิวชั่น ซิสเทม จำกัด (ศูนย์กระจายสินค้า เทสโก้ โลตัส สาขาสุราษฎร์ธานี),สาธารณสุขศาสตร์,อาชีวอนามัย,สุราษฎร์ธานี,9.127142,99.293832
1962,บริษัท ไทร์ โมลด์ (ประเทศไทย) จำกัด,สาธารณสุขศาสตร์,อาชีวอนามัย,ชลบุรี,13.359962,100.989228
1963,บริษัท ผลิตภัณฑ์ปลากระป๋องสยาม จำกัด,สาธารณสุขศาสตร์,อาชีวอนามัย,สตูล,6.596221,100.051089
1964,บริษัท ยายบัวการช่าง จํากัด,สาธารณสุขศาสตร์,อาชีวอนามัย,ภูเก็ต,7.913191,98.401689
1965,บริษัท โรเบิร์ต บ๊อช ออโตโมทีฟ เทคโนโลยีส์ (ประเทศไทย) จำกัด,สาธารณสุขศาสตร์,อาชีวอนามัย,ระยอง,12.66837,101.216289
1966,บริษัท เวสเทอร์น คอมโพเน้นท์ จำกัด,สาธารณสุขศาสตร์,อาชีวอนามัย,สมุทรปราการ,13.627662,100.671412
1967,บริษัท อินเตอร์เนชั่นแนล แคสติ้ง โปรดักส์ จำกัด,สาธารณสุขศาสตร์,อาชีวอนามัย,ระยอง,12.667728,101.262963
1968,บริษัท สมบูรณ์ ฟอร์จจิ้ง เทคโนโลยี จำกัด,สาธารณสุขศาสตร์,อาชีวอนามัย,ระยอง,12.651326,101.274685
1969,บริษัท หยั่น หว่อ หยุ่น จำกัด,สาธารณสุขศาสตร์,อาชีวอนามัย,สมุทรสงคราม,,
1970,บริษัท อดิสรสงขลา จำกัด,สาธารณสุขศาสตร์,อาชีวอนามัย,สงขลา,7.209889,100.498492
1971,บริษัท เอ็นเอ็มบี - มินีแบ ไทย จำกัด โรงงานอยุธยา,สาธารณสุขศาสตร์,อาชีวอนามัย,พระนครศรีอยุธยา,14.367553,100.574872
1972,บริษัท เอสซีลอร์ แมนูแฟ็คเจอริ่ง (ประเทศไทย) จำกัด,สาธารณสุขศาสตร์,อาชีวอนามัย,กรุงเทพมหานคร,13.741482,100.536649
1973,โรงพยาบาลทุ่งสง,สาธารณสุขศาสตร์,อาชีวอนามัย,นครศรีธรรมราช,8.406421,99.940015
1974,โรงพยาบาลปัตตานี,สาธารณสุขศาสตร์,อาชีวอนามัย,ปัตตานี,6.876752,101.270824
1975,โรงพยาบาลวชิระภูเก็ต,สาธารณสุขศาสตร์,อาชีวอนามัย,ภูเก็ต,7.867824,98.377675
1976,โรงพยาบาลศิริราช,สาธารณสุขศาสตร์,อาชีวอนามัย,กรุงเทพมหานคร,13.727912,100.474899
1977,โรงพยาบาลสงขลานครินทร์,สาธารณสุขศาสตร์,อาชีวอนามัย,สงขลา,7.207061,100.45671
1978,โรงพยาบาลสงขลานครินทร์ งานส่งเสริมสุขภาพและอาชีวอนามัย,สาธารณสุขศาสตร์,อาชีวอนามัย,สงขลา,7.141962,100.501967
1979,โรงพยาบาลหาดใหญ่ กลุ่มงานอาชีวเวชกรรม,สาธารณสุขศาสตร์,อาชีวอนามัย,สงขลา,7.212785,100.510842
1980,ศูนย์ความปลอดภัยในการทำงานเขต 9 สงขลา,สาธารณสุขศาสตร์,อาชีวอนามัย,สงขลา,7.163895,100.444508
1981,สำนักงานสวัสดิการและคุ้มครองแรงงานจังหวัดนครศรีธรรมราช,สาธารณสุขศาสตร์,อาชีวอนามัย,นครศรีธรรมราช,8.421952,99.92941
1982,บริษัท สยามมิชลิน จำกัด,สาธารณสุขศาสตร์,อาชีวอนามัย,สงขลา,7.144847,100.508073
1983,บริษัท เวสเทิร์น ดิจิตอล (ประเทศไทย) จำกัด,สาธารณสุขศาสตร์,อาชีวอนามัย,ปทุมธานี,13.983651,100.525291
1984,โรงพยาบาลนพรัตนราชธานี,สาธารณสุขศาสตร์,อาชีวอนามัย,กรุงเทพมหานคร,13.731862,100.529222
1985,โรงพยาบาลวชิระภูเก็ต กลุ่มงานอาชีวเวชกรรม,สาธารณสุขศาสตร์,อาชีวอนามัย,ภูเก็ต,7.879698,98.354275
1986,บริษัท เวสเทิร์น ดิจิตอล (ประเทศไทย) จำกัด นิคมอุตสาหกรรมบางปะอิน,สาธารณสุขศาสตร์,อาชีวอนามัย,พระนครศรีอยุธยา,14.357062,100.54873
1987,บริษัท เอชจีเอสที (ประเทศไทย) จํากัด,สาธารณสุขศาสตร์,อาชีวอนามัย,ปราจีนบุรี,14.054046,101.36028
1988,บริษัท เอ็นเอ็มบี - มินีแบ ไทย จำกัด โรงงานโรจนะ,สาธารณสุขศาสตร์,อาชีวอนามัย,พระนครศรีอยุธยา,14.398172,100.570797
1989,บริษัท โรเบิร์ต บ๊อช ออโตโมทีฟ เทคโนโลยี ประเทศไทย จำกัด,สาธารณสุขศาสตร์,อาชีวอนามัย,กรุงเทพมหานคร,13.760688,100.470233
1990,บริษัท ชไนเดอร์ (ไทยแลนด์) จำกัด,สาธารณสุขศาสตร์,อาชีวอนามัย,สมุทรปราการ,13.586722,100.717782
1991,บริษัท ท้อปโกลฟ เมดิคอล (ไทยแลนด์) จำกัด,สาธารณสุขศาสตร์,อาชีวอนามัย,สงขลา,7.15865,100.461757
1992,บริษัท นันทวัน จำกัด,สาธารณสุขศาสตร์,อาชีวอนามัย,กรุงเทพมหานคร,13.722582,100.462749
1993,บริษัท ปตท. จำกัด (มหาชน) คลังปิโตรเลียมสงขลา,สาธารณสุขศาสตร์,อาชีวอนามัย,สงขลา,7.166957,100.462279
1994,บริษัท สมบูรณ์แอ๊ดวานซ์เทคโนโลยี จำกัด (มหาชน),สาธารณสุขศาสตร์,อาชีวอนามัย,ระยอง,12.680374,101.215347
1995,บริษัท สมบูรณ์แอ๊ดวานซ์เทคโนโลยี จำกัด (มหาชน) จังหวัดระยอง,สาธารณสุขศาสตร์,อาชีวอนามัย,ระยอง,12.701962,101.274665
1996,บริษัท นิปปอนเพนต์ (ประเทศไทย) จำกัด,สาธารณสุขศาสตร์,อาชีวอนามัย,ชลบุรี,13.398606,100.998558
1997,บริษัท ไบเออสดร๊อฟ (ประเทศไทย) จำกัด,สาธารณสุขศาสตร์,อาชีวอนามัย,สมุทรปราการ,13.596342,100.694107
1998,บริษัท โซนี่ เทคโนโลยี ประเทศไทย จำกัด โรงงานบางกระดี,สาธารณสุขศาสตร์,อาชีวอนามัย,ชลบุรี,13.392213,100.971336
1999,บริษัท สหวิริยาสตีลอินดัสตรี จำกัด (มหาชน),สาธารณสุขศาสตร์,อาชีวอนามัย,ประจวบคีรีขันธ์,11.838319,99.79186
2000,บริษัท บริการภาคพื้นการบินกรุงเทพ เวิล์ดไวด์ไฟล์ท เซอร์วิส จำกัด,สาธารณสุขศาสตร์,อาชีวอนามัย,กระบี่,8.052701,98.917742
2001,บริษัท ซีออยล์ จำกัด (มหาชน),สาธารณสุขศาสตร์,อาชีวอนามัย,สงขลา,7.149563,100.508555
2002,บริษัท ซาฟราน เคบิน กรุงเทพ จำกัด,สาธารณสุขศาสตร์,อาชีวอนามัย,สมุทรปราการ,13.643421,100.685551
2003,บริษัท ซีพี ออลล์ จำกัด (มหาชน),สาธารณสุขศาสตร์,อาชีวอนามัย,กรุงเทพมหานคร,13.724375,100.518633
2004,บริษัท สงขลาไบโอเพาเวอร์ จำกัด (โรงไฟฟ้าสงขลาไบโอเพาเวอร์),สาธารณสุขศาสตร์,อาชีวอนามัย,สงขลา,7.159166,100.445216
2005,โรงพยาบาลรามาธิบดี,สาธารณสุขศาสตร์,อาชีวอนามัย,กรุงเทพมหานคร,13.772499,100.496708
2006,สำนักงานป้องกันควบคุมโรคที่ 12 จังหวัดสงขลา,สาธารณสุขศาสตร์,อาชีวอนามัย,สงขลา,7.169853,100.436556
2007,บริษัท ทิปโก้แอสฟัลท์ จำกัด (มหาชน) โรงงานพระประแดง,สาธารณสุขศาสตร์,อาชีวอนามัย,สมุทรปราการ,13.596679,100.694067
2008,บริษัท ข้าว ซี.พี. จำกัด (โรงงานนครหลวง)​,สาธารณสุขศาสตร์,อาชีวอนามัย,พระนครศรีอยุธยา,14.330794,100.623018
2009,บริษัท คาร์กิลล์สยาม จำกัด โรงงานนครปฐม,สาธารณสุขศาสตร์,อาชีวอนามัย,นครปฐม,13.817875,100.041066
2010,บริษัท เซาท์ เอ็นจิเนียริ่ง แอนด์ เทคโนโลยี จำกัด ที่ต้องลงพื้นที่ โรงไฟฟ้าหงสา สปป.ลาว,สาธารณสุขศาสตร์,อาชีวอนามัย,นนทบุรี,13.834426,100.538266
2011,บริษัท ดูคาติ มอเตอร์,สาธารณสุขศาสตร์,อาชีวอนามัย,ระยอง,12.668329,101.230993
2012,บริษัท โตโยด้า โกเซ เอเชีย จำกัด,สาธารณสุขศาสตร์,อาชีวอนามัย,ชลบุรี,13.400814,100.981769
2013,บริษัท ท่าอากาศยานไทย จำกัด (มหาชน) ท่าอากาศยานภูเก็ต,สาธารณสุขศาสตร์,อาชีวอนามัย,ภูเก็ต,7.900079,98.38802
2014,บริษัท ไทยแอร์เอเชีย จำกัด ดอนเมือง,สาธารณสุขศาสตร์,อาชีวอนามัย,กรุงเทพมหานคร,13.773952,100.501685
2015,บริษัท โรงงานน้ำตาลสิงห์บุรี (กลุ่มน้ำตาลมิตรผล),สาธารณสุขศาสตร์,อาชีวอนามัย,สิงห์บุรี,14.886282,100.377554
2016,บริษัท ไลน์ ทรานสปอร์ต จำกัด,สาธารณสุขศาสตร์,อาชีวอนามัย,ประจวบคีรีขันธ์,11.804494,99.7727
2017,โรงพยาบาลจุฬาลงกรณ์,สาธารณสุขศาสตร์,อาชีวอนามัย,กรุงเทพมหานคร,13.773246,100.487567
2018,โรงพยาบาลเฉลิมพระเกียรติสมเด็จพระเทพรัตนราชสุดาฯ สยามบรมราชกุมารี ระยอง,สาธารณสุขศาสตร์,อาชีวอนามัย,ระยอง,12.688012,101.255234
2019,"Changhua Christian Hospital, Changhua, Taiwan, ROC",สาธารณสุขศาสตร์,อาชีวอนามัย,ไต้หวัน,,
2020,โรงแรมโนราบุรี รีสอร์ท แอนด์ สปา,สาธารณสุขศาสตร์,อาชีวอนามัย,สุราษฎร์ธานี,9.144281,99.354447
2021,โรงแรม เลอ เมอริเดียน เขาหลัก รีสอร์ท แอนด์ สปา,สาธารณสุขศาสตร์,อาชีวอนามัย,พังงา,8.472716,98.522112
2022,วินด์แฮม แกรนด์ ในหาน บีช ภูเก็ต,สาธารณสุขศาสตร์,อาชีวอนามัย,ภูเก็ต,7.909281,98.387021
2023,โรงแรม เกรซแลนด์ เขาหลัก บีช รีสอร์ท,สาธารณสุขศาสตร์,อาชีวอนามัย,พังงา,8.469597,98.526571
2024,ส่วนบริการกลาง มหาวิทยาลัยวลัยลักษณ์,สาธารณสุขศาสตร์,อาชีวอนามัย,กรุงเทพมหานคร,13.733139,100.508787
2025,สำนักงานก่อสร้างขนาดใหญ่ที่ 15 กรมชลประทาน,สาธารณสุขศาสตร์,อาชีวอนามัย,กรุงเทพมหานคร,13.769954,100.480566
2026,สำนักงานอาชีวอนามัยและความปลอดภัย คณะแพทยศาสตร์ มหาวิทยาลัยขอนแก่น,สาธารณสุขศาสตร์,อาชีวอนามัย,ขอนแก่น,16.419356,102.843476
2027,บริษัท คาร์กิลล์สยาม จำกัด โรงงานพิษณุโลก,สาธารณสุขศาสตร์,อาชีวอนามัย,พิษณุโลก,16.827415,100.298935
2028,บริษัท โชติวัฒน์อุตสาหกรรมการผลิต จำกัด,สาธารณสุขศาสตร์,อาชีวอนามัย,สงขลา,7.16792,100.494997
2029,บริษัท ซีพี ออลล์ จำกัด (มหาชน) ศูนย์กระจายสินค้าสุราษฎร์ธานี,สาธารณสุขศาสตร์,อาชีวอนามัย,สุราษฎร์ธานี,9.154582,99.317706
2030,บริษัท เซมเพอร์เฟล็กซ์ เอเชีย จำกัด (สำนักงานใหญ่),สาธารณสุขศาสตร์,อาชีวอนามัย,สงขลา,7.17949,100.485693
2031,บริษัท ดีเอชแอล ซัพพลายเชน (ประเทศไทย) จำกัด คลังสุราษฎร์ธานี เปลี่ยนมาจาก บริษัท เอก-ชัย ดีสทริบิวชั่น ซิสเทม จำกัด (ศูนย์กระจายสินค้า เทสโก้ โลตัส สาขาสุราษฎร์ธานี),สาธารณสุขศาสตร์,อาชีวอนามัย,สุราษฎร์ธานี,9.127126,99.343853
2032,บริษัท ทีม คอนซัลติ้ง เอนจิเนียริ่ง แอนด์ แมเนจเมนท์ จำกัด (มหาชน),สาธารณสุขศาสตร์,อาชีวอนามัย,กรุงเทพมหานคร,13.791542,100.512941
2033,บริษัท ไทร์ โมลด์ (ประเทศไทย) จำกัด,สาธารณสุขศาสตร์,อาชีวอนามัย,ชลบุรี,13.362563,100.973293
2034,บริษัท บริการภาคพื้นการบินกรุงเทพ เวิล์ดไวด์ไฟล์ท เซอร์วิส จำกัด,สาธารณสุขศาสตร์,อาชีวอนามัย,กระบี่,8.056737,98.925692
2035,บริษัท ปูนซิเมนต์ไทย (ทุ่งสง) จำกัด,สาธารณสุขศาสตร์,อาชีวอนามัย,กรุงเทพมหานคร,13.758587,100.489309
2036,บริษัท ผลิตภัณฑ์ปลากระป๋องสยาม จำกัด,สาธารณสุขศาสตร์,อาชีวอนามัย,สตูล,6.64131,100.036578
2037,บริษัท เพาเวอร์ไลน์ เอ็นจิเนียริ่ง จำกัด (มหาชน),สาธารณสุขศาสตร์,อาชีวอนามัย,สงขลา,7.165145,100.449909
2038,บริษัท ยายบัวการช่าง จํากัด,สาธารณสุขศาสตร์,อาชีวอนามัย,ภูเก็ต,7.908507,98.410634
2039,บริษัท โรเบิร์ต บ๊อช ออโตโมทีฟ เทคโนโลยีส์ (ประเทศไทย) จำกัด,สาธารณสุขศาสตร์,อาชีวอนามัย,ระยอง,12.643556,101.213207
2040,บริษัท เวสเทอร์น คอมโพเน้นท์ จำกัด,สาธารณสุขศาสตร์,อาชีวอนามัย,สมุทรปราการ,13.631096,100.668253
2041,บริษัท ศรีตรังโกลฟส์ ประเทศไทย จำกัด,สาธารณสุขศาสตร์,อาชีวอนามัย,ตรัง,7.564352,99.625199
2042,บริษัท สงขลาไบโอเพาเวอร์ จำกัด (โรงไฟฟ้าสงขลาไบโอเพาเวอร์),สาธารณสุขศาสตร์,อาชีวอนามัย,สงขลา,7.16752,100.508331
2043,บริษัท อินเตอร์เนชั่นแนล แคสติ้ง โปรดักส์ จำกัด,สาธารณสุขศาสตร์,อาชีวอนามัย,ระยอง,12.658184,101.253118
2044,บริษัท สมบูรณ์ ฟอร์จจิ้ง เทคโนโลยี จำกัด,สาธารณสุขศาสตร์,อาชีวอนามัย,ระยอง,12.688717,101.251176
2045,บริษัท สหวิริยาสตีลอินดัสตรี จำกัด (มหาชน),สาธารณสุขศาสตร์,อาชีวอนามัย,ประจวบคีรีขันธ์,11.779934,99.829105
2046,บริษัท หยั่น หว่อ หยุ่น จำกัด,สาธารณสุขศาสตร์,อาชีวอนามัย,สมุทรสงคราม,,
2047,บริษัท อดิสรสงขลา จำกัด,สาธารณสุขศาสตร์,อาชีวอนามัย,สงขลา,7.205832,100.477183
2048,บริษัท เอ็นเอ็มบี - มินีแบ ไทย จำกัด โรงงานอยุธยา,สาธารณสุขศาสตร์,อาชีวอนามัย,พระนครศรีอยุธยา,14.337252,100.589113
2049,บริษัท เอ็ม เอ็ม โลจิสติกส์ จำกัด,สาธารณสุขศาสตร์,อาชีวอนามัย,กรุงเทพมหานคร,13.753231,100.48146
2050,บริษัท เอสซีลอร์ แมนูแฟ็คเจอริ่ง (ประเทศไทย) จำกัด,สาธารณสุขศาสตร์,อาชีวอนามัย,กรุงเทพมหานคร,13.730683,100.502084
2051,บริษัท ไอกะ หาดใหญ่ จำกัด,สาธารณสุขศาสตร์,อาชีวอนามัย,สงขลา,7.179443,100.445068
2052,โรงพยาบาลกรุงเทพหาดใหญ่,สาธารณสุขศาสตร์,อาชีวอนามัย,สงขลา,7.142277,100.500798
2053,โรงพยาบาลทุ่งสง,สาธารณสุขศาสตร์,อาชีวอนามัย,นครศรีธรรมราช,8.394525,99.943385
2054,โรงพยาบาลปัตตานี,สาธารณสุขศาสตร์,อาชีวอนามัย,ปัตตานี,6.903325,101.251849
2055,โรงพยาบาลรามาธิบดี,สาธารณสุขศาสตร์,อาชีวอนามัย,กรุงเทพมหานคร,13.764727,100.466517
2056,โรงพยาบาลวชิระภูเก็ต,สาธารณสุขศาสตร์,อาชีวอนามัย,ภูเก็ต,7.842731,98.368409
2057,โรงพยาบาลศิริราช,สาธารณสุขศาสตร์,อาชีวอนามัย,กรุงเทพมหานคร,13.77212,100.493751
2058,โรงพยาบาลศูนย์การแพทย์มหาวิทยาลัยวลัยลักษณ์,สาธารณสุขศาสตร์,อาชีวอนามัย,นครศรีธรรมราช,8.405457,99.934973
2059,โรงพยาบาลสงขลานครินทร์,สาธารณสุขศาสตร์,อาชีวอนามัย,สงขลา,7.214774,100.491234
2060,โรงพยาบาลสงขลานครินทร์ งานส่งเสริมสุขภาพและอาชีวอนามัย,สาธารณสุขศาสตร์,อาชีวอนามัย,สงขลา,7.148575,100.487381
2061,โรงพยาบาลหาดใหญ่ กลุ่มงานอาชีวเวชกรรม,สาธารณสุขศาสตร์,อาชีวอนามัย,สงขลา,7.142247,100.507557
2062,ศูนย์ความปลอดภัยในการทำงานเขต 9 สงขลา,สาธารณสุขศาสตร์,อาชีวอนามัย,สงขลา,7.206384,100.4674
2063,สำนักงานสวัสดิการและคุ้มครองแรงงานจังหวัดนครศรีธรรมราช,สาธารณสุขศาสตร์,อาชีวอนามัย,นครศรีธรรมราช,8.447043,99.955774
2064,สำนักงานสาธารณสุขจังหวัดนครศรีธรรมราช,สาธารณสุขศาสตร์,อาชีวอนามัย,นครศรีธรรมราช,8.444911,99.926799
2065,บริษัท ซีพี-เมจิ จำกัด,สาธารณสุขศาสตร์,อาชีวอนามัย,สระบุรี,14.563787,100.923881
2066,บริษัท กู๊ดเยียร์ (ประเทศไทย) จำกัด (มหาชน),สาธารณสุขศาสตร์,อาชีวอนามัย,ปทุมธานี,13.999355,100.492281
2067,บริษัท ไทยบิทูเมน จำกัด,สาธารณสุขศาสตร์,อาชีวอนามัย,สุราษฎร์ธานี,9.167346,99.342316
2068,บริษัท เอส ซี แมนเนจเมนท์ จำกัด,สาธารณสุขศาสตร์,อาชีวอนามัย,กรุงเทพมหานคร,13.793007,100.531306
2069,โรงพยาบาลมหาราชนครศรีธรรมราช กลุ่มงานอาชีวเวชกรรม,สาธารณสุขศาสตร์,อาชีวอนามัย,นครศรีธรรมราช,8.42663,99.973544
2070,"Faculty of Medicine and Health Sciences, Universiti Putra Malaysia",สาธารณสุขศาสตร์,อาชีวอนามัย,มาเลเซีย,,
2071,บริษัท ทรูธ มารีไทม์ เซอร์วิสเซส จำกัด จังหวัดสงขลา,สาธารณสุขศาสตร์,อาชีวอนามัย,สงขลา,7.157722,100.501751
2072,สำนักงานสาธารณสุขจังหวัดสุราษฎร์ธานี,สาธารณสุขศาสตร์,อาชีวอนามัย,สุราษฎร์ธานี,9.118624,99.340556
2073,โรงพยาบาลท่าศาลา,สาธารณสุขศาสตร์,อาชีวอนามัย,นครศรีธรรมราช,8.414474,99.951494
2074,DigilifeThailand,สารสนเทศศาสตร์,ดิจิทัลคอนเทนต์และสื่อ,นนทบุรี,13.850806,100.510846
2075,"Hunter New England, Armidale Rural Referral Hospital",สารสนเทศศาสตร์,ดิจิทัลคอนเทนต์และสื่อ,ออสเตรเลีย,,
2076,Metadee Concept Hotel,สารสนเทศศาสตร์,ดิจิทัลคอนเทนต์และสื่อ,ภูเก็ต,7.865444,98.429202
2077,Rudy Technology,สารสนเทศศาสตร์,ดิจิทัลคอนเทนต์และสื่อ,กรุงเทพมหานคร,13.779892,100.534369
2078,The Library of Universiti Malaysia Perlis,สารสนเทศศาสตร์,ดิจิทัลคอนเทนต์และสื่อ,มาเลเซีย,,
2079,Total Fire Stopping PTY LTD,สารสนเทศศาสตร์,ดิจิทัลคอนเทนต์และสื่อ,ออสเตรเลีย,,
2080,กรมการท่องเที่ยว,สารสนเทศศาสตร์,ดิจิทัลคอนเทนต์และสื่อ,กรุงเทพมหานคร,13.731335,100.481413
2081,จีทีสตูดิโอ,สารสนเทศศาสตร์,ดิจิทัลคอนเทนต์และสื่อ,ภูเก็ต,7.859729,98.426868
2082,ไซเบอร์-เฮาส์ชิ่งดอทคอม บจก.,สารสนเทศศาสตร์,ดิจิทัลคอนเทนต์และสื่อ,กรุงเทพมหานคร,13.716945,100.479282
2083,บริษัท กราฟโฟ้ ดีไซน์ จำกัด,สารสนเทศศาสตร์,ดิจิทัลคอนเทนต์และสื่อ,ภูเก็ต,7.902312,98.411188
2084,บริษัท คาเมเลี่ยน โปรดักชั่น จำกัด,สารสนเทศศาสตร์,ดิจิทัลคอนเทนต์และสื่อ,สุราษฎร์ธานี,9.131019,99.346591
2085,บริษัท คิสรา จำกัด,สารสนเทศศาสตร์,ดิจิทัลคอนเทนต์และสื่อ,กรุงเทพมหานคร,13.728332,100.492913
2086,บริษัท จีบีวาย ดิจิทัล เทค จำกัด,สารสนเทศศาสตร์,ดิจิทัลคอนเทนต์และสื่อ,สุราษฎร์ธานี,9.154167,99.303531
2087,บริษัท จีเอ็มเอ็ม แกรมมี่ จำกัด (มหาชน),สารสนเทศศาสตร์,ดิจิทัลคอนเทนต์และสื่อ,กรุงเทพมหานคร,13.72961,100.521343
2088,บริษัท ซิซซา กรุ๊ป จำกัด จังหวัดภูเก็ต,สารสนเทศศาสตร์,ดิจิทัลคอนเทนต์และสื่อ,ภูเก็ต,7.915016,98.373814
2089,บริษัท เซ็นทรัลเทรดดิ้ง จำกัด,สารสนเทศศาสตร์,ดิจิทัลคอนเทนต์และสื่อ,กรุงเทพมหานคร,13.778893,100.527576
2090,บริษัท เซเว่นทีน สตูดิโอ จำกัด,สารสนเทศศาสตร์,ดิจิทัลคอนเทนต์และสื่อ,สงขลา,7.207123,100.512889
2091,บริษัท ดรีมเบส อินเตอร์แอ็คทีฟ จำกัด,สารสนเทศศาสตร์,ดิจิทัลคอนเทนต์และสื่อ,กรุงเทพมหานคร,13.777619,100.477136
2092,บริษัท ดีเอ็นเอ เมคเกอร์ จำกัด,สารสนเทศศาสตร์,ดิจิทัลคอนเทนต์และสื่อ,กรุงเทพมหานคร,13.724064,100.505304
2093,บริษัท เดอะ รีโคฟเวอรี่ แอดไวเซอร์ จำกัด,สารสนเทศศาสตร์,ดิจิทัลคอนเทนต์และสื่อ,กรุงเทพมหานคร,13.722764,100.4868
2094,บริษัท ไทย ออนไลน์ มีเดีย จำกัด,สารสนเทศศาสตร์,ดิจิทัลคอนเทนต์และสื่อ,กรุงเทพมหานคร,13.769239,100.500805
2095,บริษัท ไทยเบฟเวอเรจโลจิสติกส์ จำกัด,สารสนเทศศาสตร์,ดิจิทัลคอนเทนต์และสื่อ,กรุงเทพมหานคร,13.741533,100.492369
2096,บริษัท ธิงค์แลบ เท็คโนโลยี จำกัด,สารสนเทศศาสตร์,ดิจิทัลคอนเทนต์และสื่อ,กรุงเทพมหานคร,13.786078,100.494898
2097,บริษัท เนชั่น บรอดแคสติ้ง คอร์ปอเรชั่น จำกัด,สารสนเทศศาสตร์,ดิจิทัลคอนเทนต์และสื่อ,กรุงเทพมหานคร,13.719274,100.535125
2098,บริษัท เน็ตดีไซน์ ซอฟท์ จำกัด,สารสนเทศศาสตร์,ดิจิทัลคอนเทนต์และสื่อ,กรุงเทพมหานคร,13.795943,100.539935
2099,บริษัท เน็ตดีไซน์ โฮสต์ จำกัด,สารสนเทศศาสตร์,ดิจิทัลคอนเทนต์และสื่อ,กรุงเทพมหานคร,13.781476,100.521496
2100,บริษัท บียอนด์ กราฟิคส์ จำกัด,สารสนเทศศาสตร์,ดิจิทัลคอนเทนต์และสื่อ,ภูเก็ต,7.865121,98.409304
2101,บริษัท พระนครซอฟท์ จำกัด,สารสนเทศศาสตร์,ดิจิทัลคอนเทนต์และสื่อ,กรุงเทพมหานคร,13.74554,100.500837
2102,บริษัท พีไฟว์ โปรดักชั่น จำกัด,สารสนเทศศาสตร์,ดิจิทัลคอนเทนต์และสื่อ,กรุงเทพมหานคร,13.774674,100.477288
2103,บริษัท ไฟนอลพีช จำกัด,สารสนเทศศาสตร์,ดิจิทัลคอนเทนต์และสื่อ,กรุงเทพมหานคร,13.728662,100.489687
2104,บริษัท ภูเก็ตโซลูชั่น จำกัด,สารสนเทศศาสตร์,ดิจิทัลคอนเทนต์และสื่อ,ภูเก็ต,7.871016,98.400698
2105,บริษัท แม็กซิมั่ม เด็บ จำกัด,สารสนเทศศาสตร์,ดิจิทัลคอนเทนต์และสื่อ,กรุงเทพมหานคร,13.75964,100.520176
2106,บริษัท เยส เว็บ ดีไซต์ สตูดิโอ จำกัด,สารสนเทศศาสตร์,ดิจิทัลคอนเทนต์และสื่อ,กรุงเทพมหานคร,13.753985,100.513177
2107,บริษัท เยส เว็บ ดีไซน์ สตูดิโอ จำกัด,สารสนเทศศาสตร์,ดิจิทัลคอนเทนต์และสื่อ,กรุงเทพมหานคร,13.786255,100.490204
2108,บริษัท เยสเซอร์บอส จำกัด,สารสนเทศศาสตร์,ดิจิทัลคอนเทนต์และสื่อ,กรุงเทพมหานคร,13.717287,100.502931
2109,บริษัท วัชรพล จำกัด (หนังสือพิมพ์ไทยรัฐ),สารสนเทศศาสตร์,ดิจิทัลคอนเทนต์และสื่อ,กรุงเทพมหานคร,13.754168,100.501669
2110,บริษัท วันลิ้งค์ เทคโนโลยี จำกัด,สารสนเทศศาสตร์,ดิจิทัลคอนเทนต์และสื่อ,กรุงเทพมหานคร,13.790606,100.48202
2111,บริษัท อสมท จำกัด (มหาชน),สารสนเทศศาสตร์,ดิจิทัลคอนเทนต์และสื่อ,กรุงเทพมหานคร,13.773477,100.498648
2112,บริษัท อินเตอร์เนต บิซิเนส เน็ตเวอค จำกัด,สารสนเทศศาสตร์,ดิจิทัลคอนเทนต์และสื่อ,กรุงเทพมหานคร,13.774225,100.505621
2113,บริษัท เอ็มบ็อกซ์ มัลติมีเดีย จำกัด,สารสนเทศศาสตร์,ดิจิทัลคอนเทนต์และสื่อ,กรุงเทพมหานคร,13.763366,100.474079
2114,บริษัท เอไอแมน จำกัด,สารสนเทศศาสตร์,ดิจิทัลคอนเทนต์และสื่อ,กรุงเทพมหานคร,13.751555,100.486747
2115,บริษัท ไอโซเลชั่น ดีเวลลอป จำกัด,สารสนเทศศาสตร์,ดิจิทัลคอนเทนต์และสื่อ,ภูเก็ต,7.911484,98.360239
2116,บริษัท แฮชบีเอ็กซ์ โกลบอล จำกัด (บริษัท โวลซ์ เอนเนอร์จี จำกัด),สารสนเทศศาสตร์,ดิจิทัลคอนเทนต์และสื่อ,ชลบุรี,13.329574,100.973228
2117,บริษัท โฮมมาร์ท ช.โลหะกิจ จำกัด,สารสนเทศศาสตร์,ดิจิทัลคอนเทนต์และสื่อ,กระบี่,8.075486,98.941383
2118,มิวเซียมภูเก็ต,สารสนเทศศาสตร์,ดิจิทัลคอนเทนต์และสื่อ,ภูเก็ต,7.88042,98.391589
2119,โย่ว ภูเก็ต,สารสนเทศศาสตร์,ดิจิทัลคอนเทนต์และสื่อ,ภูเก็ต,7.898975,98.418644
2120,โรงพยาบาลวัฒนแพทย์ อ่าวนาง,สารสนเทศศาสตร์,ดิจิทัลคอนเทนต์และสื่อ,กระบี่,8.125012,98.942523
2121,โรงแรมเลอ เมอริเดียน เชียงราย รีสอร์ท,สารสนเทศศาสตร์,ดิจิทัลคอนเทนต์และสื่อ,เชียงราย,19.902643,99.828232
2122,ศูนย์ความเป็นเลิศด้านนวัตกรรมสารสนเทศ สำนักวิชาสารสนเทศศาสตร์ มหาวิทยาลัยวลัยลักษณ์,สารสนเทศศาสตร์,ดิจิทัลคอนเทนต์และสื่อ,นครศรีธรรมราช,8.432005,99.940909
2123,ศูนย์ส่งเสริมวัฒนธรรมและการกีฬา มหาวิทยาลัยวลัยลักษณ์,สารสนเทศศาสตร์,ดิจิทัลคอนเทนต์และสื่อ,นครศรีธรรมราช,8.404396,99.993211
2124,สถานีวิทยุกระจายเสียงแห่งประเทศไทยอำเภอทุ่งสง จังหวัดนครศรีธรรมราช,สารสนเทศศาสตร์,ดิจิทัลคอนเทนต์และสื่อ,นครศรีธรรมราช,8.425495,99.938267
2125,สถานีวิทยุโทรทัศน์แห่งประเทศไทย จ.สุราษฎร์ธานี (ช่อง 11),สารสนเทศศาสตร์,ดิจิทัลคอนเทนต์และสื่อ,สุราษฎร์ธานี,9.109661,99.354715
2126,สถาบันวิจัยดาราศาสตร์แห่งชาติ (องค์การมหาชน),สารสนเทศศาสตร์,ดิจิทัลคอนเทนต์และสื่อ,เชียงใหม่,18.76877,99.002314
2127,สโมสร บีจี ปทุม ยูไนเต็ด,สารสนเทศศาสตร์,ดิจิทัลคอนเทนต์และสื่อ,ปทุมธานี,14.040615,100.486271
2128,สโมสรฟุตบอลนครศรียูไนเต็ด,สารสนเทศศาสตร์,ดิจิทัลคอนเทนต์และสื่อ,กรุงเทพมหานคร,13.725136,100.531625
2129,ส่วนส่งเสริมและพัฒนานักศึกษา มหาวิทยาลัยวลัยลักษณ์,สารสนเทศศาสตร์,ดิจิทัลคอนเทนต์และสื่อ,นครศรีธรรมราช,8.403848,99.925859
2130,สำนักการเรียนรู้ตลอดชีวิตพระจอมเกล้าเจ้าคุณทหารลาดกระบัง,สารสนเทศศาสตร์,ดิจิทัลคอนเทนต์และสื่อ,กรุงเทพมหานคร,13.727544,100.467476
2131,สำนักงานประชาสัมพันธ์จังหวัดสุราษฎร์ธานี,สารสนเทศศาสตร์,ดิจิทัลคอนเทนต์และสื่อ,สุราษฎร์ธานี,9.104386,99.358691
2132,สำนักทรัพยากรการเรียนรู้คุณหญิงหลง อรรถกระวีสุนทร มหาวิทยาลัยสงขลานครินทร์,สารสนเทศศาสตร์,ดิจิทัลคอนเทนต์และสื่อ,สงขลา,7.150457,100.493076
2133,สำนักหอสมุด มหาวิทยาลัยขอนแก่น,สารสนเทศศาสตร์,ดิจิทัลคอนเทนต์และสื่อ,ขอนแก่น,16.448823,102.799025
2134,หอสมุดแห่งชาติเฉลิมพระเกียรติ สมเด็จพระนางเจ้าสิริกิติ์ พระบรมราชินีนาถ ตรัง,สารสนเทศศาสตร์,ดิจิทัลคอนเทนต์และสื่อ,ตรัง,7.569834,99.594906
2135,อุทยานการเรียนรู้เมืองนครศรีธรรมราช,สารสนเทศศาสตร์,ดิจิทัลคอนเทนต์และสื่อ,นครศรีธรรมราช,8.421646,99.944395
2136,อุุทยานสวนพฤกศาสตร์ มหาวิทยาลัยวลัยลักษณ์,สารสนเทศศาสตร์,ดิจิทัลคอนเทนต์และสื่อ,นครศรีธรรมราช,8.425823,99.956057
2137,จีทีสตูดิโอ ภูเก็ต,สารสนเทศศาสตร์,ดิจิทัลคอนเทนต์และสื่อ,ภูเก็ต,7.907067,98.390056
2138,บริษัท คลาวด์นายน์ เวิลด์วายด์ จำกัด (สำนักงานใหญ่),สารสนเทศศาสตร์,ดิจิทัลคอนเทนต์และสื่อ,กรุงเทพมหานคร,13.729925,100.536228
2139,บริษัท ซิงค์ สเตชั่น 59 จำกัด,สารสนเทศศาสตร์,ดิจิทัลคอนเทนต์และสื่อ,สมุทรปราการ,13.579474,100.712218
2140,บริษัท บัซซี่บีส์ จำกัด (Mediabuzz),สารสนเทศศาสตร์,ดิจิทัลคอนเทนต์และสื่อ,กรุงเทพมหานคร,13.791581,100.5099
2141,บริษัท มาสเตอร์ แอดไวส์เซอร์ จำกัด,สารสนเทศศาสตร์,ดิจิทัลคอนเทนต์และสื่อ,กรุงเทพมหานคร,13.728613,100.496939
2142,บริษัท วีอาร์ทวินส์ จำกัด,สารสนเทศศาสตร์,ดิจิทัลคอนเทนต์และสื่อ,กรุงเทพมหานคร,13.744923,100.531292
2143,บริษัท อินเตอร์เนชั่นแนล คอนเน็คเทรด จำกัด,สารสนเทศศาสตร์,ดิจิทัลคอนเทนต์และสื่อ,กรุงเทพมหานคร,13.721414,100.509821
2144,โรงแรมรอยัล ภูเก็ต ซิตี้,สารสนเทศศาสตร์,ดิจิทัลคอนเทนต์และสื่อ,ภูเก็ต,7.881983,98.359101
2145,สถานีวิทยุกระจายเสียงแห่งประเทศไทย จังหวัดภูเก็ต,สารสนเทศศาสตร์,ดิจิทัลคอนเทนต์และสื่อ,ภูเก็ต,7.849323,98.360865
2146,สถานีวิทยุโทรศัพท์แห่งประเทศไทยจังหวัดสงขลา,สารสนเทศศาสตร์,ดิจิทัลคอนเทนต์และสื่อ,สงขลา,7.14726,100.441111
2147,สภาวิชาชีพบัญชีในพระบรมราชูปถัมถ์,สารสนเทศศาสตร์,ดิจิทัลคอนเทนต์และสื่อ,กรุงเทพมหานคร,13.750526,100.509607
2148,สำนักหอสมุด มหาวิทยาลัยเทคโนโลยีพระจอมเกล้าธนบุรี,สารสนเทศศาสตร์,ดิจิทัลคอนเทนต์และสื่อ,กรุงเทพมหานคร,13.731251,100.462151
2149,สำนักหอสมุด มหาวิทยาลัยแม่โจ้,สารสนเทศศาสตร์,ดิจิทัลคอนเทนต์และสื่อ,กรุงเทพมหานคร,13.743841,100.529797
2150,อุทยานการเรียนรู้นครหาดใหญ่,สารสนเทศศาสตร์,ดิจิทัลคอนเทนต์และสื่อ,สงขลา,7.178932,100.463674
2151,อุทยานการเรียนรู้สุราษฎร์ธานี,สารสนเทศศาสตร์,ดิจิทัลคอนเทนต์และสื่อ,สุราษฎร์ธานี,9.102478,99.327247
2152,บริษัท กรุงเทพประกันชีวิต จํากัด (มหาชน) สาขานครศรีธรรมราช,สารสนเทศศาสตร์,ดิจิทัลคอนเทนต์และสื่อ,นครศรีธรรมราช,8.422197,99.93762
2153,บริษัท เอฟเอ็มเอฟ จำกัด,สารสนเทศศาสตร์,ดิจิทัลคอนเทนต์และสื่อ,กรุงเทพมหานคร,13.778485,100.49
2154,บริษัท เอสเคที ฮอลิเดย์ จำกัด,สารสนเทศศาสตร์,ดิจิทัลคอนเทนต์และสื่อ,กรุงเทพมหานคร,13.78579,100.502953
2155,บริษัท ปูนซิเมนต์ไทย จำกัด (มหาชน),สารสนเทศศาสตร์,ดิจิทัลคอนเทนต์และสื่อ,กรุงเทพมหานคร,13.789389,100.487764
2156,บริษัท เบญจจินดา โฮลดิ้ง จำกัด,สารสนเทศศาสตร์,ดิจิทัลคอนเทนต์และสื่อ,กรุงเทพมหานคร,13.730199,100.462645
2157,บริษัท วิสต้า มาร์เกตติ๊ง (ไทยแลนด์) จำกัด,สารสนเทศศาสตร์,ดิจิทัลคอนเทนต์และสื่อ,กรุงเทพมหานคร,13.738453,100.49535
2158,บริษัท ใจรัก กรุ๊ป จำกัด,สารสนเทศศาสตร์,ดิจิทัลคอนเทนต์และสื่อ,กรุงเทพมหานคร,13.79169,100.540726
2159,โรงแรม ฮอลิเดย์ อินน์ รีสอร์ท สมุย บ่อผุด,สารสนเทศศาสตร์,ดิจิทัลคอนเทนต์และสื่อ,สุราษฎร์ธานี,9.168898,99.320968
2160,สหกรณ์ออมทรัพย์กรมชลประทาน จำกัด,สารสนเทศศาสตร์,ดิจิทัลคอนเทนต์และสื่อ,กรุงเทพมหานคร,13.794495,100.469388
2161,บริษัท คิวบิก กรุ๊ป จำกัด,สารสนเทศศาสตร์,ดิจิทัลคอนเทนต์และสื่อ,กรุงเทพมหานคร,13.73778,100.472158
2162,บริษัท เคฟแมน พรอพเพอร์ตี้ จำกัด,สารสนเทศศาสตร์,ดิจิทัลคอนเทนต์และสื่อ,กรุงเทพมหานคร,13.79499,100.471103
2163,บริษัท คอฟแมน อินเตอร์เนชั่นแนล จำกัด,สารสนเทศศาสตร์,ดิจิทัลคอนเทนต์และสื่อ,กรุงเทพมหานคร,13.733918,100.514374
2164,บริษัท ไฮเปอร์ แล็บ จำกัด,สารสนเทศศาสตร์,ดิจิทัลคอนเทนต์และสื่อ,กรุงเทพมหานคร,13.719251,100.541565
2165,บริษัท แซ่บหลาย โปรดักชั่น จำกัด,สารสนเทศศาสตร์,ดิจิทัลคอนเทนต์และสื่อ,กรุงเทพมหานคร,13.734654,100.494113
2166,บริษัท ยืนเดี่ยว จำกัด,สารสนเทศศาสตร์,ดิจิทัลคอนเทนต์และสื่อ,กรุงเทพมหานคร,13.724998,100.481444
2167,สถานีวิทยุกระจายเสียงแห่งประเทศไทย จังหวัดนครศรีธรรมราช,สารสนเทศศาสตร์,ดิจิทัลคอนเทนต์และสื่อ,นครศรีธรรมราช,8.42549,99.928713
2168,สำนักหอสมุด มหาวิทยาลัยเกษตรศาสตร์,สารสนเทศศาสตร์,ดิจิทัลคอนเทนต์และสื่อ,กรุงเทพมหานคร,13.759302,100.520499
2169,หน่วยนวัตกรรมเพื่อผู้บริโภคด้านผลิตภัณฑ์ สังกัดคณะเภสัชศาสตร์,สารสนเทศศาสตร์,ดิจิทัลคอนเทนต์และสื่อ,กรุงเทพมหานคร,13.745857,100.483462
2170,สำนักงานปลัด กระทรวงดิจิทัลเพื่อเศรษฐกิจและสังคม,สารสนเทศศาสตร์,ดิจิทัลคอนเทนต์และสื่อ,กรุงเทพมหานคร,13.791877,100.4918
2171,กรมชลประทาน,สารสนเทศศาสตร์,ดิจิทัลคอนเทนต์และสื่อ,กรุงเทพมหานคร,13.775957,100.466399
2172,หอสมุดและคลังความรู้ มหาวิทยาลัยมหิดล,สารสนเทศศาสตร์,ดิจิทัลคอนเทนต์และสื่อ,กรุงเทพมหานคร,13.746616,100.483994
2173,หอจดหมายเหตุพุทธทาส อินทปัญโญ,สารสนเทศศาสตร์,ดิจิทัลคอนเทนต์และสื่อ,กรุงเทพมหานคร,13.757248,100.539151
2174,โรงแรมธรรมรินทร์ ธนา,สารสนเทศศาสตร์,ดิจิทัลคอนเทนต์และสื่อ,ตรัง,7.531794,99.636139
2175,โรงแรม ฮอลิเดย์ สไตล์ อ่าวนาง บีช รีสอร์ท กระบี่,สารสนเทศศาสตร์,ดิจิทัลคอนเทนต์และสื่อ,กระบี่,8.120711,98.911303
2176,ซัมเมอร์คลินิก ภูเก็ต,สารสนเทศศาสตร์,ดิจิทัลคอนเทนต์และสื่อ,ภูเก็ต,7.89406,98.352356
2177,ศูนย์สหกิจศึกษาและพัฒนาอาชีพ มหาวิทยาลัยวลัยลักษณ์,สารสนเทศศาสตร์,ดิจิทัลคอนเทนต์และสื่อ,กรุงเทพมหานคร,13.785036,100.514599
2178,หน่วยนวัตกรรมเพื่อผู้บริโภคด้านผลิตภัณฑ์สุขภาพ คณะเภสัชศาสตร์ มหาวิทยาลัยสงขลานครินทร์,สารสนเทศศาสตร์,ดิจิทัลคอนเทนต์และสื่อ,สงขลา,7.177273,100.465674
2179,หอจดหมายเหตุแห่งชาติเฉลิมพระเกียรติสมเด็จพระนางเจ้าสิริกิติ์ พระบรมราชินีนาถ จังหวัดสงขลา,สารสนเทศศาสตร์,ดิจิทัลคอนเทนต์และสื่อ,สงขลา,7.193144,100.451603
2180,หอสมุดกลาง มหาวิทยาลัยหอการค้าไทย,สารสนเทศศาสตร์,ดิจิทัลคอนเทนต์และสื่อ,กรุงเทพมหานคร,13.780318,100.536811
2181,สำนักหอสมุดกลาง มหาวิทยาลัยศรีนครินทรวิโรฒ,สารสนเทศศาสตร์,ดิจิทัลคอนเทนต์และสื่อ,กรุงเทพมหานคร,13.776426,100.474349
2182,สำนักหอสมุด มหาวิทยาลัยทักษิณ วิทยาเขตสงขลา,สารสนเทศศาสตร์,ดิจิทัลคอนเทนต์และสื่อ,สงขลา,7.147864,100.441786
2183,ห้องสมุดมหาวิทยาลัยสงขลานครินทร์ วิทยาเขตตรัง,สารสนเทศศาสตร์,ดิจิทัลคอนเทนต์และสื่อ,ตรัง,7.547451,99.581817
2184,บริษัท ซิมโฟนี มิวสิค ช้อป จำกัด,สารสนเทศศาสตร์,ดิจิทัลคอนเทนต์และสื่อ,สุราษฎร์ธานี,9.111576,99.28484
2185,บริษัท ท๊อป โปรเฟสชั่นแนล แอนด์ ดีเวลลอปเมนต์ จำกัด,สารสนเทศศาสตร์,ดิจิทัลคอนเทนต์และสื่อ,ชลบุรี,13.389018,100.960038
2186,บริษัท ยิหวา ฮอลิเดย์ จำกัด,สารสนเทศศาสตร์,ดิจิทัลคอนเทนต์และสื่อ,กรุงเทพมหานคร,13.788036,100.508817
2187,บริษัท ห้องปฏิบัติการกลาง (ประเทศไทย) จำกัด สาขาสงขลา,วิทยาศาสตร์,วิทยาศาสตร์อาหารและนวัตกรรม,สงขลา,7.161688,100.48657
2188,บริษัท เอ็นเอสแอล ฟู้ดส์ จํากัด,วิทยาศาสตร์,วิทยาศาสตร์อาหารและนวัตกรรม,ชลบุรี,13.332634,101.014944
2189,บริษัท ฉั่วฮะเส็ง ฟู้ดโปรดักส์ จํากัด,วิทยาศาสตร์,วิทยาศาสตร์อาหารและนวัตกรรม,กรุงเทพมหานคร,13.756379,100.529352
2190,บริษัท โตโย ไซกัน (ประเทศไทย) จำกัด,วิทยาศาสตร์,วิทยาศาสตร์อาหารและนวัตกรรม,กรุงเทพมหานคร,13.718917,100.47809
2191,บริษัท ผลิตภัณฑ์อาหารเชฟช้อย (สาขา1),วิทยาศาสตร์,วิทยาศาสตร์อาหารและนวัตกรรม,นนทบุรี,13.83857,100.502983
2192,บริษัท โฟร์ ฟูดส์ จำกัด,วิทยาศาสตร์,วิทยาศาสตร์อาหารและนวัตกรรม,ปทุมธานี,14.036885,100.495528
2193,สถาบันค้นคว้าและพัฒนาผลิตผลทางการเกษตรและอุตสาหกรรมเกษตร,วิทยาศาสตร์,วิทยาศาสตร์อาหารและนวัตกรรม,กรุงเทพมหานคร,13.793451,100.464127
2194,สถาบันอาหาร National food Institute ,วิทยาศาสตร์,วิทยาศาสตร์อาหารและนวัตกรรม,กรุงเทพมหานคร,13.759497,100.499148
2195,บริษัท ชุมพรอุตสาหกรรมน้ำมันปาล์ม จำกัด (มหาชน),วิทยาศาสตร์,วิทยาศาสตร์อาหารและนวัตกรรม,ชุมพร,10.504653,99.183411
2196,ศูนย์การแพทย์มหาวิทยาลัยวลัยลักษณ์,วิทยาศาสตร์,วิทยาศาสตร์อาหารและนวัตกรรม,นครศรีธรรมราช,8.471369,99.934528
2197,โรงพยาบาลองค์การบริหารส่วนจังหวัดภูเก็ต,วิทยาศาสตร์,วิทยาศาสตร์อาหารและนวัตกรรม,ภูเก็ต,7.859848,98.356369
2198,บริษัท ผลิตภัณฑ์อาหารกว้างไพศาล จำกัด (มหาชน),วิทยาศาสตร์,วิทยาศาสตร์อาหารและนวัตกรรม,ตรัง,7.532858,99.588633
2199,บริษัท สุราษฎร์ธานีเบเวอเรช จำกัด,วิทยาศาสตร์,วิทยาศาสตร์อาหารและนวัตกรรม,สุราษฎร์ธานี,9.126254,99.327944
2200,กองบริหารทรัพยากรบุคคล สำนักงานปลัดกระทรวงสาธารณสุข,สารสนเทศศาสตร์,นวัตกรรมสารสนเทศศาสตร์ทางการแพทย์,นนทบุรี,13.876827,100.533032
2201,โรงพยาบาลธรรมศาสตร์เฉลิมพระเกียรติ,สารสนเทศศาสตร์,นวัตกรรมสารสนเทศศาสตร์ทางการแพทย์,ปทุมธานี,13.986281,100.496713
2202,โรงพยาบาลธัญบุรี,สารสนเทศศาสตร์,นวัตกรรมสารสนเทศศาสตร์ทางการแพทย์,ปทุมธานี,14.01282,100.516463
2203,โรงพยาบาลบางปะกอก 9 อินเตอร์เนชั่นแนล,สารสนเทศศาสตร์,นวัตกรรมสารสนเทศศาสตร์ทางการแพทย์,กรุงเทพมหานคร,13.796284,100.469259
2204,โรงพยาบาลบ้านตาขุน,สารสนเทศศาสตร์,นวัตกรรมสารสนเทศศาสตร์ทางการแพทย์,สุราษฎร์ธานี,9.15074,99.350639
2205,โรงพยาบาลพญาไท พหลโยธิน,สารสนเทศศาสตร์,นวัตกรรมสารสนเทศศาสตร์ทางการแพทย์,กรุงเทพมหานคร,13.719725,100.509925
2206,โรงพยาบาลพระนั่งเกล้า,สารสนเทศศาสตร์,นวัตกรรมสารสนเทศศาสตร์ทางการแพทย์,นนทบุรี,13.884358,100.488779
2207,โรงพยาบาลพัทลุง,สารสนเทศศาสตร์,นวัตกรรมสารสนเทศศาสตร์ทางการแพทย์,พัทลุง,7.646328,100.202294
2208,โรงพยาบาลยันฮี,สารสนเทศศาสตร์,นวัตกรรมสารสนเทศศาสตร์ทางการแพทย์,กรุงเทพมหานคร,13.772513,100.499467
2209,โรงพยาบาลโรคผิวหนังเขตร้อนภาคใต้ จังหวัดตรัง กรมการแพทย์,สารสนเทศศาสตร์,นวัตกรรมสารสนเทศศาสตร์ทางการแพทย์,ตรัง,7.52956,99.649779
2210,โรงพยาบาลลานสกา,สารสนเทศศาสตร์,นวัตกรรมสารสนเทศศาสตร์ทางการแพทย์,นครศรีธรรมราช,8.461814,99.938844
2211,โรงพยาบาลวัฒนแพทย์ จังหวัดตรัง,สารสนเทศศาสตร์,นวัตกรรมสารสนเทศศาสตร์ทางการแพทย์,ตรัง,7.556771,99.585025
2212,โรงพยาบาลศิริราช ปิยมหาราชการุณย์,สารสนเทศศาสตร์,นวัตกรรมสารสนเทศศาสตร์ทางการแพทย์,กรุงเทพมหานคร,13.717204,100.470221
2213,โรงพยาบาลสงขลา ศูนย์คอมพิวเตอร์,สารสนเทศศาสตร์,นวัตกรรมสารสนเทศศาสตร์ทางการแพทย์,สงขลา,7.179268,100.462241
2214,โรงพยาบาลสตูล,สารสนเทศศาสตร์,นวัตกรรมสารสนเทศศาสตร์ทางการแพทย์,สตูล,6.629226,100.077768
2215,โรงพยาบาลหาดใหญ่,สารสนเทศศาสตร์,นวัตกรรมสารสนเทศศาสตร์ทางการแพทย์,สงขลา,7.160796,100.506948
2216,ศูนย์ความเป็นเลิศด้านสารสนเทศทางสุขภาพเพื่อชุมชน มหาวิทยาลัยเชียงใหม่,สารสนเทศศาสตร์,นวัตกรรมสารสนเทศศาสตร์ทางการแพทย์,เชียงใหม่,18.805025,98.991822
2217,สำนักงานสาธารณสุขจังหวัดสตูล,สารสนเทศศาสตร์,นวัตกรรมสารสนเทศศาสตร์ทางการแพทย์,สตูล,6.604476,100.059223
2218,ห้องปฏิบัติการเชื่อมต่อสมองกับคอมพิวเตอร์ คณะวิศวกรรมชีวการแพทย์ มหาวิทยาลัยมหิดล,สารสนเทศศาสตร์,นวัตกรรมสารสนเทศศาสตร์ทางการแพทย์,นครปฐม,13.791718,100.06219
2219,บริษัท กรีนไลน์ ซินเนอร์จี้ จำกัด,สารสนเทศศาสตร์,นวัตกรรมสารสนเทศศาสตร์ทางการแพทย์,กรุงเทพมหานคร,13.788641,100.535521
2220,โรงพยาบาลสมิติเวช สาขาศรีนครินทร์,สารสนเทศศาสตร์,นวัตกรรมสารสนเทศศาสตร์ทางการแพทย์,กรุงเทพมหานคร,13.741563,100.532603
2221,"Ever Medical Technology Co., Ltd.",สารสนเทศศาสตร์,นวัตกรรมสารสนเทศศาสตร์ทางการแพทย์,กรุงเทพมหานคร,13.793749,100.52052
2222,โรงพยาบาลนครพิงค์,สารสนเทศศาสตร์,นวัตกรรมสารสนเทศศาสตร์ทางการแพทย์,เชียงใหม่,18.761945,98.984564
2223,บริษัท แอนิเมทเต็ด สตอรี่บอร์ด (ประเทศไทย) จำกัด,สารสนเทศศาสตร์,เทคโนโลยีมัลติมีเดีย แอนิเมชันและเกม,กรุงเทพมหานคร,13.771544,100.531885
2224,บริษัท ดีบัซส์ จำกัด,สารสนเทศศาสตร์,เทคโนโลยีมัลติมีเดีย แอนิเมชันและเกม,กรุงเทพมหานคร,13.773459,100.527389
2225,บริษัท ยานนิกซ์ (ไทยแลนด์) จํากัด,สารสนเทศศาสตร์,เทคโนโลยีมัลติมีเดีย แอนิเมชันและเกม,กรุงเทพมหานคร,13.789121,100.470661
2226,True Axion Games,สารสนเทศศาสตร์,เทคโนโลยีมัลติมีเดีย แอนิเมชันและเกม,กรุงเทพมหานคร,13.727007,100.467921
2227,บริษัท กันตนา แอนนิเมชั่น สตูดิโอ จำกัด,สารสนเทศศาสตร์,เทคโนโลยีมัลติมีเดีย แอนิเมชันและเกม,กรุงเทพมหานคร,13.777487,100.524995
2228,"Yggdrazil Group Co., Ltd.",สารสนเทศศาสตร์,เทคโนโลยีมัลติมีเดีย แอนิเมชันและเกม,กรุงเทพมหานคร,13.782787,100.473267
2229,บริษัท เดอะมั้งค์ สตูดิโอ จำกัด,สารสนเทศศาสตร์,เทคโนโลยีมัลติมีเดีย แอนิเมชันและเกม,กรุงเทพมหานคร,13.748481,100.519467
2230,บริษัท อินเด็กซ์ ครีเอทีฟ วิลเลจ จำกัด (มหาชน),สารสนเทศศาสตร์,เทคโนโลยีมัลติมีเดีย แอนิเมชันและเกม,กรุงเทพมหานคร,13.796007,100.515705
2231,บริษัท อิเมจิแมกซ์ จำกัด,สารสนเทศศาสตร์,เทคโนโลยีมัลติมีเดีย แอนิเมชันและเกม,กรุงเทพมหานคร,13.753087,100.536473
2232,บริษัท แอนิเลเฟ่น สตูดิโอ จำกัด,สารสนเทศศาสตร์,เทคโนโลยีมัลติมีเดีย แอนิเมชันและเกม,กรุงเทพมหานคร,13.762404,100.493114
2233,นานามิ แอนิเมชั่น,สารสนเทศศาสตร์,เทคโนโลยีมัลติมีเดีย แอนิเมชันและเกม,กรุงเทพมหานคร,13.791479,100.472213
2234,บริษัท ทัช อะ โมเม้นท์ จำกัด,สารสนเทศศาสตร์,เทคโนโลยีมัลติมีเดีย แอนิเมชันและเกม,กรุงเทพมหานคร,13.746611,100.482161
2235,บริษัท เมนสตรีม จำกัด,สารสนเทศศาสตร์,เทคโนโลยีมัลติมีเดีย แอนิเมชันและเกม,กรุงเทพมหานคร,13.731194,100.525981
2236,บริษัท มีเดีย สตูดิโอ จำกัด,สารสนเทศศาสตร์,เทคโนโลยีมัลติมีเดีย แอนิเมชันและเกม,กรุงเทพมหานคร,13.752804,100.525601
2237,ห้างหุ้นส่วนจำกัด วี เวดดิ้ง แพลนเนอร์ แอนด์ โฟโต้กราฟ,สารสนเทศศาสตร์,เทคโนโลยีมัลติมีเดีย แอนิเมชันและเกม,สงขลา,7.164959,100.477679
2238,บริษัท จีเอสดี กราฟฟิก โซลูชั่น ดิจิตอล จำกัด,สารสนเทศศาสตร์,เทคโนโลยีมัลติมีเดีย แอนิเมชันและเกม,ภูเก็ต,7.91483,98.380107
2239,สมาคมสื่อชุมชนภาคใต้ จังหวัดนครศรีธรรมราช,สารสนเทศศาสตร์,เทคโนโลยีมัลติมีเดีย แอนิเมชันและเกม,นครศรีธรรมราช,8.455699,99.942161
2240,บริษัท เกมสแควร์ อินเตอร์แอคทีฟ จำกัด,สารสนเทศศาสตร์,เทคโนโลยีมัลติมีเดีย แอนิเมชันและเกม,กรุงเทพมหานคร,13.77367,100.491007
2241,บริษัท คิงฮาร์ตแอดเวอร์ไทซิ่ง จำกัด,สารสนเทศศาสตร์,เทคโนโลยีมัลติมีเดีย แอนิเมชันและเกม,กรุงเทพมหานคร,13.76973,100.4867
2242,บริษัท เมเจอร์ซีนีเพล็กซ์ กรุ๊ป จำกัด (มหาชน),สารสนเทศศาสตร์,เทคโนโลยีมัลติมีเดีย แอนิเมชันและเกม,กรุงเทพมหานคร,13.735497,100.523976
2243,บริษัท ทักซิโด้แคท สตูดิโอ จำกัด,สารสนเทศศาสตร์,เทคโนโลยีมัลติมีเดีย แอนิเมชันและเกม,กรุงเทพมหานคร,13.731652,100.53096
2244,บริษัท บิท เอ๊ก จำกัด,สารสนเทศศาสตร์,เทคโนโลยีมัลติมีเดีย แอนิเมชันและเกม,กรุงเทพมหานคร,13.730032,100.487865
2245,บริษัท โปรแกรมมิ่ง จำกัด,สารสนเทศศาสตร์,เทคโนโลยีมัลติมีเดีย แอนิเมชันและเกม,กรุงเทพมหานคร,13.73223,100.521392
2246,บริษัท ฟาร์มคิธ ดิจิเมชั่น จำกัด,สารสนเทศศาสตร์,เทคโนโลยีมัลติมีเดีย แอนิเมชันและเกม,กรุงเทพมหานคร,13.760512,100.479317
2247,บริษัท เมนสแตนด์ ครีเอเตอร์ (ประเทศไทย) จำกัด (สำนักงานใหญ่),สารสนเทศศาสตร์,เทคโนโลยีมัลติมีเดีย แอนิเมชันและเกม,กรุงเทพมหานคร,13.737965,100.52966
2248,บริษัท อีส โปรดักส์ชั่น สตูดิโอ จำกัด,สารสนเทศศาสตร์,เทคโนโลยีมัลติมีเดีย แอนิเมชันและเกม,กรุงเทพมหานคร,13.780107,100.541355
2249,ห้างหุ้นส่วน ดิน แอนิเมชั่น สตูดิโอ,สารสนเทศศาสตร์,เทคโนโลยีมัลติมีเดีย แอนิเมชันและเกม,กรุงเทพมหานคร,13.756218,100.492821
2250,อินเตอร์บูสเตอร์,สารสนเทศศาสตร์,เทคโนโลยีมัลติมีเดีย แอนิเมชันและเกม,กรุงเทพมหานคร,13.795895,100.50426
2251,โรงเรียนทุ่งสง,สารสนเทศศาสตร์,เทคโนโลยีมัลติมีเดีย แอนิเมชันและเกม,นครศรีธรรมราช,8.459725,99.982774
2252,บริษัท พลาสตีก จำกัด,สารสนเทศศาสตร์,เทคโนโลยีมัลติมีเดีย แอนิเมชันและเกม,กรุงเทพมหานคร,13.73279,100.529898
2253,บริษัท แฟทแคท จำกัด,สารสนเทศศาสตร์,เทคโนโลยีมัลติมีเดีย แอนิเมชันและเกม,กรุงเทพมหานคร,13.744051,100.535502
2254,บริษัท แวริซอฟท์ จำกัด,สารสนเทศศาสตร์,เทคโนโลยีมัลติมีเดีย แอนิเมชันและเกม,กรุงเทพมหานคร,13.722172,100.519053
2255,บริษัท ซีแอลเอ็กซ์ ไทย จำกัด,สารสนเทศศาสตร์,เทคโนโลยีมัลติมีเดีย แอนิเมชันและเกม,กรุงเทพมหานคร,13.770974,100.502731
2256,บริษัท โบเฮเมีย อินเตอร์แร็คทีฟ จำกัด,สารสนเทศศาสตร์,เทคโนโลยีมัลติมีเดีย แอนิเมชันและเกม,ชลบุรี,13.36067,101.018145
2257,ห้างหุ้นส่วนจำกัด เอ็นจอยบุ็ค,สารสนเทศศาสตร์,เทคโนโลยีมัลติมีเดีย แอนิเมชันและเกม,ปทุมธานี,13.991981,100.528864
2258,บริษัท อาร์ต คอมโบ สตูดิโอ จำกัด,สารสนเทศศาสตร์,เทคโนโลยีมัลติมีเดีย แอนิเมชันและเกม,กรุงเทพมหานคร,13.791279,100.467788
2259,Baccom - UK Accommodation Service - บริการหาที่พักที่อักกฤษแบบครบวงจร,สารสนเทศศาสตร์,เทคโนโลยีมัลติมีเดีย แอนิเมชันและเกม,กรุงเทพมหานคร,13.784727,100.464437
2260,บริษัท จีเอพี เทรดดิ้ง จำกัด,สารสนเทศศาสตร์,เทคโนโลยีมัลติมีเดีย แอนิเมชันและเกม,นครศรีธรรมราช,8.404066,99.950113
2261,บริษัท แชทสติ๊ค จำกัด,สารสนเทศศาสตร์,เทคโนโลยีมัลติมีเดีย แอนิเมชันและเกม,กรุงเทพมหานคร,13.74956,100.466215
2262,บริษัท ไซ สตูดิโอ จำกัด,สารสนเทศศาสตร์,เทคโนโลยีมัลติมีเดีย แอนิเมชันและเกม,นนทบุรี,13.889416,100.553215
2263,บริษัท พาวเวอร์ กาชา จำกัด,สารสนเทศศาสตร์,เทคโนโลยีมัลติมีเดีย แอนิเมชันและเกม,นครราชสีมา,14.991656,102.126504
2264,บริษัท ดิ วิชวล กรุงเทพ จำกัด,สารสนเทศศาสตร์,เทคโนโลยีมัลติมีเดีย แอนิเมชันและเกม,กรุงเทพมหานคร,13.792765,100.477457
2265,บริษัท ทีละเฟรม สตูดิโอ จำกัด,สารสนเทศศาสตร์,เทคโนโลยีมัลติมีเดีย แอนิเมชันและเกม,นนทบุรี,13.872597,100.553512
2266,บริษัท บอทแอนด์ไลฟ์ จํากัด,สารสนเทศศาสตร์,เทคโนโลยีมัลติมีเดีย แอนิเมชันและเกม,กรุงเทพมหานคร,13.75782,100.487117
2267,บริษัท ไซเทคเอเชีย โซลูชั่น จำกัด,สารสนเทศศาสตร์,เทคโนโลยีมัลติมีเดีย แอนิเมชันและเกม,กรุงเทพมหานคร,13.789711,100.467391
2268,Programme Chairperson Department of Communication,สารสนเทศศาสตร์,เทคโนโลยีมัลติมีเดีย แอนิเมชันและเกม,กรุงเทพมหานคร,13.789842,100.514059
2269,ศูนย์บริการการศึกษา มหาวิทยาลัยวลัยลักษณ์,สารสนเทศศาสตร์,เทคโนโลยีมัลติมีเดีย แอนิเมชันและเกม,กรุงเทพมหานคร,13.759564,100.501604
2270,วิทยาลัยเทคนิคสุราษฎร์ธานี,สารสนเทศศาสตร์,เทคโนโลยีมัลติมีเดีย แอนิเมชันและเกม,สุราษฎร์ธานี,9.175603,99.315072
2271,บริษัท เฟลิโคะ สตูดิโอ จำกัด,สารสนเทศศาสตร์,เทคโนโลยีมัลติมีเดีย แอนิเมชันและเกม,กรุงเทพมหานคร,13.778032,100.477812
2272,บริษัท อิ๊กลู สตูดิโอ จำกัด,สารสนเทศศาสตร์,เทคโนโลยีมัลติมีเดีย แอนิเมชันและเกม,กรุงเทพมหานคร,13.749308,100.53883
2273,บริษัท เอ ดรีม สตูดิโอ จำกัด,สารสนเทศศาสตร์,เทคโนโลยีมัลติมีเดีย แอนิเมชันและเกม,นนทบุรี,13.827543,100.543837
2274,สำนักการศึกษาและนวัตกรรมการเรียนรู้ มหาวิทยาลัยสงขลานครินทร์ วิทยาเขตหาดใหญ่,สารสนเทศศาสตร์,เทคโนโลยีมัลติมีเดีย แอนิเมชันและเกม,สงขลา,7.204897,100.486764
2275,"บริษัท ซีเมด เมดิคอล จำกัด (CMED Medical Co., Ltd.)",สารสนเทศศาสตร์,เทคโนโลยีมัลติมีเดีย แอนิเมชันและเกม,ปทุมธานี,14.045085,100.485686
2276,บริษัท ซีแอลเอ็กซ์ ไทย จำกัด สาขากรุงเทพมหานคร,สารสนเทศศาสตร์,เทคโนโลยีมัลติมีเดีย แอนิเมชันและเกม,กรุงเทพมหานคร,13.786873,100.51694
2277,บริษัท โทรคมนาคมแห่งชาติ จำกัด (มหาชน) จังหวัดยะลา,สารสนเทศศาสตร์,เทคโนโลยีมัลติมีเดีย แอนิเมชันและเกม,ยะลา,6.566684,101.260799
2278,บริษัท แบรนด์ธิงค์ จำกัด,สารสนเทศศาสตร์,เทคโนโลยีมัลติมีเดีย แอนิเมชันและเกม,กรุงเทพมหานคร,13.760547,100.488484
2279,บริษัท ยานนิกซ์ จํากัด,สารสนเทศศาสตร์,เทคโนโลยีมัลติมีเดีย แอนิเมชันและเกม,กรุงเทพมหานคร,13.785066,100.480271
2280,บริษัท เรเนเกด ฟิล์ม จำกัด (เทพลีลา),สารสนเทศศาสตร์,เทคโนโลยีมัลติมีเดีย แอนิเมชันและเกม,กรุงเทพมหานคร,13.753903,100.514895
2281,บริษัท โลละห้า จำกัด,สารสนเทศศาสตร์,เทคโนโลยีมัลติมีเดีย แอนิเมชันและเกม,กรุงเทพมหานคร,13.774321,100.500536
2282,มูลนิธิซีจีเอ็นทีวีไทย,สารสนเทศศาสตร์,เทคโนโลยีมัลติมีเดีย แอนิเมชันและเกม,กรุงเทพมหานคร,13.73936,100.501118
2283,ศาลแขวงทุ่งสง,สารสนเทศศาสตร์,เทคโนโลยีมัลติมีเดีย แอนิเมชันและเกม,นครศรีธรรมราช,8.415544,99.952355
2284,บริษัท สถาพรบุ๊คส์ จำกัด,สารสนเทศศาสตร์,เทคโนโลยีมัลติมีเดีย แอนิเมชันและเกม,กรุงเทพมหานคร,13.790336,100.532451
2285,บริษัท โกปี๊ 2001 จำกัด,สารสนเทศศาสตร์,เทคโนโลยีมัลติมีเดีย แอนิเมชันและเกม,นครศรีธรรมราช,8.41709,99.962933
2286,ศาลแขวงทุ่งสง,สารสนเทศศาสตร์,เทคโนโลยีมัลติมีเดีย แอนิเมชันและเกม,นครศรีธรรมราช,8.434566,99.929558
2287,บริษัท โทรคมนาคมแห่งชาติ จำกัด (มหาชน),สารสนเทศศาสตร์,เทคโนโลยีมัลติมีเดีย แอนิเมชันและเกม,ภูเก็ต,7.853598,98.377154
2288,บริษัท วิธิตา แอนิเมชั่น จำกัด,สารสนเทศศาสตร์,เทคโนโลยีมัลติมีเดีย แอนิเมชันและเกม,กรุงเทพมหานคร,13.766042,100.515729
2289,บริษัท เรเนเกด ฟิล์ม จำกัด,สารสนเทศศาสตร์,เทคโนโลยีมัลติมีเดีย แอนิเมชันและเกม,กรุงเทพมหานคร,13.79377,100.518887
2290,บริษัท บัซซี่บีส์ จำกัด,สารสนเทศศาสตร์,เทคโนโลยีมัลติมีเดีย แอนิเมชันและเกม,กรุงเทพมหานคร,13.750326,100.510279
2291,บริษัท ยานนิกซ์ จํากัด,สารสนเทศศาสตร์,เทคโนโลยีมัลติมีเดีย แอนิเมชันและเกม,กรุงเทพมหานคร,13.756979,100.502637
2292,องค์การกระจายเสียงและแพร่ภาพสาธารณะแห่งประเทศไทย ศูนย์ภูมิภาคหาดใหญ่,สารสนเทศศาสตร์,เทคโนโลยีมัลติมีเดีย แอนิเมชันและเกม,สงขลา,7.167777,100.491005
2293,บริษัท วายวีอาร์ จำกัด,สารสนเทศศาสตร์,เทคโนโลยีมัลติมีเดีย แอนิเมชันและเกม,ปทุมธานี,14.011665,100.539351
2294,บริษัท อธิยา แอดเวอร์ไทซิ่ง แอนด์ พริ้นติ้ง จำกัด,สารสนเทศศาสตร์,เทคโนโลยีมัลติมีเดีย แอนิเมชันและเกม,ประจวบคีรีขันธ์,11.793405,99.75646
2295,บริษัท อีสท์อินโนเวชั่น จำกัด,สารสนเทศศาสตร์,เทคโนโลยีมัลติมีเดีย แอนิเมชันและเกม,กรุงเทพมหานคร,13.790391,100.487255
2296,บริษัท เอสอาร์พี อี-เอ็นเนอร์ยี่ จำกัด,สารสนเทศศาสตร์,เทคโนโลยีมัลติมีเดีย แอนิเมชันและเกม,นครศรีธรรมราช,8.45654,99.950767
2297,สหกรณ์สุราษฎร์ธานี จำกัด,สารสนเทศศาสตร์,เทคโนโลยีมัลติมีเดีย แอนิเมชันและเกม,สุราษฎร์ธานี,9.113,99.296223
2298,Nakhon Art Space,สารสนเทศศาสตร์,เทคโนโลยีมัลติมีเดีย แอนิเมชันและเกม,นครศรีธรรมราช,8.457719,99.979018
2299,บริษัท เซ็นเตอร์พ้อยท์ เอ็นเตอร์เทนเม้นท์ จำกัด,สารสนเทศศาสตร์,เทคโนโลยีมัลติมีเดีย แอนิเมชันและเกม,กรุงเทพมหานคร,13.754319,100.48211
2300,บริษัท บอร์น ทูบี ภูเก็ตเถียน จำกัด,สารสนเทศศาสตร์,เทคโนโลยีมัลติมีเดีย แอนิเมชันและเกม,ภูเก็ต,7.909395,98.36261
2301,บริษัท บิ๊กเบรน สตูดิโอ จำกัด,สารสนเทศศาสตร์,เทคโนโลยีมัลติมีเดีย แอนิเมชันและเกม,กรุงเทพมหานคร,13.745292,100.474771
2302,บริษัท วินเนสต์ บางกอก เฮลท์แคร์ จำกัด,สารสนเทศศาสตร์,เทคโนโลยีมัลติมีเดีย แอนิเมชันและเกม,กรุงเทพมหานคร,13.765437,100.512402
2303,บริษัท โกปี๊ 2001 จำกัด สาขาเซ็นทารา,สารสนเทศศาสตร์,เทคโนโลยีมัลติมีเดีย แอนิเมชันและเกม,นครศรีธรรมราช,8.440814,99.924853
2304,บริษัท ฮัลโหล ภูเก็ต เซอร์วิส จำกัด,สารสนเทศศาสตร์,เทคโนโลยีมัลติมีเดีย แอนิเมชันและเกม,ภูเก็ต,7.914152,98.430253
2305,บริษัท โทมิ เทค 24 จำกัด,สารสนเทศศาสตร์,เทคโนโลยีมัลติมีเดีย แอนิเมชันและเกม,กรุงเทพมหานคร,13.767527,100.497168
2306,บริษัท อินไซด์ โปรดักชั่นเฮาส์ จำกัด,สารสนเทศศาสตร์,เทคโนโลยีมัลติมีเดีย แอนิเมชันและเกม,กรุงเทพมหานคร,13.748753,100.501506
2307,ที่ว่าการปกครองอำเภอบางขัน,รัฐศาสตร์และนิติศาสตร์,รัฐประศาสนศาสตร์,นครศรีธรรมราช,8.456033,99.944048
2308,การไฟฟ้าส่วนภูมิภาคจังหวัดระนอง,สาธารณสุขศาสตร์,อาชีวอนามัย,ระนอง,9.922757,98.648317
2309,โรงแรม โฮม่า ภูเก็ต ทาวน์,สาธารณสุขศาสตร์,อาชีวอนามัย,ภูเก็ต,7.874762,98.397045
2310,บริษัท พริมา มารีน จำกัด (มหาชน),สาธารณสุขศาสตร์,อาชีวอนามัย,กรุงเทพมหานคร,13.772805,100.48068
2311,โรงแรม อันดารา รีสอร์ท เรสซิเด้นซ์,สาธารณสุขศาสตร์,อาชีวอนามัย,ภูเก็ต,7.893913,98.384333
2312,บริษัท ปตท. จำกัด (มหาชน) คลังปิโตรเลียมสุราษฎร์ธานี,สาธารณสุขศาสตร์,อาชีวอนามัย,สุราษฎร์ธานี,9.100023,99.310546
2313,โรงพยาบาลกระบี่,สาธารณสุขศาสตร์,อาชีวอนามัย,กระบี่,8.099807,98.877436
2314,โรงพยาบาลสิชล,สาธารณสุขศาสตร์,อาชีวอนามัย,นครศรีธรรมราช,8.462357,99.95362
2315,โรงแรม อ่าวนาง วิลล่า รีสอร์ท,สาธารณสุขศาสตร์,อาชีวอนามัย,กระบี่,8.12509,98.90407
