ลำดับ,รายชื่อสถานประกอบการ,สำนักวิชา,หลักสูตร,จังหวัดที่ตั้ง,latitude,longitude
1.0,ธนาคารเพื่อการเกษตรและสหกรณ์การเกษตร สาขาต่างๆ,การบัญชีและการเงิน,การเงิน,ปัตตานี,6.877352,101.220041
2.0,ธนาคารออมสิน สำนักงานใหญ่ และสาขา,การบัญชีและการเงิน,การเงิน,นครศรีธรรมราช,8.420343,99.966198
3.0,บริษัท คิงเพาเวอร์ อินเตอร์เนชั่นแนล จำกัด,การบัญชีและการเงิน,การเงิน,กรุงเทพมหานคร,13.767531,100.504539
4.0,บริษัท เงินติดล้อ จำกัด,การบัญชีและการเงิน,การเงิน,กรุงเทพมหานคร,13.727635,100.499991
5.0,บริษัท บริหารสินทรัพย์กรุงเทพพาณิชย์ จำกัด (มหาชน) สำนักงานใหญ่ และสาขา,การบัญชีและการเงิน,การเงิน,ชุมพร,10.457492,99.183385
6.0,บริษัท ลากูน่า รีสอร์ท แอนด์ โฮเท็ล จำกัด (มหาชน) และบริษัทในเครือ,การบัญชีและการเงิน,การเงิน,กรุงเทพมหานคร,13.764914,100.502072
7.0,บริษัท หลักทรัพย์ เอเชียพลัส จำกัด (มหาชน) สำนักงานใหญ่,การบัญชีและการเงิน,การเงิน,กรุงเทพมหานคร,13.730336,100.507975
8.0,บริษัท ออนไลน์ แอสเซ็ท จำกัด,การบัญชีและการเงิน,การเงิน,กรุงเทพมหานคร,13.756316,100.479682
9.0,บริษัท เอ็ม เอส ไอ จี ประกันภัย (ประเทศไทย) จำกัด,การบัญชีและการเงิน,การเงิน,สงขลา,7.197515,100.437552
10.0,บริษัท เอ็ม เอส ไอ จี ประกันภัย (ประเทศไทย) จำกัด สาขาชลบุรี,การบัญชีและการเงิน,การเงิน,ชลบุรี,13.368138,100.97441
11.0,โรงแรม เรเนอซองส์ เกาะสมุย รีสอร์ท แอนด์ สปา,การบัญชีและการเงิน,การเงิน,สุราษฎร์ธานี,9.109185,99.327214
12.0,โรงแรม ฮอไรซอน กะรน บีช รีสอร์ท แอนด์ สปา,การบัญชีและการเงิน,การเงิน,ภูเก็ต,7.918114,98.366118
13.0,โรงแรมเลอ เมอริเดียน เกาะสมุย รีสอร์ทแอนด์สปา,การบัญชีและการเงิน,การเงิน,สุราษฎร์ธานี,9.167974,99.287486
14.0,ศูนย์ส่งเสริมการพัฒนาความรู้ตลาดทุน ตลาดหลักทรัพย์แห่งประเทศไทย,การบัญชีและการเงิน,การเงิน,กรุงเทพมหานคร,13.773596,100.527379
15.0,สมาคมส่งเสริมผู้ลงทุนไทย,การบัญชีและการเงิน,การเงิน,กรุงเทพมหานคร,13.723233,100.50863
16.0,บริษัท ที ซี ซี เทคโนโลยี จำกัด,การบัญชีและการเงิน,การเงิน,กรุงเทพมหานคร,13.74446,100.501644
17.0,บริษัท ครอมัลลอย (ประเทศไทย) จำกัด,การบัญชีและการเงิน,การเงิน,ปทุมธานี,14.043099,100.518369
18.0,ธนาคารออมสิน ภาค 16,การบัญชีและการเงิน,การเงิน,สุราษฎร์ธานี,9.10298,99.298622
19.0,ธนาคารพัฒนาวิสาหกิจขนาดกลางและขนาดย่อม สาขาสุราษฎร์ธานี,การบัญชีและการเงิน,การเงิน,สุราษฎร์ธานี,9.113928,99.338914
20.0,โรงแรม วินด์แฮม แกรนด์ ในหาน บีช ภูเก็ต,การบัญชีและการเงิน,การเงิน,ภูเก็ต,7.902392,98.373653
21.0,สำนักงานกองทุนสนับสนุนการเสร้างเสริมสุขภาพ (สสส.),การบัญชีและการเงิน,การเงิน,กรุงเทพมหานคร,13.780396,100.50219
22.0,บริษัท เสนาดีเวลลอปเม้นท์ จำกัด (มหาชน),การบัญชีและการเงิน,การเงิน,กรุงเทพมหานคร,13.739602,100.474354
23.0,บริษัท บริหารสินทรัพย์กรุงเทพพาณิชย์ จำกัด (มหาชน) สำนักงานหาดใหญ่,การบัญชีและการเงิน,การเงิน,สงขลา,7.145513,100.513116
24.0,บริษัท บางจาก คอร์ปอเรชั่น จำกัด (มหาชน),การบัญชีและการเงิน,การเงิน,กรุงเทพมหานคร,13.751029,100.502242
25.0,ตลาดหลักทรัพย์แห่งประเทศไทย,การบัญชีและการเงิน,การเงิน,กรุงเทพมหานคร,13.726645,100.479525
26.0,บริษัท พีรพัฒน์เทคโนโลยี จำกัด (มหาชน) กรุงเทพมหานคร,การบัญชีและการเงิน,การเงิน,กรุงเทพมหานคร,13.777548,100.491168
27.0,บริษัท โทรีเซนไทย เอเยนต์ซีส์ จํากัด (มหาชน),การบัญชีและการเงิน,การเงิน,กรุงเทพมหานคร,13.749073,100.519901
28.0,บริษัท หลักทรัพย์ ดาโอ (ประเทศไทย) จำกัด (มหาชน),การบัญชีและการเงิน,การเงิน,กรุงเทพมหานคร,13.733367,100.487699
29.0,บริษัทบริหารสินทรัพย์ กรุงเทพพาณิชย์ จำกัด (มหาชน) สำนักงานสุราษฎร์ธานี,การบัญชีและการเงิน,การเงิน,สุราษฎร์ธานี,9.178128,99.336703
30.0,BLOCKINVEST GROUP,การบัญชีและการเงิน,การเงิน,ภูเก็ต,7.9033,98.384446
31.0,ศูนย์ส่งเสริมอุตสาหกรรมภาคที่ 10 กรมส่งเสริมอุตสาหกรรม,การบัญชีและการเงิน,การเงิน,สุราษฎร์ธานี,9.13712,99.323961
32.0," บริษัท ซิซซา กรุ๊ป จำกัด",การจัดการ,การตลาด,กรุงเทพมหานคร,13.750576,100.516602
33.0,การท่องเที่ยวแห่งประเทศไทย สำนักงานกระบี่,การจัดการ,การตลาด,กระบี่,8.052703,98.931656
34.0,การไฟฟ้าส่วนภูมิภาคสาขาสิงหนคร,การจัดการ,การตลาด,สงขลา,7.178018,100.48319
35.0,บริษัท โกลบอล มารีน เทค จำกัด,การจัดการ,การตลาด,ภูเก็ต,7.863211,98.42816
36.0,บริษัท คอมมูนิตี้ ดีเวลล๊อปเมนท์ จำกัด,การจัดการ,การตลาด,กรุงเทพมหานคร,13.723468,100.50582
37.0,บริษัท จัดหางาน จ๊อบบีเคเค ดอท คอม จำกัด,การจัดการ,การตลาด,กรุงเทพมหานคร,13.758386,100.514212
38.0,บริษัท ซินเนอร์ไจซ์ โปรไวด์ เซอร์วิส จำกัด,การจัดการ,การตลาด,นนทบุรี,13.873665,100.518154
39.0,บริษัท ซี อาร์ นครศรีธรรมราช (ประเทศไทย) จำกัด ห้างโรบินสันโอเชี่ยน,การจัดการ,การตลาด,นครศรีธรรมราช,8.453386,99.966515
40.0,บริษัท ซีพีเอฟ เรสเทอรองท์ แอนด์ ฟู้ดเชน จำกัด จังหวัดสุราษฎร์ธานี,การจัดการ,การตลาด,สุราษฎร์ธานี,9.165067,99.338424
41.0,บริษัท ซีอาร์ซี ไทวัสดุ สาขานครศรีธรรมราช,การจัดการ,การตลาด,นครศรีธรรมราช,8.435858,99.951548
42.0,บริษัท เซ็นทรัลพัฒนา จำกัด (มหาชน),การจัดการ,การตลาด,ภูเก็ต,7.879234,98.419156
43.0,บริษัท เซ็นทรัลพัฒนาดีเวลลอปเม้นท์ จำกัด สาขาสุราษฎร์ธานี,การจัดการ,การตลาด,สุราษฎร์ธานี,9.125625,99.304695
44.0,บริษัท ดุสิต ฟู้ดส์ จำกัด,การจัดการ,การตลาด,กรุงเทพมหานคร,13.793647,100.474897
45.0,บริษัท เดอะไซ จำกัด,การจัดการ,การตลาด,กรุงเทพมหานคร,13.773026,100.539314
46.0,บริษัท ตัวบรรจงเต็มบรรทัด จำกัด,การจัดการ,การตลาด,กรุงเทพมหานคร,13.765884,100.524822
47.0,บริษัท ทีวีไดเร็ค จำกัด (มหาชน),การจัดการ,การตลาด,กรุงเทพมหานคร,13.768032,100.473619
48.0,บริษัท โทรคมนาคมแห่งชาติ จำกัด (มหาชน) สำนักงานบริการลูกค้า นครศรีธรรมราช,การจัดการ,การตลาด,นครศรีธรรมราช,8.450344,99.941435
49.0,บริษัท ธนภูมิ คอนกรีต จำกัด,การจัดการ,การตลาด,สุราษฎร์ธานี,9.119818,99.342822
50.0,บริษัท นครดี.ซี. จำกัด,การจัดการ,การตลาด,นครศรีธรรมราช,8.444947,99.947343
51.0,บริษัท นอร์ม สเปซ จำกัด,การจัดการ,การตลาด,นครศรีธรรมราช,8.436424,99.934907
52.0,บริษัท ปูนซิเมนต์ไทย (ทุ่งสง) จำกัด,การจัดการ,การตลาด,กรุงเทพมหานคร,13.778327,100.505834
53.0,บริษัท โปรฟิเซี่ยน เอ็นจิเนียริ่ง จำกัด,การจัดการ,การตลาด,สงขลา,7.156376,100.480617
54.0,บริษัท พีทีจี เอ็นเนอยี จำกัด (มหาชน),การจัดการ,การตลาด,กรุงเทพมหานคร,13.721109,100.463141
55.0,บริษัท โพสเซฟี่ กรุ๊ป จำกัด (ไทย ออปโป้),การจัดการ,การตลาด,กรุงเทพมหานคร,13.784298,100.520457
56.0,บริษัท มีเดียอินเทลลิเจนซ์ จำกัด,การจัดการ,การตลาด,กรุงเทพมหานคร,13.791241,100.489141
57.0,บริษัท เมเจอร์ซีนีเพล็กซ์ กรุ้ป จำกัด (มหาชน) เดอะมอล บางกะปิ,การจัดการ,การตลาด,กรุงเทพมหานคร,13.768509,100.467343
58.0,บริษัท ไมเนอร์ คอเปอร์เรชั่น จำกัด (มหาชน) Smart Kids,การจัดการ,การตลาด,กรุงเทพมหานคร,13.718365,100.515234
59.0,บริษัท ยูเนี่ยนนคร จำกัด,การจัดการ,การตลาด,นครศรีธรรมราช,8.452078,99.933414
60.0,บริษัท โรบินสัน จำกัด (มหาชน) สาขาภูเก็ต,การจัดการ,การตลาด,ภูเก็ต,7.89988,98.359524
61.0,บริษัท ลีโอ โกลบอล โลจิสติกส์ จำกัด (มหาชน),การจัดการ,การตลาด,กรุงเทพมหานคร,13.73756,100.506938
62.0,บริษัท เลี่ยนอุดม จำกัด,การจัดการ,การตลาด,ภูเก็ต,7.906824,98.402379
63.0,บริษัท วินไอเอ็มซี จำกัด,การจัดการ,การตลาด,กรุงเทพมหานคร,13.722329,100.496402
64.0,บริษัท วีเอ็มดี ออโต้เซลล์ จำกัด,การจัดการ,การตลาด,นครศรีธรรมราช,8.419751,99.957249
65.0,บริษัท สงขลา เอฟซี จำกัด,การจัดการ,การตลาด,สงขลา,7.204345,100.450524
66.0,บริษัท สมศรีการ์เมนท์ จำกัด,การจัดการ,การตลาด,กรุงเทพมหานคร,13.725512,100.470402
67.0,บริษัท สยามทาโก้ จำกัด (TACO BELL สาขาสยามพารากอน),การจัดการ,การตลาด,กรุงเทพมหานคร,13.759847,100.523018
68.0,บริษัท สยามแม็คโคร จำกัด (มหาชน) สาขานครศรีธรรมราช,การจัดการ,การตลาด,นครศรีธรรมราช,8.417477,99.949181
69.0,บริษัท สยามแม็คโคร จำกัด (มหาชน) สาขาสุราษฎร์ธานี,การจัดการ,การตลาด,สุราษฎร์ธานี,9.15859,99.294806
70.0,บริษัท สรรพสินค้าเซ็นทรัล จำกัด สาขาเวสต์เกต,การจัดการ,การตลาด,นนทบุรี,13.886111,100.545872
71.0,บริษัท สัตยามานะ จำกัด,การจัดการ,การตลาด,กรุงเทพมหานคร,13.778358,100.465298
72.0,บริษัท สุพรีม จำกัด,การจัดการ,การตลาด,นครศรีธรรมราช,8.429422,99.992158
73.0,บริษัท หัวเว่ย เทคโนโลยี่ (ประเทศไทย) จํากัด,การจัดการ,การตลาด,กรุงเทพมหานคร,13.730183,100.465494
74.0,บริษัท ห้างสรรพสินค้าโรบินสัน จำกัด (มหาชน) สาขาสุราษฎร์ธานี,การจัดการ,การตลาด,สุราษฎร์ธานี,9.143124,99.292786
75.0,บริษัท อันดาเทค จำกัด,การจัดการ,การตลาด,สงขลา,7.158236,100.491773
76.0,บริษัท อิม เอ็ดดูเคชั่น จำกัด,การจัดการ,การตลาด,สงขลา,7.212056,100.510702
77.0,บริษัท เอ.ไอ.เอ็ม. สยาม จำกัด,การจัดการ,การตลาด,นนทบุรี,13.895621,100.515334
78.0,บริษัท เอชพีเอ็น กรุ๊ป โฮลดิ้งส์ จำกัด,การจัดการ,การตลาด,ปทุมธานี,13.999798,100.492118
79.0,บริษัท เอ็มเค เรสโตรองต์ กรุ๊ป จำกัด (มหาชน),การจัดการ,การตลาด,กรุงเทพมหานคร,13.724247,100.479675
80.0,บริษัท แอดวานซ์ ไวร์เลส เน็ทเวอร์ค จำกัด จังหวัดสุราษฎร์ธานี,การจัดการ,การตลาด,สุราษฎร์ธานี,9.156915,99.333634
81.0,บริษัท แอดวานซ์ อินโฟร์ เซอร์วิส จำกัด (มหาชน),การจัดการ,การตลาด,กรุงเทพมหานคร,13.731658,100.49051
82.0,บริษัท แอดวานซ์ อินโฟร์ เซอร์วิส จำกัด (มหาชน) ศูนย์บริการลูกค้าภูมิภาค หาดใหญ่,การจัดการ,การตลาด,กรุงเทพมหานคร,13.768507,100.492503
83.0,บริษัท แอทไซน์มีเดีย พลัส จำกัด,การจัดการ,การตลาด,นครศรีธรรมราช,8.398531,99.941156
84.0,บริษัท แอ๊บบอต ลาบอแรตอรีส จำกัด,การจัดการ,การตลาด,กรุงเทพมหานคร,13.752224,100.486991
85.0,บริษัท แอสเส็ทส์ อาร์ อัส จำกัด (ไร่วานิช),การจัดการ,การตลาด,ภูเก็ต,7.873812,98.35439
86.0,โรงพยาบาลเปาโล เกษตร,การจัดการ,การตลาด,กรุงเทพมหานคร,13.754158,100.531437
87.0,โรงพยาบาลเปาโล พหลโยธิน,การจัดการ,การตลาด,กรุงเทพมหานคร,13.788888,100.499856
88.0,โรงแรม เจดับบลิว แมริออท ภูเก็ต รีสอร์ท แอนด์ สปา,การจัดการ,การตลาด,ภูเก็ต,7.862639,98.42635
89.0,โรงแรม บันยันทรี ภูเก็ต,การจัดการ,การตลาด,ภูเก็ต,7.854574,98.424996
90.0,โรงแรม ป่าตอง เบย์ ฮิลล์ รีสอร์ท,การจัดการ,การตลาด,ภูเก็ต,7.911163,98.411315
91.0,โรงแรม เฟิร์ส บังกะโล บีช รีสอร์ท,การจัดการ,การตลาด,สุราษฎร์ธานี,9.149426,99.287406
92.0,โรงแรม มีเลีย เกาะสมุย บีช รีสอร์ท,การจัดการ,การตลาด,สุราษฎร์ธานี,9.157759,99.355623
93.0,โรงแรม ไมด้า แกรนด์ รีสอร์ท ภูเก็ต,การจัดการ,การตลาด,ภูเก็ต,7.856527,98.373674
94.0,โรงแรมกะตะธานีภูเก็ตบีชรีสอร์ท,การจัดการ,การตลาด,ภูเก็ต,7.908489,98.421799
95.0,โรงแรมแกรนด์ ฟอร์จูน จังหวัดนครศรีธรรมราช,การจัดการ,การตลาด,นครศรีธรรมราช,8.413414,99.99249
96.0,โรงแรมทรายลากูน่าภูเก็ต (บริษัท ลากูน่าภูเก็ตคลับ จำกัด),การจัดการ,การตลาด,ภูเก็ต,7.867115,98.376467
97.0,โรงแรมทวินโลตัส,การจัดการ,การตลาด,นครศรีธรรมราช,8.438395,99.975798
98.0,โรงแรมบลูโซเทล กระบี่,การจัดการ,การตลาด,กระบี่,8.060482,98.873101
99.0,โรงแรมบาวแมนบุรี,การจัดการ,การตลาด,ภูเก็ต,7.863602,98.425652
100.0,โรงแรมลีการ์เด้น พลาซ่า หาดใหญ่,การจัดการ,การตลาด,สงขลา,7.155898,100.443518
101.0,วินด์แฮม การ์เด้น ในทอน ภูเก็ต,การจัดการ,การตลาด,ภูเก็ต,7.845238,98.395266
102.0,ศูนย์การค้าเซียร์ รังสิต,การจัดการ,การตลาด,ปทุมธานี,14.032994,100.561545
103.0,สำนักงานจัดหางานจังหวัดกระบี่,การจัดการ,การตลาด,กระบี่,8.117724,98.927557
104.0,ห้างหุ้นส่วนจำกัด สมุย ทัวร์ริส อินฟอร์เมชั่น,การจัดการ,การตลาด,สุราษฎร์ธานี,9.109793,99.344173
105.0,บริษัท บ้านสวยกรุ๊ป (สุราษฎร์ธานี) จำกัด (มหาชน),การจัดการ,การตลาด,สุราษฎร์ธานี,9.149826,99.323157
106.0,เซ็นทรัล เฟสติวัล หาดใหญ่,การจัดการ,การตลาด,สงขลา,7.153057,100.47175
107.0,ธนาคารกรุงไทย จำกัด (มหาชน) สาขานครศรีธรรมราช,การจัดการ,การตลาด,นครศรีธรรมราช,8.439811,99.967212
108.0,ธนาคารเพื่อการเกษตรและสหกรณ์การเกษตร สาขาเซกา,การจัดการ,การตลาด,บึงกาฬ,18.361876,103.648347
109.0,ธนาคารออมสิน ศูนย์ควบคุมและบริหารหนี้เขตกระบี่,การจัดการ,การตลาด,กระบี่,8.108208,98.884545
110.0,ธนาคารออมสิน สาขาตลาดหัวอิฐ,การจัดการ,การตลาด,นครศรีธรรมราช,8.465184,99.946924
111.0,บริษัท โก บาย เดอะ กลอรี่ เวิลด์ไวด์ จำกัด,การจัดการ,การตลาด,สุราษฎร์ธานี,9.176255,99.299764
112.0,บริษัท จอย แอนด์ คอยน์ คอร์ปอเรชั่น จำกัด,การจัดการ,การตลาด,นนทบุรี,13.829887,100.513401
113.0,บริษัท จัดหางาน อินเทิร์นชิฟส์ (ไทยแลนด์) จำกัด,การจัดการ,การตลาด,กรุงเทพมหานคร,13.731024,100.48419
114.0,บริษัท เจแปน ออล พาส จำกัด,การจัดการ,การตลาด,กรุงเทพมหานคร,13.717179,100.519542
115.0,บริษัท ซีพี ออลล์ จำกัด (มหาชน) สำนักงานหาดใหญ่,การจัดการ,การตลาด,กรุงเทพมหานคร,13.744741,100.519715
116.0,บริษัท ซีพี ออลล์ จำกัด (มหาชน) สำนักงานอาคารธาราสาทร แจ้งวัฒนะ,การจัดการ,การตลาด,นนทบุรี,13.845288,100.49206
117.0,บริษัท เดอะไมเนอร์ ฟู้ด กรุ๊ป จำกัด (มหาชน),การจัดการ,การตลาด,กรุงเทพมหานคร,13.750206,100.485715
118.0,บริษัท โตโยต้าตาปี จำกัด สำนักงานใหญ่,การจัดการ,การตลาด,สุราษฎร์ธานี,9.177497,99.352251
119.0,บริษัท โตโยต้า เมืองคอน จำกัด,การจัดการ,การตลาด,นครศรีธรรมราช,8.445958,99.971281
120.0,บริษัท โทรคมนาคมแห่งชาติ จำกัด (มหาชน) จังหวัดตรัง,การจัดการ,การตลาด,ตรัง,7.537425,99.617491
121.0,บริษัท ไทม์ บรอดคาสท์ จำกัด (สำนักงานใหญ่),การจัดการ,การตลาด,กรุงเทพมหานคร,13.780583,100.526724
122.0,บริษัท ไทยน้ำทิพย์ คอร์ปอเรชั่น จำกัด สาขาหัวหมาก,การจัดการ,การตลาด,กรุงเทพมหานคร,13.748099,100.500029
123.0,บริษัท บุญถาวรเซรามิค จำกัด สาขาสุราษฎร์ธานี,การจัดการ,การตลาด,สุราษฎร์ธานี,9.15727,99.319812
124.0,บริษัท เบทาโกรเกษตรอุตสาหกรรมจำกัด สำนักงานสุราษฎร์ธานี,การจัดการ,การตลาด,สุราษฎร์ธานี,9.16797,99.321211
125.0,บริษัท ฝาจีบ จำกัด (มหาชน),การจัดการ,การตลาด,ปทุมธานี,14.01395,100.564834
126.0,บริษัท ไมเนอร์ ดีคิว จำกัด,การจัดการ,การตลาด,กรุงเทพมหานคร,13.767017,100.537787
127.0,บริษัท ยักษ์ ย๊ากส์ จำกัด,การจัดการ,การตลาด,สงขลา,7.146132,100.506954
128.0,บริษัท ไอคอน ไอเดีย จำกัด,การจัดการ,การตลาด,กรุงเทพมหานคร,13.719092,100.510222
129.0,ป่าตอง เบย์ ฮิลล์ รีสอร์ท,การจัดการ,การตลาด,ภูเก็ต,7.91562,98.424128
130.0,เมเจอร์ซีนีเพล็กซ์ อีจีวี สาขาโลตัสสุราษฎร์ธานี,การจัดการ,การตลาด,สุราษฎร์ธานี,9.155646,99.351266
131.0,บริษัท สรรพสินค้าเซ็นทรัล จำกัด สาขาภูเก็ต,การจัดการ,การตลาด,ภูเก็ต,7.858345,98.372754
132.0,บริษัท สรรพสินค้าเซ็นทรัล จำกัด สาขาหาดใหญ่,การจัดการ,การตลาด,สงขลา,7.177071,100.486721
133.0,บริษัท สุพรีม เอสเตท จำกัด,การจัดการ,การตลาด,นครศรีธรรมราช,8.426044,100.001422
134.0,โรงพยาบาลมิตรภาพสามัคคี (มูลนิธิท่งเซี่ยเซี่ยงตึ๊ง),การจัดการ,การตลาด,สงขลา,7.201654,100.449744
135.0,โรงแรม เดอะ นาคา ภูเก็ต,การจัดการ,การตลาด,ภูเก็ต,7.88113,98.357224
136.0,โรงแรมเดอะบีช ไฮท์ รีสอร์ท,การจัดการ,การตลาด,ภูเก็ต,7.883006,98.388283
137.0,โรงแรม เดอะ มาริน ภูเก็ต,การจัดการ,การตลาด,ภูเก็ต,7.880148,98.381482
138.0,ห้างหุ้นส่วนสามัญ เอกนครพาณิชย์,การจัดการ,การตลาด,นครศรีธรรมราช,8.463604,99.925219
139.0,โรงแรม สแปลช บีช รีสอร์ท ภูเก็ต,การจัดการ,การตลาด,ภูเก็ต,7.852597,98.385469
140.0,โรงแรมอมารี เกาะสมุย,การจัดการ,การตลาด,สุราษฎร์ธานี,9.108787,99.352614
141.0,บริษัท วีแอนด์บี สเปเชียลลิสต์ จำกัด,การจัดการ,การตลาด,สงขลา,7.164463,100.483641
142.0,บริษัท เวเคชั่น วิลเลจ จำกัด สาขากระบี่,การจัดการ,การตลาด,กระบี่,8.064276,98.904997
143.0,บริษัท ศูนย์การค้าไดอาน่าคอมเพล็กซ์ จำกัด,การจัดการ,การตลาด,สงขลา,7.174368,100.504848
144.0,บริษัท ออร์คิดจ๊อบ ดอท คอม จำกัด,การจัดการ,การตลาด,กรุงเทพมหานคร,13.793402,100.46209
145.0,บริษัท อินเทลลิเจ้นท์ ครีเอทีฟ แอนด์ มาร์เก็ตติ้ง จำกัด,การจัดการ,การตลาด,กรุงเทพมหานคร,13.792622,100.489477
146.0,โรงแรม ไร่เลย์ เกรทวิว รีสอร์ท แอนด์ สปา,การจัดการ,การตลาด,เลย,17.484664,101.720336
147.0,บริษัท ผลิตภัณฑ์และวัสดุก่อสร้าง จำกัด (CPAC),การจัดการ,การตลาด,กรุงเทพมหานคร,13.785821,100.514957
148.0,ร้านชนิดา เพ็ทช็อป,การจัดการ,การตลาด,นครศรีธรรมราช,8.44808,99.973407
149.0,"Courtyard by Marriott Phuket, Patong Beach Resort",การจัดการ,อุตสาหกรรมการบริการ,กรุงเทพมหานคร,13.758276,100.527422
150.0,Melia Hanoi Hotel,การจัดการ,อุตสาหกรรมการบริการ,เวียดนาม,,
151.0,Pullman Kuala Lumpur Bangsar Hotel,การจัดการ,อุตสาหกรรมการบริการ,มาเลเซีย,,
152.0,กองบังคับการตำรวจท่องเที่ยว 3,การจัดการ,อุตสาหกรรมการบริการ,สุราษฎร์ธานี,9.17631,99.343976
153.0,การท่องเที่ยวแห่งประเทศไทย สำนักงานนครศรีธรรมราช,การจัดการ,อุตสาหกรรมการบริการ,นครศรีธรรมราช,8.394248,99.969673
154.0,การท่องเที่ยวแห่งประเทศไทย สำนักงานน่าน,การจัดการ,อุตสาหกรรมการบริการ,น่าน,18.762749,100.753733
155.0,คอร์ทยาร์ด บาย แมริออท ภูเก็ตทาวน์,การจัดการ,อุตสาหกรรมการบริการ,ภูเก็ต,7.887882,98.355724
156.0,ท่าอากาศยานนครศรีธรรมราช,การจัดการ,อุตสาหกรรมการบริการ,นครศรีธรรมราช,8.454898,99.947583
157.0,ท่าอากาศยานนานาชาติสมุย,การจัดการ,อุตสาหกรรมการบริการ,สุราษฎร์ธานี,9.112901,99.360221
158.0,นครศรีสเตชั่น ดอทคอม,การจัดการ,อุตสาหกรรมการบริการ,นครศรีธรรมราช,8.404705,99.928697
159.0,นาวากีเทล ดีไซน์ โฮเทล,การจัดการ,อุตสาหกรรมการบริการ,นครศรีธรรมราช,8.406125,99.988523
160.0,บริษัท การบินกรุงเทพ จำกัด,การจัดการ,อุตสาหกรรมการบริการ,กรุงเทพมหานคร,13.785936,100.4762
161.0,บริษัท ท่าอากาศยานไทย จำกัด (มหาชน) ท่าอากาศยานภูเก็ต,การจัดการ,อุตสาหกรรมการบริการ,ภูเก็ต,7.904218,98.391065
162.0,บริษัท ท่าอากาศยานไทย จำกัด (มหาชน) ท่าอากาศยานหาดใหญ่,การจัดการ,อุตสาหกรรมการบริการ,สงขลา,7.195662,100.509581
163.0,บริษัท ไทย ไลอ้อน เมนทารี จำกัด จังหวัดสงขลา,การจัดการ,อุตสาหกรรมการบริการ,สงขลา,7.208061,100.49949
164.0,บริษัท ไทยมารีน เอ็กซ์คลูซีฟ โวยาจ จำกัด,การจัดการ,อุตสาหกรรมการบริการ,ภูเก็ต,7.905706,98.356327
165.0,บริษัท นิกรมารีน จำกัด,การจัดการ,อุตสาหกรรมการบริการ,ภูเก็ต,7.885578,98.359859
166.0,บริษัท บ้านมัคคุเทศก์ จำกัด,การจัดการ,อุตสาหกรรมการบริการ,กรุงเทพมหานคร,13.763296,100.476497
167.0,บริษัท แปซิฟิค เวิลด์ มีตติ้งส์ แอนด์ อีเว้นท์ส (ประเทศไทย) จำกัด จังหวัดภูเก็ต,การจัดการ,อุตสาหกรรมการบริการ,ภูเก็ต,7.918149,98.366944
168.0,บริษัท พัทยา เอวิเอชั่น จำกัด,การจัดการ,อุตสาหกรรมการบริการ,นนทบุรี,13.896923,100.476017
169.0,บริษัท ฟรีดอม ดอลฟิน ไดฟ์วิ่ง จำกัด,การจัดการ,อุตสาหกรรมการบริการ,ภูเก็ต,7.910144,98.379183
170.0,บริษัท โลเคิล อไลค์ จำกัด,การจัดการ,อุตสาหกรรมการบริการ,กรุงเทพมหานคร,13.761614,100.464587
171.0,บริษัท สกายเวิลด์ แอดเวนเจอร์ จำกัด,การจัดการ,อุตสาหกรรมการบริการ,ภูเก็ต,7.864564,98.397159
172.0,บริษัท เอเลเฟนท์ ฮิลล์ จำกัด,การจัดการ,อุตสาหกรรมการบริการ,สุราษฎร์ธานี,9.100314,99.336299
173.0,โรงแรม เขาหลัก แมริออท รีสอร์ท แอนด์ สปา,การจัดการ,อุตสาหกรรมการบริการ,พังงา,8.433816,98.497803
174.0,โรงแรม คอนราด เกาะสมุย รีสอร์ท แอนด์ สปา,การจัดการ,อุตสาหกรรมการบริการ,กรุงเทพมหานคร,13.716517,100.525608
175.0,โรงแรม คามาลายา จำกัด,การจัดการ,อุตสาหกรรมการบริการ,สุราษฎร์ธานี,9.163928,99.340327
176.0,โรงแรม คิมป์ตัน คีตาเล สมุย,การจัดการ,อุตสาหกรรมการบริการ,สุราษฎร์ธานี,9.149037,99.35798
177.0,โรงแรม โคโม่ พ้อยท์ ยามู,การจัดการ,อุตสาหกรรมการบริการ,ภูเก็ต,7.855677,98.379686
178.0,โรงแรม เจดับบลิว แมริออท เขาหลัก รีสอร์ท แอนด์ สปา,การจัดการ,อุตสาหกรรมการบริการ,พังงา,8.425973,98.490433
179.0,โรงแรม ชาเทรียม กรุงเทพ,การจัดการ,อุตสาหกรรมการบริการ,กรุงเทพมหานคร,13.76411,100.532868
180.0,โรงแรม เชอราตัน สมุย รีสอร์ท,การจัดการ,อุตสาหกรรมการบริการ,สุราษฎร์ธานี,9.148862,99.353201
181.0,โรงแรม แชงกรีล่า เชียงใหม่,การจัดการ,อุตสาหกรรมการบริการ,เชียงราย,19.926991,99.845116
182.0,โรงแรม ซิกเซ้นส์ สมุย,การจัดการ,อุตสาหกรรมการบริการ,สุราษฎร์ธานี,9.127975,99.313184
183.0,โรงแรม ซิกส์เซนเซส เกาะยาวน้อย,การจัดการ,อุตสาหกรรมการบริการ,พังงา,8.427131,98.558926
184.0,โรงแรม เซ็นทารา รีเซิร์ฟ สมุย,การจัดการ,อุตสาหกรรมการบริการ,สุราษฎร์ธานี,9.140266,99.320332
185.0,โรงแรม เซ็นทารา วิลล่า สมุย,การจัดการ,อุตสาหกรรมการบริการ,กรุงเทพมหานคร,13.787256,100.505356
186.0,โรงแรม เซ็นทารา อ่าวนาง บีช รีสอร์ท แอนด์ สปา กระบี่,การจัดการ,อุตสาหกรรมการบริการ,กระบี่,8.070707,98.938531
187.0,โรงแรม โซ แบงคอก,การจัดการ,อุตสาหกรรมการบริการ,กรุงเทพมหานคร,13.720285,100.502455
188.0,โรงแรม ดับเบิ้ลยู เกาะสมุย,การจัดการ,อุตสาหกรรมการบริการ,สุราษฎร์ธานี,9.127314,99.343041
189.0,โรงแรม ดุสิต ดีทู อ่าวนาง กระบี,การจัดการ,อุตสาหกรรมการบริการ,กระบี่,8.101329,98.906567
190.0,โรงแรม ดุสิตธานี กระบี่บีชรีสอร์ท,การจัดการ,อุตสาหกรรมการบริการ,กระบี่,8.069584,98.923806
191.0,โรงแรม ดุสิตธานี ลากูน่า ภูเก็ต,การจัดการ,อุตสาหกรรมการบริการ,ภูเก็ต,7.851788,98.413023
192.0,โรงแรม ดุสิตธานี หัวหิน,การจัดการ,อุตสาหกรรมการบริการ,กรุงเทพมหานคร,13.752757,100.540265
193.0,โรงแรม เดอะ ริทซ์-คาร์ลตัน เกาะสมุย,การจัดการ,อุตสาหกรรมการบริการ,สุราษฎร์ธานี,9.130461,99.310498
194.0,โรงแรม เดอะ เวสทิน สิเหร่ เบย์ รีสอร์ท แอนด์ สปา ภูเก็ต,การจัดการ,อุตสาหกรรมการบริการ,ภูเก็ต,7.878145,98.371252
195.0,โรงแรม เดอะนาคาไอแลนด์ อะลักชัวรี่ คอลเลคชั่น รีสอร์ท แอนด์ สปา ภูเก็ต,การจัดการ,อุตสาหกรรมการบริการ,ภูเก็ต,7.895831,98.411316
196.0,โรงแรม ตรีสรา,การจัดการ,อุตสาหกรรมการบริการ,กรุงเทพมหานคร,13.73064,100.499327
197.0,โรงแรม ทวินปาล์ม ภูเก็ต,การจัดการ,อุตสาหกรรมการบริการ,ภูเก็ต,7.883845,98.385928
198.0,โรงแรม โนราบีช รีสอร์ท แอนด์ สปา,การจัดการ,อุตสาหกรรมการบริการ,สุราษฎร์ธานี,9.13652,99.288526
199.0,โรงแรม บันยันทรี กระบี่,การจัดการ,อุตสาหกรรมการบริการ,กระบี่,8.12443,98.905995
200.0,โรงแรม บันยันทรี เกาะสมุย,การจัดการ,อุตสาหกรรมการบริการ,สุราษฎร์ธานี,9.134294,99.352464
201.0,โรงแรม แบงค็อก แมริออท มาร์คีส์ ควีนส์ปาร์ค,การจัดการ,อุตสาหกรรมการบริการ,กรุงเทพมหานคร,13.727373,100.497346
202.0,โรงแรม ปานวิมานเชียงใหม่ สปา รีสอร์ท,การจัดการ,อุตสาหกรรมการบริการ,เชียงใหม่,18.776242,98.998432
203.0,โรงแรม พาร์ค ไฮแอท กรุงเทพ,การจัดการ,อุตสาหกรรมการบริการ,กรุงเทพมหานคร,13.788079,100.541735
204.0,โรงแรม พิมาลัย รีสอร์ท แอนด์ สปา,การจัดการ,อุตสาหกรรมการบริการ,กระบี่,8.076707,98.874228
205.0,โรงแรม พี พี เอราวัณ ปาล์ม รีสอร์ท,การจัดการ,อุตสาหกรรมการบริการ,กระบี่,8.099533,98.902047
206.0,โรงแรม โฟร์ซีซั่นส์ รีสอร์ท เกาะสมุย,การจัดการ,อุตสาหกรรมการบริการ,สุราษฎร์ธานี,9.098309,99.32219
207.0,โรงแรม โฟร์พ้อยท์ บาย เชอราตัน ภูเก็ต ป่าตองบีช รีสอร์ท,การจัดการ,อุตสาหกรรมการบริการ,ภูเก็ต,7.915383,98.420879
208.0,โรงแรม ภูเก็ต แมริออท รีสอร์ท แอนด์ สปา ในยางบีช,การจัดการ,อุตสาหกรรมการบริการ,ภูเก็ต,7.890664,98.425278
209.0,"โรงแรม ภูเก็ตแมริออท รีสอร์ท แอนด์ สปา, เมอร์ลิน บีช",การจัดการ,อุตสาหกรรมการบริการ,ภูเก็ต,7.903489,98.381299
210.0,โรงแรม มีเลีย เกาะสมุย,การจัดการ,อุตสาหกรรมการบริการ,สุราษฎร์ธานี,9.165493,99.335255
211.0,โรงแรม รอยัล ออคิด เชอราตัน,การจัดการ,อุตสาหกรรมการบริการ,กรุงเทพมหานคร,13.72043,100.474871
212.0,โรงแรม รายาวดี,การจัดการ,อุตสาหกรรมการบริการ,กรุงเทพมหานคร,13.746536,100.48047
213.0,โรงแรม เรเนอซองส์ ภูเก็ต รีสอร์ท แอนด์ สปา,การจัดการ,อุตสาหกรรมการบริการ,ภูเก็ต,7.891064,98.403739
214.0,โรงแรม โรสวูด ภูเก็ต,การจัดการ,อุตสาหกรรมการบริการ,ภูเก็ต,7.846398,98.386823
215.0,โรงแรม เลอ เมอริเดียน เขาหลัก,การจัดการ,อุตสาหกรรมการบริการ,พังงา,8.415193,98.551265
216.0,โรงแรม เลอ เมอริเดียน ภูเก็ต บีช รีสอร์ท,การจัดการ,อุตสาหกรรมการบริการ,ภูเก็ต,7.896145,98.378388
217.0,โรงแรม วนาเบล อะ ลักซูรี่ คอลเล็คชั่น รีสอร์ท เกาะสมุย,การจัดการ,อุตสาหกรรมการบริการ,กรุงเทพมหานคร,13.792308,100.505758
218.0,โรงแรม วี วิลล่า ภูเก็ต,การจัดการ,อุตสาหกรรมการบริการ,ภูเก็ต,7.902376,98.352409
219.0,โรงแรม ศิลาวดี พูล สปา แอนด์ รีสอร์ท,การจัดการ,อุตสาหกรรมการบริการ,สุราษฎร์ธานี,9.175962,99.351942
220.0,โรงแรม สยาม แอ็ท สยาม,การจัดการ,อุตสาหกรรมการบริการ,กรุงเทพมหานคร,13.763087,100.53567
221.0,โรงแรม สันติบุรี บีช รีสอร์ท แอนด์ สปา,การจัดการ,อุตสาหกรรมการบริการ,กรุงเทพมหานคร,13.720672,100.531505
222.0,โรงแรม อนันตรา บ่อผุด รีสอร์ท แอนด์ สปา เกาะสมุย,การจัดการ,อุตสาหกรรมการบริการ,กรุงเทพมหานคร,13.760302,100.500285
223.0,โรงแรม อนันตรา ไม้ขาว ภูเก็ต วิลล่า,การจัดการ,อุตสาหกรรมการบริการ,ภูเก็ต,7.916306,98.383201
224.0,โรงแรม อนันตรา ลายัน ภูเก็ต รีสอร์ท,การจัดการ,อุตสาหกรรมการบริการ,ภูเก็ต,7.850844,98.358722
225.0,โรงแรม อนันตรา ลาวาณา เกาะสมุย รีสอร์ท,การจัดการ,อุตสาหกรรมการบริการ,กรุงเทพมหานคร,13.7916,100.472144
226.0,โรงแรม อวานี เฉวง สมุย โฮเทล แอนด์ บีชคลับ,การจัดการ,อุตสาหกรรมการบริการ,สุราษฎร์ธานี,9.138914,99.306991
227.0,โรงแรม อังสนา ลากูน่า ภูเก็ต,การจัดการ,อุตสาหกรรมการบริการ,ภูเก็ต,7.869609,98.35431
228.0,โรงแรม อินดิโก้ ภูเก็ต ป่าตอง,การจัดการ,อุตสาหกรรมการบริการ,ภูเก็ต,7.891677,98.422577
229.0,โรงแรม อินเตอร์คอนติเนนตัล กรุงเทพ,การจัดการ,อุตสาหกรรมการบริการ,กรุงเทพมหานคร,13.771299,100.516637
230.0,โรงแรม เอ็นเอช โบ๊ทลากูน ภูเก็ต รีสอร์ท,การจัดการ,อุตสาหกรรมการบริการ,ภูเก็ต,7.84934,98.405805
231.0,โรงแรม ไอดีลลิค คอนเซปต์ รีสอร์ท เกาะหลีเป๊ะ,การจัดการ,อุตสาหกรรมการบริการ,สตูล,6.638025,100.042085
232.0,โรงแรม ฮอลิเดย์ อินน์ รีสอร์ท กระบี่ อ่าวนางบีช,การจัดการ,อุตสาหกรรมการบริการ,กระบี่,8.105655,98.890557
233.0,โรงแรม ฮอลิเดย์ อินน์ สมุย บ่อผุด,การจัดการ,อุตสาหกรรมการบริการ,กรุงเทพมหานคร,13.724174,100.540144
234.0,โรงแรม ไฮแอท รีเจนซี่ เกาะสมุย,การจัดการ,อุตสาหกรรมการบริการ,สุราษฎร์ธานี,9.177114,99.294618
235.0,โรงแรมพูลแมน ภูเก็ต พันวาบีช รีสอร์ท,การจัดการ,อุตสาหกรรมการบริการ,ภูเก็ต,7.863937,98.382762
236.0,โรงแรมรายาวดี,การจัดการ,อุตสาหกรรมการบริการ,กระบี่,8.092269,98.924868
237.0,โรงแรมศรีพันวา ภูเก็ต,การจัดการ,อุตสาหกรรมการบริการ,ภูเก็ต,7.911667,98.403705
238.0,โรงแรมอมัน นายเลิศ กรุงเทพฯ,การจัดการ,อุตสาหกรรมการบริการ,กรุงเทพมหานคร,13.728536,100.481116
239.0,โรงแรมอมันปุรี รีสอร์ท,การจัดการ,อุตสาหกรรมการบริการ,ภูเก็ต,7.899681,98.423896
240.0,โรงแรมอมารี ภูเก็ต,การจัดการ,อุตสาหกรรมการบริการ,ภูเก็ต,7.890105,98.363195
241.0,โรงแรมอวานีพลัส สมุย รีสอร์ท,การจัดการ,อุตสาหกรรมการบริการ,สุราษฎร์ธานี,9.157981,99.353669
242.0,โรงแรมอินเตอร์คอนติเนนตัล เกาะสมุย รีสอร์ท,การจัดการ,อุตสาหกรรมการบริการ,สุราษฎร์ธานี,9.161737,99.28547
243.0,สถานีตำรวจท่องเที่ยว 1 กองกำกับการ 2 กองบังคับการตำรวจท่องเที่ยว 3,การจัดการ,อุตสาหกรรมการบริการ,ภูเก็ต,7.851878,98.370177
244.0,สถานีตำรวจท่องเที่ยว 4 กองกำกับการ 2 กองบังคับการตำรวจท่องเที่ยว 3,การจัดการ,อุตสาหกรรมการบริการ,สุราษฎร์ธานี,9.158573,99.358652
245.0,สวนพฤกษศาสตร์สมเด็จพระนางเจ้าสิริกิติ์ องค์การสวนพฤกษศาสตร์,การจัดการ,อุตสาหกรรมการบริการ,เชียงใหม่,18.753365,98.99254
246.0,สำนักงานปลัดกระทรวงการท่องเที่ยวและกีฬา,การจัดการ,อุตสาหกรรมการบริการ,กรุงเทพมหานคร,13.789546,100.478534
247.0,สำนักวัฒนธรรม กีฬา และการท่องเที่ยว กรุงเทพมหานคร,การจัดการ,อุตสาหกรรมการบริการ,กรุงเทพมหานคร,13.770258,100.46603
248.0,องค์การบริหารการพัฒนาพื้นที่พิเศษเพื่อการท่องเที่ยวอย่างยั่งยืน (องค์การมหาชน) อพท.,การจัดการ,อุตสาหกรรมการบริการ,กรุงเทพมหานคร,13.779681,100.474066
249.0,องค์การบริหารส่วนจังหวัดนครศรีธรรมราช,การจัดการ,อุตสาหกรรมการบริการ,นครศรีธรรมราช,8.439254,99.988143
250.0,องค์การบริหารส่วนจังหวัดสุราษฎร์ธานี,การจัดการ,อุตสาหกรรมการบริการ,สุราษฎร์ธานี,9.164346,99.339213
251.0,อวานี พลัส เขาหลัก,การจัดการ,อุตสาหกรรมการบริการ,พังงา,8.430196,98.510951
252.0,"ศูนย์สหกิจศึกษาและพัฒนาอาชีพ ม.วลัยลักษณ์ ",การจัดการ,อุตสาหกรรมการบริการ,กรุงเทพมหานคร,13.751263,100.481867
253.0,โรงแรม ทวินปาล์มส์ ภูเก็ต,การจัดการ,อุตสาหกรรมการบริการ,ภูเก็ต,7.873012,98.417574
254.0,Hungkuang University,การจัดการ,อุตสาหกรรมการบริการ,ไต้หวัน,,
255.0,National Kaohsiung University of Hospitality and Tourism,การจัดการ,อุตสาหกรรมการบริการ,ไต้หวัน,,
256.0,บริษัท ฟรีดอม ดอลฟิน จำกัด,การจัดการ,อุตสาหกรรมการบริการ,ภูเก็ต,7.870659,98.356374
257.0,บริษัท อินเทอร์เน็ตประเทศไทย จำกัด (มหาชน) สาขาหาดใหญ่,สารสนเทศศาสตร์,เทคโนโลยีสารสนเทศ,สงขลา,7.14161,100.447555
258.0,Habin Engineering University,สารสนเทศศาสตร์,เทคโนโลยีสารสนเทศ,กรุงเทพมหานคร,13.786497,100.480244
259.0,การไฟฟ้าส่วนภูมิภาคสาขาอำเภอท่าศาลา,สารสนเทศศาสตร์,เทคโนโลยีสารสนเทศ,นครศรีธรรมราช,8.39351,99.952164
260.0,ธนาคารกรุงไทย จำกัด (มหาชน) สาขาหัวไทร,สารสนเทศศาสตร์,เทคโนโลยีสารสนเทศ,นครศรีธรรมราช,8.441612,99.991539
261.0,บริษัท กสท โทรคมนาคม จำกัด (มหาชน) จังหวัดนนทบุรี,สารสนเทศศาสตร์,เทคโนโลยีสารสนเทศ,นนทบุรี,13.827308,100.529
262.0,บริษัท กานดา ดิจิทัล จำกัด,สารสนเทศศาสตร์,เทคโนโลยีสารสนเทศ,กรุงเทพมหานคร,13.748975,100.534461
263.0,บริษัท คอมเซเว่น จำกัด (มหาชน),สารสนเทศศาสตร์,เทคโนโลยีสารสนเทศ,กรุงเทพมหานคร,13.722155,100.478968
264.0,บริษัท ซีดีจี ซิสเต็มส์ จำกัด,สารสนเทศศาสตร์,เทคโนโลยีสารสนเทศ,กรุงเทพมหานคร,13.763187,100.528616
265.0,บริษัท ด็อปปิโอ เทค จำกัด,สารสนเทศศาสตร์,เทคโนโลยีสารสนเทศ,กรุงเทพมหานคร,13.72482,100.486059
266.0,บริษัท โตโยด้า โกเซ เอเชีย จำกัด,สารสนเทศศาสตร์,เทคโนโลยีสารสนเทศ,ชลบุรี,13.364148,100.983817
267.0,บริษัท ทีโอที จำกัด (มหาชน) จังหวัดชุมพร,สารสนเทศศาสตร์,เทคโนโลยีสารสนเทศ,ชุมพร,10.471429,99.166415
268.0,บริษัท บลูบิค วัลแคน จำกัด,สารสนเทศศาสตร์,เทคโนโลยีสารสนเทศ,กรุงเทพมหานคร,13.723984,100.506907
269.0,บริษัท บิสซิเนส คอมเพ็ดทิทีฟ อินเทลลิเจนซ์ จำกัด,สารสนเทศศาสตร์,เทคโนโลยีสารสนเทศ,นนทบุรี,13.868295,100.54559
270.0,บริษัท ประณีต จำกัด,สารสนเทศศาสตร์,เทคโนโลยีสารสนเทศ,กรุงเทพมหานคร,13.764209,100.534928
271.0,บริษัท โปรเกรส เน็ตเวิร์ค คอนซัลท์ จำกัด,สารสนเทศศาสตร์,เทคโนโลยีสารสนเทศ,นครศรีธรรมราช,8.450626,99.992611
272.0,บริษัท โปรอัลฟ่า โซลูชั่นส์ (ประเทศไทย) จำกัด,สารสนเทศศาสตร์,เทคโนโลยีสารสนเทศ,กรุงเทพมหานคร,13.790506,100.49466
273.0,บริษัท ผลิตไฟฟ้าขนอม จำกัด,สารสนเทศศาสตร์,เทคโนโลยีสารสนเทศ,นครศรีธรรมราช,8.470989,99.976671
274.0,บริษัท พร้อมท์ ดิ อินโนเวชั่นส์ จำกัด,สารสนเทศศาสตร์,เทคโนโลยีสารสนเทศ,กรุงเทพมหานคร,13.723627,100.479225
275.0,บริษัท เพชรศรีวิชัย เอ็นเตอร์ไพรส์ จำกัด,สารสนเทศศาสตร์,เทคโนโลยีสารสนเทศ,สุราษฎร์ธานี,9.149364,99.285573
276.0,บริษัท ฟรอนทิส จำกัด,สารสนเทศศาสตร์,เทคโนโลยีสารสนเทศ,กรุงเทพมหานคร,13.722151,100.502786
277.0,บริษัท ฟินิกซ์ซอฟท์ คอร์ปอเรชั่น จำกัด,สารสนเทศศาสตร์,เทคโนโลยีสารสนเทศ,สมุทรปราการ,13.636838,100.668383
278.0,บริษัท เมเจอร์ ซีนีเพล็กซ์ กรุ้ป จำกัด (มหาชน),สารสนเทศศาสตร์,เทคโนโลยีสารสนเทศ,กรุงเทพมหานคร,13.720492,100.529588
279.0,บริษัท ลากูน่า รีสอร์ท แอนด์ โฮเท็ล จำกัด (มหาชน),สารสนเทศศาสตร์,เทคโนโลยีสารสนเทศ,ภูเก็ต,7.847662,98.359249
280.0,บริษัท วี-สมาร์ท จำกัด,สารสนเทศศาสตร์,เทคโนโลยีสารสนเทศ,กรุงเทพมหานคร,13.752881,100.47522
281.0,บริษัท สยาม ไอที เน็ตเวิร์คกิ้ง (ประเทศไทย) จำกัด,สารสนเทศศาสตร์,เทคโนโลยีสารสนเทศ,กรุงเทพมหานคร,13.795073,100.521618
282.0,บริษัท อิมแพ็ค เอ็กซิบิชั่น แมเนจเม้นท์ จำกัด,สารสนเทศศาสตร์,เทคโนโลยีสารสนเทศ,นนทบุรี,13.866639,100.508668
283.0,บริษัท เอ็ม เอฟ อี ซี จำกัด (มหาชน),สารสนเทศศาสตร์,เทคโนโลยีสารสนเทศ,กรุงเทพมหานคร,13.756351,100.533624
284.0,บริษัท แอปอินทัช จำกัด,สารสนเทศศาสตร์,เทคโนโลยีสารสนเทศ,กรุงเทพมหานคร,13.795158,100.492511
285.0,บริษัท ไอ-เทล คอร์ปอเรชั่น จำกัด (มหาชน),สารสนเทศศาสตร์,เทคโนโลยีสารสนเทศ,สงขลา,7.171447,100.508572
286.0,บริษัท เฮลท์ อัพ จำกัด,สารสนเทศศาสตร์,เทคโนโลยีสารสนเทศ,สมุทรปราการ,13.582515,100.652308
287.0,โรงเรียนอนุบาลกุลจินต์,สารสนเทศศาสตร์,เทคโนโลยีสารสนเทศ,สงขลา,7.196074,100.501369
288.0,ศูนย์เทคโนโลยีดิจิทัล มหาวิทยาลัยวลัยลักษณ์,สารสนเทศศาสตร์,เทคโนโลยีสารสนเทศ,กรุงเทพมหานคร,13.738732,100.512527
289.0,ศูนย์พัฒนาทักษะและการเรียนรู้ ICT ภูเก็ต,สารสนเทศศาสตร์,เทคโนโลยีสารสนเทศ,ภูเก็ต,7.904721,98.424198
290.0,ศูนย์วิจัยระบบอัตโนมัติอัจฉริยะ คณะวิศวกรรมศาสตร์ มหาวิทยาลัยสงขลานครินทร์,สารสนเทศศาสตร์,เทคโนโลยีสารสนเทศ,สงขลา,7.182033,100.447383
291.0,สำนักงานพัฒนาธุรกรรมทางอิเล็กทรอนิกส์ (ETDA),สารสนเทศศาสตร์,เทคโนโลยีสารสนเทศ,กรุงเทพมหานคร,13.761294,100.534866
292.0,หลักสูตรเทคโนโลยีสารสนเทศและนวัตกรรมดิจิท้ล สำนักวิชาสารสนเทศศาสตร์ มหาวิทยาลัยวลัยลักษณ์,สารสนเทศศาสตร์,เทคโนโลยีสารสนเทศ,นครศรีธรรมราช,8.462814,99.980913
293.0,บริษัท โกซอฟท์ (ประเทศไทย) จำกัด,สารสนเทศศาสตร์,เทคโนโลยีสารสนเทศ,กรุงเทพมหานคร,13.730115,100.499992
294.0,บริษัท คอนโทรล ดาต้า (ประเทศไทย) จำกัด,สารสนเทศศาสตร์,เทคโนโลยีสารสนเทศ,กรุงเทพมหานคร,13.726468,100.467331
295.0,"บริษัท จีไอเอส กรุ๊ป จำกัด ",สารสนเทศศาสตร์,เทคโนโลยีสารสนเทศ,กรุงเทพมหานคร,13.743935,100.535489
296.0,บริษัท แอดวานซ์ คอนแท็ค เซ็นเตอร์ จำกัด,สารสนเทศศาสตร์,เทคโนโลยีสารสนเทศ,กรุงเทพมหานคร,13.753292,100.489457
297.0,บริษัท ไอบอทน้อย จํากัด,สารสนเทศศาสตร์,เทคโนโลยีสารสนเทศ,กรุงเทพมหานคร,13.762748,100.491846
298.0,โรงพยาบาลกรุงเทพสิริโรจน์,สารสนเทศศาสตร์,เทคโนโลยีสารสนเทศ,ภูเก็ต,7.916594,98.361336
299.0,บริษัท โปรอัลฟ่า (ไทยแลนด์) จำกัด,สารสนเทศศาสตร์,เทคโนโลยีสารสนเทศ,กรุงเทพมหานคร,13.73199,100.495575
300.0,"Hufron & Rubaie Lawfirm, Surabaya, Indonesia",รัฐศาสตร์และนิติศาสตร์,นิติศาสตร์,กรุงเทพมหานคร,13.753078,100.498036
301.0,กรมคุ้มครองสิทธิและเสรีภาพ กระทรวงยุติธรรม,รัฐศาสตร์และนิติศาสตร์,นิติศาสตร์,กรุงเทพมหานคร,13.767083,100.510178
302.0,กรมศุลกากร,รัฐศาสตร์และนิติศาสตร์,นิติศาสตร์,กรุงเทพมหานคร,13.75457,100.467931
303.0,กรมสอบสวนคดีพิเศษ,รัฐศาสตร์และนิติศาสตร์,นิติศาสตร์,กรุงเทพมหานคร,13.782068,100.488522
304.0,กองคดีความมั่นคง และ กองคดีภาษีอากร กรมสอบสวนคดีพิเศษ,รัฐศาสตร์และนิติศาสตร์,นิติศาสตร์,กรุงเทพมหานคร,13.739287,100.49797
305.0,ด่านศุลกากรสะเดา (สำนักงานป้องกันและปราบปรามงานคดี),รัฐศาสตร์และนิติศาสตร์,นิติศาสตร์,สงขลา,7.141111,100.452104
306.0,ตำรวจภูธรจังหวัดนครศรีธรรมราช,รัฐศาสตร์และนิติศาสตร์,นิติศาสตร์,นครศรีธรรมราช,8.468889,99.932969
307.0,ที่ทำการปกครองจังหวัดพัทลุง,รัฐศาสตร์และนิติศาสตร์,นิติศาสตร์,พัทลุง,7.60275,100.152971
308.0,เทศบาลตำบลวิชิต,รัฐศาสตร์และนิติศาสตร์,นิติศาสตร์,ภูเก็ต,7.912499,98.412915
309.0,บริษัท นิติเสรีธรรม จำกัด,รัฐศาสตร์และนิติศาสตร์,นิติศาสตร์,กรุงเทพมหานคร,13.754631,100.463836
310.0,บริษัท เราเอ็ล แลนด์ จำกัด กรุงเทพฯ,รัฐศาสตร์และนิติศาสตร์,นิติศาสตร์,กรุงเทพมหานคร,13.795788,100.512274
311.0,"บริษัท วีระยุทธ แอนด์ พาร์ทเนอร์ส จำกัด ",รัฐศาสตร์และนิติศาสตร์,นิติศาสตร์,นนทบุรี,13.8234,100.499942
312.0,บริษัท สยามลีกัล แอนด์ แอดไวเซอร์ จํากัด,รัฐศาสตร์และนิติศาสตร์,นิติศาสตร์,สงขลา,7.210083,100.504576
313.0,บริษัท สรรเพชร ทนายความ และเพื่อน จำกัด,รัฐศาสตร์และนิติศาสตร์,นิติศาสตร์,พังงา,8.490799,98.51747
314.0,บริษัท อินทนิล ลอว์ กรุ๊ป จำกัด,รัฐศาสตร์และนิติศาสตร์,นิติศาสตร์,สุราษฎร์ธานี,9.174783,99.340639
315.0,มูลนิธิศูนย์ทนายความมุสลิมจังหวัดปัตตานี,รัฐศาสตร์และนิติศาสตร์,นิติศาสตร์,ปัตตานี,6.851234,101.226858
316.0,ศาลแขวงจังหวัดสุราษฎร์ธานี,รัฐศาสตร์และนิติศาสตร์,นิติศาสตร์,สุราษฎร์ธานี,9.174306,99.311836
317.0,ศาลแขวงนครศรีธรรมราช,รัฐศาสตร์และนิติศาสตร์,นิติศาสตร์,นครศรีธรรมราช,8.418252,99.99547
318.0,ศาลแขวงภูเก็ต,รัฐศาสตร์และนิติศาสตร์,นิติศาสตร์,ภูเก็ต,7.847959,98.400697
319.0,ศาลแขวงสงขลา,รัฐศาสตร์และนิติศาสตร์,นิติศาสตร์,สงขลา,7.163013,100.444566
320.0,ศาลจังหวัดชุมพร,รัฐศาสตร์และนิติศาสตร์,นิติศาสตร์,ชุมพร,10.517753,99.158405
321.0,ศาลจังหวัดทุ่งสง,รัฐศาสตร์และนิติศาสตร์,นิติศาสตร์,นครศรีธรรมราช,8.439169,99.975791
322.0,ศาลจังหวัดนครศรีธรรมราช,รัฐศาสตร์และนิติศาสตร์,นิติศาสตร์,นครศรีธรรมราช,8.433833,99.979924
323.0,ศาลจังหวัดปัตตานี,รัฐศาสตร์และนิติศาสตร์,นิติศาสตร์,ปัตตานี,6.837779,101.231594
324.0,ศาลจังหวัดพังงา,รัฐศาสตร์และนิติศาสตร์,นิติศาสตร์,พังงา,8.484668,98.490174
325.0,ศาลจังหวัดพัทลุง,รัฐศาสตร์และนิติศาสตร์,นิติศาสตร์,พัทลุง,7.609973,100.157083
326.0,ศาลจังหวัดภูเก็ต,รัฐศาสตร์และนิติศาสตร์,นิติศาสตร์,ภูเก็ต,7.914288,98.392937
327.0,ศาลจังหวัดยะลา,รัฐศาสตร์และนิติศาสตร์,นิติศาสตร์,ยะลา,6.501181,101.259887
328.0,ศาลจังหวัดสงขลา,รัฐศาสตร์และนิติศาสตร์,นิติศาสตร์,สงขลา,7.175829,100.468232
329.0,ศาลจังหวัดสุราษฎร์ธานี,รัฐศาสตร์และนิติศาสตร์,นิติศาสตร์,สุราษฎร์ธานี,9.123339,99.30227
330.0,ศาลปกครองนครศรีธรรมราช,รัฐศาสตร์และนิติศาสตร์,นิติศาสตร์,นครศรีธรรมราช,8.4537,99.99046
331.0,ศาลปกครองสูงสุด จังหวัดกรุงเทพมหานคร,รัฐศาสตร์และนิติศาสตร์,นิติศาสตร์,กรุงเทพมหานคร,13.734365,100.54092
332.0,ศาลเยาวชนและครอบครัวจังหวัดนครศรีธรรมราช,รัฐศาสตร์และนิติศาสตร์,นิติศาสตร์,นครศรีธรรมราช,8.413328,99.958873
333.0,ศาลเยาวชนและครอบครัวจังหวัดปทุมธานี,รัฐศาสตร์และนิติศาสตร์,นิติศาสตร์,ปทุมธานี,14.018865,100.542153
334.0,ศาลเยาวชนและครอบครัวจังหวัดสงขลา,รัฐศาสตร์และนิติศาสตร์,นิติศาสตร์,สงขลา,7.184209,100.474776
335.0,ศาลเยาวชนและครอบครัวจังหวัดสุราษฎร์ธานี,รัฐศาสตร์และนิติศาสตร์,นิติศาสตร์,สุราษฎร์ธานี,9.154005,99.338284
336.0,ศาลอาญา,รัฐศาสตร์และนิติศาสตร์,นิติศาสตร์,กรุงเทพมหานคร,13.776588,100.53084
337.0,ศาลอาญากรุงเทพใต้,รัฐศาสตร์และนิติศาสตร์,นิติศาสตร์,กรุงเทพมหานคร,13.740324,100.468912
338.0,ศาลอาญาธนบุรี,รัฐศาสตร์และนิติศาสตร์,นิติศาสตร์,กรุงเทพมหานคร,13.720324,100.486588
339.0,สถานกงสุลใหญ่ ณ เมืองโกตาบารู,รัฐศาสตร์และนิติศาสตร์,นิติศาสตร์,มาเลเซีย,,
340.0,สถานกงสุลใหญ่ ณ เมืองปีนัง,รัฐศาสตร์และนิติศาสตร์,นิติศาสตร์,มาเลเซีย,,
341.0,สถานเอกอัครราชทูต ณ กรุงกัวลาลัมเปอร์,รัฐศาสตร์และนิติศาสตร์,นิติศาสตร์,มาเลเซีย,,
342.0,สถานเอกอัครราชทูต ณ สิงคโปร์,รัฐศาสตร์และนิติศาสตร์,นิติศาสตร์,กรุงเทพมหานคร,13.744215,100.497338
343.0,สถานีตำรวจท่องเที่ยวเกาะสมุย,รัฐศาสตร์และนิติศาสตร์,นิติศาสตร์,สุราษฎร์ธานี,9.11857,99.354561
344.0,สถานีตำรวจท่องเที่ยวหาดใหญ่,รัฐศาสตร์และนิติศาสตร์,นิติศาสตร์,กรุงเทพมหานคร,13.724681,100.48223
345.0,สถานีตำรวจภูธรกะทู้,รัฐศาสตร์และนิติศาสตร์,นิติศาสตร์,ภูเก็ต,7.870789,98.402409
346.0,สถานีตำรวจภูธรบ่อผุด,รัฐศาสตร์และนิติศาสตร์,นิติศาสตร์,สุราษฎร์ธานี,9.138116,99.350738
347.0,สถานีตำรวจภูธรพุนพิน,รัฐศาสตร์และนิติศาสตร์,นิติศาสตร์,สุราษฎร์ธานี,9.151878,99.309458
348.0,สถานีตำรวจภูธรเมืองปัตตานี,รัฐศาสตร์และนิติศาสตร์,นิติศาสตร์,ปัตตานี,6.878823,101.228349
349.0,สถานีตำรวจภูธรเมืองยะลา,รัฐศาสตร์และนิติศาสตร์,นิติศาสตร์,ยะลา,6.552406,101.26586
350.0,สถาบันอนุญาโตตุลาการ ที เอช เอ ซี,รัฐศาสตร์และนิติศาสตร์,นิติศาสตร์,กรุงเทพมหานคร,13.77375,100.486715
351.0,สภาทนายความจังหวัดทุ่งสง,รัฐศาสตร์และนิติศาสตร์,นิติศาสตร์,กรุงเทพมหานคร,13.786448,100.528021
352.0,สภาทนายความภาค 8,รัฐศาสตร์และนิติศาสตร์,นิติศาสตร์,นครศรีธรรมราช,8.46121,99.994782
353.0,ส่วนตรวจสอบสำนวนคดีอุทธรณ์และฎีกา สำนักงานตำรวจแห่งชาติ,รัฐศาสตร์และนิติศาสตร์,นิติศาสตร์,กรุงเทพมหานคร,13.738861,100.522564
354.0,ส่วนนิติการ มหาวิทยาลัยวลัยลักษณ์,รัฐศาสตร์และนิติศาสตร์,นิติศาสตร์,นครศรีธรรมราช,8.42332,99.995858
355.0,สํานักงานอัยการสูงสุด,รัฐศาสตร์และนิติศาสตร์,นิติศาสตร์,กรุงเทพมหานคร,13.795701,100.511265
356.0,สำนักงาน กฤศทนายความ,รัฐศาสตร์และนิติศาสตร์,นิติศาสตร์,กรุงเทพมหานคร,13.74618,100.470804
357.0,สำนักงานกฎหมาย มารุต บุนนาค อินเตอร์เนชั่นแนล ลอว์ ออฟฟิศ,รัฐศาสตร์และนิติศาสตร์,นิติศาสตร์,กรุงเทพมหานคร,13.741606,100.486838
358.0,สำนักงานกฎหมายกีรนันท์ บุญชูวงค์ ทนายความ,รัฐศาสตร์และนิติศาสตร์,นิติศาสตร์,นครศรีธรรมราช,8.427274,99.989674
359.0,สำนักงานกฎหมายจรัญ ศรีสุข,รัฐศาสตร์และนิติศาสตร์,นิติศาสตร์,นครศรีธรรมราช,8.401704,99.997976
360.0,สำนักงานกฎหมายทนายชนะ,รัฐศาสตร์และนิติศาสตร์,นิติศาสตร์,สงขลา,7.195199,100.492501
361.0,สำนักงานคณะกรรมการคุ้มครองผู้บริโภค,รัฐศาสตร์และนิติศาสตร์,นิติศาสตร์,กรุงเทพมหานคร,13.77825,100.513403
362.0,สำนักงานคดีปราบปรามการทุจริต ภาค 8,รัฐศาสตร์และนิติศาสตร์,นิติศาสตร์,กรุงเทพมหานคร,13.748561,100.538778
363.0,สำนักงานทนายความ นคร อินเตอร์ ลอว์,รัฐศาสตร์และนิติศาสตร์,นิติศาสตร์,กรุงเทพมหานคร,13.74789,100.497456
364.0,สำนักงานทนายความ หลักธรรมทนายความ,รัฐศาสตร์และนิติศาสตร์,นิติศาสตร์,นครศรีธรรมราช,8.435893,99.976105
365.0,สำนักงานทนายความชลสิทธิ แก้วยะรัตน์,รัฐศาสตร์และนิติศาสตร์,นิติศาสตร์,ภูเก็ต,7.920382,98.420318
366.0,สำนักงานเทศบาลเมืองกะทู้,รัฐศาสตร์และนิติศาสตร์,นิติศาสตร์,ภูเก็ต,7.847763,98.360626
367.0,สำนักงานนายสุภาษ หงส์ประภัศร เนติบัณฑิต ทนายความ,รัฐศาสตร์และนิติศาสตร์,นิติศาสตร์,นครศรีธรรมราช,8.454107,99.951313
368.0,สำนักงานบังคับคดี จังหวัดนครศรีธรรมราช,รัฐศาสตร์และนิติศาสตร์,นิติศาสตร์,นครศรีธรรมราช,8.452683,99.975188
369.0,สำนักงานบังคับคดีจังหวัดนครศรีธรรมราช สาขาทุ่งสง,รัฐศาสตร์และนิติศาสตร์,นิติศาสตร์,นครศรีธรรมราช,8.458742,99.96717
370.0,สำนักงานบังคับคดีจังหวัดนครศรีธรรมราช สาขาปากพนัง,รัฐศาสตร์และนิติศาสตร์,นิติศาสตร์,นครศรีธรรมราช,8.466851,99.982886
371.0,สำนักงานบังคับคดีจังหวัดภูเก็ต,รัฐศาสตร์และนิติศาสตร์,นิติศาสตร์,ภูเก็ต,7.914321,98.405398
372.0,สำนักงานวิเชียรทนายความ,รัฐศาสตร์และนิติศาสตร์,นิติศาสตร์,สุราษฎร์ธานี,9.176229,99.348169
373.0,สำนักงานศาลปกครอง กรุงเทพมหานคร,รัฐศาสตร์และนิติศาสตร์,นิติศาสตร์,กรุงเทพมหานคร,13.742777,100.479018
374.0,สำนักงานศาลปกครองภูเก็ต,รัฐศาสตร์และนิติศาสตร์,นิติศาสตร์,ภูเก็ต,7.877515,98.37326
375.0,สำนักงานส่งเสริมการค้าระหว่างประเทศ กรุงเจนไน อินเดีย,รัฐศาสตร์และนิติศาสตร์,นิติศาสตร์,อินเดีย,,
376.0,สำนักงานสรรพากรพื้นที่สงขลา 2,รัฐศาสตร์และนิติศาสตร์,นิติศาสตร์,สงขลา,7.197346,100.454118
377.0,สำนักงานสุรศักดิ์ทนายความ,รัฐศาสตร์และนิติศาสตร์,นิติศาสตร์,กรุงเทพมหานคร,13.772748,100.491323
378.0,สำนักงานอัยการคดีเยาวชนและครอบครัวจังหวัดภูเก็ต,รัฐศาสตร์และนิติศาสตร์,นิติศาสตร์,ภูเก็ต,7.856897,98.371793
379.0,สำนักงานอัยการคดีศาลแขวงทุ่งสง,รัฐศาสตร์และนิติศาสตร์,นิติศาสตร์,นครศรีธรรมราช,8.45904,100.001722
380.0,สำนักงานอัยการคดีศาลแขวงสงขลา,รัฐศาสตร์และนิติศาสตร์,นิติศาสตร์,สงขลา,7.183016,100.467414
381.0,สำนักงานอัยการคุ้มครองสิทธิช่วยเหลือทางกฎหมายและการบังคับพัทลุง,รัฐศาสตร์และนิติศาสตร์,นิติศาสตร์,พัทลุง,7.596656,100.146245
382.0,สำนักงานอัยการคุ้มครองสิทธิและช่วยเหลือทางกฎหมายและการบังคับคดีจังหวัดตรัง,รัฐศาสตร์และนิติศาสตร์,นิติศาสตร์,ตรัง,7.551185,99.608159
383.0,สำนักงานอัยการคุ้มครองสิทธิและช่วยเหลือทางกฎหมายและการบังคับคดีจังหวัดภูเก็ต,รัฐศาสตร์และนิติศาสตร์,นิติศาสตร์,ภูเก็ต,7.91734,98.353315
384.0,สำนักงานอัยการจังหวัดกระบี่,รัฐศาสตร์และนิติศาสตร์,นิติศาสตร์,กระบี่,8.085406,98.890277
385.0,สำนักงานอัยการจังหวัดชุมพร,รัฐศาสตร์และนิติศาสตร์,นิติศาสตร์,ชุมพร,10.528225,99.176515
386.0,สำนักงานอัยการจังหวัดตรัง,รัฐศาสตร์และนิติศาสตร์,นิติศาสตร์,ตรัง,7.571396,99.590365
387.0,สำนักงานอัยการจังหวัดนครศรีธรรมราช,รัฐศาสตร์และนิติศาสตร์,นิติศาสตร์,นครศรีธรรมราช,8.424151,99.95976
388.0,สำนักงานอัยการจังหวัดภูเก็ต,รัฐศาสตร์และนิติศาสตร์,นิติศาสตร์,ภูเก็ต,7.883912,98.352458
389.0,สำนักงานอัยการจังหวัดยะลา,รัฐศาสตร์และนิติศาสตร์,นิติศาสตร์,ยะลา,6.574225,101.299404
390.0,สำนักงานอัยการจังหวัดระนอง,รัฐศาสตร์และนิติศาสตร์,นิติศาสตร์,ระนอง,9.987279,98.634704
391.0,สำนักงานอัยการจังหวัดสงขลา,รัฐศาสตร์และนิติศาสตร์,นิติศาสตร์,สงขลา,7.183339,100.470313
392.0,สำนักงานอัยการจังหวัดสุราษฎร์ธานี,รัฐศาสตร์และนิติศาสตร์,นิติศาสตร์,สุราษฎร์ธานี,9.175691,99.29255
393.0,สำนักงานอัยการจังหวัดหลังสวน,รัฐศาสตร์และนิติศาสตร์,นิติศาสตร์,ชุมพร,10.456704,99.202067
394.0,สำนักงานอัยการภาค 8,รัฐศาสตร์และนิติศาสตร์,นิติศาสตร์,สุราษฎร์ธานี,9.170058,99.325571
395.0,สำนักงานอัยการภาค 9,รัฐศาสตร์และนิติศาสตร์,นิติศาสตร์,สงขลา,7.137867,100.459201
396.0,สำนักงานอัยการสูงสุด,รัฐศาสตร์และนิติศาสตร์,นิติศาสตร์,กรุงเทพมหานคร,13.777239,100.502593
397.0,สำนักวิชานิติศาสตร์ มหาวิทยาลัยวลัยลักษณ์,รัฐศาสตร์และนิติศาสตร์,นิติศาสตร์,กรุงเทพมหานคร,13.762159,100.50586
398.0,สำนักงานอัยการสูงสุด อาคารถนนรัชดาภิเษก,รัฐศาสตร์และนิติศาสตร์,นิติศาสตร์,กรุงเทพมหานคร,13.781254,100.468114
399.0,สำนักงานอัยการสูงสุด อาคารแจ้งวัฒนะ,รัฐศาสตร์และนิติศาสตร์,นิติศาสตร์,กรุงเทพมหานคร,13.735467,100.506933
400.0,บริษัท ร่อนพิบูลย์ ทนายความ จำกัด,รัฐศาสตร์และนิติศาสตร์,นิติศาสตร์,นครศรีธรรมราช,8.398671,100.0017
401.0,ศาลอุทธรณ์,รัฐศาสตร์และนิติศาสตร์,นิติศาสตร์,กรุงเทพมหานคร,13.735763,100.525943
402.0,สถานีตำรวจภูธรฉวาง,รัฐศาสตร์และนิติศาสตร์,นิติศาสตร์,นครศรีธรรมราช,8.416023,99.989903
403.0,ศาลจังหวัดกระบี่,รัฐศาสตร์และนิติศาสตร์,นิติศาสตร์,กระบี่,8.092084,98.928016
404.0,สำนักงานกฎหมายนิติสุข,รัฐศาสตร์และนิติศาสตร์,นิติศาสตร์,ภูเก็ต,7.862953,98.420956
405.0,สำนักงานเจ้าฟ้าทนายความ,รัฐศาสตร์และนิติศาสตร์,นิติศาสตร์,กระบี่,8.098851,98.87624
406.0,บริษัท เจเอบี ลอว์ เฮ้าส์ จำกัด,รัฐศาสตร์และนิติศาสตร์,นิติศาสตร์,กรุงเทพมหานคร,13.752381,100.540932
407.0,ศาลจังหวัดตรัง,รัฐศาสตร์และนิติศาสตร์,นิติศาสตร์,ตรัง,7.566649,99.608106
408.0,สำนักงานทนายความชัยกฤษณ์ สิทธิพราหมณ์,รัฐศาสตร์และนิติศาสตร์,นิติศาสตร์,กรุงเทพมหานคร,13.739991,100.491515
409.0,สำนักงานกฎหมาย นคร อินเตอร์ ลอว์ แอนด์ คอนซัลแทนต์ จำกัด,รัฐศาสตร์และนิติศาสตร์,นิติศาสตร์,นครศรีธรรมราช,8.415853,99.944193
410.0,ศาลแขวงสุราษฎร์ธานี,รัฐศาสตร์และนิติศาสตร์,นิติศาสตร์,สุราษฎร์ธานี,9.173818,99.322279
411.0,สำนักงานกฎหมายทนายหมัด,รัฐศาสตร์และนิติศาสตร์,นิติศาสตร์,ยะลา,6.508779,101.27701
412.0,บริษัท ทีเอส อสังหาริมทรัพย์และกฎหมาย จำกัด,รัฐศาสตร์และนิติศาสตร์,นิติศาสตร์,นครศรีธรรมราช,8.448206,99.941628
413.0,บริษัท เดอะ รอยัล ลอว์ แอนด์ บิซิเนส จำกัด,รัฐศาสตร์และนิติศาสตร์,นิติศาสตร์,ภูเก็ต,7.910539,98.387289
414.0,ศาลแขวงกระบี่,รัฐศาสตร์และนิติศาสตร์,นิติศาสตร์,กระบี่,8.053098,98.928119
415.0,สำนักงานกฎหมายกรกตและเพื่อน,รัฐศาสตร์และนิติศาสตร์,นิติศาสตร์,สุราษฎร์ธานี,9.104949,99.30823
416.0,บริษัท ขอบสนาม จำกัด,สารสนเทศศาสตร์,นิเทศศาสตร์ดิจิทัล,กรุงเทพมหานคร,13.769375,100.52085
417.0,บริษัท เคเท็นโกลบอลคอนเทนต์ จำกัด,สารสนเทศศาสตร์,นิเทศศาสตร์ดิจิทัล,กรุงเทพมหานคร,13.767341,100.490018
418.0,บริษัท จีเอ็มเอ็ม โอ ช้อปปิ้ง จำกัด,สารสนเทศศาสตร์,นิเทศศาสตร์ดิจิทัล,กรุงเทพมหานคร,13.735729,100.487763
419.0,บริษัท เช็ค แอนด์ โชว์ จำกัด,สารสนเทศศาสตร์,นิเทศศาสตร์ดิจิทัล,กรุงเทพมหานคร,13.749122,100.50981
420.0,บริษัท เซ้นส์ เอนเตอร์เทนเมนท์ จำกัด,สารสนเทศศาสตร์,นิเทศศาสตร์ดิจิทัล,กรุงเทพมหานคร,13.773386,100.491307
421.0,บริษัท ดิ วันโอวัน เปอร์เซนต์ จำกัด,สารสนเทศศาสตร์,นิเทศศาสตร์ดิจิทัล,กรุงเทพมหานคร,13.772135,100.519211
422.0,บริษัท ทริปเปิล วี บรอดคาสท์ จำกัด,สารสนเทศศาสตร์,นิเทศศาสตร์ดิจิทัล,กรุงเทพมหานคร,13.748974,100.476713
423.0,บริษัท ทิปปิ้ง พ้อยท์ โซลูชั่น จำกัด,สารสนเทศศาสตร์,นิเทศศาสตร์ดิจิทัล,กรุงเทพมหานคร,13.790257,100.476802
424.0,บริษัท นัมเบอร์วันแลนด์ จำกัด,สารสนเทศศาสตร์,นิเทศศาสตร์ดิจิทัล,กรุงเทพมหานคร,13.731416,100.524521
425.0,บริษัท บางกอก มีเดีย แอนด์ บรอดคาสติ้ง จำกัด (PPTV HD ช่อง 36),สารสนเทศศาสตร์,นิเทศศาสตร์ดิจิทัล,กรุงเทพมหานคร,13.729832,100.518529
426.0,บริษัท บางกอก เว็บ โซลูชั่น จำกัด,สารสนเทศศาสตร์,นิเทศศาสตร์ดิจิทัล,กรุงเทพมหานคร,13.718099,100.474906
427.0,บริษัท บางกอกเอ็นเตอร์เทนเมนท์ จำกัด (ไทยทีวีสีช่อง 3 ฝ่ายข่าว),สารสนเทศศาสตร์,นิเทศศาสตร์ดิจิทัล,กรุงเทพมหานคร,13.752241,100.465981
428.0,บริษัท บีอีซี-เทโร เอ็นเตอร์เทนเม้นท์ จำกัด (มหาชน) ฝ่ายผลิตรายการโทรทัศน์,สารสนเทศศาสตร์,นิเทศศาสตร์ดิจิทัล,กรุงเทพมหานคร,13.773036,100.497567
429.0,บริษัท บุ๊คสเคป จำกัด,สารสนเทศศาสตร์,นิเทศศาสตร์ดิจิทัล,กรุงเทพมหานคร,13.737161,100.536213
430.0,บริษัท ประกิต โฮลดิ้งส์ จํากัด,สารสนเทศศาสตร์,นิเทศศาสตร์ดิจิทัล,กรุงเทพมหานคร,13.719079,100.529434
431.0,บริษัท ปรากฏการณ์ดี จำกัด,สารสนเทศศาสตร์,นิเทศศาสตร์ดิจิทัล,กรุงเทพมหานคร,13.759594,100.53101
432.0,บริษัท พาราดิซัล มีเดีย จำกัด,สารสนเทศศาสตร์,นิเทศศาสตร์ดิจิทัล,กรุงเทพมหานคร,13.7221,100.465272
433.0,บริษัท พินปังก์ จำกัด,สารสนเทศศาสตร์,นิเทศศาสตร์ดิจิทัล,กรุงเทพมหานคร,13.753189,100.513849
434.0,บริษัท ม็อกกิ้งเบิร์ด จำกัด,สารสนเทศศาสตร์,นิเทศศาสตร์ดิจิทัล,กรุงเทพมหานคร,13.752354,100.505166
435.0,บริษัท มาร์เก็ตเธียร์ จำกัด,สารสนเทศศาสตร์,นิเทศศาสตร์ดิจิทัล,กรุงเทพมหานคร,13.778484,100.478826
436.0,บริษัท มุมใหม่ จำกัด,สารสนเทศศาสตร์,นิเทศศาสตร์ดิจิทัล,นนทบุรี,13.895594,100.486602
437.0,บริษัท วงใน มีเดีย จำกัด,สารสนเทศศาสตร์,นิเทศศาสตร์ดิจิทัล,กรุงเทพมหานคร,13.762608,100.492576
438.0,บริษัท วงใน มีเดีย จำกัด สาขาหาดใหญ่,สารสนเทศศาสตร์,นิเทศศาสตร์ดิจิทัล,สงขลา,7.175661,100.437717
439.0,บริษัท สองมือโปรดักชั่น จำกัด,สารสนเทศศาสตร์,นิเทศศาสตร์ดิจิทัล,กรุงเทพมหานคร,13.765894,100.525943
440.0,บริษัท อีเวนต์แฟลร์ จำกัด,สารสนเทศศาสตร์,นิเทศศาสตร์ดิจิทัล,นนทบุรี,13.879479,100.53362
441.0,โรงพยาบาลพญาไท 2,สารสนเทศศาสตร์,นิเทศศาสตร์ดิจิทัล,กรุงเทพมหานคร,13.776759,100.516301
442.0,โรงพยาบาลศูนย์การแพทย์มหาวิทยาลัยวลัยลักษณ์,สารสนเทศศาสตร์,นิเทศศาสตร์ดิจิทัล,นครศรีธรรมราช,8.411307,99.964353
443.0,สถานีวิทยุโทรทัศน์แห่งประเทศไทย จังหวัดภูเก็ต,สารสนเทศศาสตร์,นิเทศศาสตร์ดิจิทัล,ภูเก็ต,7.844021,98.387832
444.0,สถานีวิทยุโทรทัศน์แห่งประเทศไทย ช่อง 11 จังหวัดนครศรีธรรมราช,สารสนเทศศาสตร์,นิเทศศาสตร์ดิจิทัล,นครศรีธรรมราช,8.454942,99.923935
445.0,สำนักงานประชาสัมพันธ์จังหวัดเชียงใหม่,สารสนเทศศาสตร์,นิเทศศาสตร์ดิจิทัล,เชียงใหม่,18.796585,98.954608
446.0,สำนักงานประชาสัมพันธ์จังหวัดภูเก็ต,สารสนเทศศาสตร์,นิเทศศาสตร์ดิจิทัล,ภูเก็ต,7.913198,98.421232
447.0,องค์การกระจายเสียงและแพร่ภาพสาธารณะแห่งประเทศไทย,สารสนเทศศาสตร์,นิเทศศาสตร์ดิจิทัล,กรุงเทพมหานคร,13.726515,100.522774
448.0,บริษัท เซ็นทรัลพัฒนา จำกัด (มหาชน) สาขานครศรีธรรมราช,สารสนเทศศาสตร์,นิเทศศาสตร์ดิจิทัล,นครศรีธรรมราช,8.416455,99.942631
449.0,บริษัท มติชน จำกัด (มหาชน),สารสนเทศศาสตร์,นิเทศศาสตร์ดิจิทัล,กรุงเทพมหานคร,13.753565,100.511147
450.0,บริษัท เวิร์คพอยท์ เอ็นเทอร์เทนเมนท์ จำกัด (มหาชน),สารสนเทศศาสตร์,นิเทศศาสตร์ดิจิทัล,ปทุมธานี,14.031141,100.544465
451.0,บริษัท ลากูน่า บันยันทรี จำกัด,สารสนเทศศาสตร์,นิเทศศาสตร์ดิจิทัล,ภูเก็ต,7.878844,98.401182
452.0,บริษัท ทีวีพูล จำกัด,สารสนเทศศาสตร์,นิเทศศาสตร์ดิจิทัล,กรุงเทพมหานคร,13.737255,100.530697
453.0,บริษัท อาร์วายไอไอไอ จำกัด,สารสนเทศศาสตร์,นิเทศศาสตร์ดิจิทัล,กรุงเทพมหานคร,13.795375,100.530516
454.0,สโมสรฟุตบอล นครราชสีมา มาสด้า เอฟซี,สารสนเทศศาสตร์,นิเทศศาสตร์ดิจิทัล,นครราชสีมา,14.974096,102.071857
455.0,กองกิจการพลเรือน กองทัพภาคที่ 4 ค่ายวชิราวุธ,สารสนเทศศาสตร์,นิเทศศาสตร์ดิจิทัล,นครศรีธรรมราช,8.403681,99.945683
456.0,เซ็นทรัล เฟสติวัล สมุย,สารสนเทศศาสตร์,นิเทศศาสตร์ดิจิทัล,สุราษฎร์ธานี,9.167986,99.322604
457.0,บริษัท จัดหางาน จ๊อบบีเคเค ดอท คอม จำกัด สาขานครศรีธรรมราช,สารสนเทศศาสตร์,นิเทศศาสตร์ดิจิทัล,นครศรีธรรมราช,8.415629,99.95812
458.0,สำนักประชาสัมพันธ์เขต 6 กรมประชาสัมพันธ์,สารสนเทศศาสตร์,นิเทศศาสตร์ดิจิทัล,สงขลา,7.155659,100.48217
459.0,บริษัท ยานแม่ จำกัด,สารสนเทศศาสตร์,นิเทศศาสตร์ดิจิทัล,กรุงเทพมหานคร,13.77363,100.51023
460.0,สถานีโทรทัศน์แห่งประเทศไทย จังหวัดสุราษฎร์ธานี,สารสนเทศศาสตร์,นิเทศศาสตร์ดิจิทัล,สุราษฎร์ธานี,9.15654,99.298474
461.0,สถานีวิทยุกระจายเสียงแห่งประเทศไทย จังหวัดสงขลา,สารสนเทศศาสตร์,นิเทศศาสตร์ดิจิทัล,สงขลา,7.198712,100.508966
462.0,บริษัท ทอล์ค ออฟ เดอะ ทาวน์ โปรเจค จำกัด,สารสนเทศศาสตร์,นิเทศศาสตร์ดิจิทัล,สงขลา,7.18703,100.497777
463.0,บริษัท เซ้นส์ มอร์ คอร์ปอเรชั่น จำกัด,สารสนเทศศาสตร์,นิเทศศาสตร์ดิจิทัล,กรุงเทพมหานคร,13.724361,100.479646
464.0,สถานีวิทยุโทรทัศน์แห่งประเทศไทย,สารสนเทศศาสตร์,นิเทศศาสตร์ดิจิทัล,กรุงเทพมหานคร,13.754842,100.537412
465.0,สำนักงานประชาสัมพันธ์จังหวัดนครศรีธรรมราช,สารสนเทศศาสตร์,นิเทศศาสตร์ดิจิทัล,นครศรีธรรมราช,8.436086,99.925623
466.0,บริษัท บุญมีฤทธิ์ มีเดีย จำกัด,สารสนเทศศาสตร์,นิเทศศาสตร์ดิจิทัล,กรุงเทพมหานคร,13.739459,100.475796
467.0,บริษัท เตชภัช จำกัด (Elite Event Thailand),สารสนเทศศาสตร์,นิเทศศาสตร์ดิจิทัล,สุราษฎร์ธานี,9.140902,99.34952
468.0,บริษัท ที-เรค เอ็นเตอร์เทนเมนท์ จำกัด,สารสนเทศศาสตร์,นิเทศศาสตร์ดิจิทัล,กรุงเทพมหานคร,13.76107,100.462159
469.0,ห้างหุ้นส่วนจำกัด บลิส อีเวนส์ (ไทยแลนด์) เกาะสมุย,สารสนเทศศาสตร์,นิเทศศาสตร์ดิจิทัล,สุราษฎร์ธานี,9.172208,99.300088
470.0,อ้าปากค้างสตูดิโอ,สารสนเทศศาสตร์,นิเทศศาสตร์ดิจิทัล,ปทุมธานี,14.055985,100.486091
471.0,กองกิจการพลเรือน กองทัพภาคที่ 4 ค่ายวชิราวุธ,สารสนเทศศาสตร์,นิเทศศาสตร์ดิจิทัล,นครศรีธรรมราช,8.405181,99.942555
472.0,การท่องเที่ยวแห่งประเทศไทย สำนักงานนครศรีธรรมราช,สารสนเทศศาสตร์,นิเทศศาสตร์ดิจิทัล,นครศรีธรรมราช,8.47192,99.929031
473.0,เซ็นทรัล เฟสติวัล สมุย,สารสนเทศศาสตร์,นิเทศศาสตร์ดิจิทัล,สุราษฎร์ธานี,9.158365,99.341817
474.0,บริษัท จินเล่อ มีเดีย เวิร์ค จำกัด,สารสนเทศศาสตร์,นิเทศศาสตร์ดิจิทัล,กรุงเทพมหานคร,13.750438,100.503985
475.0,บริษัท ไทย บรอดคาสติ้ง จำกัด,สารสนเทศศาสตร์,นิเทศศาสตร์ดิจิทัล,ปทุมธานี,14.032094,100.533949
476.0,บริษัท แพลน บี อีเลฟเว้น จำกัด,สารสนเทศศาสตร์,นิเทศศาสตร์ดิจิทัล,กรุงเทพมหานคร,13.739978,100.470771
477.0,สถานีโทรทัศน์เพื่อการท่องเที่ยวและกีฬา (T-Sport 7),สารสนเทศศาสตร์,นิเทศศาสตร์ดิจิทัล,กรุงเทพมหานคร,13.742441,100.504036
478.0,Harian Disway,สารสนเทศศาสตร์,นิเทศศาสตร์ดิจิทัล,อินโดนีเซีย,,
479.0,RheinMain University of Applied Sciences,สารสนเทศศาสตร์,นิเทศศาสตร์ดิจิทัล,เยอรมัน,,
480.0,การไฟฟ้าส่วนภูมิภาค เขต 2 (ภาคใต้) จังหวัดนครศรีธรรมราช กองการบัญชี ฝ่ายบัญชีและพลังงานไฟฟ้า,การบัญชีและการเงิน,บัญชี,นครศรีธรรมราช,8.405184,100.001349
481.0,การไฟฟ้าส่วนภูมิภาคป่าตอง,การบัญชีและการเงิน,บัญชี,ภูเก็ต,7.911197,98.416526
482.0,บริษัท กรินทร์ ออดิท จำกัด,การบัญชีและการเงิน,บัญชี,กรุงเทพมหานคร,13.745815,100.477712
483.0,บริษัท กรีน โอเชี่ยน แอคเคาท์ติ้ง จำกัด,การบัญชีและการเงิน,บัญชี,นนทบุรี,13.874253,100.479754
484.0,บริษัท เคพีเอ็มจี ภูมิไชย สอบบัญชี จำกัด,การบัญชีและการเงิน,บัญชี,กรุงเทพมหานคร,13.75128,100.533231
485.0,บริษัท ชู แอคเคาท์ติ้ง จำกัด,การบัญชีและการเงิน,บัญชี,กรุงเทพมหานคร,13.767331,100.533493
486.0,บริษัท โชติวัฒน์อุตสาหกรรมการผลิต จำกัด,การบัญชีและการเงิน,บัญชี,สงขลา,7.173062,100.511259
487.0,บริษัท ซี เอส การบัญชี จำกัด,การบัญชีและการเงิน,บัญชี,กรุงเทพมหานคร,13.761383,100.533791
488.0,บริษัท ซีพี ออลล์ จำกัด (มหาชน),การบัญชีและการเงิน,บัญชี,กรุงเทพมหานคร,13.790578,100.512198
489.0,บริษัท เซฟสกิน เมดดิคอล แอนด์ ไซเอนทิฟิก (ประเทศไทย) จำกัด,การบัญชีและการเงิน,บัญชี,สงขลา,7.175737,100.500171
490.0,บริษัท เซ้าท์พอยท์ ซอฟต์แวร์ และการบัญชี จำกัด,การบัญชีและการเงิน,บัญชี,สงขลา,7.142991,100.480417
491.0,บริษัท ดี.วาย.แท็กซ์ ออดิท จำกัด,การบัญชีและการเงิน,บัญชี,นครศรีธรรมราช,8.449507,99.945963
492.0,บริษัท ดีลอยท์ ทู้ช โธมัทสุ ไชยยศ สอบบัญชี จำกัด,การบัญชีและการเงิน,บัญชี,กรุงเทพมหานคร,13.749493,100.502287
493.0,บริษัท ตรวจสอบบัญชี เจ.อาร์.ที จำกัด,การบัญชีและการเงิน,บัญชี,นครศรีธรรมราช,8.39336,99.982136
494.0,บริษัท โตโย ออดิท จำกัด,การบัญชีและการเงิน,บัญชี,กรุงเทพมหานคร,13.721496,100.541455
495.0,บริษัท ทรู คอร์ปอเรชั่น จำกัด (มหาชน),การบัญชีและการเงิน,บัญชี,นครศรีธรรมราช,8.396986,99.94209
496.0,บริษัท ท้อปโกลฟ เมดิคอล (ไทยแลนด์) จำกัด,การบัญชีและการเงิน,บัญชี,สงขลา,7.144153,100.488354
497.0,บริษัท ที.เค. การบัญชีและกฎหมาย จำกัด,การบัญชีและการเงิน,บัญชี,สุราษฎร์ธานี,9.159588,99.295971
498.0,บริษัท ทีเอ็มเอฟ (ประเทศไทย) จำกัด,การบัญชีและการเงิน,บัญชี,กรุงเทพมหานคร,13.742263,100.485358
499.0,บริษัท ไทย อินโฟ จำกัด,การบัญชีและการเงิน,บัญชี,กรุงเทพมหานคร,13.716873,100.535511
500.0,บริษัท ไทยแอคเคาท์ติ้ง คลินิค จำกัด,การบัญชีและการเงิน,บัญชี,กรุงเทพมหานคร,13.790992,100.518213
501.0,บริษัท ธรรมนิติการบัญชีและภาษีอากร จำกัด,การบัญชีและการเงิน,บัญชี,กรุงเทพมหานคร,13.766531,100.50474
502.0,บริษัท บริษัทแกรนท์ ธอนตัน จำกัด,การบัญชีและการเงิน,บัญชี,กรุงเทพมหานคร,13.779072,100.533319
503.0,บริษัท บัญชีกิจ จำกัด,การบัญชีและการเงิน,บัญชี,กรุงเทพมหานคร,13.781604,100.526987
504.0,บริษัท บีบิ๊กทรี จำกัด,การบัญชีและการเงิน,บัญชี,กรุงเทพมหานคร,13.788241,100.52876
505.0,บริษัท บีอีเอซี แอคเคาน์ แอนด์ ออดิท จำกัด,การบัญชีและการเงิน,บัญชี,กรุงเทพมหานคร,13.751557,100.527432
506.0,บริษัท บุณยานุช การบัญชี จำกัด,การบัญชีและการเงิน,บัญชี,ภูเก็ต,7.894398,98.430689
507.0,บริษัท เบเคอร์ ทิลลี่ ออดิท แอนด์ แอ็ดไวเซอร์รี่ เซอร์วิสเซส (ประเทศไทย) จำกัด,การบัญชีและการเงิน,บัญชี,กรุงเทพมหานคร,13.72574,100.526765
508.0,บริษัท ปตท. จำกัด (มหาชน),การบัญชีและการเงิน,บัญชี,กรุงเทพมหานคร,13.75052,100.521306
509.0,บริษัท พราว เรียล เอสเตท จำกัด (มหาชน),การบัญชีและการเงิน,บัญชี,กรุงเทพมหานคร,13.747467,100.468995
510.0,บริษัท พันวาตรวจสอบบัญชี จำกัด,การบัญชีและการเงิน,บัญชี,กรุงเทพมหานคร,13.765458,100.477779
511.0,บริษัท พี ออดิท จำกัด,การบัญชีและการเงิน,บัญชี,สุราษฎร์ธานี,9.131153,99.317759
512.0,บริษัท พีวีที ไทยเจริญ จำกัด,การบัญชีและการเงิน,บัญชี,กรุงเทพมหานคร,13.739359,100.516606
513.0,บริษัท เพชรศรีวิชัยโฮลดิ้ง จำกัด,การบัญชีและการเงิน,บัญชี,สุราษฎร์ธานี,9.118967,99.317205
514.0,บริษัท ไพร้ซวอเตอร์เฮาส์คูเปอร์ส เอบีเอเอส จำกัด,การบัญชีและการเงิน,บัญชี,กรุงเทพมหานคร,13.754535,100.479629
515.0,บริษัท ฟาร์มเมซ ภาคใต้,การบัญชีและการเงิน,บัญชี,กรุงเทพมหานคร,13.71717,100.537453
516.0,บริษัท ฟาร์เมช จำกัด,การบัญชีและการเงิน,บัญชี,นครศรีธรรมราช,8.465087,99.946298
517.0,บริษัท มายด์เมอร์จ คอนซัลแทนท์ จำกัด,การบัญชีและการเงิน,บัญชี,กรุงเทพมหานคร,13.762656,100.538642
518.0,บริษัท มาสเตอร์แอคเคาท์ติ้ง แอนด์ คอนซัลแทนท์ จำกัด,การบัญชีและการเงิน,บัญชี,กรุงเทพมหานคร,13.777333,100.503691
519.0,บริษัท โมเดอร์น แอคเค้าติ้ง เซอร์วิส จำกัด,การบัญชีและการเงิน,บัญชี,กรุงเทพมหานคร,13.740358,100.462404
520.0,บริษัท ยงยุทธ์การบัญชีและบุตร จำกัด,การบัญชีและการเงิน,บัญชี,กรุงเทพมหานคร,13.780201,100.475918
521.0,บริษัท รัชพรการบัญชีภาษีอากรและกฏหมาย จำกัด,การบัญชีและการเงิน,บัญชี,กรุงเทพมหานคร,13.720422,100.528437
522.0,บริษัท ศรีตรังโกลฟส์ (ประเทศไทย) จำกัด สาขาสุราษฎร์ธานี,การบัญชีและการเงิน,บัญชี,สุราษฎร์ธานี,9.113104,99.30911
523.0,บริษัท ศรีตรังโกลฟส์ ประเทศไทย จำกัด,การบัญชีและการเงิน,บัญชี,ตรัง,7.571413,99.645913
524.0,บริษัท ศรุดา 9999 จำกัด,การบัญชีและการเงิน,บัญชี,กรุงเทพมหานคร,13.750729,100.512329
525.0,บริษัท ส.สมุยธุรกิจ จำกัด,การบัญชีและการเงิน,บัญชี,สุราษฎร์ธานี,9.13862,99.313606
526.0,บริษัท สสุภาการบัญชี จำกัด,การบัญชีและการเงิน,บัญชี,สุราษฎร์ธานี,9.165316,99.320773
527.0,บริษัท สหการสอบบัญชี จำกัด,การบัญชีและการเงิน,บัญชี,กรุงเทพมหานคร,13.730862,100.500199
528.0,บริษัท สอบบัญชีธรรมนิติ จำกัด,การบัญชีและการเงิน,บัญชี,กรุงเทพมหานคร,13.787419,100.506601
529.0,บริษัท สำนักงาน ดร.วิรัช แอนด์ แอสโซซิเอทส์ จำกัด,การบัญชีและการเงิน,บัญชี,กรุงเทพมหานคร,13.738068,100.531489
530.0,บริษัท สำนักงาน อีวาย จำกัด,การบัญชีและการเงิน,บัญชี,กรุงเทพมหานคร,13.74776,100.515598
531.0,บริษัท สำนักงาน เอ็ม เอ็ม เอ็น ซินดิเคท จำกัด,การบัญชีและการเงิน,บัญชี,กรุงเทพมหานคร,13.723402,100.463959
532.0,บริษัท สำนักงานจิราภาบัญชี จำกัด,การบัญชีและการเงิน,บัญชี,กรุงเทพมหานคร,13.778972,100.463392
533.0,บริษัท สำนักงานปีติเสวี จำกัด,การบัญชีและการเงิน,บัญชี,กรุงเทพมหานคร,13.728855,100.524375
534.0,บริษัท หลักทรัพย์ ยูโอบี เคย์เฮียน (ประเทศไทย) จำกัด (มหาชน),การบัญชีและการเงิน,บัญชี,กรุงเทพมหานคร,13.794544,100.492013
535.0,บริษัท เอ.เอ็ม.ซี อินเตอร์เนชั่นแนล คอนซัลติ้ง จำกัด,การบัญชีและการเงิน,บัญชี,กรุงเทพมหานคร,13.761884,100.525827
536.0,บริษัท เอ็นทูเอส โซลูชั่น จำกัด,การบัญชีและการเงิน,บัญชี,กรุงเทพมหานคร,13.76341,100.537942
537.0,บริษัท เอ็ม เอส ไอ จี ประกันภัย (ประเทศไทย) จำกัด (มหาชน),การบัญชีและการเงิน,บัญชี,กรุงเทพมหานคร,13.728097,100.505948
538.0,บริษัท เอส.เค. แอคเคาน์แต้นท์ เซอร์วิสเซส จำกัด,การบัญชีและการเงิน,บัญชี,กรุงเทพมหานคร,13.742353,100.468186
539.0,บริษัท เอส.ซี. การบัญชีและที่ปรึกษาธุรกิจ (1995) จำกัด,การบัญชีและการเงิน,บัญชี,กรุงเทพมหานคร,13.730444,100.527871
540.0,บริษัท เอเอสวี แอนด์ แอสโซซิเอทส์ จำกัด,การบัญชีและการเงิน,บัญชี,กรุงเทพมหานคร,13.747175,100.473883
541.0,บริษัท แอคโคซีด จำกัด,การบัญชีและการเงิน,บัญชี,กรุงเทพมหานคร,13.763581,100.508906
542.0,"บริษัทสอบบัญชี ดี ไอ เอ อินเตอร์เนชั่นแนล จำกัด ",การบัญชีและการเงิน,บัญชี,กรุงเทพมหานคร,13.719935,100.49047
543.0,โรงแรม เจดับบลิว แมริออท กรุงเทพ,การบัญชีและการเงิน,บัญชี,กรุงเทพมหานคร,13.738805,100.507275
544.0,โรงแรม เซ็นทารา แกรนด์ บีช รีสอร์ท ภูเก็ต,การบัญชีและการเงิน,บัญชี,ภูเก็ต,7.886774,98.373555
545.0,โรงแรม โซฟิเทล กระบี่ โภคีธรา กอล์ฟ แอนด์ สปารีสอร์ท,การบัญชีและการเงิน,บัญชี,กระบี่,8.058916,98.898061
546.0,โรงแรม ดีวาน่า พลาซ่า กระบี่ อ่าวนาง,การบัญชีและการเงิน,บัญชี,กระบี่,8.060106,98.880998
547.0,โรงแรม ดุสิตธานี,การบัญชีและการเงิน,บัญชี,กรุงเทพมหานคร,13.729953,100.499315
548.0,โรงแรม เดซติเนชั่น รีสอร์ท ภูเก็ต กะรน บีช,การบัญชีและการเงิน,บัญชี,ภูเก็ต,7.879352,98.356867
549.0,โรงแรม เดอะ แซนด์ เขาหลัก บาย กะตะธานี พังงา,การบัญชีและการเงิน,บัญชี,พังงา,8.485923,98.554879
550.0,โรงแรม ธัญญปุระ เฮลท์ แอนด์ สปอร์ตส์ รีสอร์ท,การบัญชีและการเงิน,บัญชี,ภูเก็ต,7.888806,98.372176
551.0,โรงแรม บุรี รสา เกาะพะงัน,การบัญชีและการเงิน,บัญชี,สุราษฎร์ธานี,9.112119,99.338855
552.0,โรงแรม ปาหนันกระบี่รีสอร์ท,การบัญชีและการเงิน,บัญชี,กระบี่,8.085066,98.873781
553.0,โรงแรม พีซ ลากูน่า รีสอร์ท แอนด์ สปา,การบัญชีและการเงิน,บัญชี,กระบี่,8.090128,98.924179
554.0,โรงแรม พูลแมน ภูเก็ต อาเคเดีย ในทอน บีช,การบัญชีและการเงิน,บัญชี,ภูเก็ต,7.851394,98.369732
555.0,โรงแรม โรบินสัน เขาหลัก,การบัญชีและการเงิน,บัญชี,พังงา,8.482839,98.492083
556.0,โรงแรม ศุภาลัย ซีนิค เบย์ รีสอร์ท แอนด์ สปา,การบัญชีและการเงิน,บัญชี,ภูเก็ต,7.891271,98.375834
557.0,โรงแรมคอนราด เกาะสมุย รีสอร์ท แอนด์ สปา,การบัญชีและการเงิน,บัญชี,สุราษฎร์ธานี,9.135009,99.337968
558.0,โรงแรมเซ็นซิมาร์ เขาหลัก บีชฟร้อนท์ รีสอร์ท,การบัญชีและการเงิน,บัญชี,พังงา,8.448435,98.50705
559.0,โรงแรมเซ็นทาราแกรนด์บีชรีสอร์ทสมุย,การบัญชีและการเงิน,บัญชี,สุราษฎร์ธานี,9.172157,99.323363
560.0,โรงแรมดุสิตธานี กระบี่บีชรีสอร์ท,การบัญชีและการเงิน,บัญชี,กระบี่,8.063303,98.877003
561.0,โรงแรมเดอะไลบรารี่ (บริษัท กมลธรรม จำกัด),การบัญชีและการเงิน,บัญชี,สุราษฎร์ธานี,9.151854,99.317429
562.0,โรงแรมโนโวเทล ภูเก็ต รีสอร์ท,การบัญชีและการเงิน,บัญชี,ภูเก็ต,7.915282,98.403719
563.0,โรงแรมโนโวเทล ภูเก็ต วินเทจ ปาร์ค,การบัญชีและการเงิน,บัญชี,ภูเก็ต,7.847536,98.358892
564.0,โรงแรมโนโวเทล สมุย รีสอร์ท เฉวง บีช กานดาบุรี,การบัญชีและการเงิน,บัญชี,สุราษฎร์ธานี,9.174595,99.317757
565.0,โรงแรมโรบินสันคลับ เขาหลัก,การบัญชีและการเงิน,บัญชี,ภูเก็ต,7.917933,98.429078
566.0,โรงแรมวนาเบล อะ ลักซูรี่ คอลเล็คชั่น รีสอร์ท เกาะสมุย,การบัญชีและการเงิน,บัญชี,สุราษฎร์ธานี,9.153147,99.30174
567.0,โรงแรมสวิสโฮเต็ล เลอ คองคอร์ด กรุงเทพ,การบัญชีและการเงิน,บัญชี,กรุงเทพมหานคร,13.744765,100.471802
568.0,โรงแรมอนันตรา บ่อผุด รีสอร์ท แอนด์ สปา เกาะสมุย,การบัญชีและการเงิน,บัญชี,กรุงเทพมหานคร,13.746262,100.528448
569.0,โรงแรมอนันตรา ลาวาณา เกาะสมุย รีสอร์ท,การบัญชีและการเงิน,บัญชี,สุราษฎร์ธานี,9.146312,99.295362
570.0,โรงแรมฮอลิเดย์ อินน์ รีสอร์ท ภูเก็ต,การบัญชีและการเงิน,บัญชี,ภูเก็ต,7.878626,98.381521
571.0,สภาวิชาชีพบัญชี ในพระบรมราชูปถัมภ์,การบัญชีและการเงิน,บัญชี,กรุงเทพมหานคร,13.788251,100.539569
572.0,สำนักงานการตรวจเงินแผ่นดินภูมิภาคที่ 14 จังหวัดนครศรีธรรมราช,การบัญชีและการเงิน,บัญชี,นครศรีธรรมราช,8.471784,99.930386
573.0,สำนักงานการตรวจเงินแผ่นดินภูมิภาคที่ 15 จังหวัดสงขลา,การบัญชีและการเงิน,บัญชี,สงขลา,7.149169,100.472034
574.0,สำนักงานตรวจบัญชีสหกรณ์สุราษฏร์ธานี,การบัญชีและการเงิน,บัญชี,สุราษฎร์ธานี,9.132748,99.302833
575.0,สำนักงานบัญชี ณสิริพัทธ์ คอนซัลแทนด์,การบัญชีและการเงิน,บัญชี,กรุงเทพมหานคร,13.754645,100.491175
576.0,สำนักงานบัญชี เอส พี ดี บัญชีภาษีอากรและกฎหมาย,การบัญชีและการเงิน,บัญชี,นครศรีธรรมราช,8.398582,99.978045
577.0,สำนักงานสงเคราะห์ทหารผ่านศึกเขตนครศรีธรรมราช,การบัญชีและการเงิน,บัญชี,นครศรีธรรมราช,8.410563,99.941657
578.0,สำนักงานสอบบัญชี เพียว ออดิทติ้ง คอนซัลติ้ง แอนด์ ลอว์,การบัญชีและการเงิน,บัญชี,นครศรีธรรมราช,8.453923,99.999391
579.0,ห้างหุ้นส่วนจำกัด คิว แอนด์ เอ คอนซัลแต้นท์,การบัญชีและการเงิน,บัญชี,นนทบุรี,13.842401,100.510415
580.0,บริษัท ฮาโล แอคเคาท์ จำกัด,การบัญชีและการเงิน,บัญชี,กรุงเทพมหานคร,13.760199,100.529235
581.0,บริษัท เอส พี ออดิท จำกัด,การบัญชีและการเงิน,บัญชี,กรุงเทพมหานคร,13.74381,100.519079
582.0,บริษัท มาสเตอร์แอคเคาท์ติ้ง กรุ๊ป จำกัด,การบัญชีและการเงิน,บัญชี,นครศรีธรรมราช,8.401353,100.001716
583.0,บริษัท อัญชนา แอ๊คเคานท์ แอนด์ ออดิท จำกัด,การบัญชีและการเงิน,บัญชี,นนทบุรี,13.876597,100.49817
584.0,โรงแรม เลอ เมอริเดียน ภูเก็ต ไม้ขาวบีช รีสอร์ท,การบัญชีและการเงิน,บัญชี,ภูเก็ต,7.844495,98.424262
585.0,บริษัท พังงาทิมเบอร์ อินดัสทรีส์ จำกัด,วิศวกรรมศาสตร์และเทคโนโลยี,ปิโตรเคมี,พังงา,8.482361,98.526623
586.0,บริษัท พาเนลพลัส จำกัด,วิศวกรรมศาสตร์และเทคโนโลยี,ปิโตรเคมี,สงขลา,7.173267,100.448914
587.0,บริษัท พีทีที โกลบอล เคมิคอล จำกัด (มหาชน),วิศวกรรมศาสตร์และเทคโนโลยี,ปิโตรเคมี,ระยอง,12.697423,101.215676
588.0,บริษัท โฟคัซ แมนูแฟคเจอริ่ง จำกัด,วิศวกรรมศาสตร์และเทคโนโลยี,ปิโตรเคมี,กรุงเทพมหานคร,13.736787,100.478196
589.0,บริษัท วนชัย พาเนล อินดัสทรี่ส์ จำกัด,วิศวกรรมศาสตร์และเทคโนโลยี,ปิโตรเคมี,สุราษฎร์ธานี,9.112515,99.290601
590.0,บริษัท วาย.ที. รับเบอร์ จำกัด,วิศวกรรมศาสตร์และเทคโนโลยี,ปิโตรเคมี,สุราษฎร์ธานี,9.164959,99.33221
591.0,บริษัท ศรีตรังแอโกรอินดัสทรี จำกัด (มหาชน) สาขาสิเกา,วิศวกรรมศาสตร์และเทคโนโลยี,ปิโตรเคมี,ตรัง,7.589783,99.641518
592.0,บริษัท สวิซซ์-วัน คอร์ปอเรชั่น จํากัด,วิศวกรรมศาสตร์และเทคโนโลยี,ปิโตรเคมี,นครปฐม,13.808795,100.040843
593.0,บริษัท เอ็มอีทรานส์ จำกัด,วิศวกรรมศาสตร์และเทคโนโลยี,ปิโตรเคมี,สมุทรปราการ,13.630451,100.702271
594.0,บริษัท เอส.เค. โพลีเมอร์ จำกัด,วิศวกรรมศาสตร์และเทคโนโลยี,ปิโตรเคมี,กรุงเทพมหานคร,13.752987,100.510182
595.0,บริษัท เอส.พี.บี. พาเนล อินดัสตรีส์ จำกัด,วิศวกรรมศาสตร์และเทคโนโลยี,ปิโตรเคมี,สุราษฎร์ธานี,9.16432,99.30017
596.0,บริษัท แอดวานซ์ เทคโนเคม จำกัด,วิศวกรรมศาสตร์และเทคโนโลยี,ปิโตรเคมี,สงขลา,7.160008,100.502337
597.0,บริษัท โอตานิ เรเดียล จำกัด,วิศวกรรมศาสตร์และเทคโนโลยี,ปิโตรเคมี,นครปฐม,13.794383,100.071416
598.0,บริษัท ไอกะ หาดใหญ่ จำกัด,วิศวกรรมศาสตร์และเทคโนโลยี,ปิโตรเคมี,สงขลา,7.153266,100.497498
599.0,บริษัทโยโกฮามา ไทร์ แมนูแฟคเจอริ่ง (ประเทศไทย) จำกัด,วิศวกรรมศาสตร์และเทคโนโลยี,ปิโตรเคมี,ระยอง,12.645614,101.225456
600.0,ห้องปฏิบัติการวัสดุวิศวกรรมนาโนเพื่อสิ่งแวดล้อม หน่วยวิจัยเกษตรนาโนและสิ่งแวดล้อม ศูนย์นาโนเทคโนโลยีแห่งชาติ,วิศวกรรมศาสตร์และเทคโนโลยี,ปิโตรเคมี,ปทุมธานี,13.985705,100.533681
601.0,อุตสาหกรรมพัฒนามูลนิธิ สถาบันพลาสติก,วิศวกรรมศาสตร์และเทคโนโลยี,ปิโตรเคมี,กรุงเทพมหานคร,13.759453,100.514733
602.0,บริษัท คล็อกเนอร์ เพนทาพลาสท์ (ไทยแลนด์) จำกัด,วิศวกรรมศาสตร์และเทคโนโลยี,ปิโตรเคมี,ระยอง,12.646005,101.212151
603.0,บริษัท ไทยเซ็นทรัลเคมี จำกัด (มหาชน),วิศวกรรมศาสตร์และเทคโนโลยี,ปิโตรเคมี,สมุทรปราการ,13.608846,100.667917
604.0,สถาบันวิจัยโลหะและวัสดุ จุฬาลงกรณ์มหาวิทยาลัย,วิศวกรรมศาสตร์และเทคโนโลยี,ปิโตรเคมี,กรุงเทพมหานคร,13.739836,100.505831
605.0,บริษัท อีลาสโตมิกซ์ (ประเทศไทย) จำกัด,วิศวกรรมศาสตร์และเทคโนโลยี,ปิโตรเคมี,ระยอง,12.653261,101.275391
606.0,บริษัท ออลเน็กซ์ (ประเทศไทย) จำกัด,วิศวกรรมศาสตร์และเทคโนโลยี,ปิโตรเคมี,สมุทรปราการ,13.626385,100.658487
607.0,บริษัท พีรพัฒน์เทคโนโลยี จำกัด (มหาชน),วิศวกรรมศาสตร์และเทคโนโลยี,ปิโตรเคมี,สุราษฎร์ธานี,9.12147,99.306324
608.0,บริษัท ศรีไทยซุปเปอร์แวร์ จำกัด (มหาชน),วิศวกรรมศาสตร์และเทคโนโลยี,ปิโตรเคมี,ชลบุรี,13.400234,100.986126
609.0,บริษัท ยูนิคพลาสติก อินดัสตรี จำกัด (มหาชน),วิศวกรรมศาสตร์และเทคโนโลยี,ปิโตรเคมี,สมุทรปราการ,13.594904,100.66014
610.0,บริษัท ซีเอช อิเจคชั่น จำกัด,วิศวกรรมศาสตร์และเทคโนโลยี,ปิโตรเคมี,สมุทรสาคร,13.518294,100.258846
611.0,บริษัท แอมคอร์ เฟล็กซิเบิ้ล กรุงเทพ จำกัด (มหาชน),วิศวกรรมศาสตร์และเทคโนโลยี,ปิโตรเคมี,สมุทรปราการ,13.575903,100.678366
612.0,บริษัท บีเอเอสเอฟ (ไทย) จำกัด โรงงานบางปู,วิศวกรรมศาสตร์และเทคโนโลยี,ปิโตรเคมี,สมุทรปราการ,13.569215,100.704349
613.0,บริษัท เอ.เบสท์ อินเตอร์ โปรดักส์ จำกัด,วิศวกรรมศาสตร์และเทคโนโลยี,ปิโตรเคมี,กรุงเทพมหานคร,13.735839,100.537674
614.0,สถาบันพลาสติก,วิศวกรรมศาสตร์และเทคโนโลยี,ปิโตรเคมี,กรุงเทพมหานคร,13.780565,100.525298
615.0,บริษัท ไร้ท์ รีแอคติเวชั่น จำกัด (มหาชน),วิศวกรรมศาสตร์และเทคโนโลยี,ปิโตรเคมี,ระยอง,12.646165,101.229518
616.0,บริษัท ศรีตรังแอโกรอินดัสทรี จำกัด (มหาชน) สาขานราธิวาส,วิศวกรรมศาสตร์และเทคโนโลยี,ปิโตรเคมี,นราธิวาส,6.414802,101.834741
617.0,โรงแรม คาเพลล่า แบงค็อก,การจัดการ,ศิลปะการประกอบอาหารอย่างมืออาชีพ,กรุงเทพมหานคร,13.749193,100.464538
618.0,โรงแรม เจดับบลิว แมริออท ภูเก็ต รีสอร์ท แอนด์ สปา,การจัดการ,ศิลปะการประกอบอาหารอย่างมืออาชีพ,ภูเก็ต,7.845412,98.393276
619.0,โรงแรม เซ็นทารา อ่าวนาง บีช รีสอร์ท แอนด์ สปา กระบี่,การจัดการ,ศิลปะการประกอบอาหารอย่างมืออาชีพ,กระบี่,8.081419,98.938569
620.0,โรงแรม เดอะ นาคา ไอแลนด์ อะลักชัวรี่ คอลเลคชั่น รีสอร์ท แอนด์ สปา ภูเก็ต,การจัดการ,ศิลปะการประกอบอาหารอย่างมืออาชีพ,ภูเก็ต,7.899836,98.371931
621.0,โรงแรม บันยันทรี ภูเก็ต,การจัดการ,ศิลปะการประกอบอาหารอย่างมืออาชีพ,ภูเก็ต,7.877224,98.354309
622.0,โรงแรม พาร์ค ไฮแอท กรุงเทพ,การจัดการ,ศิลปะการประกอบอาหารอย่างมืออาชีพ,กรุงเทพมหานคร,13.780695,100.523073
623.0,โรงแรม พูลแมน ภูเก็ต อาเคเดีย ในทอน บีช,การจัดการ,ศิลปะการประกอบอาหารอย่างมืออาชีพ,ภูเก็ต,7.915221,98.386813
624.0,โรงแรม โฟร์ซีซั่นส์ รีสอร์ท เกาะสมุย,การจัดการ,ศิลปะการประกอบอาหารอย่างมืออาชีพ,สุราษฎร์ธานี,9.15541,99.355267
625.0,โรงแรม โฟร์พ้อยท์ส บาย เชอราตัน ภูเก็ต ป่าตองบีช รีสอร์ท,การจัดการ,ศิลปะการประกอบอาหารอย่างมืออาชีพ,ภูเก็ต,7.869857,98.414154
626.0,"โรงแรม ภูเก็ตแมริออท รีสอร์ท แอนด์ สปา, เมอร์ลิน บีช",การจัดการ,ศิลปะการประกอบอาหารอย่างมืออาชีพ,ภูเก็ต,7.888385,98.378333
627.0,โรงแรม โรสวูด ภูเก็ต,การจัดการ,ศิลปะการประกอบอาหารอย่างมืออาชีพ,ภูเก็ต,7.859157,98.416096
628.0,โรงแรม วนาเบล อะ ลักซูรี่ คอลเล็คชั่น รีสอร์ท เกาะสมุย,การจัดการ,ศิลปะการประกอบอาหารอย่างมืออาชีพ,กรุงเทพมหานคร,13.726843,100.501063
629.0,โรงแรม วี วิลล่า ภูเก็ต,การจัดการ,ศิลปะการประกอบอาหารอย่างมืออาชีพ,ภูเก็ต,7.891915,98.414283
630.0,โรงแรม ศรีพันวา ภูเก็ต,การจัดการ,ศิลปะการประกอบอาหารอย่างมืออาชีพ,ภูเก็ต,7.9136,98.363824
631.0,โรงแรม อนันตรา ลายัน ภูเก็ต รีสอร์ท,การจัดการ,ศิลปะการประกอบอาหารอย่างมืออาชีพ,ภูเก็ต,7.883088,98.393021
632.0,โรงแรม อัล มีรอซ กรุงเทพ,การจัดการ,ศิลปะการประกอบอาหารอย่างมืออาชีพ,กรุงเทพมหานคร,13.777395,100.47981
633.0,โรงแรม อินเตอร์คอนติเนนตัล ภูเก็ต กมลา บีช รีสอร์ท,การจัดการ,ศิลปะการประกอบอาหารอย่างมืออาชีพ,ภูเก็ต,7.886446,98.395239
634.0,โรงแรม ไฮแอท รีเจนซี่ เกาะสมุย,การจัดการ,ศิลปะการประกอบอาหารอย่างมืออาชีพ,สุราษฎร์ธานี,9.108385,99.361312
635.0,โรงแรมดุสิตธานี ลากูน่า ภูเก็ต,การจัดการ,ศิลปะการประกอบอาหารอย่างมืออาชีพ,ภูเก็ต,7.874837,98.374739
636.0,โรงแรมเลอ เมอริเดียน ภูเก็ต บีช รีสอร์ท,การจัดการ,ศิลปะการประกอบอาหารอย่างมืออาชีพ,ภูเก็ต,7.894508,98.42578
637.0,โรงแรมฮอลิเดย์ อินน์ รีสอร์ท ภูเก็ต,การจัดการ,ศิลปะการประกอบอาหารอย่างมืออาชีพ,ภูเก็ต,7.864394,98.37293
638.0,โรงแรมตรีสรา ภูเก็ต,การจัดการ,ศิลปะการประกอบอาหารอย่างมืออาชีพ,ภูเก็ต,7.894643,98.380439
639.0,โรงแรม ภูเก็ต แมริออท รีสอร์ท แอนด์ สปา ในยางบีช,การจัดการ,ศิลปะการประกอบอาหารอย่างมืออาชีพ,ภูเก็ต,7.843123,98.358359
640.0,โรงแรม เรเนอซองส์ ภูเก็ต รีสอร์ท แอนด์ สปา,การจัดการ,ศิลปะการประกอบอาหารอย่างมืออาชีพ,ภูเก็ต,7.880706,98.391396
641.0,โรงแรมอมันปุรี รีสอร์ท,การจัดการ,ศิลปะการประกอบอาหารอย่างมืออาชีพ,ภูเก็ต,7.844196,98.388716
642.0,Central Retail Corporation (CRC Talent Acquisition),การจัดการ,ศิลปะการประกอบอาหารอย่างมืออาชีพ,กรุงเทพมหานคร,13.789878,100.482706
643.0,บริษัท ซีพีเอฟ ฟู้ด แอนด์ เบฟเวอร์เรจ จำกัด จังหวัดพระนครศรีอยุธยา,การจัดการ,ศิลปะการประกอบอาหารอย่างมืออาชีพ,พระนครศรีอยุธยา,14.336286,100.593936
644.0,โรงแรม เอาท์ริกเกอร์ สุรินทร์บีช รีสอร์ท,การจัดการ,ศิลปะการประกอบอาหารอย่างมืออาชีพ,สุรินทร์,14.910491,103.529985
645.0,โรงแรมกะตะธานีภูเก็ตบีชรีสอร์ท,การจัดการ,ศิลปะการประกอบอาหารอย่างมืออาชีพ,ภูเก็ต,7.871073,98.411329
646.0,โรงแรม เลอ เมอริเดียน เขาหลัก รีสอร์ท แอนด์ สปา,การจัดการ,ศิลปะการประกอบอาหารอย่างมืออาชีพ,พังงา,8.466449,98.493275
647.0,โรงแรมอนันตรา ไม้ขาว ภูเก็ต วิลล่า,การจัดการ,ศิลปะการประกอบอาหารอย่างมืออาชีพ,ภูเก็ต,7.898154,98.387234
648.0,โรงแรมเกาะยาวใหญ่วิลเลจ,การจัดการ,ศิลปะการประกอบอาหารอย่างมืออาชีพ,พังงา,8.414243,98.512074
649.0,โรงแรม อนันตรา เกาะยาวใหญ่ รีสอร์ท,การจัดการ,ศิลปะการประกอบอาหารอย่างมืออาชีพ,พังงา,8.483981,98.540157
650.0,โรงแรมพูลแมน ภูเก็ต พันวาบีช รีสอร์ท,การจัดการ,ศิลปะการประกอบอาหารอย่างมืออาชีพ,ภูเก็ต,7.874121,98.421049
651.0,โรงแรม เดอะ เวสทิน สิเหร่ เบย์ รีสอร์ท แอนด์ สปา ภูเก็ต,การจัดการ,ศิลปะการประกอบอาหารอย่างมืออาชีพ,ภูเก็ต,7.882369,98.366407
652.0,โรงแรม คอนราด เกาะสมุย รีสอร์ท แอนด์ สปา,การจัดการ,ศิลปะการประกอบอาหารอย่างมืออาชีพ,กรุงเทพมหานคร,13.763306,100.492181
653.0,โรงแรม คามาลายา จำกัด,การจัดการ,ศิลปะการประกอบอาหารอย่างมืออาชีพ,สุราษฎร์ธานี,9.136548,99.347556
654.0,โรงแรม คิมป์ตัน คีตาเล สมุย,การจัดการ,ศิลปะการประกอบอาหารอย่างมืออาชีพ,สุราษฎร์ธานี,9.154907,99.285124
655.0,โรงแรม เชอราตัน สมุย รีสอร์ท,การจัดการ,ศิลปะการประกอบอาหารอย่างมืออาชีพ,สุราษฎร์ธานี,9.112059,99.352923
656.0,โรงแรม ซิกเซ้นส์ สมุย,การจัดการ,ศิลปะการประกอบอาหารอย่างมืออาชีพ,สุราษฎร์ธานี,9.145139,99.286962
657.0,โรงแรม ดับเบิ้ลยู เกาะสมุย,การจัดการ,ศิลปะการประกอบอาหารอย่างมืออาชีพ,สุราษฎร์ธานี,9.102708,99.339928
658.0,โรงแรม เดอะ ริทซ์-คาร์ลตัน เกาะสมุย,การจัดการ,ศิลปะการประกอบอาหารอย่างมืออาชีพ,สุราษฎร์ธานี,9.172622,99.314338
659.0,โรงแรม บันยันทรี กระบี่,การจัดการ,ศิลปะการประกอบอาหารอย่างมืออาชีพ,กระบี่,8.094482,98.875342
660.0,โรงแรม บันยันทรี เกาะสมุย,การจัดการ,ศิลปะการประกอบอาหารอย่างมืออาชีพ,สุราษฎร์ธานี,9.158913,99.349176
661.0,โรงแรม ศาลาสมุย เชิงมน บีช,การจัดการ,ศิลปะการประกอบอาหารอย่างมืออาชีพ,สุราษฎร์ธานี,9.105567,99.324287
662.0,โรงแรม ศิลาวดี พูล สปา แอนด์ รีสอร์ท,การจัดการ,ศิลปะการประกอบอาหารอย่างมืออาชีพ,สุราษฎร์ธานี,9.126588,99.332528
663.0,โรงแรม อนันตรา บ่อผุด รีสอร์ท แอนด์ สปา เกาะสมุย,การจัดการ,ศิลปะการประกอบอาหารอย่างมืออาชีพ,กรุงเทพมหานคร,13.784967,100.469603
664.0,โรงแรม อนันตรา ลาวาณา เกาะสมุย รีสอร์ท,การจัดการ,ศิลปะการประกอบอาหารอย่างมืออาชีพ,กรุงเทพมหานคร,13.769235,100.482291
665.0,โรงแรม อินดิโก้ ภูเก็ต ป่าตอง,การจัดการ,ศิลปะการประกอบอาหารอย่างมืออาชีพ,ภูเก็ต,7.874467,98.356809
666.0,โรงแรม ฮอลิเดย์ อินน์ รีสอร์ท ภูเก็ต ไม้ขาวบีช,การจัดการ,ศิลปะการประกอบอาหารอย่างมืออาชีพ,ภูเก็ต,7.892132,98.369081
667.0,โรงแรม คลับเมด ภูเก็ต,การจัดการ,ศิลปะการประกอบอาหารอย่างมืออาชีพ,ภูเก็ต,7.865914,98.359565
668.0,อวานี พลัส เขาหลัก,การจัดการ,ศิลปะการประกอบอาหารอย่างมืออาชีพ,พังงา,8.461295,98.522777
669.0,"Courtyard by Marriott Phuket, Patong Beach Resort",การจัดการ,ศิลปะการประกอบอาหารอย่างมืออาชีพ,กรุงเทพมหานคร,13.740251,100.480938
670.0,โรงแรม คิมป์ตัน มาลัย กรุงเทพ,การจัดการ,ศิลปะการประกอบอาหารอย่างมืออาชีพ,กรุงเทพมหานคร,13.745554,100.530156
671.0,โรงแรม ฮอลิเดย์ อินน์ วานา นาวา หัวหิน,การจัดการ,ศิลปะการประกอบอาหารอย่างมืออาชีพ,ประจวบคีรีขันธ์,11.802613,99.779348
672.0,Day and Night @ Nakhon Si Thammarat,การจัดการ,ศิลปะการประกอบอาหารอย่างมืออาชีพ,กรุงเทพมหานคร,13.774097,100.492053
673.0,โรงแรมโนราบุรี รีสอร์ท แอนด์ สปา,การจัดการ,ศิลปะการประกอบอาหารอย่างมืออาชีพ,สุราษฎร์ธานี,9.162776,99.346643
674.0,โรงแรม โนราบีช รีสอร์ท แอนด์ สปา,การจัดการ,ศิลปะการประกอบอาหารอย่างมืออาชีพ,สุราษฎร์ธานี,9.098931,99.294724
675.0,โรงแรมทวินโลตัส,การจัดการ,ศิลปะการประกอบอาหารอย่างมืออาชีพ,นครศรีธรรมราช,8.467471,99.991459
676.0,โรงแรมแกรนด์ ฟอร์จูน นครศรีธรรมราช,การจัดการ,ศิลปะการประกอบอาหารอย่างมืออาชีพ,นครศรีธรรมราช,8.433252,99.947456
677.0,โรงแรม เขาหลัก แมริออท รีสอร์ท แอนด์ สปา,การจัดการ,ศิลปะการประกอบอาหารอย่างมืออาชีพ,พังงา,8.487286,98.514563
678.0,โรงแรมอวานีพลัส สมุย รีสอร์ท,การจัดการ,ศิลปะการประกอบอาหารอย่างมืออาชีพ,สุราษฎร์ธานี,9.168601,99.293224
679.0,โรงแรมอินเตอร์คอนติเนนตัล เกาะสมุย รีสอร์ท,การจัดการ,ศิลปะการประกอบอาหารอย่างมืออาชีพ,สุราษฎร์ธานี,9.166711,99.292527
680.0,โรงแรม รอยัล ออคิด เชอราตัน โฮเทล แอนด์ ทาวเวอร์,การจัดการ,ศิลปะการประกอบอาหารอย่างมืออาชีพ,กรุงเทพมหานคร,13.73326,100.512355
681.0,โรงแรม สยาม แอ็ท สยาม,การจัดการ,ศิลปะการประกอบอาหารอย่างมืออาชีพ,กรุงเทพมหานคร,13.793682,100.502531
682.0,โรงแรมเมอเวนพิค มิธ โฮเทล ป่าตอง ภูเก็ต,การจัดการ,ศิลปะการประกอบอาหารอย่างมืออาชีพ,ภูเก็ต,7.844714,98.426707
683.0,"Pala Café' Pizza & Pasta ",การจัดการ,ศิลปะการประกอบอาหารอย่างมืออาชีพ,กรุงเทพมหานคร,13.75266,100.468006
684.0,ศูนย์ปฏิบัติการอาหารวลัยลักษณ์,การจัดการ,ศิลปะการประกอบอาหารอย่างมืออาชีพ,กรุงเทพมหานคร,13.761837,100.533385
685.0,โรงแรม ทวินปาล์มส์ ภูเก็ต,การจัดการ,ศิลปะการประกอบอาหารอย่างมืออาชีพ,ภูเก็ต,7.858112,98.357626
686.0,โรงแรม พิมาลัย รีสอร์ท แอนด์ สปา,การจัดการ,ศิลปะการประกอบอาหารอย่างมืออาชีพ,กระบี่,8.113837,98.913408
687.0,โรงแรมกีมาลา,การจัดการ,ศิลปะการประกอบอาหารอย่างมืออาชีพ,ภูเก็ต,7.893544,98.385513
688.0,โรงแรม วี กรุงเทพ โฮเทล,การจัดการ,ศิลปะการประกอบอาหารอย่างมืออาชีพ,กรุงเทพมหานคร,13.717528,100.470249
689.0," โรงแรมโรสวูด กรุงเทพ",การจัดการ,ศิลปะการประกอบอาหารอย่างมืออาชีพ,กรุงเทพมหานคร,13.730115,100.499053
690.0,โรงแรมอมัน นายเลิศ กรุงเทพฯ,การจัดการ,ศิลปะการประกอบอาหารอย่างมืออาชีพ,กรุงเทพมหานคร,13.724353,100.534113
691.0,โรงแรมบันยันทรี กรุงเทพ,การจัดการ,ศิลปะการประกอบอาหารอย่างมืออาชีพ,กรุงเทพมหานคร,13.731518,100.511666
692.0,โรงแรม แบงค็อก แมริออท มาร์คีส์ ควีนส์ปาร์ค,การจัดการ,ศิลปะการประกอบอาหารอย่างมืออาชีพ,กรุงเทพมหานคร,13.792074,100.490641
693.0,โรงแรม เจดับบลิว แมริออท เขาหลัก รีสอร์ท แอนด์ สปา,การจัดการ,ศิลปะการประกอบอาหารอย่างมืออาชีพ,พังงา,8.450688,98.497631
694.0,โรงแรม ดินสอ รีสอร์ต แอนด์ วิลล่า ภูเก็ต,การจัดการ,ศิลปะการประกอบอาหารอย่างมืออาชีพ,ภูเก็ต,7.869681,98.398468
695.0,โรงแรม เซเร็นดิพิตี้ บีช รีสอร์ท เกาะหลีเป๊ะ,การจัดการ,ศิลปะการประกอบอาหารอย่างมืออาชีพ,สตูล,6.654253,100.030978
696.0,โรงแรมสยาม เคมปินสกี้ กรุงเทพ,การจัดการ,ศิลปะการประกอบอาหารอย่างมืออาชีพ,กรุงเทพมหานคร,13.757963,100.469745
697.0,ร้านอาหารครัวปากพยิง,การจัดการ,ศิลปะการประกอบอาหารอย่างมืออาชีพ,นครศรีธรรมราช,8.408193,99.983479
698.0,บริษัท เซ็นทรัล รีเทล คอร์ปอเรชั่น จำกัด (มหาชน),การจัดการ,ศิลปะการประกอบอาหารอย่างมืออาชีพ,กรุงเทพมหานคร,13.785322,100.478937
699.0,พาลา คาเฟ่ พิซซ่า แอนด์ พาสต้า,การจัดการ,ศิลปะการประกอบอาหารอย่างมืออาชีพ,นครศรีธรรมราช,8.403308,99.960352
700.0,โรงแรม คอร์ทยาร์ด บาย แมริออท ภูเก็ต ป่าตอง บีช รีสอร์ท,การจัดการ,ศิลปะการประกอบอาหารอย่างมืออาชีพ,ภูเก็ต,7.91473,98.424541
701.0,โรงแรม คาเพลล่า แบงค์คอก,การจัดการ,ศิลปะการประกอบอาหารอย่างมืออาชีพ,กรุงเทพมหานคร,13.727622,100.485225
702.0,โรงแรม รอยัล ออคิด เชอราตัน ริเวอร์ไซด์ โฮเทล แบงค็อก,การจัดการ,ศิลปะการประกอบอาหารอย่างมืออาชีพ,กรุงเทพมหานคร,13.730701,100.518793
703.0,โรงแรมโรสวูด ภูเก็ต,การจัดการ,ศิลปะการประกอบอาหารอย่างมืออาชีพ,ภูเก็ต,7.90603,98.391057
704.0,สาขาวิชาการท่องเที่ยวและโปรเชฟ สำนักวิชาการจัดการ มหาวิทยาลัยวลัยลักษณ์,การจัดการ,ศิลปะการประกอบอาหารอย่างมืออาชีพ,นครศรีธรรมราช,8.456138,99.977548
705.0,โรงแรม อนันตรา เกาะยาวใหญ่ รีสอร์ท แอนด์ วิลล่าส์,การจัดการ,ศิลปะการประกอบอาหารอย่างมืออาชีพ,พังงา,8.485043,98.525614
706.0,โรงแรม อนันตรา เวเคชั่น คลับ ไม้ขาว ภูเก็ต,การจัดการ,ศิลปะการประกอบอาหารอย่างมืออาชีพ,ภูเก็ต,7.909265,98.392551
707.0,รงแรม เอ้าท์ริกเกอร์ สุรินทร์ บีช รีสอร์ท,การจัดการ,ศิลปะการประกอบอาหารอย่างมืออาชีพ,สุรินทร์,14.891651,103.463606
708.0,โรงแรม เอ้าท์ริกเกอร์ สุรินทร์ บีช รีสอร์ท,การจัดการ,ศิลปะการประกอบอาหารอย่างมืออาชีพ,ภูเก็ต,7.849861,98.354498
709.0,ร้าน เดย์ แอนด์ ไนท์,การจัดการ,ศิลปะการประกอบอาหารอย่างมืออาชีพ,นครศรีธรรมราช,8.407593,99.959417
710.0,บริษัท งานทวีพี่น้อง จำกัด,เทคโนโลยีการเกษตร,พืชศาสตร์,ภูเก็ต,7.886988,98.425111
711.0,บริษัท ทักษิณปาล์ม (2521) จำกัด,เทคโนโลยีการเกษตร,พืชศาสตร์,สุราษฎร์ธานี,9.159548,99.346053
712.0,วิทยาลัยอาชีวศึกษาภาวนาโพธิคุณ,เทคโนโลยีการเกษตร,พืชศาสตร์,สุราษฎร์ธานี,9.15367,99.324253
713.0,ศูนย์วิจัยเกษตรหลวงเชียงใหม่ (ขุนวาง),เทคโนโลยีการเกษตร,พืชศาสตร์,เชียงใหม่,18.810474,98.950771
714.0,ตรีวนันดา,เทคโนโลยีการเกษตร,พืชศาสตร์,ภูเก็ต,7.904988,98.420753
715.0,ศูนย์วิจัยปาล์มน้ำมันสุราษฎร์ธานี,เทคโนโลยีการเกษตร,พืชศาสตร์,สุราษฎร์ธานี,9.176256,99.318244
716.0,ศูนย์ส่งเสริมเทคโนโลยีการเกษตรด้านอารักขาพืช จังหวัดสุราษฎร์ธานี,เทคโนโลยีการเกษตร,พืชศาสตร์,สุราษฎร์ธานี,9.156202,99.331105
717.0,มูลนิธิแม่ฟ้าหลวง โครงการพัฒนาดอยตุง(พื้นที่ทรงงาน) อันเนื่องมาจากพระราชดำริ,เทคโนโลยีการเกษตร,พืชศาสตร์,กรุงเทพมหานคร,13.745041,100.499408
718.0,ศูนย์ศึกษาการพัฒนาพิกุลทองอันเนื่องมาจากพระราชดำริ,เทคโนโลยีการเกษตร,พืชศาสตร์,นราธิวาส,6.405956,101.784524
719.0,บริษัท สวนปาล์มพนมชัย จำกัด,เทคโนโลยีการเกษตร,พืชศาสตร์,สุราษฎร์ธานี,9.135983,99.298766
720.0,ด่านตรวจคนเข้าเมืองท่าอากาศยานภูเก็ต,ศิลปศาสตร์,ภาษาจีน,ภูเก็ต,7.903443,98.396304
721.0,บริษัท ซีสตาร์ อันดามัน จำกัด,ศิลปศาสตร์,ภาษาจีน,ภูเก็ต,7.917971,98.409295
722.0,บริษัท ซีอาร์ซี สปอร์ต จำกัด (เครือเซ็นทรัล รีเทล คอร์ปอเรชั่น),ศิลปศาสตร์,ภาษาจีน,กรุงเทพมหานคร,13.724289,100.511631
723.0,บริษัท ซีอีเอสอี 2 (ไทยแลนด์) จำกัด,ศิลปศาสตร์,ภาษาจีน,กรุงเทพมหานคร,13.748531,100.518944
724.0,บริษัท ท่าอากาศยานไทย จำกัด (มหาชน) สาขาท่าอากาศยานดอนเมือง,ศิลปศาสตร์,ภาษาจีน,กรุงเทพมหานคร,13.789641,100.464121
725.0,บริษัท ไทยไลอ้อนแอร์ จำกัด,ศิลปศาสตร์,ภาษาจีน,กรุงเทพมหานคร,13.771146,100.485267
726.0,บริษัท ไทยแอร์เอเชีย จำกัด,ศิลปศาสตร์,ภาษาจีน,กรุงเทพมหานคร,13.785252,100.466901
727.0,บริษัท ไทยแอร์เอเชีย จำกัด สำนักงานภูเก็ต,ศิลปศาสตร์,ภาษาจีน,ภูเก็ต,7.868338,98.368198
728.0,บริษัท ไท่หยาง มีเดีย ประเทศไทย จำกัด,ศิลปศาสตร์,ภาษาจีน,กรุงเทพมหานคร,13.757359,100.520647
729.0,บริษัท โปรทา จำกัด (Realme),ศิลปศาสตร์,ภาษาจีน,กรุงเทพมหานคร,13.777388,100.487341
730.0,บริษัท ว้าว อันดามัน จำกัด,ศิลปศาสตร์,ภาษาจีน,พังงา,8.411323,98.495838
731.0,บริษัท สกายเทร็ค แอดเวนเจอร์ จำกัด,ศิลปศาสตร์,ภาษาจีน,ภูเก็ต,7.897742,98.424495
732.0,แฟนแทซทิค สิมิลัน ทราเวล,ศิลปศาสตร์,ภาษาจีน,พังงา,8.487344,98.53719
733.0,โรงเรียนกัลยาณีศรีธรรมราช,ศิลปศาสตร์,ภาษาจีน,นครศรีธรรมราช,8.454154,99.96944
734.0,โรงเรียนดีบุกพังงาวิทยายน,ศิลปศาสตร์,ภาษาจีน,พังงา,8.45851,98.540287
735.0,โรงเรียนตรังคริสเตียนศึกษา,ศิลปศาสตร์,ภาษาจีน,ตรัง,7.5199,99.600971
736.0,โรงเรียนตันติวัตร,ศิลปศาสตร์,ภาษาจีน,นครศรีธรรมราช,8.451986,100.001073
737.0,โรงเรียนท่าศาลา,ศิลปศาสตร์,ภาษาจีน,นครศรีธรรมราช,8.405024,99.96161
738.0,โรงเรียนท่าศาลาประสิทธิ์ศึกษา,ศิลปศาสตร์,ภาษาจีน,นครศรีธรรมราช,8.440341,99.960824
739.0,โรงเรียนเทพมิตรศึกษา,ศิลปศาสตร์,ภาษาจีน,สุราษฎร์ธานี,9.161765,99.347912
740.0,โรงเรียนธนาคารออมสิน,ศิลปศาสตร์,ภาษาจีน,ประจวบคีรีขันธ์,11.838073,99.832295
741.0,โรงเรียนเบญจมราชูทิศ,ศิลปศาสตร์,ภาษาจีน,นครศรีธรรมราช,8.397639,99.996806
742.0,โรงเรียนภูบดินทร์พิทยาลัย,ศิลปศาสตร์,ภาษาจีน,ชุมพร,10.523661,99.161014
743.0,โรงเรียนวมินทร์วิทยา (ฮัวเหมิง),ศิลปศาสตร์,ภาษาจีน,สุราษฎร์ธานี,9.150689,99.351091
744.0,โรงเรียนวัดพระมหาธาตุ,ศิลปศาสตร์,ภาษาจีน,นครศรีธรรมราช,8.429123,99.959942
745.0,โรงเรียนศรีธรรมราชศึกษา,ศิลปศาสตร์,ภาษาจีน,นครศรีธรรมราช,8.422918,99.979896
746.0,โรงเรียนศรีนครมูลนิธิ,ศิลปศาสตร์,ภาษาจีน,สงขลา,7.137236,100.502314
747.0,โรงเรียนสภาราชินี จังหวัดตรัง,ศิลปศาสตร์,ภาษาจีน,ตรัง,7.538122,99.574766
748.0,โรงเรียนสิชลประชาสรรค์,ศิลปศาสตร์,ภาษาจีน,นครศรีธรรมราช,8.393654,99.972489
749.0,โรงเรียนหลังสวนเทศบาลอุปถัมภ์,ศิลปศาสตร์,ภาษาจีน,ชุมพร,10.472077,99.200933
750.0,โรงเรียนอำมาตย์พานิชนุกูล,ศิลปศาสตร์,ภาษาจีน,กระบี่,8.069546,98.866392
751.0,โรงแรม ชูการ์ มารีน่า รีสอร์ท นอติคอล กะตะบีช,ศิลปศาสตร์,ภาษาจีน,ภูเก็ต,7.851467,98.384197
752.0,โรงแรม เดอะราชา,ศิลปศาสตร์,ภาษาจีน,ภูเก็ต,7.894223,98.410601
753.0,โรงแรม สลีพ วิธ มี ดีไซน์ โฮเต็ล แอท ป่าตอง,ศิลปศาสตร์,ภาษาจีน,ภูเก็ต,7.871119,98.358943
754.0,โรงแรมอนันตรา ไม้ขาว ภูเก็ต วิลล่า,ศิลปศาสตร์,ภาษาจีน,ภูเก็ต,7.907166,98.410316
755.0,วิทยาลัยอาชีวศึกษานครศรีธรรมราช,ศิลปศาสตร์,ภาษาจีน,นครศรีธรรมราช,8.407241,99.95657
756.0,สถานีตำรวจท่องเที่ยว 5 กองกำกับการ 2 กองบังคับการตำรวจท่องเที่ยว 3,ศิลปศาสตร์,ภาษาจีน,สุราษฎร์ธานี,9.126919,99.316747
757.0,สถาบันขงจื๊อ มหาวิทยาลัยสงขลานครินทร์,ศิลปศาสตร์,ภาษาจีน,สงขลา,7.170824,100.515102
758.0,สายการบินสปริงแอร์ไลน์,ศิลปศาสตร์,ภาษาจีน,สุราษฎร์ธานี,9.118742,99.333735
759.0,สายการบินสปริงแอร์ไลน์ ท่าอากาศยานนานาชาติสุวรรณภูมิ,ศิลปศาสตร์,ภาษาจีน,สมุทรปราการ,13.589243,100.717364
760.0,ด่านตรวจคนเข้าเมืองท่าอากาศยานหาดใหญ่,ศิลปศาสตร์,ภาษาจีน,สงขลา,7.159709,100.461171
761.0,บริษัท ฟอร์ท อีเอ็มเอส จำกัด,ศิลปศาสตร์,ภาษาจีน,นครปฐม,13.79659,100.039695
762.0,บริษัท เอชจีที อินดัสเทรียล จำกัด,ศิลปศาสตร์,ภาษาจีน,ฉะเชิงเทรา,13.676404,101.114508
763.0,โรงเรียนเตรียมอุดมศึกษาพัฒนาการนนทบุรี,ศิลปศาสตร์,ภาษาจีน,นนทบุรี,13.85966,100.48776
764.0,โรงเรียนเทศบาลเชิงทะเล (ตันติวิท),ศิลปศาสตร์,ภาษาจีน,ภูเก็ต,7.904635,98.392237
765.0,โรงเรียนเทศบาลปากพนัง 2,ศิลปศาสตร์,ภาษาจีน,นครศรีธรรมราช,8.456006,100.002308
766.0,โรงเรียนพัทลุง,ศิลปศาสตร์,ภาษาจีน,พัทลุง,7.620776,100.155408
767.0,โรงเรียนสาธิตมหาวิทยาลัยราชภัฏนครศรีธรรมราช,ศิลปศาสตร์,ภาษาจีน,นครศรีธรรมราช,8.45115,99.990559
768.0,โรงเรียนสุราษฎร์ธานี 2,ศิลปศาสตร์,ภาษาจีน,สุราษฎร์ธานี,9.173523,99.310145
769.0,โรงแรม คาลิมา รีสอร์ท แอนด์ สปา ภูเก็ต,ศิลปศาสตร์,ภาษาจีน,ภูเก็ต,7.907191,98.418741
770.0,โรงแรม ชาวเกาะ พีพี โฮเทล แอนด์ รีสอร์ท,ศิลปศาสตร์,ภาษาจีน,กระบี่,8.078593,98.879867
771.0,ตรวจคนเข้าเมืองจังหวัดกระบี่,ศิลปศาสตร์,ภาษาจีน,กระบี่,8.108486,98.875001
772.0,บริษัท ซีอาร์ซี สปอร์ต จำกัด เซ็นทรัลเฟสติวัลเกาะสมุย,ศิลปศาสตร์,ภาษาจีน,สุราษฎร์ธานี,9.114718,99.305268
773.0,บริษัท ซีอาร์ซี สปอร์ต จำกัด เซ็นทรัลเฟสติวัลภูเก็ต,ศิลปศาสตร์,ภาษาจีน,ภูเก็ต,7.910036,98.403144
774.0,บริษัท ซีอาร์ซี สปอร์ต จำกัด เซ็นทรัลเฟสติวัลภูเก็ต,ศิลปศาสตร์,ภาษาจีน,ภูเก็ต,7.875116,98.422422
775.0,บริษัท ซีอาร์ซี สปอร์ต จำกัด (สาขาหาดใหญ่),ศิลปศาสตร์,ภาษาจีน,สงขลา,7.169986,100.491339
776.0,บริษัท ปั้ง ปั้ง ทัวร์ จำกัด,ศิลปศาสตร์,ภาษาจีน,ภูเก็ต,7.88792,98.357362
777.0,บริษัท ว้าว อันดามัน จำกัด,ศิลปศาสตร์,ภาษาจีน,พังงา,8.424311,98.547975
778.0,โรงเรียนสิชลคุณาธารวิทยา,ศิลปศาสตร์,ภาษาจีน,นครศรีธรรมราช,8.413915,99.979534
779.0,โรงแรม ชูการ์ มารีน่า รีสอร์ท - คลิฟแฮงเกอร์ อ่าวนาง,ศิลปศาสตร์,ภาษาจีน,กระบี่,8.05951,98.868026
780.0,โรงแรมชูการ์ มารีน่า รีสอร์ท - อาร์ต - กะรนบีช,ศิลปศาสตร์,ภาษาจีน,ภูเก็ต,7.880572,98.377988
781.0,สถานีตำรวจท่องเที่ยว 1 กองกำกับการ 2 กองบังคับการท่องเที่ยว 2 กองบัญชาการตำรวจท่องเที่ยว,ศิลปศาสตร์,ภาษาจีน,เชียงใหม่,18.787713,98.97269
782.0,บริษัท เฟฮู ดีไซน์ จำกัด,ศิลปศาสตร์,ภาษาจีน,กรุงเทพมหานคร,13.774127,100.474603
783.0,บริษัท สายการบินนกแอร์ จำกัด (มหาชน) สาขาภูเก็ต,ศิลปศาสตร์,ภาษาจีน,ภูเก็ต,7.903335,98.413675
784.0,บริษัท สายการบินนกแอร์ จำกัด (มหาชน) สำนักงานสนามบินดอนเมือง,ศิลปศาสตร์,ภาษาจีน,กรุงเทพมหานคร,13.718913,100.474974
785.0,โรงเรียนสุราษฎร์พิทยา,ศิลปศาสตร์,ภาษาจีน,สุราษฎร์ธานี,9.142256,99.293634
786.0,กรมส่งเสริมวัฒนธรรม,ศิลปศาสตร์,ภาษาไทย,กรุงเทพมหานคร,13.760631,100.4711
787.0,บริษัท อมรินทร์พริ้นติ้งแอนด์พับลิชชิ่ง จำกัด (มหาชน),ศิลปศาสตร์,ภาษาไทย,กรุงเทพมหานคร,13.79299,100.477862
788.0,พิพิธภัณฑ์และหอจดหมายเหตุ สำนักการประชาสัมพันธ์ กรมประชาสัมพันธ์,ศิลปศาสตร์,ภาษาไทย,กรุงเทพมหานคร,13.73454,100.498666
789.0,พิพิธภัณฑ์สถานแห่งชาติสตูล,ศิลปศาสตร์,ภาษาไทย,สตูล,6.590172,100.092574
790.0,ม.เกษตรศาสตร์,ศิลปศาสตร์,ภาษาไทย,กรุงเทพมหานคร,13.762411,100.493468
791.0,โรงแรมแกรนด์ ป่าตอง ภูเก็ต,ศิลปศาสตร์,ภาษาไทย,ภูเก็ต,7.914044,98.358458
792.0,ศูนย์มานุษยวิทยาสิรินธร (องค์การมหาชน),ศิลปศาสตร์,ภาษาไทย,กรุงเทพมหานคร,13.76525,100.5143
793.0,ศูนย์ส่งเสริมศิลปะและวัฒนธรรม มหาวิทยาลัยสงขลานครินทร์,ศิลปศาสตร์,ภาษาไทย,สงขลา,7.141193,100.463677
794.0,ศูนย์สยามทรรศน์ศึกษา คณะศิลปศาสตร์ มหาวิทยาลัยมหิดล,ศิลปศาสตร์,ภาษาไทย,นครปฐม,13.83545,100.016792
795.0,สถานีวิทยุกระจายเสียงแห่งประเทศไทย,ศิลปศาสตร์,ภาษาไทย,กรุงเทพมหานคร,13.789903,100.467833
796.0,สถาบันทักษิณคดีศึกษา,ศิลปศาสตร์,ภาษาไทย,สงขลา,7.213339,100.48017
797.0,สถาบันวิจัยประชากรและสังคม มหาวิทยาลัยมหิดล,ศิลปศาสตร์,ภาษาไทย,นครปฐม,13.856546,100.05881
798.0,สํานักวิจัยและพัฒนา มหาวิทยาลัยสงขลานครินทร์,ศิลปศาสตร์,ภาษาไทย,สงขลา,7.204555,100.491742
799.0,สำนักงานปลัดกระทรวงวัฒนธรรม,ศิลปศาสตร์,ภาษาไทย,กรุงเทพมหานคร,13.744791,100.521771
800.0,สำนักงานมูลนิธิชัยพัฒนา,ศิลปศาสตร์,ภาษาไทย,กรุงเทพมหานคร,13.723512,100.483852
801.0,สำนักงานวัฒนธรรมจังหวัดกระบี่,ศิลปศาสตร์,ภาษาไทย,กระบี่,8.122994,98.892291
802.0,สำนักงานวัฒนธรรมจังหวัดเชียงใหม่,ศิลปศาสตร์,ภาษาไทย,เชียงใหม่,18.812579,99.0185
803.0,สำนักงานวัฒนธรรมจังหวัดตรัง,ศิลปศาสตร์,ภาษาไทย,ตรัง,7.557263,99.573871
804.0,สำนักงานวัฒนธรรมจังหวัดภูเก็ต,ศิลปศาสตร์,ภาษาไทย,ภูเก็ต,7.877848,98.375916
805.0,สำนักงานวัฒนธรรมจังหวัดสงขลา,ศิลปศาสตร์,ภาษาไทย,สงขลา,7.206392,100.454248
806.0,สำนักงานวัฒนธรรมจังหวัดสุราษฎร์ธานี,ศิลปศาสตร์,ภาษาไทย,สุราษฎร์ธานี,9.162338,99.338258
807.0,สำนักงานอัยการคดีเยาวชนและครอบครัวจังหวัดนครศรีธรรมราช,ศิลปศาสตร์,ภาษาไทย,นครศรีธรรมราช,8.401816,99.971011
808.0,สำนักพิมพ์นาคร,ศิลปศาสตร์,ภาษาไทย,ปทุมธานี,14.040748,100.490646
809.0,หอสมุดแห่งชาตินครศรีธรรมราช,ศิลปศาสตร์,ภาษาไทย,นครศรีธรรมราช,8.457764,99.955867
810.0,โรงเรียนหนองทะเลวิทยา,ศิลปศาสตร์,ภาษาไทย,กระบี่,8.124713,98.87058
811.0,โรงเรียนปัญญาวิทย์ จังหวัดตรัง,ศิลปศาสตร์,ภาษาไทย,ตรัง,7.520676,99.598017
812.0,โรงเรียนวัดไทรงาม,ศิลปศาสตร์,ภาษาไทย,ตรัง,7.575063,99.61916
813.0,องค์การบริหารส่วนจังหวัดพัทลุง,ศิลปศาสตร์,ภาษาไทย,พัทลุง,7.647897,100.187433
814.0,สำนักงานศิลปวัฒนธรรมร่วมสมัย กระทรวงวัฒนธรรม,ศิลปศาสตร์,ภาษาไทย,กรุงเทพมหานคร,13.758115,100.507512
815.0,"โรงเรียนอนุบาลนครศรีธรรมราช ""ณ นคร อุทิศ""",ศิลปศาสตร์,ภาษาไทย,นครศรีธรรมราช,8.439565,99.961181
816.0,โรงเรียนเทศบาล 6 (วัดตันตยาภิรม),ศิลปศาสตร์,ภาษาไทย,ตรัง,7.564598,99.611117
817.0,องค์การบริหารส่วนตำบลบางสัก,ศิลปศาสตร์,ภาษาไทย,ตรัง,7.568176,99.575132
818.0,โรงเรียนบ้านห้วยหาร,ศิลปศาสตร์,ภาษาไทย,นครศรีธรรมราช,8.402667,99.957612
819.0,โรงเรียนวัดหนองจิก,ศิลปศาสตร์,ภาษาไทย,นครศรีธรรมราช,8.461417,99.933377
820.0,โรงเรียนละงูพิทยาคม,ศิลปศาสตร์,ภาษาไทย,สตูล,6.590942,100.09285
821.0,เทศบาลตำบลทอนหงส์,ศิลปศาสตร์,ภาษาไทย,นครศรีธรรมราช,8.41045,99.984969
822.0,โรงเรียนราชประชานุเคราะห์ 42 จังหวัดสตูล,ศิลปศาสตร์,ภาษาไทย,สตูล,6.603657,100.041947
823.0,สำนักงานเขตพื้นที่การศึกษาประถมศึกษานครศรีธรรมราช เขต 2,ศิลปศาสตร์,ภาษาไทย,นครศรีธรรมราช,8.430918,99.984894
824.0,โรงเรียนชุมชนวัดจันทาราม,ศิลปศาสตร์,ภาษาไทย,สุราษฎร์ธานี,9.155017,99.346024
825.0,โรงแรม แกรนด์ เมอร์เคียว ภูเก็ต ป่าตอง รีสอร์ท แอนด์ วิลล่า,ศิลปศาสตร์,ภาษาไทย,ภูเก็ต,7.855491,98.367634
826.0,โรงเรียนบ้านในถุ้ง,ศิลปศาสตร์,ภาษาไทย,นครศรีธรรมราช,8.462057,99.960646
827.0,โรงเรียนชุมชนวัดสระแก้ว,ศิลปศาสตร์,ภาษาไทย,นครศรีธรรมราช,8.414599,99.991464
828.0,องค์การบริหารส่วนตำบลนาพรุ,ศิลปศาสตร์,ภาษาไทย,นครศรีธรรมราช,8.448864,99.971115
829.0,โรงเรียนบ้านบือยอง,ศิลปศาสตร์,ภาษาไทย,ยะลา,6.547031,101.319752
830.0,โรงเรียนเทศบาล 3 ท่าแดง,ศิลปศาสตร์,ภาษาไทย,กระบี่,8.117085,98.884671
831.0,บัณฑิตวิทยาลัย มหาวิทยาลัยวลัยลักษณ์,ศิลปศาสตร์,ภาษาไทย,นครศรีธรรมราช,8.462121,99.999275
832.0,โรงเรียนบันนังสตาวิทยา,ศิลปศาสตร์,ภาษาไทย,ยะลา,6.525259,101.307832
833.0,สำนักงานคณบดีสำนักวิชาครุศาสตร์ มหาวิทยาลัยวลัยลักษณ์,ศิลปศาสตร์,ภาษาไทย,นครศรีธรรมราช,8.470223,99.977286
834.0,ที่ว่าการอำเภอเขาพนม จังหวัดกระบี่,ศิลปศาสตร์,ภาษาไทย,กระบี่,8.098058,98.898246
835.0,สถาบันภาษาศาสตร์และวัฒนธรรมศึกษาราชนครินทร์ มหาวิทยาลัยเกษตรศาสตร์,ศิลปศาสตร์,ภาษาไทย,กรุงเทพมหานคร,13.781984,100.502021
836.0,โรงเรียนเตรียมอุดมศึกษาพัฒนาการสุราษฎร์ธานี,ศิลปศาสตร์,ภาษาไทย,สุราษฎร์ธานี,9.168147,99.337334
837.0,โรงเรียนอนุบาลตรัง,ศิลปศาสตร์,ภาษาไทย,ตรัง,7.545854,99.608301
838.0,โรงเรียนบ้านทุ่งเกราะ,ศิลปศาสตร์,ภาษาไทย,นครศรีธรรมราช,8.404587,99.985956
839.0,โรงเรียนเทศบาล 5 เทศบาลเมืองปัตตานี,ศิลปศาสตร์,ภาษาไทย,ปัตตานี,6.88142,101.252226
840.0,โรงเรียนวัดสระประดิษฐ์,ศิลปศาสตร์,ภาษาไทย,นครศรีธรรมราช,8.471256,99.968214
841.0,โรงเรียนแสงทองวิทยา,ศิลปศาสตร์,ภาษาไทย,สงขลา,7.135807,100.504063
842.0,"School of Languages, Literacies & Translation, Universiti Sains Malaysia",ศิลปศาสตร์,ภาษาไทย,กรุงเทพมหานคร,13.790582,100.468638
843.0,โรงเรียนธิดาแม่พระ,ศิลปศาสตร์,ภาษาไทย,สุราษฎร์ธานี,9.100718,99.309785
844.0,สถานีวิทยุกระจายเสียงแห่งประเทศไทย จังหวัดตรัง,ศิลปศาสตร์,ภาษาไทย,ตรัง,7.53173,99.618785
845.0,การรถไฟแห่งประเทศไทย,ศิลปศาสตร์,ภาษาไทย,กรุงเทพมหานคร,13.726255,100.465269
846.0,University of Malaya,ศิลปศาสตร์,ภาษาอังกฤษ,มาเลเซีย,,
847.0,กรมการค้าต่างประเทศ กระทรวงพาณิชย์,ศิลปศาสตร์,ภาษาอังกฤษ,นนทบุรี,13.901662,100.506738
848.0,การรถไฟแห่งประเทศไทย กองการต่างประเทศ,ศิลปศาสตร์,ภาษาอังกฤษ,กรุงเทพมหานคร,13.772874,100.509577
849.0,คณะศิลปศาสตร์ มหาวิทยาลัยนราธิวาสราชนครินทร์,ศิลปศาสตร์,ภาษาอังกฤษ,นราธิวาส,6.414061,101.824924
850.0,ด่านศุลกากรท่าอากาศยานภูเก็ต,ศิลปศาสตร์,ภาษาอังกฤษ,ภูเก็ต,7.844225,98.431955
851.0,ตรวจคนเข้าเมืองจังหวัดภูเก็ต,ศิลปศาสตร์,ภาษาอังกฤษ,ภูเก็ต,7.88348,98.409342
852.0,ตรวจคนเข้าเมืองจังหวัดสุราษฎร์ธานี,ศิลปศาสตร์,ภาษาอังกฤษ,สุราษฎร์ธานี,9.103805,99.319401
853.0,ท่าอากาศยานตรัง,ศิลปศาสตร์,ภาษาอังกฤษ,ตรัง,7.562703,99.632219
854.0,บริษัท การบินไทย จำกัด (มหาชน),ศิลปศาสตร์,ภาษาอังกฤษ,กรุงเทพมหานคร,13.779179,100.516352
855.0,บริษัท คิง เพาเวอร์ ดิวตี้ฟรี จำกัด สาขาสนามบินภูเก็ต,ศิลปศาสตร์,ภาษาอังกฤษ,ภูเก็ต,7.916949,98.419486
856.0,บริษัท เชฟรอนประเทศไทยสำรวจและผลิต จำกัด จังหวัดนครศรีธรรมราช,ศิลปศาสตร์,ภาษาอังกฤษ,นครศรีธรรมราช,8.407524,99.950588
857.0,บริษัท แซนด์ ซี จำกัด,ศิลปศาสตร์,ภาษาอังกฤษ,กระบี่,8.109768,98.942125
858.0,บริษัท ไตรโฟเลียม จำกัด,ศิลปศาสตร์,ภาษาอังกฤษ,ภูเก็ต,7.846981,98.430076
859.0,บริษัท ไทย ไลอ้อน เมนทารี จำกัด (สายการบินไทยไลอ้อนแอร์),ศิลปศาสตร์,ภาษาอังกฤษ,กรุงเทพมหานคร,13.779321,100.530057
860.0,บริษัท ไทยแอร์เอเชีย จำกัด ท่าอากาศยานนานาชาติหาดใหญ่,ศิลปศาสตร์,ภาษาอังกฤษ,สงขลา,7.148474,100.507446
861.0,บริษัท แบ็กส์บริการภาคพื้น จำกัด,ศิลปศาสตร์,ภาษาอังกฤษ,ภูเก็ต,7.852457,98.364104
862.0,มูลนิธิกระจกเงา เชียงราย,ศิลปศาสตร์,ภาษาอังกฤษ,เชียงราย,19.904649,99.807447
863.0,โรงเรียนกาญจนภิเษกวิทยาลัย กระบี่,ศิลปศาสตร์,ภาษาอังกฤษ,กระบี่,8.11644,98.919385
864.0,โรงเรียนขจรเกียรตินานาชาติ ภูเก็ต,ศิลปศาสตร์,ภาษาอังกฤษ,ภูเก็ต,7.867284,98.355175
865.0,โรงเรียนนานาชาติบริติช ภูเก็ต,ศิลปศาสตร์,ภาษาอังกฤษ,ภูเก็ต,7.855376,98.365659
866.0,โรงเรียนพรหมคีรีพิทยาคม,ศิลปศาสตร์,ภาษาอังกฤษ,นครศรีธรรมราช,8.412334,99.960772
867.0,โรงเรียนวรพัฒน์,ศิลปศาสตร์,ภาษาอังกฤษ,สงขลา,7.182703,100.476431
868.0,โรงแรม เกรซแลนด์เขาหลักบีชรีสอร์ท,ศิลปศาสตร์,ภาษาอังกฤษ,กรุงเทพมหานคร,13.744311,100.486126
869.0,สถานกงสุลใหญ่มาเลเซีย จังหวัดสงขลา,ศิลปศาสตร์,ภาษาอังกฤษ,สงขลา,7.182869,100.454838
870.0,สถานีตำรวจท่องเที่ยว 3 กองกำกับการ 2 กองบังคับการตำรวจท่องเที่ยว 3,ศิลปศาสตร์,ภาษาอังกฤษ,กระบี่,8.123809,98.910547
871.0,สถาบันคีนันแห่งเอเซีย,ศิลปศาสตร์,ภาษาอังกฤษ,กรุงเทพมหานคร,13.774421,100.490849
872.0,สถาบันพิพิธภัณฑ์การเรียนรู้แห่งชาติ,ศิลปศาสตร์,ภาษาอังกฤษ,กรุงเทพมหานคร,13.779869,100.501242
873.0,สายการบินโอมานแอร์ สนามบินสุวรรณภูมิ,ศิลปศาสตร์,ภาษาอังกฤษ,สมุทรปราการ,13.600116,100.673767
874.0,หอการค้าอเมริกันในประเทศไทย,ศิลปศาสตร์,ภาษาอังกฤษ,กรุงเทพมหานคร,13.792622,100.467406
875.0,องค์การรัฐมนตรีศึกษาแห่งเอเชียตะวันออกเฉียงใต้ (SEAMEO),ศิลปศาสตร์,ภาษาอังกฤษ,กรุงเทพมหานคร,13.747705,100.513798
876.0,Avista Grand Phuket Karon,ศิลปศาสตร์,ภาษาอังกฤษ,ภูเก็ต,7.864662,98.378389
877.0,Universiti Teknologi MARA,ศิลปศาสตร์,ภาษาอังกฤษ,มาเลเซีย,,
878.0,University Sains Malaysia,ศิลปศาสตร์,ภาษาอังกฤษ,มาเลเซีย,,
879.0,กองบังคับการตรวจคนเข้าเมือง 3,ศิลปศาสตร์,ภาษาอังกฤษ,กรุงเทพมหานคร,13.767843,100.494401
880.0,ด่านศุลกากรสงขลา,ศิลปศาสตร์,ภาษาอังกฤษ,สงขลา,7.172931,100.506088
881.0,ตรวจคนเข้าเมืองจังหวัดพังงา,ศิลปศาสตร์,ภาษาอังกฤษ,พังงา,8.468667,98.519058
882.0,บริษัท โค้ชไทย คอร์ปอเรชั่น จำกัด,ศิลปศาสตร์,ภาษาอังกฤษ,กรุงเทพมหานคร,13.733347,100.522147
883.0,บริษัท เซ็นทรัล กรุ๊ป ออนไลน์ จำกัด,ศิลปศาสตร์,ภาษาอังกฤษ,กรุงเทพมหานคร,13.795394,100.48402
884.0,โรงเรียนสวรรค์วิทยาคาร,ศิลปศาสตร์,ภาษาอังกฤษ,นราธิวาส,6.4059,101.850233
885.0,โรงเรียนอนุบาลกระบี่,ศิลปศาสตร์,ภาษาอังกฤษ,กระบี่,8.096254,98.919391
886.0,โรงแรม เซ็นทาราอันดาเทวีรีสอร์ทและสปา กระบี่,ศิลปศาสตร์,ภาษาอังกฤษ,กระบี่,8.07477,98.908995
887.0,โรงแรม ดีวาน่า พลาซ่า ภูเก็ต ป่าตอง,ศิลปศาสตร์,ภาษาอังกฤษ,ภูเก็ต,7.875254,98.368145
888.0,โรงแรม ทวินปาล์ม มอนท์เอซัวร์,ศิลปศาสตร์,ภาษาอังกฤษ,ภูเก็ต,7.909536,98.355706
889.0,โรงแรม พูลแมน เขาหลัก รีสอร์ท,ศิลปศาสตร์,ภาษาอังกฤษ,พังงา,8.47094,98.51109
890.0,โรงแรม อวานี อ่าวนาง คลิฟฟ์ กระบี่ รีสอร์ท,ศิลปศาสตร์,ภาษาอังกฤษ,กระบี่,8.086029,98.900537
891.0,โรงแรม อัล มีรอซ กรุงเทพ,ศิลปศาสตร์,ภาษาอังกฤษ,กรุงเทพมหานคร,13.740033,100.486215
892.0,โรงแรมกะตะธานี ภูเก็ต บีช รีสอร์ท,ศิลปศาสตร์,ภาษาอังกฤษ,ภูเก็ต,7.863196,98.394987
893.0,โรงแรมโนราบุรี รีสอร์ท แอนด์ สปา,ศิลปศาสตร์,ภาษาอังกฤษ,สุราษฎร์ธานี,9.123341,99.302203
894.0,โรงแรมอนันตรา บ่อผุด เกาะสมุย รีสอร์ท,ศิลปศาสตร์,ภาษาอังกฤษ,สุราษฎร์ธานี,9.15074,99.356646
895.0,โรงแรมไอบิส สมุย บ่อผุด,ศิลปศาสตร์,ภาษาอังกฤษ,สุราษฎร์ธานี,9.130152,99.345517
896.0,ศูนย์กิจการนานาชาติ มหาวิทยาลัยวลัยลักษณ์,ศิลปศาสตร์,ภาษาอังกฤษ,นครศรีธรรมราช,8.445753,99.988481
897.0,สถานีตำรวจท่องเที่ยว 1 กองกำกับการ 3 กรมบังคับการ ตำรวจท่องเที่ยว 2 (ตำรวจท่องเที่ยวพิษณุโลก),ศิลปศาสตร์,ภาษาอังกฤษ,พิษณุโลก,16.807507,100.225995
898.0,สถานีตำรวจท่องเที่ยวระนอง,ศิลปศาสตร์,ภาษาอังกฤษ,ระนอง,9.967508,98.600896
899.0,สำนักวิชาพหุภาษาและการศึกษาทั่วไป มหาวิทยาลัยวลัยลักษณ์,ศิลปศาสตร์,ภาษาอังกฤษ,นครศรีธรรมราช,8.400614,99.927685
900.0,ส่วนสื่อสารองค์กร มหาวิทยาลัยวลัยลักษณ์,ศิลปศาสตร์,ภาษาอังกฤษ,นครศรีธรรมราช,8.427253,99.966366
901.0,โรงแรม ศาลาสมุย เฉวง บีช,ศิลปศาสตร์,ภาษาอังกฤษ,สุราษฎร์ธานี,9.165571,99.324456
902.0,โรงแรมศรีพันวา ภูเก็ต ลักชัวรี พูลวิลลา,ศิลปศาสตร์,ภาษาอังกฤษ,ภูเก็ต,7.888799,98.359917
903.0,โรงเรียนศรีธรรมราชศึกษา English Program,ศิลปศาสตร์,ภาษาอังกฤษ,นครศรีธรรมราช,8.460567,99.981646
904.0,โรงเรียนท่าศาลาประสิทธิ์ศึกษา,ศิลปศาสตร์,ภาษาอังกฤษ,นครศรีธรรมราช,8.431191,99.964319
905.0,พิพิธภัณฑสถานแห่งชาติ นครศรีธรรมราช,ศิลปศาสตร์,ภาษาอังกฤษ,นครศรีธรรมราช,8.393808,99.985093
906.0,ด่านตรวจคนเข้าเมืองสมุย,ศิลปศาสตร์,ภาษาอังกฤษ,สุราษฎร์ธานี,9.1517,99.354757
907.0,ท่าอากาศยานนานาชาติกระบี่,ศิลปศาสตร์,ภาษาอังกฤษ,กระบี่,8.116717,98.875324
908.0,บริษัท การบินไทย จำกัด (มหาชน) ท่าอากาศยานนานาชาติกระบี่,ศิลปศาสตร์,ภาษาอังกฤษ,กระบี่,8.11678,98.875841
909.0,โรงแรมเดอะทับแขกกระบี่บูทีครีสอร์ท,ศิลปศาสตร์,ภาษาอังกฤษ,กระบี่,8.125396,98.883304
910.0,สำนักงานการท่องเที่ยวและกีฬาจังหวัดสงขลา,ศิลปศาสตร์,ภาษาอังกฤษ,สงขลา,7.169222,100.495857
911.0,บริษัท เบทาโกร จำกัด (มหาชน),รัฐศาสตร์และนิติศาสตร์,รัฐประศาสนศาสตร์,สมุทรปราการ,13.6159,100.690337
912.0,บริษัท แปซิฟิคแปรรูปสัตว์น้ำ จำกัด,รัฐศาสตร์และนิติศาสตร์,รัฐประศาสนศาสตร์,สงขลา,7.193613,100.492765
913.0,บริษัท ลากูน่า เซอร์วิส จำกัด,รัฐศาสตร์และนิติศาสตร์,รัฐประศาสนศาสตร์,ภูเก็ต,7.90463,98.356325
914.0,บริษัท หาดทิพย์ จำกัด (มหาชน) สาขาหาดใหญ่,รัฐศาสตร์และนิติศาสตร์,รัฐประศาสนศาสตร์,สงขลา,7.20419,100.459925
915.0,โรงพยาบาลราษฎร์ยินดี,รัฐศาสตร์และนิติศาสตร์,รัฐประศาสนศาสตร์,กรุงเทพมหานคร,13.738825,100.480577
916.0,บริษัทการบินไทย จำกัด (มหาชน) ท่าอากาศยานนานาชาติภูเก็ต,รัฐศาสตร์และนิติศาสตร์,รัฐประศาสนศาสตร์,ภูเก็ต,7.869408,98.391336
917.0,บริษัท เจริญโภคภัณฑ์อาหาร จำกัด (มหาชน) สำนักสรรหาและคัดเลือกทรัพยากรบุคคล,รัฐศาสตร์และนิติศาสตร์,รัฐประศาสนศาสตร์,กรุงเทพมหานคร,13.728089,100.474103
918.0,บริษัท ชัวร์เท็กซ์ จำกัด,รัฐศาสตร์และนิติศาสตร์,รัฐประศาสนศาสตร์,สุราษฎร์ธานี,9.111745,99.310701
919.0,บริษัท ซีพี ออล์ จำกัด (มหาชน),รัฐศาสตร์และนิติศาสตร์,รัฐประศาสนศาสตร์,กรุงเทพมหานคร,13.767309,100.507249
920.0,บริษัท ซีพีเอฟ (ประเทศไทย) จำกัด (มหาชน) โรงงานหนองจอก,รัฐศาสตร์และนิติศาสตร์,รัฐประศาสนศาสตร์,ลำพูน,18.565118,98.971018
921.0,บริษัท ศรีตรัง แอโกรอินดัสทรี จำกัด (มหาชน),รัฐศาสตร์และนิติศาสตร์,รัฐประศาสนศาสตร์,สงขลา,7.138525,100.501252
922.0,บริษัท สงขลาแคนนิ่ง จำกัด (มหาชน),รัฐศาสตร์และนิติศาสตร์,รัฐประศาสนศาสตร์,สงขลา,7.183879,100.459767
923.0,โรงพยาบาลกรุงเทพสมุย,รัฐศาสตร์และนิติศาสตร์,รัฐประศาสนศาสตร์,สุราษฎร์ธานี,9.099885,99.343624
924.0,การประปาส่วนภูมิภาค เขต 3,รัฐศาสตร์และนิติศาสตร์,รัฐประศาสนศาสตร์,ราชบุรี,13.500598,99.782337
925.0,ที่ทำการปกครองอำเภอเกาะสมุย,รัฐศาสตร์และนิติศาสตร์,รัฐประศาสนศาสตร์,สุราษฎร์ธานี,9.153355,99.290424
926.0,สำนักงานเทศบาลเมืองกระบี่,รัฐศาสตร์และนิติศาสตร์,รัฐประศาสนศาสตร์,กระบี่,8.05641,98.916253
927.0,สำนักงานปลัดกระทรวงทรัพยากรธรรมชาติและสิ่งแวดล้อม,รัฐศาสตร์และนิติศาสตร์,รัฐประศาสนศาสตร์,กรุงเทพมหานคร,13.722407,100.519356
928.0,สำนักงานพัฒนาสังคมและความมั่นคงของมนุษย์จังหวัดพัทลุง,รัฐศาสตร์และนิติศาสตร์,รัฐประศาสนศาสตร์,พัทลุง,7.604736,100.157776
929.0,สำนักงานพัฒนาสังคมและความมั่นคงของมนุษย์จังหวัดสงขลา,รัฐศาสตร์และนิติศาสตร์,รัฐประศาสนศาสตร์,สงขลา,7.175802,100.440558
930.0,สำนักงานพัฒนาสังคมและความมั่นคงของมนุษย์จังหวัดสุราษฎร์ธานี,รัฐศาสตร์และนิติศาสตร์,รัฐประศาสนศาสตร์,สุราษฎร์ธานี,9.158954,99.356555
931.0,สำนักงานศาลรัฐธรรมนูญ,รัฐศาสตร์และนิติศาสตร์,รัฐประศาสนศาสตร์,กรุงเทพมหานคร,13.744072,100.531673
932.0,สำนักงานส่งเสริมการปกครองท้องถิ่นจังหวัดสุราษฎร์ธานี,รัฐศาสตร์และนิติศาสตร์,รัฐประศาสนศาสตร์,สุราษฎร์ธานี,9.160483,99.284624
933.0,องค์การบริหารส่วนจังหวัดกระบี่,รัฐศาสตร์และนิติศาสตร์,รัฐประศาสนศาสตร์,กระบี่,8.066369,98.866632
934.0,องค์การบริหารส่วนจังหวัดตรัง,รัฐศาสตร์และนิติศาสตร์,รัฐประศาสนศาสตร์,ตรัง,7.570916,99.612573
935.0,องค์การบริหารส่วนจังหวัดสตูล,รัฐศาสตร์และนิติศาสตร์,รัฐประศาสนศาสตร์,สตูล,6.64915,100.105622
936.0,เมืองพัทยา,รัฐศาสตร์และนิติศาสตร์,รัฐประศาสนศาสตร์,ชลบุรี,13.369409,100.986361
937.0,โรงแรม ไร่เลย์ วิลเลจ รีสอร์ท แอนด์ สปา กระบี่,รัฐศาสตร์และนิติศาสตร์,รัฐประศาสนศาสตร์,กระบี่,8.1233,98.898435
938.0,โรงแรม อมารี พัทยา,รัฐศาสตร์และนิติศาสตร์,รัฐประศาสนศาสตร์,ชลบุรี,13.395894,100.944704
939.0,โรงพยาบาลกระบี่นครินทร์ อินเตอร์เนชั่นแนล,รัฐศาสตร์และนิติศาสตร์,รัฐประศาสนศาสตร์,กระบี่,8.077275,98.944762
940.0,โรงพยาบาลกรุงเทพภูเก็ต,รัฐศาสตร์และนิติศาสตร์,รัฐประศาสนศาสตร์,ภูเก็ต,7.877958,98.379817
941.0,โรงพยาบาลกรุงเทพหาดใหญ่,รัฐศาสตร์และนิติศาสตร์,รัฐประศาสนศาสตร์,สงขลา,7.195765,100.508916
942.0,โรงพยาบาลจุฬารัตน์ 9 แอร์พอร์ต,รัฐศาสตร์และนิติศาสตร์,รัฐประศาสนศาสตร์,กรุงเทพมหานคร,13.77302,100.473355
943.0,โรงพยาบาลวิรัชศิลป์,รัฐศาสตร์และนิติศาสตร์,รัฐประศาสนศาสตร์,ชุมพร,10.522315,99.211811
944.0,โรงพยาบาลสุราษฎร์ธานี,รัฐศาสตร์และนิติศาสตร์,รัฐประศาสนศาสตร์,สุราษฎร์ธานี,9.124841,99.340975
945.0,กรมส่งเสริมการปกครองท้องถิ่น,รัฐศาสตร์และนิติศาสตร์,รัฐประศาสนศาสตร์,กรุงเทพมหานคร,13.728986,100.466107
946.0,กองแผนงาน กรมที่ดิน,รัฐศาสตร์และนิติศาสตร์,รัฐประศาสนศาสตร์,กรุงเทพมหานคร,13.729235,100.539105
947.0,ที่ทำการปกครองจังหวัดสุราษฎร์ธานี,รัฐศาสตร์และนิติศาสตร์,รัฐประศาสนศาสตร์,สุราษฎร์ธานี,9.148267,99.288678
948.0,ที่ว่าการปกครองอำเภอขนอม,รัฐศาสตร์และนิติศาสตร์,รัฐประศาสนศาสตร์,นครศรีธรรมราช,8.397491,99.977916
949.0,ที่ว่าการอำเภอเชียรใหญ่,รัฐศาสตร์และนิติศาสตร์,รัฐประศาสนศาสตร์,นครศรีธรรมราช,8.416255,99.926119
950.0,ที่ว่าการอำเภอนาบอน,รัฐศาสตร์และนิติศาสตร์,รัฐประศาสนศาสตร์,นครศรีธรรมราช,8.455694,99.99277
951.0,ที่ว่าการอำเภอสิงหนคร,รัฐศาสตร์และนิติศาสตร์,รัฐประศาสนศาสตร์,สงขลา,7.182296,100.48987
952.0,ธนาคารออมสิน สาขาทุ่งสง,รัฐศาสตร์และนิติศาสตร์,รัฐประศาสนศาสตร์,นครศรีธรรมราช,8.439995,99.928328
953.0,บริษัท โรบินสัน จำกัด (มหาชน) สาขาสุราษฎร์ธานี,รัฐศาสตร์และนิติศาสตร์,รัฐประศาสนศาสตร์,สุราษฎร์ธานี,9.104896,99.287122
954.0,บริษัท ซีอาร์ซี ไทวัสดุ จำกัด สาขาสุราษฎร์ธานี,รัฐศาสตร์และนิติศาสตร์,รัฐประศาสนศาสตร์,สุราษฎร์ธานี,9.14664,99.285235
955.0,บริษัท บ้านซูซูกิ จำกัด,รัฐศาสตร์และนิติศาสตร์,รัฐประศาสนศาสตร์,สงขลา,7.208152,100.489555
956.0,บริษัท รักษาความปลอดภัย ยืนยงสงขลา 99 จำกัด,รัฐศาสตร์และนิติศาสตร์,รัฐประศาสนศาสตร์,นครศรีธรรมราช,8.427139,99.937547
957.0,บริษัท หน่ำฮั่วรับเบอร์ จำกัด,รัฐศาสตร์และนิติศาสตร์,รัฐประศาสนศาสตร์,สงขลา,7.204174,100.486622
958.0,บริษัท อีโธส เอ็นเนอร์จี (ประเทศไทย) จำกัด,รัฐศาสตร์และนิติศาสตร์,รัฐประศาสนศาสตร์,ระยอง,12.655397,101.233164
959.0,สำนักงานเทศบาลเมืองชุมพร,รัฐศาสตร์และนิติศาสตร์,รัฐประศาสนศาสตร์,ชุมพร,10.459134,99.206422
960.0,สำนักงานเทศบาลเมืองทุ่งสง,รัฐศาสตร์และนิติศาสตร์,รัฐประศาสนศาสตร์,นครศรีธรรมราช,8.443728,99.938403
961.0,สำนักงานเทศบาลเมืองปากพนัง,รัฐศาสตร์และนิติศาสตร์,รัฐประศาสนศาสตร์,นครศรีธรรมราช,8.431066,99.996136
962.0,สำนักงานเทศบาลนครตรัง,รัฐศาสตร์และนิติศาสตร์,รัฐประศาสนศาสตร์,ตรัง,7.53253,99.612866
963.0,สำนักงานเทศบาลนครยะลา,รัฐศาสตร์และนิติศาสตร์,รัฐประศาสนศาสตร์,ยะลา,6.511325,101.271389
964.0,สำนักงานการท่องเที่ยวและกีฬาจังหวัดนครศรีธรรมราช,รัฐศาสตร์และนิติศาสตร์,รัฐประศาสนศาสตร์,นครศรีธรรมราช,8.40068,99.963243
965.0,สำนักงานจังหวัดตรัง,รัฐศาสตร์และนิติศาสตร์,รัฐประศาสนศาสตร์,ตรัง,7.519907,99.603971
966.0,สำนักงานประกันสังคมจังหวัดนครศรีธรรมราช,รัฐศาสตร์และนิติศาสตร์,รัฐประศาสนศาสตร์,นครศรีธรรมราช,8.39791,99.998232
967.0,สำนักงานปลัดกระทรวงยุติธรรม,รัฐศาสตร์และนิติศาสตร์,รัฐประศาสนศาสตร์,กรุงเทพมหานคร,13.780123,100.470463
968.0,สำนักงานพัฒนาชุมชนจังหวัดสงขลา,รัฐศาสตร์และนิติศาสตร์,รัฐประศาสนศาสตร์,สงขลา,7.200316,100.453911
969.0,สำนักงานพัฒนาชุมชนอำเภอท่าศาลา,รัฐศาสตร์และนิติศาสตร์,รัฐประศาสนศาสตร์,นครศรีธรรมราช,8.420255,99.992644
970.0,สำนักงานพัฒนาชุมชนอำเภอพรหมคีรี,รัฐศาสตร์และนิติศาสตร์,รัฐประศาสนศาสตร์,นครศรีธรรมราช,8.41537,99.929095
971.0,สำนักงานพัฒนาสังคมและความมั่นคงของมนุษย์จังหวัดพังงา,รัฐศาสตร์และนิติศาสตร์,รัฐประศาสนศาสตร์,พังงา,8.429021,98.527385
972.0,สำนักงานส่งเสริมการปกครองท้องถิ่น จังหวัดนครศรีธรรมราช,รัฐศาสตร์และนิติศาสตร์,รัฐประศาสนศาสตร์,นครศรีธรรมราช,8.426495,99.941199
973.0,สำนักงานส่งเสริมการปกครองท้องถิ่นจังหวัดตรัง,รัฐศาสตร์และนิติศาสตร์,รัฐประศาสนศาสตร์,ตรัง,7.598499,99.589163
974.0,สำนักงานส่งเสริมการปกครองท้องถิ่นจังหวัดยะลา,รัฐศาสตร์และนิติศาสตร์,รัฐประศาสนศาสตร์,ยะลา,6.57404,101.259943
975.0,องค์การบริหารส่วนจังหวัดพังงา,รัฐศาสตร์และนิติศาสตร์,รัฐประศาสนศาสตร์,พังงา,8.439186,98.522748
976.0,สมาคมการจัดการงานบุคคลแห่งประเทศไทย,รัฐศาสตร์และนิติศาสตร์,รัฐประศาสนศาสตร์,กรุงเทพมหานคร,13.774408,100.490581
977.0,โรงพยาบาลทักษิณ,รัฐศาสตร์และนิติศาสตร์,รัฐประศาสนศาสตร์,สุราษฎร์ธานี,9.158315,99.350738
978.0,สำนักงานที่ดินจังหวัดนครศรีธรรมราช สาขาท่าศาลา,รัฐศาสตร์และนิติศาสตร์,รัฐประศาสนศาสตร์,นครศรีธรรมราช,8.396898,99.963081
979.0,สำนักงานศาลปกครองนครศรีธรรมราช,รัฐศาสตร์และนิติศาสตร์,รัฐประศาสนศาสตร์,นครศรีธรรมราช,8.451965,99.954351
980.0,ที่ทำการปกครองอำเภอหลังสวน,รัฐศาสตร์และนิติศาสตร์,รัฐประศาสนศาสตร์,ชุมพร,10.526545,99.149604
981.0,องค์การบริหารส่วนตำบลท่าขึ้น,รัฐศาสตร์และนิติศาสตร์,รัฐประศาสนศาสตร์,นครศรีธรรมราช,8.42016,100.000381
982.0,ที่ว่าการอำเภอนบพิตำ,รัฐศาสตร์และนิติศาสตร์,รัฐประศาสนศาสตร์,นครศรีธรรมราช,8.420878,99.933068
983.0,ธนาคารอิสลามแห่งประเทศไทย,รัฐศาสตร์และนิติศาสตร์,รัฐประศาสนศาสตร์,กรุงเทพมหานคร,13.784546,100.490612
984.0,ที่ว่าการอำเภอบางสะพาน,รัฐศาสตร์และนิติศาสตร์,รัฐประศาสนศาสตร์,ประจวบคีรีขันธ์,11.805513,99.797551
985.0,ที่ว่าการอำเภอเมืองชุมพร,รัฐศาสตร์และนิติศาสตร์,รัฐประศาสนศาสตร์,ชุมพร,10.49168,99.176312
986.0,ที่ว่าการอำเภอบ้านนาสาร,รัฐศาสตร์และนิติศาสตร์,รัฐประศาสนศาสตร์,สุราษฎร์ธานี,9.127029,99.331462
987.0,สำนักงานเทศบาลตำบลบ้านกรูด,รัฐศาสตร์และนิติศาสตร์,รัฐประศาสนศาสตร์,ประจวบคีรีขันธ์,11.804558,99.788075
988.0,องค์การบริหารส่วนตำบลอินคีรี,รัฐศาสตร์และนิติศาสตร์,รัฐประศาสนศาสตร์,นครศรีธรรมราช,8.398847,99.952435
989.0,สำนักงานจังหวัดภูเก็ต,รัฐศาสตร์และนิติศาสตร์,รัฐประศาสนศาสตร์,ภูเก็ต,7.916732,98.401806
990.0,เทศบาลตำบลร่อนพิบูลย์,รัฐศาสตร์และนิติศาสตร์,รัฐประศาสนศาสตร์,นครศรีธรรมราช,8.416735,99.972037
991.0,สำนักงานจังหวัดสงขลา,รัฐศาสตร์และนิติศาสตร์,รัฐประศาสนศาสตร์,สงขลา,7.187535,100.440277
992.0,สำนักงานเทศบาลเมืองดอนสัก,รัฐศาสตร์และนิติศาสตร์,รัฐประศาสนศาสตร์,สุราษฎร์ธานี,9.13022,99.299673
993.0,ที่ว่าการอำเภอเขาชัยสน จังหวัดพัทลุง,รัฐศาสตร์และนิติศาสตร์,รัฐประศาสนศาสตร์,พัทลุง,7.643977,100.132577
994.0,สถานีตำรวจภูธรเมืองภูเก็ต,รัฐศาสตร์และนิติศาสตร์,รัฐประศาสนศาสตร์,ภูเก็ต,7.917757,98.357887
995.0,องค์การบริหารส่วนจังหวัดชุมพร,รัฐศาสตร์และนิติศาสตร์,รัฐประศาสนศาสตร์,ชุมพร,10.495107,99.151314
996.0,องค์การบริหารส่วนตำบลไทยบุรี,รัฐศาสตร์และนิติศาสตร์,รัฐประศาสนศาสตร์,นครศรีธรรมราช,8.438732,99.939869
997.0,บริษัท อาฟเตอร์ ยู จำกัด (มหาชน),รัฐศาสตร์และนิติศาสตร์,รัฐประศาสนศาสตร์,กรุงเทพมหานคร,13.756662,100.53464
998.0,บริษัท ยูนิวานิชน้ำมันปาล์ม จำกัด (มหาชน) สาขาอำเภออ่าวลึก,รัฐศาสตร์และนิติศาสตร์,รัฐประศาสนศาสตร์,กระบี่,8.053243,98.92655
999.0,โรงแรมฮอลิเดย์ อินน์ รีสอร์ท กระบี่,รัฐศาสตร์และนิติศาสตร์,รัฐประศาสนศาสตร์,กระบี่,8.083401,98.921777
1000.0,ที่ทำการปกครองอำเภอลานสกา,รัฐศาสตร์และนิติศาสตร์,รัฐประศาสนศาสตร์,นครศรีธรรมราช,8.417368,99.99186
1001.0,ด่านศุลกากรท่าอากาศยานหาดใหญ่,รัฐศาสตร์และนิติศาสตร์,รัฐประศาสนศาสตร์,สงขลา,7.172801,100.447937
1002.0,บริษัท ผลิตไฟฟ้าราชบุรี จำกัด,รัฐศาสตร์และนิติศาสตร์,รัฐประศาสนศาสตร์,ราชบุรี,13.541474,99.794123
1003.0,โรงพยาบาลกรุงเทพสุราษฎร์,รัฐศาสตร์และนิติศาสตร์,รัฐประศาสนศาสตร์,สุราษฎร์ธานี,9.141529,99.330716
1004.0,โรงแรม สันติบุรี เกาะสมุย,รัฐศาสตร์และนิติศาสตร์,รัฐประศาสนศาสตร์,สุราษฎร์ธานี,9.169534,99.35396
1005.0,สำนักงานคุมประพฤติจังหวัดนครศรีธรรมราช,รัฐศาสตร์และนิติศาสตร์,รัฐประศาสนศาสตร์,นครศรีธรรมราช,8.399442,99.988845
1006.0,องค์การบริหารส่วนตำบลหินตก,รัฐศาสตร์และนิติศาสตร์,รัฐประศาสนศาสตร์,นครศรีธรรมราช,8.396306,99.93161
1007.0,โรงแรม อโนน่า บีชฟรอนต์ ภูเก็ต รีสอร์ท,รัฐศาสตร์และนิติศาสตร์,รัฐประศาสนศาสตร์,ภูเก็ต,7.85182,98.405935
1008.0,โรงพยาบาลธนบุรี ทุ่งสง,รัฐศาสตร์และนิติศาสตร์,รัฐประศาสนศาสตร์,นครศรีธรรมราช,8.468497,99.937176
1009.0,สำนักงานปลัด องค์การบริหารส่วนจังหวัดนครศรีธรรมราช,รัฐศาสตร์และนิติศาสตร์,รัฐประศาสนศาสตร์,นครศรีธรรมราช,8.423362,99.940262
1010.0,สำนักงานจังหวัดสุราษฎร์ธานี,รัฐศาสตร์และนิติศาสตร์,รัฐประศาสนศาสตร์,สุราษฎร์ธานี,9.142672,99.325038
1011.0,สำนักงานพัฒนาชุมชนจังหวัดพังงา,รัฐศาสตร์และนิติศาสตร์,รัฐประศาสนศาสตร์,พังงา,8.452399,98.511464
1012.0,ที่ว่าการอำเภอจุฬาภรณ์,รัฐศาสตร์และนิติศาสตร์,รัฐประศาสนศาสตร์,นครศรีธรรมราช,8.444394,99.986754
1013.0,สำนักงานพัฒนาชุมชนจังหวัดสตูล,รัฐศาสตร์และนิติศาสตร์,รัฐประศาสนศาสตร์,สตูล,6.611565,100.103863
1014.0,สำนักงานป้องกันและบรรเทาสาธารณะภัยจังหวัดชุมพร,รัฐศาสตร์และนิติศาสตร์,รัฐประศาสนศาสตร์,ชุมพร,10.504465,99.216225
1015.0,ศูนย์มานุษยวิทยาสิริธร (องค์การมหาชน),รัฐศาสตร์และนิติศาสตร์,รัฐศาสตร์ (การเมืองการปกครอง),กรุงเทพมหานคร,13.741435,100.497725
1016.0,สำนักงานเทศบาลนครหาดใหญ่,รัฐศาสตร์และนิติศาสตร์,รัฐศาสตร์ (การเมืองการปกครอง),สงขลา,7.209326,100.489125
1017.0,สำนักงานเทศบาลนครสงขลา,รัฐศาสตร์และนิติศาสตร์,รัฐศาสตร์ (การเมืองการปกครอง),สงขลา,7.184845,100.481679
1018.0,สำนักงานเทศบาลนครนครศรีธรรมราช,รัฐศาสตร์และนิติศาสตร์,รัฐศาสตร์ (การเมืองการปกครอง),นครศรีธรรมราช,8.425227,99.976388
1019.0,สำนักงานจังหวัดนครศรีธรรมราช,รัฐศาสตร์และนิติศาสตร์,รัฐศาสตร์ (การเมืองการปกครอง),นครศรีธรรมราช,8.456411,99.990631
1020.0,สำนักงานเทศบาลนครเกาะสมุย,รัฐศาสตร์และนิติศาสตร์,รัฐศาสตร์ (การเมืองการปกครอง),สุราษฎร์ธานี,9.172438,99.315723
1021.0,สำนักงานเทศบาลนครสุราษฎร์ธานี,รัฐศาสตร์และนิติศาสตร์,รัฐศาสตร์ (การเมืองการปกครอง),สุราษฎร์ธานี,9.125348,99.333062
1022.0,สถานกงลุสใหญ่ ณ เมืองโกตาบารู,รัฐศาสตร์และนิติศาสตร์,รัฐศาสตร์ (การเมืองการปกครอง),กรุงเทพมหานคร,13.76442,100.525575
1023.0,สำนักงานคณะกรรมการสิทธิมนุษยชนแห่งชาติ,รัฐศาสตร์และนิติศาสตร์,รัฐศาสตร์ (การเมืองการปกครอง),กรุงเทพมหานคร,13.769477,100.528205
1024.0,สถานกงลุสใหญ่ ณ เมืองปีนัง,รัฐศาสตร์และนิติศาสตร์,รัฐศาสตร์ (การเมืองการปกครอง),กรุงเทพมหานคร,13.761615,100.500891
1025.0,กรมเจรจาการค้าระหว่างประเทศ กระทรวงพาณิชย์,รัฐศาสตร์และนิติศาสตร์,รัฐศาสตร์ (การเมืองการปกครอง),นนทบุรี,13.866392,100.52168
1026.0,บริษัท แมกเนคอมพ์ พรีซิชั่น เทคโนโลยี จำกัด (มหาชน),รัฐศาสตร์และนิติศาสตร์,รัฐศาสตร์ (การเมืองการปกครอง),พระนครศรีอยุธยา,14.33385,100.607639
1027.0,ศูนย์อำนวยการบริหารจังหวัดชายแดนภาคใต้,รัฐศาสตร์และนิติศาสตร์,รัฐศาสตร์ (การเมืองการปกครอง),ยะลา,6.554771,101.290779
1028.0,สำนักงานเทศบาลนครนนทบุรี,รัฐศาสตร์และนิติศาสตร์,รัฐศาสตร์ (การเมืองการปกครอง),นนทบุรี,13.893638,100.506826
1029.0,สำนักงานสวัสดิการและคุ้มครองแรงงานจังหวัดสงขลา,รัฐศาสตร์และนิติศาสตร์,รัฐศาสตร์ (การเมืองการปกครอง),สงขลา,7.149145,100.474692
1030.0,สำนักงานเทศบาลนครภูเก็ต,รัฐศาสตร์และนิติศาสตร์,รัฐศาสตร์ (การเมืองการปกครอง),ภูเก็ต,7.868609,98.391153
1031.0,กรมการพัฒนาชุมชน,รัฐศาสตร์และนิติศาสตร์,รัฐศาสตร์ (การเมืองการปกครอง),กรุงเทพมหานคร,13.716473,100.532689
1032.0,ที่ว่าการอำเภอพระพรหม,รัฐศาสตร์และนิติศาสตร์,รัฐศาสตร์ (การเมืองการปกครอง),นครศรีธรรมราช,8.432803,99.978487
1033.0,สถาบันพัฒนาบุคลากรท้องถิ่น,รัฐศาสตร์และนิติศาสตร์,รัฐศาสตร์ (การเมืองการปกครอง),ปทุมธานี,14.024936,100.541571
1034.0,สำนักงานคณะกรรมการการเลือกตั้งประจำจังหวัดนครศรีธรรมราช,รัฐศาสตร์และนิติศาสตร์,รัฐศาสตร์ (การเมืองการปกครอง),นครศรีธรรมราช,8.397478,99.94173
1035.0,กรมส่งเสริมการค้าระหว่างประเทศ กระทรวงพาณิชย์,รัฐศาสตร์และนิติศาสตร์,รัฐศาสตร์ (การเมืองการปกครอง),นนทบุรี,13.830488,100.518294
1036.0,สำนักงานเทศบาลตำบลท่าศาลา,รัฐศาสตร์และนิติศาสตร์,รัฐศาสตร์ (การเมืองการปกครอง),นครศรีธรรมราช,8.39416,99.977483
1037.0,องค์การบริหารส่วนจังหวัดภูเก็ต,รัฐศาสตร์และนิติศาสตร์,รัฐศาสตร์ (การเมืองการปกครอง),ภูเก็ต,7.892565,98.414512
1038.0,ที่ว่าการอำเภอท่าศาลา,รัฐศาสตร์และนิติศาสตร์,รัฐศาสตร์ (การเมืองการปกครอง),นครศรีธรรมราช,8.446489,99.939541
1039.0,ที่ว่าการอำเภอสิชล,รัฐศาสตร์และนิติศาสตร์,รัฐศาสตร์ (การเมืองการปกครอง),นครศรีธรรมราช,8.431038,99.927205
1040.0,สำนักงานพัฒนาสังคมและความมั่นคงของมนุษย์จังหวัดนครศรีธรรมราช,รัฐศาสตร์และนิติศาสตร์,รัฐศาสตร์ (การเมืองการปกครอง),นครศรีธรรมราช,8.422726,99.981615
1041.0,สำนักงานคุมประพฤติจังหวัดสุราษฎร์ธานี,รัฐศาสตร์และนิติศาสตร์,รัฐศาสตร์ (การเมืองการปกครอง),สุราษฎร์ธานี,9.117585,99.350458
1042.0,ที่ว่าการอำเภอเมืองสุราษฎร์ธานี,รัฐศาสตร์และนิติศาสตร์,รัฐศาสตร์ (การเมืองการปกครอง),สุราษฎร์ธานี,9.156598,99.332537
1043.0,องค์การบริหารส่วนจังหวัดสงขลา,รัฐศาสตร์และนิติศาสตร์,รัฐศาสตร์ (การเมืองการปกครอง),สงขลา,7.142052,100.437242
1044.0,ที่ว่าการอำเภอทุ่งสง,รัฐศาสตร์และนิติศาสตร์,รัฐศาสตร์ (การเมืองการปกครอง),นครศรีธรรมราช,8.411654,99.966124
1045.0,องค์การบริหารส่วนจังหวัดปัตตานี,รัฐศาสตร์และนิติศาสตร์,รัฐศาสตร์ (การเมืองการปกครอง),ปัตตานี,6.858769,101.23939
1046.0,องค์การบริหารส่วนตำบลท่าศาลา,รัฐศาสตร์และนิติศาสตร์,รัฐศาสตร์ (การเมืองการปกครอง),นครศรีธรรมราช,8.471816,99.942742
1047.0,สำนักงานส่งเสริมการปกครองท้องถิ่นจังหวัดสงขลา,รัฐศาสตร์และนิติศาสตร์,รัฐศาสตร์ (การเมืองการปกครอง),สงขลา,7.214547,100.457197
1048.0,ที่ว่าการอำเภอเมืองกระบี่,รัฐศาสตร์และนิติศาสตร์,รัฐศาสตร์ (การเมืองการปกครอง),กระบี่,8.065736,98.926494
1049.0,ที่ว่าการอำเภอปลายพระยา,รัฐศาสตร์และนิติศาสตร์,รัฐศาสตร์ (การเมืองการปกครอง),กระบี่,8.073742,98.914496
1050.0,ที่ว่าการอำเภอคีรีรัฐนิคม,รัฐศาสตร์และนิติศาสตร์,รัฐศาสตร์ (การเมืองการปกครอง),สุราษฎร์ธานี,9.120732,99.324158
1051.0,ที่ทำการปกครองจังหวัดภูเก็ต,รัฐศาสตร์และนิติศาสตร์,รัฐศาสตร์ (การเมืองการปกครอง),ภูเก็ต,7.857233,98.426978
1052.0,ที่ทำการปกครองจังหวัดตรัง,รัฐศาสตร์และนิติศาสตร์,รัฐศาสตร์ (การเมืองการปกครอง),ตรัง,7.567072,99.591358
1053.0,ที่ทำการปกครองจังหวัดนครศรีธรรมราช,รัฐศาสตร์และนิติศาสตร์,รัฐศาสตร์ (การเมืองการปกครอง),นครศรีธรรมราช,8.447344,99.993035
1054.0,ที่ทำการปกครองจังหวัดชุมพร,รัฐศาสตร์และนิติศาสตร์,รัฐศาสตร์ (การเมืองการปกครอง),ชุมพร,10.518803,99.147791
1055.0,ที่ว่าการปกครองอำเภอเมืองนครศรีธรรมราช,รัฐศาสตร์และนิติศาสตร์,รัฐศาสตร์ (การเมืองการปกครอง),นครศรีธรรมราช,8.449861,99.986439
1056.0,ที่ทำการปกครองจังหวัดสงขลา,รัฐศาสตร์และนิติศาสตร์,รัฐศาสตร์ (การเมืองการปกครอง),สงขลา,7.140637,100.439266
1057.0,ที่ทำการปกครองจังหวัดยะลา,รัฐศาสตร์และนิติศาสตร์,รัฐศาสตร์ (การเมืองการปกครอง),ยะลา,6.567533,101.283985
1058.0,ศาลเยาวชนและครอบครัวจังหวัดภูเก็ต,รัฐศาสตร์และนิติศาสตร์,รัฐศาสตร์ (การเมืองการปกครอง),ภูเก็ต,7.859869,98.384809
1059.0,ที่ทำการปกครองจังหวัดพังงา,รัฐศาสตร์และนิติศาสตร์,รัฐศาสตร์ (การเมืองการปกครอง),พังงา,8.469691,98.490238
1060.0,ศูนย์ดำรงธรรมจังหวัดกระบี่,รัฐศาสตร์และนิติศาสตร์,รัฐศาสตร์ (การเมืองการปกครอง),กระบี่,8.048462,98.875617
1061.0,องค์การบริหารส่วนจังหวัดระนอง,รัฐศาสตร์และนิติศาสตร์,รัฐศาสตร์ (การเมืองการปกครอง),ระนอง,9.950697,98.606878
1062.0,สำนักงานส่งเสริมการปกครองท้องถิ่นอำเภอเมืองปัตตานี,รัฐศาสตร์และนิติศาสตร์,รัฐศาสตร์ (การเมืองการปกครอง),ปัตตานี,6.854364,101.230151
1063.0,ที่ว่าการอำเภอชะอวด,รัฐศาสตร์และนิติศาสตร์,รัฐศาสตร์ (การเมืองการปกครอง),นครศรีธรรมราช,8.462537,99.932054
1064.0,ที่ว่าการอำเภอปากพนัง,รัฐศาสตร์และนิติศาสตร์,รัฐศาสตร์ (การเมืองการปกครอง),นครศรีธรรมราช,8.394394,99.946505
1065.0,ที่ว่าการอำเภอเมืองนราธิวาส,รัฐศาสตร์และนิติศาสตร์,รัฐศาสตร์ (การเมืองการปกครอง),นราธิวาส,6.412461,101.854618
1066.0,ที่ว่าการอำเภอถลาง,รัฐศาสตร์และนิติศาสตร์,รัฐศาสตร์ (การเมืองการปกครอง),ภูเก็ต,7.857606,98.355661
1067.0,สำนักงานศาลปกครอง,รัฐศาสตร์และนิติศาสตร์,รัฐศาสตร์ (การเมืองการปกครอง),กรุงเทพมหานคร,13.780536,100.466376
1068.0,ที่ทำการปกครองอำเภอหาดใหญ่,รัฐศาสตร์และนิติศาสตร์,รัฐศาสตร์ (การเมืองการปกครอง),กรุงเทพมหานคร,13.749195,100.498573
1069.0,สำนักงานพัฒนาสังคมและความมั่นคงของมนุษย์ จังหวัดนนทบุรี,รัฐศาสตร์และนิติศาสตร์,รัฐศาสตร์ (การเมืองการปกครอง),นนทบุรี,13.899151,100.545703
1070.0,สำนักงานศาลปกครองนครศรีธรรมราช,รัฐศาสตร์และนิติศาสตร์,รัฐศาสตร์ (การเมืองการปกครอง),นครศรีธรรมราช,8.446332,99.991126
1071.0,สำนักงานพัฒนาชุมชนอำเภอเมืองนครศรีธรรมราช,รัฐศาสตร์และนิติศาสตร์,รัฐศาสตร์ (การเมืองการปกครอง),นครศรีธรรมราช,8.440245,99.926091
1072.0,สำนักงานจังหวัดกระบี่,รัฐศาสตร์และนิติศาสตร์,รัฐศาสตร์ (การเมืองการปกครอง),กระบี่,8.067342,98.890052
1073.0,สำนักงานส่งเสริมการปกครองท้องถิ่นจังหวัดภูเก็ต,รัฐศาสตร์และนิติศาสตร์,รัฐศาสตร์ (การเมืองการปกครอง),ภูเก็ต,7.899426,98.366483
1074.0,สำนักงานจังหวัดนราธิวาส,รัฐศาสตร์และนิติศาสตร์,รัฐศาสตร์ (การเมืองการปกครอง),นราธิวาส,6.397349,101.776067
1075.0,ที่ทำการปกครองจังหวัดสตูล,รัฐศาสตร์และนิติศาสตร์,รัฐศาสตร์ (การเมืองการปกครอง),สตูล,6.58864,100.075061
1076.0,ที่ทำการปกครองจังหวัดสตูล,รัฐศาสตร์และนิติศาสตร์,รัฐศาสตร์ (การเมืองการปกครอง),สตูล,6.613046,100.041202
1077.0,สำนักงานพัฒนาชุมชนจังหวัดสุราษฎร์ธานี,รัฐศาสตร์และนิติศาสตร์,รัฐศาสตร์ (การเมืองการปกครอง),สุราษฎร์ธานี,9.118236,99.334795
1078.0,สำนักงานจังหวัดกระบี่,รัฐศาสตร์และนิติศาสตร์,รัฐศาสตร์ (การเมืองการปกครอง),กระบี่,8.056108,98.875399
1079.0,สำนักงานส่งเสริมการปกครองท้องถิ่นจังหวัดภูเก็ต,รัฐศาสตร์และนิติศาสตร์,รัฐศาสตร์ (การเมืองการปกครอง),ภูเก็ต,7.879212,98.368368
1080.0,สำนักงานส่งเสริมการปกครองท้องถิ่นจังหวัดภูเก็ต,รัฐศาสตร์และนิติศาสตร์,รัฐศาสตร์ (การเมืองการปกครอง),ภูเก็ต,7.867602,98.356126
1081.0,สำนักงานพัฒนาชุมชนจังหวัดสุราษฎร์ธานี,รัฐศาสตร์และนิติศาสตร์,รัฐศาสตร์ (การเมืองการปกครอง),สุราษฎร์ธานี,9.127386,99.344256
1082.0,สำนักงานพัฒนาชุมชนจังหวัดสุราษฎร์ธานี,รัฐศาสตร์และนิติศาสตร์,รัฐศาสตร์ (การเมืองการปกครอง),สุราษฎร์ธานี,9.157433,99.308449
1083.0,สํานักงานที่ดินจังหวัดนครศรีธรรมราช,รัฐศาสตร์และนิติศาสตร์,รัฐศาสตร์ (การเมืองการปกครอง),นครศรีธรรมราช,8.40181,99.950557
1084.0,โรงแรม เดอะ ซี เกาะสมุย รีสอร์ท แอนด์ เรสซิเดนซ์ บาย ทูลานี,รัฐศาสตร์และนิติศาสตร์,รัฐศาสตร์ (การเมืองการปกครอง),สุราษฎร์ธานี,9.174136,99.318857
1085.0,สำนักงานคุมประพฤติจังหวัดนครศรีธรรมราช สาขาทุ่งสง,รัฐศาสตร์และนิติศาสตร์,รัฐศาสตร์ (การเมืองการปกครอง),นครศรีธรรมราช,8.467577,99.961662
1086.0,เรือนจำจังหวัดภูเก็ต,รัฐศาสตร์และนิติศาสตร์,รัฐศาสตร์ (การเมืองการปกครอง),ภูเก็ต,7.919439,98.359339
1087.0,ที่ว่าการอำเภอหาดใหญ่,รัฐศาสตร์และนิติศาสตร์,รัฐศาสตร์ (การเมืองการปกครอง),สงขลา,7.162519,100.455461
1088.0,ที่ว่าการอำเภอเมืองระนอง,รัฐศาสตร์และนิติศาสตร์,รัฐศาสตร์ (การเมืองการปกครอง),ระนอง,9.964663,98.624908
1089.0,ที่ว่าการอำเภอเวียงสระ,รัฐศาสตร์และนิติศาสตร์,รัฐศาสตร์ (การเมืองการปกครอง),สุราษฎร์ธานี,9.176269,99.35807
1090.0,ที่ว่าการอำเภอดอนสัก,รัฐศาสตร์และนิติศาสตร์,รัฐศาสตร์ (การเมืองการปกครอง),สุราษฎร์ธานี,9.124962,99.354484
1091.0,Hanoi University,รัฐศาสตร์และนิติศาสตร์,รัฐศาสตร์(อาเซียนศึกษา),เวียดนาม,,
1092.0,Museum Rudana,รัฐศาสตร์และนิติศาสตร์,รัฐศาสตร์(อาเซียนศึกษา),อินโดนีเซีย,,
1093.0,Universitas Negari Malang,รัฐศาสตร์และนิติศาสตร์,รัฐศาสตร์(อาเซียนศึกษา),อินโดนีเซีย,,
1094.0,Universitas Trunojoyo Madura,รัฐศาสตร์และนิติศาสตร์,รัฐศาสตร์(อาเซียนศึกษา),อินโดนีเซีย,,
1095.0,ด่านตรวจคนเข้าเมืองเบตง,รัฐศาสตร์และนิติศาสตร์,รัฐศาสตร์(อาเซียนศึกษา),ยะลา,6.536302,101.257071
1096.0,บริษัท คิง เพาเวอร์ อินเตอร์เนชั่นแนล จำกัด สาขาท่าอากาศยานสุวรรณภูมิ,รัฐศาสตร์และนิติศาสตร์,รัฐศาสตร์(อาเซียนศึกษา),สมุทรปราการ,13.569612,100.699966
1097.0,บริษัท ไทยแอร์เอเชีย จำกัด ท่าอากาศยานนานาชาติสุราษฎร์ธานี,รัฐศาสตร์และนิติศาสตร์,รัฐศาสตร์(อาเซียนศึกษา),สุราษฎร์ธานี,9.100255,99.321388
1098.0,มูลนิธิกระจกเงา จังหวัดเชียงราย,รัฐศาสตร์และนิติศาสตร์,รัฐศาสตร์(อาเซียนศึกษา),เชียงราย,19.933808,99.837351
1099.0,มูลนิธิสื่อเพื่อการศึกษาของชุมชน,รัฐศาสตร์และนิติศาสตร์,รัฐศาสตร์(อาเซียนศึกษา),กรุงเทพมหานคร,13.787511,100.482215
1100.0,โรงเรียนกัลยาณชนรังสรรค์มูลนิธิ มัสยิดบ้านเหนือ,รัฐศาสตร์และนิติศาสตร์,รัฐศาสตร์(อาเซียนศึกษา),สงขลา,7.174708,100.500084
1101.0,โรงเรียนเมืองนครศรีธรรมราช,รัฐศาสตร์และนิติศาสตร์,รัฐศาสตร์(อาเซียนศึกษา),นครศรีธรรมราช,8.42428,99.93049
1102.0,โรงแรม ไร่เลย์ เบย์ รีสอร์ท แอนด์ สปา,รัฐศาสตร์และนิติศาสตร์,รัฐศาสตร์(อาเซียนศึกษา),กระบี่,8.054062,98.893317
1103.0,โรงแรมเกาะยาวใหญ่วิลเลจ,รัฐศาสตร์และนิติศาสตร์,รัฐศาสตร์(อาเซียนศึกษา),พังงา,8.465297,98.499752
1104.0,สถาบันเอเชียศึกษา จุฬาลงกรณ์มหาวิทยาลัย,รัฐศาสตร์และนิติศาสตร์,รัฐศาสตร์(อาเซียนศึกษา),กรุงเทพมหานคร,13.736302,100.535657
1105.0,สำนักงานการท่องเที่ยวเมืองบาตู,รัฐศาสตร์และนิติศาสตร์,รัฐศาสตร์(อาเซียนศึกษา),อินโดนีเซีย,,
1106.0,สำนักงานสวัสดิการและคุ้มครองแรงงานจังหวัดสงขลา สาขาหาดใหญ่,รัฐศาสตร์และนิติศาสตร์,รัฐศาสตร์(อาเซียนศึกษา),สงขลา,7.14748,100.505035
1107.0,หลักสูตรอินโดนีเซีย-มาเลเซียศึกษาเพื่องานระหว่างประเทศ คณะมนุษยศาสตร์และสังคมศาสตร์ มหาวิทยาลัยราชภัฎสงขลา,รัฐศาสตร์และนิติศาสตร์,รัฐศาสตร์(อาเซียนศึกษา),สงขลา,7.212844,100.466718
1108.0,Universitas Brawijaya,รัฐศาสตร์และนิติศาสตร์,รัฐศาสตร์(อาเซียนศึกษา),อินโดนีเซีย,,
1109.0,Universitas Negari Malang,รัฐศาสตร์และนิติศาสตร์,รัฐศาสตร์(อาเซียนศึกษา),อินโดนีเซีย,,
1110.0,ตรวจคนเข้าเมืองจังหวัดนครศรีธรรมราช,รัฐศาสตร์และนิติศาสตร์,รัฐศาสตร์(อาเซียนศึกษา),นครศรีธรรมราช,8.432502,99.957865
1111.0,Universitas Brawijaya,รัฐศาสตร์และนิติศาสตร์,รัฐศาสตร์(อาเซียนศึกษา),อินโดนีเซีย,,
1112.0,ตรวจคนเข้าเมืองจังหวัดภูเก็ต,รัฐศาสตร์และนิติศาสตร์,รัฐศาสตร์(อาเซียนศึกษา),ภูเก็ต,7.868581,98.356574
1113.0,บริษัท สยาม เอ็กซ์เพรส โลจิสติกส์ 2023 จำกัด,รัฐศาสตร์และนิติศาสตร์,รัฐศาสตร์(อาเซียนศึกษา),สมุทรปราการ,13.631814,100.659694
1114.0,โรงแรมเกาะยาวใหญ่วิลเลจ,รัฐศาสตร์และนิติศาสตร์,รัฐศาสตร์(อาเซียนศึกษา),พังงา,8.442527,98.52994
1115.0,สถานกงสุลใหญ่ ณ นครเฉิงตู,รัฐศาสตร์และนิติศาสตร์,รัฐศาสตร์(ความสัมพันธ์ระหว่างประเทศ),จีน,,
1116.0,การท่องเที่ยวแห่งประเทศไทย สำนักงานสุราษฎร์ธานี,รัฐศาสตร์และนิติศาสตร์,รัฐศาสตร์(ความสัมพันธ์ระหว่างประเทศ),สุราษฎร์ธานี,9.102895,99.313217
1117.0,การท่องเที่ยวแห่งประเทศไทย,รัฐศาสตร์และนิติศาสตร์,รัฐศาสตร์(ความสัมพันธ์ระหว่างประเทศ),กรุงเทพมหานคร,13.788441,100.463479
1118.0,สำนักงานพาณิชย์จังหวัดนครศรีธรรมราช กลุ่มกำกับดูแลและพัฒนาเศรษฐกิจการค้า,รัฐศาสตร์และนิติศาสตร์,รัฐศาสตร์(ความสัมพันธ์ระหว่างประเทศ),นครศรีธรรมราช,8.444184,99.994833
1119.0,การท่องเที่ยวแห่งประเทศไทย สำนักงานภูเก็ต,รัฐศาสตร์และนิติศาสตร์,รัฐศาสตร์(ความสัมพันธ์ระหว่างประเทศ),ภูเก็ต,7.88251,98.373931
1120.0,ศูนย์ส่งเสริมการส่งออกในภูมิภาค (สุราษฎร์ธานี),รัฐศาสตร์และนิติศาสตร์,รัฐศาสตร์(ความสัมพันธ์ระหว่างประเทศ),สุราษฎร์ธานี,9.1251,99.311051
1121.0,กระทรวงดิจิทัลเพื่อเศรษฐกิจและสังคม,รัฐศาสตร์และนิติศาสตร์,รัฐศาสตร์(ความสัมพันธ์ระหว่างประเทศ),กรุงเทพมหานคร,13.772848,100.484039
1122.0,กระทรวงการต่างประเทศ,รัฐศาสตร์และนิติศาสตร์,รัฐศาสตร์(ความสัมพันธ์ระหว่างประเทศ),กรุงเทพมหานคร,13.777786,100.521651
1123.0,สำนักงานศาลยุติธรรมประจำภาค 8,รัฐศาสตร์และนิติศาสตร์,รัฐศาสตร์(ความสัมพันธ์ระหว่างประเทศ),สุราษฎร์ธานี,9.113059,99.29296
1124.0,ด่านศุลกากรระนอง,รัฐศาสตร์และนิติศาสตร์,รัฐศาสตร์(ความสัมพันธ์ระหว่างประเทศ),ระนอง,9.915889,98.599357
1125.0,กองการต่างประเทศ สำนักงานปลัดกระทรวงมหาดไทย,รัฐศาสตร์และนิติศาสตร์,รัฐศาสตร์(ความสัมพันธ์ระหว่างประเทศ),กรุงเทพมหานคร,13.742839,100.499931
1126.0,สำนักงานพาณิชย์จังหวัดภูเก็ต,รัฐศาสตร์และนิติศาสตร์,รัฐศาสตร์(ความสัมพันธ์ระหว่างประเทศ),ภูเก็ต,7.909612,98.38781
1127.0,สำนักงานพาณิชย์จังหวัดสงขลา,รัฐศาสตร์และนิติศาสตร์,รัฐศาสตร์(ความสัมพันธ์ระหว่างประเทศ),สงขลา,7.164511,100.502702
1128.0,สำนักงานการท่องเที่ยวและกีฬาจังหวัดภูเก็ต,รัฐศาสตร์และนิติศาสตร์,รัฐศาสตร์(ความสัมพันธ์ระหว่างประเทศ),ภูเก็ต,7.848489,98.404742
1129.0,สำนักงานพัฒนาชุมชนอำเภอเมืองนครศรีธรรมราช,รัฐศาสตร์และนิติศาสตร์,รัฐศาสตร์(ความสัมพันธ์ระหว่างประเทศ),นครศรีธรรมราช,8.434205,99.987602
1130.0,สำนักงานแรงงานจังหวัดนครศรีธรรมราช,รัฐศาสตร์และนิติศาสตร์,รัฐศาสตร์(ความสัมพันธ์ระหว่างประเทศ),นครศรีธรรมราช,8.465091,99.947086
1131.0,สำนักงานสวัสดิการและคุ้มครองแรงงานจังหวัดสุราษฎร์ธานี,รัฐศาสตร์และนิติศาสตร์,รัฐศาสตร์(ความสัมพันธ์ระหว่างประเทศ),สุราษฎร์ธานี,9.139923,99.287853
1132.0,สำนักงานบังคับคดีจังหวัดพังงา,รัฐศาสตร์และนิติศาสตร์,รัฐศาสตร์(ความสัมพันธ์ระหว่างประเทศ),พังงา,8.476188,98.548446
1133.0,ศูนย์ดำรงธรรมจังหวัดนครศรีธรรมราช,รัฐศาสตร์และนิติศาสตร์,รัฐศาสตร์(ความสัมพันธ์ระหว่างประเทศ),นครศรีธรรมราช,8.458231,99.937144
1134.0,สำนักงานสวัสดิการและคุ้มครองแรงงานจังหวัดภูเก็ต,รัฐศาสตร์และนิติศาสตร์,รัฐศาสตร์(ความสัมพันธ์ระหว่างประเทศ),ภูเก็ต,7.906218,98.35527
1135.0,บริษัท ท่าอากาศยานไทย จำกัด (มหาชน) ท่าอากาศยานสุวรรณภูมิ,รัฐศาสตร์และนิติศาสตร์,รัฐศาสตร์(ความสัมพันธ์ระหว่างประเทศ),สมุทรปราการ,13.616962,100.706182
1136.0,เทศบาลตำบลนาบอน,รัฐศาสตร์และนิติศาสตร์,รัฐศาสตร์(ความสัมพันธ์ระหว่างประเทศ),นครศรีธรรมราช,8.410815,99.982967
1137.0,บริษัท ไทย ไลอ้อน เมนทารี จำกัด จังหวัดนครศรีธรรมราช,รัฐศาสตร์และนิติศาสตร์,รัฐศาสตร์(ความสัมพันธ์ระหว่างประเทศ),นครศรีธรรมราช,8.45151,99.980464
1138.0,ศูนย์วัฒนธรรมอาเซียน สำนักความสัมพันธ์ต่างประเทศ สำนักงานปลัดกระทรวงวัฒนธรรม,รัฐศาสตร์และนิติศาสตร์,รัฐศาสตร์(ความสัมพันธ์ระหว่างประเทศ),กรุงเทพมหานคร,13.749374,100.519995
1139.0,ด่านศุลกากรสะเดา,รัฐศาสตร์และนิติศาสตร์,รัฐศาสตร์(ความสัมพันธ์ระหว่างประเทศ),สงขลา,7.163993,100.451904
1140.0,สถานกงสุลใหญ่อินเดีย จังหวัดเชียงใหม่,รัฐศาสตร์และนิติศาสตร์,รัฐศาสตร์(ความสัมพันธ์ระหว่างประเทศ),เชียงใหม่,18.782645,98.962088
1141.0,สํานักงานข้าหลวงใหญ่ผู้ลี้ภัยแห่งสหประชาชาติ,รัฐศาสตร์และนิติศาสตร์,รัฐศาสตร์(ความสัมพันธ์ระหว่างประเทศ),กรุงเทพมหานคร,13.770345,100.520533
1142.0,ด่านตรวจคนเข้าเมือง ท่าอากาศยานสุวรรณภูมิ กองบังคับการตรวจคนเข้าเมือง 2,รัฐศาสตร์และนิติศาสตร์,รัฐศาสตร์(ความสัมพันธ์ระหว่างประเทศ),สมุทรปราการ,13.587501,100.680637
1143.0,กรมป่าไม้ (สำนักจัดการทรัพยากรป่าไม้ที่ 11 สุราษฎร์ธานี),รัฐศาสตร์และนิติศาสตร์,รัฐศาสตร์(ความสัมพันธ์ระหว่างประเทศ),สุราษฎร์ธานี,9.159344,99.335428
1144.0,ตรวจคนเข้าเมืองจังหวัดนครศรีธรรมราช,รัฐศาสตร์และนิติศาสตร์,รัฐศาสตร์(ความสัมพันธ์ระหว่างประเทศ),นครศรีธรรมราช,8.403719,99.946889
1145.0,บริษัท เลิฟ ไอแลนด์ จำกัด,รัฐศาสตร์และนิติศาสตร์,รัฐศาสตร์(ความสัมพันธ์ระหว่างประเทศ),ภูเก็ต,7.852883,98.374317
1146.0,สำนักงานเทศบาลตำบลตันหยงมัส,รัฐศาสตร์และนิติศาสตร์,รัฐศาสตร์(ความสัมพันธ์ระหว่างประเทศ),นราธิวาส,6.416366,101.804737
1147.0,สำนักงานสรรพสามิตพื้นที่ตรัง,รัฐศาสตร์และนิติศาสตร์,รัฐศาสตร์(ความสัมพันธ์ระหว่างประเทศ),ตรัง,7.543962,99.635506
1148.0,สำนักการประชาสัมพันธ์ต่างประเทศ กรมประชาสัมพันธ์,รัฐศาสตร์และนิติศาสตร์,รัฐศาสตร์(ความสัมพันธ์ระหว่างประเทศ),กรุงเทพมหานคร,13.789843,100.511795
1149.0,ศาลปกครองสงขลา,รัฐศาสตร์และนิติศาสตร์,รัฐศาสตร์(ความสัมพันธ์ระหว่างประเทศ),สงขลา,7.207919,100.483924
1150.0,สำนักงานสถิติจังหวัดสุราษฎร์ธานี,รัฐศาสตร์และนิติศาสตร์,รัฐศาสตร์(ความสัมพันธ์ระหว่างประเทศ),สุราษฎร์ธานี,9.100036,99.344424
1151.0,กองคุ้มครองและดูแลผลประโยชน์คนไทยในต่างประเทศ กระทรวงการต่างประเทศ,รัฐศาสตร์และนิติศาสตร์,รัฐศาสตร์(ความสัมพันธ์ระหว่างประเทศ),กรุงเทพมหานคร,13.757747,100.495599
1152.0,สำนักงานสรรพสามิตพื้นที่นครศรีธรรมราช,รัฐศาสตร์และนิติศาสตร์,รัฐศาสตร์(ความสัมพันธ์ระหว่างประเทศ),นครศรีธรรมราช,8.425936,99.983676
1153.0,ด่านตรวจคนเข้าเมือง ท่าอากาศยานกรุงเทพ,รัฐศาสตร์และนิติศาสตร์,รัฐศาสตร์(ความสัมพันธ์ระหว่างประเทศ),กรุงเทพมหานคร,13.776697,100.534209
1154.0,สำนักงานพาณิชย์จังหวัดเชียงใหม่,รัฐศาสตร์และนิติศาสตร์,รัฐศาสตร์(ความสัมพันธ์ระหว่างประเทศ),เชียงใหม่,18.775281,98.985163
1155.0,สำนักงานการค้าต่างประเทศ เขต 6 (เชียงราย) กรมการค้าต่างประเทศ กระทรวงพาณิชย์,รัฐศาสตร์และนิติศาสตร์,รัฐศาสตร์(ความสัมพันธ์ระหว่างประเทศ),เชียงราย,19.922227,99.828332
1156.0,มูลนิธินิมิตรประเทศไทย จังหวัดเชียงใหม่,รัฐศาสตร์และนิติศาสตร์,รัฐศาสตร์(ความสัมพันธ์ระหว่างประเทศ),กรุงเทพมหานคร,13.74064,100.535425
1157.0,สำนักงานจัดหางานจังหวัดสมุทรปราการ,รัฐศาสตร์และนิติศาสตร์,รัฐศาสตร์(ความสัมพันธ์ระหว่างประเทศ),สมุทรปราการ,13.640642,100.640657
1158.0,สำนักงานจัดหางานจังหวัดภูเก็ต,รัฐศาสตร์และนิติศาสตร์,รัฐศาสตร์(ความสัมพันธ์ระหว่างประเทศ),ภูเก็ต,7.888786,98.377595
1159.0,สำนักงานการท่องเที่ยวและกีฬาจังหวัดเชียงใหม่,รัฐศาสตร์และนิติศาสตร์,รัฐศาสตร์(ความสัมพันธ์ระหว่างประเทศ),เชียงใหม่,18.793227,98.977824
1160.0,ด่านศุลกากรนครศรีธรรมราช,รัฐศาสตร์และนิติศาสตร์,รัฐศาสตร์(ความสัมพันธ์ระหว่างประเทศ),นครศรีธรรมราช,8.421256,99.959146
1161.0,มูลนิธิรักษ์ไทย สำนักงานจังหวัดเชียงใหม่,รัฐศาสตร์และนิติศาสตร์,รัฐศาสตร์(ความสัมพันธ์ระหว่างประเทศ),เชียงใหม่,18.75556,99.00218
1162.0,มูลนิธิกระจกเงา สำนักงานฝาง จังหวัดเชียงใหม่,รัฐศาสตร์และนิติศาสตร์,รัฐศาสตร์(ความสัมพันธ์ระหว่างประเทศ),เชียงใหม่,18.824434,99.004001
1163.0,ด่านศุลกากรกระบี่,รัฐศาสตร์และนิติศาสตร์,รัฐศาสตร์(ความสัมพันธ์ระหว่างประเทศ),กระบี่,8.109649,98.889217
1164.0,ตรวจคนเข้าเมืองจังหวัดปัตตานี,รัฐศาสตร์และนิติศาสตร์,รัฐศาสตร์(ความสัมพันธ์ระหว่างประเทศ),ปัตตานี,6.848868,101.218426
1165.0,สำนักงานแรงงานจังหวัดเชียงราย,รัฐศาสตร์และนิติศาสตร์,รัฐศาสตร์(ความสัมพันธ์ระหว่างประเทศ),เชียงราย,19.897459,99.861048
1166.0,กรมการจัดหางาน กระทรวงแรงงาน,รัฐศาสตร์และนิติศาสตร์,รัฐศาสตร์(ความสัมพันธ์ระหว่างประเทศ),กรุงเทพมหานคร,13.732412,100.503699
1167.0,สำนักงานยุติธรรมจังหวัดนครศรีธรรมราช,รัฐศาสตร์และนิติศาสตร์,รัฐศาสตร์(ความสัมพันธ์ระหว่างประเทศ),นครศรีธรรมราช,8.405298,99.93082
1168.0,สำนักงานสวัสดิการและคุ้มครองแรงงานจังหวัดปัตตานี,รัฐศาสตร์และนิติศาสตร์,รัฐศาสตร์(ความสัมพันธ์ระหว่างประเทศ),ปัตตานี,6.834362,101.260682
1169.0,เทศบาลตำบลท่าแพ,รัฐศาสตร์และนิติศาสตร์,รัฐศาสตร์(ความสัมพันธ์ระหว่างประเทศ),นครศรีธรรมราช,8.397636,99.961386
1170.0,สำนักงานแรงงานจังหวัดยะลา,รัฐศาสตร์และนิติศาสตร์,รัฐศาสตร์(ความสัมพันธ์ระหว่างประเทศ),ยะลา,6.519977,101.288742
1171.0,กรมการกงสุล กระทรวงการต่างประเทศ สำนักงานหนังสือเดินทางฯ จังหวัดนครศรีธรรมราช,รัฐศาสตร์และนิติศาสตร์,รัฐศาสตร์(ความสัมพันธ์ระหว่างประเทศ),นครศรีธรรมราช,8.459674,99.940537
1172.0,สำนักงานการท่องเที่ยวและกีฬาจังหวัดระนอง,รัฐศาสตร์และนิติศาสตร์,รัฐศาสตร์(ความสัมพันธ์ระหว่างประเทศ),ระนอง,9.967121,98.570335
1173.0,บริษัท ชิปป๊อป จำกัด,รัฐศาสตร์และนิติศาสตร์,รัฐศาสตร์(ความสัมพันธ์ระหว่างประเทศ),กรุงเทพมหานคร,13.71858,100.531293
1174.0,สำนักบริหารพื้นที่อนุรักษ์ที่ 4,รัฐศาสตร์และนิติศาสตร์,รัฐศาสตร์(ความสัมพันธ์ระหว่างประเทศ),สุราษฎร์ธานี,9.100301,99.313113
1175.0,สถานกงสุลอินโดนีเซียประจำจังหวัดสงขลา,รัฐศาสตร์และนิติศาสตร์,รัฐศาสตร์(ความสัมพันธ์ระหว่างประเทศ),สงขลา,7.211122,100.437152
1176.0,หอการค้าจังหวัดเชียงใหม่,รัฐศาสตร์และนิติศาสตร์,รัฐศาสตร์(ความสัมพันธ์ระหว่างประเทศ),เชียงใหม่,18.82324,99.000532
1177.0,ที่ทำการอำเภอปะเหลียน,รัฐศาสตร์และนิติศาสตร์,รัฐศาสตร์(ความสัมพันธ์ระหว่างประเทศ),ตรัง,7.55163,99.650163
1178.0,สถานเอกอัครราชทูต ณ กรุงสตอกโฮม,รัฐศาสตร์และนิติศาสตร์,รัฐศาสตร์(ความสัมพันธ์ระหว่างประเทศ),สวีเดน,,
1179.0,สำนักงานปลัดกระทรวงพัฒนาสังคมและความมั่นคงของมนุษย์,รัฐศาสตร์และนิติศาสตร์,รัฐศาสตร์(ความสัมพันธ์ระหว่างประเทศ),กรุงเทพมหานคร,13.756171,100.489136
1180.0,สำนักงานจัดหางานกรุงเทพมหานครพื้นที่ 10,รัฐศาสตร์และนิติศาสตร์,รัฐศาสตร์(ความสัมพันธ์ระหว่างประเทศ),กรุงเทพมหานคร,13.782517,100.476419
1181.0,สำนักงานเลขาธิการสภาผู้แทนราษฎร,รัฐศาสตร์และนิติศาสตร์,รัฐศาสตร์(ความสัมพันธ์ระหว่างประเทศ),กรุงเทพมหานคร,13.77871,100.467905
1182.0,สถาบันการต่างประเทศเทวะวงศ์วโรปการ,รัฐศาสตร์และนิติศาสตร์,รัฐศาสตร์(ความสัมพันธ์ระหว่างประเทศ),กรุงเทพมหานคร,13.738841,100.536172
1183.0,สถานเอกอัครราชทูตไทย ณ เวียงจันทร์,รัฐศาสตร์และนิติศาสตร์,รัฐศาสตร์(ความสัมพันธ์ระหว่างประเทศ),สาธารณรัฐประชาธิปไตยประชาชนลาว,,
1184.0,กระทรวงการพัฒนาสังคมและความมั่นคงของมนุษย์,รัฐศาสตร์และนิติศาสตร์,รัฐศาสตร์(ความสัมพันธ์ระหว่างประเทศ),กรุงเทพมหานคร,13.768386,100.484518
1185.0,กองการต่างประเทศ สำนักงานปลัดกระทรวงการพัฒนาสังคมและความมั่นคงของมนุษย์,รัฐศาสตร์และนิติศาสตร์,รัฐศาสตร์(ความสัมพันธ์ระหว่างประเทศ),กรุงเทพมหานคร,13.771782,100.490678
1186.0,กรมการศาสนา กระทรวงวัฒนธรรม,รัฐศาสตร์และนิติศาสตร์,รัฐศาสตร์(ความสัมพันธ์ระหว่างประเทศ),กรุงเทพมหานคร,13.7631,100.529617
1187.0,UNDP,รัฐศาสตร์และนิติศาสตร์,รัฐศาสตร์(ความสัมพันธ์ระหว่างประเทศ),กรุงเทพมหานคร,13.752679,100.531689
1188.0,UNESCO,รัฐศาสตร์และนิติศาสตร์,รัฐศาสตร์(ความสัมพันธ์ระหว่างประเทศ),กรุงเทพมหานคร,13.737984,100.485256
1189.0,กรมองค์การระหว่างประเทศ กระทรวงการต่างประเทศ,รัฐศาสตร์และนิติศาสตร์,รัฐศาสตร์(ความสัมพันธ์ระหว่างประเทศ),กรุงเทพมหานคร,13.759506,100.48528
1190.0,ตรวจคนเข้าเมืองจังหวัดนราธิวาส,รัฐศาสตร์และนิติศาสตร์,รัฐศาสตร์(ความสัมพันธ์ระหว่างประเทศ),นราธิวาส,6.391721,101.797623
1191.0,คลังพัสดุ ส่วนอาคารสถานที่ มหาวิทยาลัยวลัยลักษณ์,การจัดการ,โลจิสติกส์,นครศรีธรรมราช,8.443448,99.925103
1192.0,ที่ทำการไปรษณีย์ขนอม,การจัดการ,โลจิสติกส์,นครศรีธรรมราช,8.398438,99.992138
1193.0,ที่ทำการไปรษณีย์จังหวัดตรัง,การจัดการ,โลจิสติกส์,ตรัง,7.523759,99.59835
1194.0,ที่ทำการไปรษณีย์จังหวัดนครศรีธรรมราช,การจัดการ,โลจิสติกส์,นครศรีธรรมราช,8.453242,99.996097
1195.0,ที่ทำการไปรษณีย์ท่าศาลา,การจัดการ,โลจิสติกส์,นครศรีธรรมราช,8.45106,99.9908
1196.0,ที่ทำการไปรษณีย์หาดใหญ่,การจัดการ,โลจิสติกส์,สงขลา,7.176595,100.486105
1197.0,บริษัท ก.ชัยแสง เทรดดิ้ง จำกัด,การจัดการ,โลจิสติกส์,สงขลา,7.165936,100.44897
1198.0,บริษัท การบินไทย จำกัด (มหาชน) ฝ่ายปฏิบัติการคลังสินค้า,การจัดการ,โลจิสติกส์,สมุทรปราการ,13.60993,100.677566
1199.0,บริษัท กิตติภูมิ พาราวู๊ด จำกัด,การจัดการ,โลจิสติกส์,นครศรีธรรมราช,8.412698,99.929867
1200.0,บริษัท เกรทโกลฟ (ประเทศไทย) จำกัด,การจัดการ,โลจิสติกส์,ภูเก็ต,7.851434,98.4304
1201.0,บริษัท ครัวการบินกรุงเทพภูเก็ต จำกัด,การจัดการ,โลจิสติกส์,ภูเก็ต,7.889516,98.387579
1202.0,บริษัท จี ทรี โกลจีสติกส์ (ประเทศไทย) จำกัด,การจัดการ,โลจิสติกส์,กรุงเทพมหานคร,13.72552,100.53592
1203.0,บริษัท จีที ทรานสปอร์ต 2012 จํากัด,การจัดการ,โลจิสติกส์,สงขลา,7.16025,100.514146
1204.0,บริษัท เจ้าพระยาท่าเรือสากล จำกัด,การจัดการ,โลจิสติกส์,สงขลา,7.17887,100.456745
1205.0,"บริษัท โชติวัฒน์อุตสาหกรรมการผลิต จำกัด ",การจัดการ,โลจิสติกส์,สงขลา,7.199286,100.447658
1206.0,บริษัท ซิลลิค ฟาร์มา จำกัด,การจัดการ,โลจิสติกส์,กรุงเทพมหานคร,13.749417,100.492351
1207.0,บริษัท ซิลลิค ฟาร์มา จำกัด (คลังสินค้า),การจัดการ,โลจิสติกส์,สมุทรปราการ,13.580133,100.713451
1208.0,บริษัท ซี อาร์ นครศรีธรรมราช (ประเทศไทย) จำกัด ห้างโรบินสัน เซ็นทรัลพลาซ่า,การจัดการ,โลจิสติกส์,นครศรีธรรมราช,8.449793,99.970841
1209.0,บริษัท ซีเกท โลจิสติกส์ (ประเทศไทย) จำกัด,การจัดการ,โลจิสติกส์,กรุงเทพมหานคร,13.787219,100.494993
1210.0,บริษัท ซีพี ออลล์ จำกัด (มหาชน) ศูนย์กระจายสินค้า CDC ภูเก็ต,การจัดการ,โลจิสติกส์,ภูเก็ต,7.848609,98.355176
1211.0,บริษัท ซีพี ออลล์ จำกัด (มหาชน) ศูนย์กระจายสินค้าสุราษฎร์ธานี,การจัดการ,โลจิสติกส์,สุราษฎร์ธานี,9.120641,99.28966
1212.0,บริษัท ซีพี ออลล์ จำกัด (มหาชน) ศูนย์กระจายสินค้าหาดใหญ่,การจัดการ,โลจิสติกส์,สงขลา,7.167394,100.459685
1213.0,บริษัท ซีพี แอ็กซ์ตร้า จำกัด (มหาชน) สาขานครศรีธรรมราช,การจัดการ,โลจิสติกส์,นครศรีธรรมราช,8.43746,99.957151
1214.0,บริษัท ซีพีแอล อินเตอร์ - โลจิสติกส์ จำกัด,การจัดการ,โลจิสติกส์,กรุงเทพมหานคร,13.742004,100.496253
1215.0,บริษัท ซีเอ็มเอ ซีจีเอ็ม (ไทยแลนด์) จำกัด,การจัดการ,โลจิสติกส์,กรุงเทพมหานคร,13.750382,100.526384
1216.0,บริษัท โซนิค อินเตอร์เฟรท จำกัด (มหาชน),การจัดการ,โลจิสติกส์,สมุทรปราการ,13.576988,100.652281
1217.0,บริษัท โซนิค อินเตอร์เฟรท จำกัด (มหาชน) สาขาคลองเตย,การจัดการ,โลจิสติกส์,กรุงเทพมหานคร,13.786472,100.499765
1218.0,บริษัท ไซโน โลจิสติกส์ คอร์ปอเรชั่น จำกัด (มหาชน),การจัดการ,โลจิสติกส์,กรุงเทพมหานคร,13.768424,100.535707
1219.0,บริษัท ดับบลิวเอฟพีจีคาร์โก้ จำกัด,การจัดการ,โลจิสติกส์,สมุทรปราการ,13.603189,100.687364
1220.0,บริษัท ดี เอช แอล ซัพพลายเชน (ประเทศไทย) จํากัด (คลังสินค้าสุราษฎร์ธานี),การจัดการ,โลจิสติกส์,สุราษฎร์ธานี,9.102308,99.318662
1221.0,บริษัท ดีแคทลอน (ประเทศไทย) จำกัด,การจัดการ,โลจิสติกส์,สมุทรปราการ,13.577356,100.681015
1222.0,บริษัท ดีไนน์ โซลูชั่น เอ็นจิเนียริ่ง จำกัด,การจัดการ,โลจิสติกส์,กรุงเทพมหานคร,13.79223,100.520399
1223.0,บริษัท โดลไทยแลนด์ จำกัด จังหวัดประจวบคีรีขันธ์,การจัดการ,โลจิสติกส์,ประจวบคีรีขันธ์,11.799098,99.766243
1224.0,บริษัท ไดนามิค ทรานสปอร์ต จำกัด,การจัดการ,โลจิสติกส์,กรุงเทพมหานคร,13.778,100.461857
1225.0,บริษัท ถาวรการเกษตร จำกัด,การจัดการ,โลจิสติกส์,นครศรีธรรมราช,8.467976,99.953873
1226.0,บริษัท ถาวรอุตสาหกรรมยางพารา (1982) จำกัด,การจัดการ,โลจิสติกส์,สงขลา,7.176349,100.440826
1227.0,"บริษัท ทรอปิคอลแคนนิ่ง (ประเทศไทย) จำกัด (มหาชน) ",การจัดการ,โลจิสติกส์,สงขลา,7.200713,100.505779
1228.0,บริษัท ทรีซิกซ์ตี้ ซัพพลายเชน จำกัด,การจัดการ,โลจิสติกส์,กรุงเทพมหานคร,13.723294,100.502432
1229.0,"บริษัท ทูน่าพาราไดส์ จำกัด ",การจัดการ,โลจิสติกส์,พังงา,8.413028,98.522826
1230.0,บริษัท ไทย ไลอ้อน เมนทารี จำกัด จังหวัดภูเก็ต,การจัดการ,โลจิสติกส์,ภูเก็ต,7.841213,98.37384
1231.0,บริษัท ไทย ไลอ้อน เมนทารี จำกัด จังหวัดสุราษฎร์ธานี,การจัดการ,โลจิสติกส์,สุราษฎร์ธานี,9.177879,99.302174
1232.0,บริษัท ไทยเบฟเวอเรจโลจิสติกส์ จำกัด (สาขาสุราษฎร์ธานี),การจัดการ,โลจิสติกส์,สุราษฎร์ธานี,9.142495,99.325725
1233.0,"บริษัท ไทยยูเนี่ยน กรุ๊ป จำกัด (มหาชน) ",การจัดการ,โลจิสติกส์,สมุทรสาคร,13.533056,100.301102
1234.0,"บริษัท ไทยวา จำกัด (มหาชน) ",การจัดการ,โลจิสติกส์,กรุงเทพมหานคร,13.773094,100.508004
1235.0,บริษัท ธนาปาล์มโปรดักส์ จำกัด,การจัดการ,โลจิสติกส์,สุราษฎร์ธานี,9.121648,99.357178
1236.0,บริษัท นิ่มซี่เส็งขนส่ง 1988 จำกัด,การจัดการ,โลจิสติกส์,เชียงใหม่,18.798108,98.993829
1237.0,บริษัท นิว เอ็น.ซี. ทรานส์ชิปปิ้ง แอนด์ เทรดดิ้ง จำกัด,การจัดการ,โลจิสติกส์,สงขลา,7.168152,100.48616
1238.0,บริษัท บริการภาคพื้น ท่าอากาศยานไทย จำกัด (ท่าอากาศยานภูเก็ต),การจัดการ,โลจิสติกส์,ภูเก็ต,7.844988,98.397448
1239.0,บริษัท บริการภาคพื้นการบินกรุงเทพ เวิล์ดไวด์ไฟล์ท เซอร์วิส จำกัด,การจัดการ,โลจิสติกส์,กระบี่,8.104775,98.937936
1240.0,บริษัท บอร์เนียว เทคนิเคิล (ประเทศไทย) จํากัด,การจัดการ,โลจิสติกส์,กรุงเทพมหานคร,13.777537,100.464037
1241.0,บริษัท โบ๋เหวิน จำกัด,การจัดการ,โลจิสติกส์,เชียงราย,19.881257,99.79261
1242.0,"บริษัท ปูนซิเมนต์ไทย (ทุ่งสง) จำกัด ",การจัดการ,โลจิสติกส์,กรุงเทพมหานคร,13.7624,100.475059
1243.0,"บริษัท แปซิฟิคแปรรูปสัตว์น้ำ จำกัด ",การจัดการ,โลจิสติกส์,สงขลา,7.163737,100.51196
1244.0,บริษัท ไปรษณีย์ไทย ดิสทริบิวชั่น จํากัด สาขาสุราษฎร์ธานี,การจัดการ,โลจิสติกส์,สุราษฎร์ธานี,9.165489,99.34334
1245.0,บริษัท พี.เค. มารีน เทรดดิ้ง จำกัด,การจัดการ,โลจิสติกส์,สุราษฎร์ธานี,9.105701,99.2933
1246.0,บริษัท พีซีมารีน (1992) จำกัด,การจัดการ,โลจิสติกส์,กรุงเทพมหานคร,13.768726,100.488647
1247.0,บริษัท เพชรศรีวิชัย เอ็นเตอร์ไพรส์ จำกัด (มหาชน),การจัดการ,โลจิสติกส์,สุราษฎร์ธานี,9.150297,99.33395
1248.0,บริษัท แพคกิ้งไลน์ จำกัด,การจัดการ,โลจิสติกส์,สมุทรสาคร,13.535858,100.243231
1249.0,"บริษัท แพ็คฟู้ด จำกัด (มหาชน) ",การจัดการ,โลจิสติกส์,นครศรีธรรมราช,8.433639,99.996886
1250.0,"บริษัท ฟอร์แคร์ อินโน จํากัด ",การจัดการ,โลจิสติกส์,กรุงเทพมหานคร,13.757859,100.516771
1251.0,บริษัท ฟอร์ท สมาร์ท เซอร์วิส จำกัด (มหาชน),การจัดการ,โลจิสติกส์,กรุงเทพมหานคร,13.759742,100.493292
1252.0,บริษัท ฟอร์ไมก้า (ประเทศไทย) จำกัด,การจัดการ,โลจิสติกส์,สมุทรปราการ,13.611386,100.690783
1253.0,บริษัท มหาชัยขนส่งภาคใต้ จำกัด,การจัดการ,โลจิสติกส์,สงขลา,7.151559,100.449971
1254.0,บริษัท เมนูก้าไทย จำกัด,การจัดการ,โลจิสติกส์,ปทุมธานี,13.991445,100.545129
1255.0,"บริษัท แมนเอโฟรเซนฟู้ดส์ จำกัด ",การจัดการ,โลจิสติกส์,สงขลา,7.18782,100.502273
1256.0,บริษัท ยูเซ็น โลจิสติกส์ (ประเทศไทย) จำกัด,การจัดการ,โลจิสติกส์,กรุงเทพมหานคร,13.758432,100.492136
1257.0,บริษัท ยูเซ็น โลจิสติกส์ (ประเทศไทย) จำกัด จังหวัดสมุทรปราการ,การจัดการ,โลจิสติกส์,สมุทรปราการ,13.57573,100.658165
1258.0,บริษัท ยูแทคไทย จำกัด - บางนา,การจัดการ,โลจิสติกส์,กรุงเทพมหานคร,13.717757,100.538664
1259.0,บริษัท เลสชาโก้ (ประเทศไทย) จำกัด,การจัดการ,โลจิสติกส์,กรุงเทพมหานคร,13.781401,100.498618
1260.0,บริษัท วายเคพี โอเชี่ยน เซอร์วิส จำกัด,การจัดการ,โลจิสติกส์,ตรัง,7.520727,99.621573
1261.0,"บริษัท แวนการ์ด โลจิสติกส์ เซอร์วิสเซส (ประเทศไทย) จำกัด ",การจัดการ,โลจิสติกส์,กรุงเทพมหานคร,13.779444,100.470579
1262.0,บริษัท ศรีตรังโกลฟส์ (ประเทศไทย) จำกัด (มหาชน) จังหวัดตรัง,การจัดการ,โลจิสติกส์,ตรัง,7.567818,99.632944
1263.0,"บริษัท ศิริมงคลโลจิสติกส์ จำกัด ",การจัดการ,โลจิสติกส์,ชุมพร,10.45397,99.201715
1264.0,บริษัท สยามไดกิ้นเซลส์ จํากัด,การจัดการ,โลจิสติกส์,กรุงเทพมหานคร,13.728569,100.466099
1265.0,บริษัท สยามอาร์สตรองค์ จำกัด,การจัดการ,โลจิสติกส์,กรุงเทพมหานคร,13.756496,100.539424
1266.0,บริษัท สหวิริยาสตีลอินดัสตรี จำกัด (มหาชน),การจัดการ,โลจิสติกส์,ประจวบคีรีขันธ์,11.837561,99.812809
1267.0,บริษัท สายการบินนกแอร์ จำกัด (มหาชน) สาขานครศรีธรรมราช,การจัดการ,โลจิสติกส์,นครศรีธรรมราช,8.439254,99.978219
1268.0,บริษัท สุราษฎร์ธานีเบเวอเรช จำกัด,การจัดการ,โลจิสติกส์,สุราษฎร์ธานี,9.170978,99.324059
1269.0,บริษัท หยางหมิง ไลน์ (ประเทศไทย) จำกัด,การจัดการ,โลจิสติกส์,กรุงเทพมหานคร,13.767951,100.50337
1270.0,บริษัท หาดทิพย์ จำกัด (มหาชน) โรงงานพุนพิน,การจัดการ,โลจิสติกส์,สุราษฎร์ธานี,9.159025,99.357285
1271.0,"บริษัท อจิลิตี้ จำกัด ",การจัดการ,โลจิสติกส์,กรุงเทพมหานคร,13.718514,100.525714
1272.0,บริษัท อนันต์ พลาสติก พริ้นติ้ง จำกัด,การจัดการ,โลจิสติกส์,สมุทรปราการ,13.607889,100.669889
1273.0,บริษัท อาร์ทีเอ็น โลจิสติคส์ จำกัด,การจัดการ,โลจิสติกส์,กรุงเทพมหานคร,13.729857,100.462586
1274.0,บริษัท อินเตอร์คอสเพ็ด (ประเทศไทย) จำกัด,การจัดการ,โลจิสติกส์,กรุงเทพมหานคร,13.744944,100.487045
1275.0,บริษัท อินเตอร์เอเชียโลจิสติกส์ จำกัด,การจัดการ,โลจิสติกส์,สงขลา,7.145698,100.467639
1276.0,บริษัท เอก-ชัยดิสทริบิวชั่นซิสเทม จำกัด (เทสโกโลตัสคุ้มค่า สาขาจันดี),การจัดการ,โลจิสติกส์,นครศรีธรรมราช,8.43903,100.001668
1277.0,บริษัท เอเชียโลจิสติกส์ จำกัด,การจัดการ,โลจิสติกส์,สงขลา,7.153293,100.511955
1278.0,บริษัท เอซีซีแอล โซลูชั่นส์ จำกัด,การจัดการ,โลจิสติกส์,สงขลา,7.204844,100.485467
1279.0,บริษัท เอ็น พี มารีน จำกัด,การจัดการ,โลจิสติกส์,สุราษฎร์ธานี,9.147384,99.286541
1280.0,บริษัท เอฟ ที เอส บริการขนส่ง จำกัด,การจัดการ,โลจิสติกส์,กรุงเทพมหานคร,13.759812,100.472887
1281.0,บริษัท เอ็ม เอ็ม โลจิสติกส์ จำกัด,การจัดการ,โลจิสติกส์,กรุงเทพมหานคร,13.728106,100.488391
1282.0,บริษัท เอ-วอท โกลเบิล โลจิสติกส์ (ไทยแลนด์) จำกัด,การจัดการ,โลจิสติกส์,กรุงเทพมหานคร,13.721017,100.533677
1283.0,บริษัท เอสเอฟเอส เอวิเอชั่น จำกัด จังหวัดสงขลา,การจัดการ,โลจิสติกส์,สงขลา,7.213283,100.504516
1284.0,บริษัท ฮันคิว ฮันชิน เอ็กซ์เพลส (ประเทศไทย) จำกัด,การจัดการ,โลจิสติกส์,กรุงเทพมหานคร,13.759899,100.491042
1285.0,บริษัท ฮาร์เปอร์ส เฟรท อินเตอร์เนชั่นแนล แอร์ คาร์โก้ จำกัด,การจัดการ,โลจิสติกส์,กรุงเทพมหานคร,13.780594,100.526788
1286.0,บริษัท โฮมโปรดักส์ เซ็นเตอร์ จำกัด (มหาชน) สาขาตรัง,การจัดการ,โลจิสติกส์,ตรัง,7.581896,99.643399
1287.0,ภูนาวา รีสอร์ท,การจัดการ,โลจิสติกส์,ภูเก็ต,7.894397,98.427779
1288.0,โรงแรม คามาลายา,การจัดการ,โลจิสติกส์,สุราษฎร์ธานี,9.145083,99.335621
1289.0,โรงแรม มันดาราวา รีสอร์ท แอนด์ สปา ภูเก็ต,การจัดการ,โลจิสติกส์,ภูเก็ต,7.870737,98.403236
1290.0,โรงแรม ลากูน่า แกรนด์ โฮเทล แอนด์ สปา สงขลา,การจัดการ,โลจิสติกส์,สงขลา,7.190093,100.472644
1291.0,โรงแรม วารานา กระบี่,การจัดการ,โลจิสติกส์,กระบี่,8.057267,98.921009
1292.0,โรงแรม อวิสต้า แกรนด์ ภูเก็ต กะรน เอ็ม แกลเลอรี,การจัดการ,โลจิสติกส์,ภูเก็ต,7.84102,98.373866
1293.0,โรงแรม ฮอลิเดย์ อ่าวนาง บีช รีสอร์ท กระบี่,การจัดการ,โลจิสติกส์,กระบี่,8.102306,98.903239
1294.0,โรงแรม ฮอลิเดย์ อินน์ รีสอน์ท สมุย บ่อผุด,การจัดการ,โลจิสติกส์,กรุงเทพมหานคร,13.735338,100.517027
1295.0,โรงแรมแกรนด์ ฟอร์จูน นครศรีธรรมราช,การจัดการ,โลจิสติกส์,นครศรีธรรมราช,8.424299,99.93901
1296.0,โรงแรมดุสิตธานี ลากูน่า ภูเก็ต,การจัดการ,โลจิสติกส์,ภูเก็ต,7.888433,98.382926
1297.0,โรงแรมเมอเวนพิค มิธ โฮเทล ป่าตอง ภูเก็ต,การจัดการ,โลจิสติกส์,ภูเก็ต,7.872601,98.416665
1298.0,โรงแรมอิมเพียน่า รีสอร์ท เกาะสมุย,การจัดการ,โลจิสติกส์,สุราษฎร์ธานี,9.103807,99.298164
1299.0,สแปลช บีช รีสอร์ท,การจัดการ,โลจิสติกส์,ภูเก็ต,7.852533,98.42339
1300.0,สภาผู้ส่งสินค้าทางเรือแห่งประเทศไทย,การจัดการ,โลจิสติกส์,กรุงเทพมหานคร,13.736944,100.493235
1301.0,สำนักงานขนส่งจังหวัดสุราษฎร์ธานี,การจัดการ,โลจิสติกส์,สุราษฎร์ธานี,9.11994,99.347232
1302.0,สำนักงานเจ้าท่าภูมิภาคสาขาตรัง,การจัดการ,โลจิสติกส์,ตรัง,7.535798,99.621318
1303.0,สำนักงานศุลกากรตรวจสินค้าท่าอากาศยานสุวรรณภูมิ,การจัดการ,โลจิสติกส์,สมุทรปราการ,13.592186,100.648471
1304.0,สำนักวิชาการจัดการ มหาวิทยาลัยวลัยลักษณ์,การจัดการ,โลจิสติกส์,นครศรีธรรมราช,8.457889,99.992863
1305.0,เอมิเรตส์ สกาย คาร์โก้,การจัดการ,โลจิสติกส์,ภูเก็ต,7.849351,98.383334
1306.0,บริษัท ก.ชัยแสง ดี.ซี. จำกัด,การจัดการ,โลจิสติกส์,สงขลา,7.184394,100.510433
1307.0,Play Strong Performance Athletics,วิทยาศาสตร์,วิทยาศาสตร์การกีฬาและการออกกำลังกาย,กรุงเทพมหานคร,13.740064,100.533453
1308.0,สโมสร ฟุตบอลชลบุรี เอฟซี,วิทยาศาสตร์,วิทยาศาสตร์การกีฬาและการออกกำลังกาย,ชลบุรี,13.384196,100.984167
1309.0,Fitness Lifestyle Hatyai,วิทยาศาสตร์,วิทยาศาสตร์การกีฬาและการออกกำลังกาย,สงขลา,7.135631,100.490763
1310.0,โรงแรมภูเล เบย์ อะริชคาร์ลตัน รีเซิร์ฟ,วิทยาศาสตร์,วิทยาศาสตร์การกีฬาและการออกกำลังกาย,กระบี่,8.068667,98.897293
1311.0,สโมรสรแบดมินตันบ้านทองหยอด,วิทยาศาสตร์,วิทยาศาสตร์การกีฬาและการออกกำลังกาย,กรุงเทพมหานคร,13.755425,100.465277
1312.0,สมาคมกีฬาวอลเลย์บอลแห่งประเทศไทย,วิทยาศาสตร์,วิทยาศาสตร์การกีฬาและการออกกำลังกาย,กรุงเทพมหานคร,13.766769,100.495946
1313.0,การกีฬาแห่งประเทศไทย,วิทยาศาสตร์,วิทยาศาสตร์การกีฬาและการออกกำลังกาย,กรุงเทพมหานคร,13.794509,100.500923
1314.0,Jetts 24 Hour Fitness - The Fourth,วิทยาศาสตร์,วิทยาศาสตร์การกีฬาและการออกกำลังกาย,กรุงเทพมหานคร,13.763014,100.466328
1315.0,Virgin Active Thailand (EmQuartier),วิทยาศาสตร์,วิทยาศาสตร์การกีฬาและการออกกำลังกาย,กรุงเทพมหานคร,13.74639,100.534615
1316.0,Fitness Lifestyle Suratthani,วิทยาศาสตร์,วิทยาศาสตร์การกีฬาและการออกกำลังกาย,สุราษฎร์ธานี,9.154977,99.33511
1317.0,ยักษ์ฟิตเนส สาขาสุขุมวิท 101/1,วิทยาศาสตร์,วิทยาศาสตร์การกีฬาและการออกกำลังกาย,กรุงเทพมหานคร,13.746973,100.496306
1318.0,ฟิตดี พญาไท สเปซ,วิทยาศาสตร์,วิทยาศาสตร์การกีฬาและการออกกำลังกาย,กรุงเทพมหานคร,13.76557,100.463333
1319.0,Fit - D Space Sukhumvit 39,วิทยาศาสตร์,วิทยาศาสตร์การกีฬาและการออกกำลังกาย,กรุงเทพมหานคร,13.739486,100.497741
1320.0,สาขาเวชศาสตร์การกีฬา ภาควิชาศัลยศาสตร์ออร์โธปิดิคน์และกายภาพบำบัด คณะแพทยศาสตร์ศิริราชพยาบาล มหาวิทยาลัยมหิดล,วิทยาศาสตร์,วิทยาศาสตร์การกีฬาและการออกกำลังกาย,กรุงเทพมหานคร,13.781851,100.528078
1321.0,Jetts Fitness Marketplace Dusit,วิทยาศาสตร์,วิทยาศาสตร์การกีฬาและการออกกำลังกาย,กรุงเทพมหานคร,13.76277,100.482978
1322.0,ฟิตดี สเปซ รัชดา,วิทยาศาสตร์,วิทยาศาสตร์การกีฬาและการออกกำลังกาย,กรุงเทพมหานคร,13.786602,100.514718
1323.0,Wolf Wellness & Training,วิทยาศาสตร์,วิทยาศาสตร์การกีฬาและการออกกำลังกาย,กรุงเทพมหานคร,13.761563,100.50521
1324.0,สำนักงานการกีฬาแห่งประเทศไทย ภาค 3 จังหวัดนครราชสีมา,วิทยาศาสตร์,วิทยาศาสตร์การกีฬาและการออกกำลังกาย,นครราชสีมา,14.964115,102.102028
1325.0,โรงพยาบาลรามคำแหง,วิทยาศาสตร์,วิทยาศาสตร์การกีฬาและการออกกำลังกาย,กรุงเทพมหานคร,13.745651,100.474978
1326.0,สโมสรฟุตบอลชัยนาท ฮอร์นบิล,วิทยาศาสตร์,วิทยาศาสตร์การกีฬาและการออกกำลังกาย,ชัยนาท,15.168296,100.106968
1327.0,ฟิต ฟอร์เอเวอร์ ฟิตเนส (สาขารังสิต),วิทยาศาสตร์,วิทยาศาสตร์การกีฬาและการออกกำลังกาย,ปทุมธานี,14.053985,100.530633
1328.0,สมาคมบริดจ์แห่งประเทศไทย,วิทยาศาสตร์,วิทยาศาสตร์การกีฬาและการออกกำลังกาย,กรุงเทพมหานคร,13.765995,100.505882
1329.0,สำนักงานการกีฬาแห่งประเทศไทย ภาค 4 จังหวัดสงขลา,วิทยาศาสตร์,วิทยาศาสตร์การกีฬาและการออกกำลังกาย,สงขลา,7.155542,100.443952
1330.0,Young Blood Club,วิทยาศาสตร์,วิทยาศาสตร์การกีฬาและการออกกำลังกาย,กรุงเทพมหานคร,13.729114,100.515578
1331.0,IBiz Fitness Gym,วิทยาศาสตร์,วิทยาศาสตร์การกีฬาและการออกกำลังกาย,นครศรีธรรมราช,8.464011,99.93529
1332.0,The Balance Pilates,วิทยาศาสตร์,วิทยาศาสตร์การกีฬาและการออกกำลังกาย,กรุงเทพมหานคร,13.783321,100.489151
1333.0,Get Well Fitness Krabi,วิทยาศาสตร์,วิทยาศาสตร์การกีฬาและการออกกำลังกาย,กระบี่,8.090757,98.898923
1334.0,สมาคมกีฬาจักรยานแห่งประเทศไทยในพระบรมราชูปถัมภ์,วิทยาศาสตร์,วิทยาศาสตร์การกีฬาและการออกกำลังกาย,กรุงเทพมหานคร,13.788593,100.51379
1335.0,โรงเรียนกีฬาจังหวัดสุพรรณบุรี,วิทยาศาสตร์,วิทยาศาสตร์การกีฬาและการออกกำลังกาย,สุพรรณบุรี,14.452058,100.149128
1336.0,เวิร์คเอ้าท์ ฟิตเนส แอนด์ มวยไทย,วิทยาศาสตร์,วิทยาศาสตร์การกีฬาและการออกกำลังกาย,ภูเก็ต,7.912946,98.420639
1337.0,บริษัท สโมสรฟุตบอล พีที ประจวบ เอฟซี จำกัด,วิทยาศาสตร์,วิทยาศาสตร์การกีฬาและการออกกำลังกาย,ประจวบคีรีขันธ์,11.839178,99.797114
1338.0,ฟิต ฟอร์เอเวอร์ ฟิตเนส (สาขาพัฒนาการ),วิทยาศาสตร์,วิทยาศาสตร์การกีฬาและการออกกำลังกาย,กรุงเทพมหานคร,13.781283,100.490972
1339.0,โรงพยาบาลสมิติเวช สุขุมวิท,วิทยาศาสตร์,วิทยาศาสตร์การกีฬาและการออกกำลังกาย,กรุงเทพมหานคร,13.736861,100.532244
1340.0,บริษัท สยาม โอเชี่ยน เวิร์ล กรุงเทพ จำกัด,วิทยาศาสตร์,วิทย์ทะล,กรุงเทพมหานคร,13.788118,100.49675
1341.0,ศูนย์วิจัยสมุทรศาสตร์ชายฝั่งและการเปลี่ยนแปลงสภาพภูมิอากาศ มหาวิทยาลัยสงขลานครินทร์,วิทยาศาสตร์,วิทย์ทะล,สงขลา,7.144629,100.486993
1342.0,โรงแรม ทราย พีพี ไอแลนด์ วิลเลจ,วิทยาศาสตร์,วิทย์ทะล,กระบี่,8.076955,98.941571
1343.0,บริษัท คอนซัลแทนท์ ออฟ เทคโนโลยี จำกัด,วิทยาศาสตร์,วิทยาศาสตร์ทางทะเล,กรุงเทพมหานคร,13.749044,100.491402
1344.0,บริษัท เซาธเทิร์น แล็บ แอนด์ เอ็นจิเนียริ่ง จำกัด,วิทยาศาสตร์,วิทยาศาสตร์ทางทะเล,ภูเก็ต,7.909552,98.385269
1345.0,บริษัท ยูไนเต็ด แอนนาลิสต์ แอนด์ เอ็นจิเนียริ่ง คอนซัลแตนท์ จำกัด,วิทยาศาสตร์,วิทยาศาสตร์ทางทะเล,กรุงเทพมหานคร,13.737951,100.541285
1346.0,บริษัท อควาวอล์ค (ประเทศไทย) จำกัด,วิทยาศาสตร์,วิทยาศาสตร์ทางทะเล,ภูเก็ต,7.861647,98.418651
1347.0,ศูนย์ปฏิบัติการอุทยานแห่งชาติทางทะเลที่ 3 จังหวัดตรัง,วิทยาศาสตร์,วิทยาศาสตร์ทางทะเล,ตรัง,7.589319,99.638939
1348.0,ศูนย์พัฒนาการประมงแห่งเอเชียตะวันออกเฉียงใต้,วิทยาศาสตร์,วิทยาศาสตร์ทางทะเล,สมุทรปราการ,13.585358,100.715297
1349.0,ศูนย์วิจัยทรัพยากรทางทะเลและชายฝั่งทะเลอันดามันตอนบน,วิทยาศาสตร์,วิทยาศาสตร์ทางทะเล,ภูเก็ต,7.905176,98.386444
1350.0,ศูนย์วิจัยทรัพยากรทางทะเลและชายฝั่งทะเลอันดามันตอนล่าง,วิทยาศาสตร์,วิทยาศาสตร์ทางทะเล,ตรัง,7.574814,99.571002
1351.0,ศูนย์วิจัยทรัพยากรทางทะเลและชายฝั่งอ่าวไทยตอนกลาง,วิทยาศาสตร์,วิทยาศาสตร์ทางทะเล,ชุมพร,10.463228,99.167097
1352.0,ศูนย์วิจัยทรัพยากรทางทะเลและชายฝั่งอ่าวไทยตอนบน,วิทยาศาสตร์,วิทยาศาสตร์ทางทะเล,สมุทรสาคร,13.553424,100.245576
1353.0,ศูนย์วิจัยทรัพยากรทางทะเลและชายฝั่งอ่าวไทยตอนล่าง,วิทยาศาสตร์,วิทยาศาสตร์ทางทะเล,สงขลา,7.186038,100.450585
1354.0,ศูนย์วิจัยและพัฒนาทรัพยากรทางทะเลและชายฝั่งทะเลอันดามัน,วิทยาศาสตร์,วิทยาศาสตร์ทางทะเล,กรุงเทพมหานคร,13.723773,100.51664
1355.0,ศูนย์วิจัยและพัฒนาทรัพยากรทางทะเลและชายฝั่งอ่าวไทยตอนกลาง,วิทยาศาสตร์,วิทยาศาสตร์ทางทะเล,กรุงเทพมหานคร,13.745375,100.538764
1356.0,ศูนย์วิจัยและพัฒนาทรัพยากรทางทะเลและชายฝั่งอ่าวไทยตอนล่าง,วิทยาศาสตร์,วิทยาศาสตร์ทางทะเล,กรุงเทพมหานคร,13.742824,100.467186
1357.0,ศูนย์วิจัยและพัฒนาทรัพยากรทางทะเลและชายฝั่งอ่าวไทยฝั่งตะวันออก,วิทยาศาสตร์,วิทยาศาสตร์ทางทะเล,ระยอง,12.680893,101.257331
1358.0,ศูนย์วิจัยและพัฒนาประมงชายฝั่งตรัง,วิทยาศาสตร์,วิทยาศาสตร์ทางทะเล,ตรัง,7.564532,99.617409
1359.0,ศูนย์วิจัยและพัฒนาประมงทะเลสงขลา,วิทยาศาสตร์,วิทยาศาสตร์ทางทะเล,สงขลา,7.194839,100.48778
1360.0,ศูนย์วิจัยและพัฒนาประมงทะเลอ่าวไทยตอนล่าง,วิทยาศาสตร์,วิทยาศาสตร์ทางทะเล,กรุงเทพมหานคร,13.72409,100.465036
1361.0,ศูนย์วิจัยและพัฒนาพันธุกรรมสัตว์น้ำ จังหวัดนครศรีธรรมราช,วิทยาศาสตร์,วิทยาศาสตร์ทางทะเล,นครศรีธรรมราช,8.400963,99.945445
1362.0,ศูนย์อนุรักษ์ทรัพยากรทางทะเลและชายฝั่งที่ 1 ( จ.ระยอง),วิทยาศาสตร์,วิทยาศาสตร์ทางทะเล,ระยอง,12.670684,101.235482
1363.0,ศูนย์อนุรักษ์ทรัพยากรทางทะเลและชายฝั่งที่ 5 (จ.ภูเก็ต),วิทยาศาสตร์,วิทยาศาสตร์ทางทะเล,ภูเก็ต,7.911512,98.394575
1364.0,สถานวิจัยสารสนเทศภูมิศาสตร์ ทรัพยากรธรรมชาติและสิ่งแวดล้อม มหาวิทยาลัยสงขลานครินทร์,วิทยาศาสตร์,วิทยาศาสตร์ทางทะเล,สงขลา,7.210336,100.447059
1365.0,สถาบันวิจัยทรัพยากรทางน้ำ จุฬาลงกรณ์มหาวิทยาลัย,วิทยาศาสตร์,วิทยาศาสตร์ทางทะเล,กรุงเทพมหานคร,13.752135,100.533541
1366.0,สถาบันวิจัยสภาวะแวดล้อม จุฬาลงกรณ์มหาวิทยาลัย,วิทยาศาสตร์,วิทยาศาสตร์ทางทะเล,กรุงเทพมหานคร,13.778875,100.532835
1367.0,สถาบันวิทยาศาสตร์ทางทะเล มหาวิทยาลัยบูรพา,วิทยาศาสตร์,วิทยาศาสตร์ทางทะเล,ชลบุรี,13.37097,100.971446
1368.0,ส่วนแหล่งน้ำทะเล สำนักจัดการคุณภาพน้ำ กรมควบคุมมลพิษ,วิทยาศาสตร์,วิทยาศาสตร์ทางทะเล,กรุงเทพมหานคร,13.731779,100.463877
1369.0,สำนักงานทรัพยากรทางทะเลและชายฝั่งที่ 7,วิทยาศาสตร์,วิทยาศาสตร์ทางทะเล,ตรัง,7.555138,99.585877
1370.0,สำนักงานพัฒนาเทคโนโลยีอวกาศและภูมิสารสนเทศ (องค์การมหาชน),วิทยาศาสตร์,วิทยาศาสตร์ทางทะเล,กรุงเทพมหานคร,13.727805,100.481472
1371.0,อุทยานแห่งชาติหมู่เกาะเภตรา,วิทยาศาสตร์,วิทยาศาสตร์ทางทะเล,สตูล,6.638628,100.087338
1372.0,ภาควิชาวิทยาศาสตร์ทางทะเล คณะวิทยาศาสตร์ จุฬาลงกรณ์มหาวิทยาลัย,วิทยาศาสตร์,วิทยาศาสตร์ทางทะเล,กรุงเทพมหานคร,13.717988,100.499969
1373.0,มูลนิธิเอ็นไลฟ,วิทยาศาสตร์,วิทยาศาสตร์ทางทะเล,กรุงเทพมหานคร,13.732897,100.536831
1374.0,ศูนย์วิจัยและพัฒนาประมงทะเลชุมพร,วิทยาศาสตร์,วิทยาศาสตร์ทางทะเล,ชุมพร,10.463005,99.207423
1375.0,อุทยานแห่งชาติอ่าวพังงา,วิทยาศาสตร์,วิทยาศาสตร์ทางทะเล,พังงา,8.443584,98.486755
1376.0,กองตรวจพิสูจน์ทางวิทยาศาสตร์ สถาบันนิติวิทยาศาสตร์,วิทยาศาสตร์,วิทยาศาสตร์,กรุงเทพมหานคร,13.716524,100.503154
1377.0,กองพิสูจน์หลักฐาน สำนักงานตำรวจแห่งชาติ,วิทยาศาสตร์,วิทยาศาสตร์,กรุงเทพมหานคร,13.777744,100.47403
1378.0,บริษัท ฟอร์เวิร์ด แล็บส์ จำกัด,วิทยาศาสตร์,วิทยาศาสตร์,กรุงเทพมหานคร,13.722138,100.489548
1379.0,บริษัท โฟโตไบโอแคร์ จำกัด,วิทยาศาสตร์,วิทยาศาสตร์,นนทบุรี,13.890367,100.530347
1380.0,บริษัท มาลี แอพพลายด์ ไซเอ็นซ์ จํากัด,วิทยาศาสตร์,วิทยาศาสตร์,ปทุมธานี,14.016521,100.549888
1381.0,บริษัท ลูเมนตั้ม อินเตอร์เนชั่นแนล (ประเทศไทย) จำกัด,วิทยาศาสตร์,วิทยาศาสตร์,ปทุมธานี,13.982506,100.528801
1382.0,บริษัท สุพรีม โปรดักส์ จำกัด,วิทยาศาสตร์,วิทยาศาสตร์,กรุงเทพมหานคร,13.772236,100.509608
1383.0,บริษัท เอ็มยูไอ โรบอติกส์ จำกัด,วิทยาศาสตร์,วิทยาศาสตร์,นนทบุรี,13.855012,100.49609
1384.0,ภาควิชาคณิตศาสตร์ คณะวิทยาศาสตร์ มหาวิทยาลัยเทคโนโลยีพระจอมเกล้าธนบุรี,วิทยาศาสตร์,วิทยาศาสตร์,กรุงเทพมหานคร,13.769283,100.473735
1385.0,ภาควิชาคณิตศาสตร์และวิทยาการคอมพิวเตอร์ คณะวิทยาศาสตร์ จุฬาลงกรณ์มหาวิทยาลัย,วิทยาศาสตร์,วิทยาศาสตร์,กรุงเทพมหานคร,13.793243,100.481571
1386.0,ภาควิชาวิศวกรรมเครื่องกลและการบิน-อวกาศ คณะวิศวกรรมศาสตร์ มหาวิทยาลัยเทคโนโลยีพระจอมเกล้าพระนครเหนือ,วิทยาศาสตร์,วิทยาศาสตร์,กรุงเทพมหานคร,13.785144,100.504893
1387.0,ภาควิชาวิศวกรรมไฟฟ้า คณะวิศวกรรมศาสตร์ มหาวิทยาลัยขอนแก่น,วิทยาศาสตร์,วิทยาศาสตร์,ขอนแก่น,16.432602,102.872911
1388.0,โรงเรียนวัดเขาปูน,วิทยาศาสตร์,วิทยาศาสตร์,นครศรีธรรมราช,8.442805,99.9324
1389.0,ศูนย์ความเป็นเลิศด้านนิเวศวิทยาพยากรณ์และการจัดการ สำนักวิชาวิทยาศาสตร์ มหาวิทยาลัยวลัยลักษณ์,วิทยาศาสตร์,วิทยาศาสตร์,นครศรีธรรมราช,8.407665,99.926915
1390.0,ศูนย์ความเป็นเลิศด้านวัสดุเชิงฟังก์ชันและนาโนเทคโนโลยี มหาวิทยาลัยวลัยลักษณ์,วิทยาศาสตร์,วิทยาศาสตร์,นครศรีธรรมราช,8.465115,99.978962
1391.0,ศูนย์ความเป็นเลิศด้านวิทยาศาสตร์ข้อมูลเพื่อวิทยาการสุขภาพ มหาวิทยาลัยวลัยลักษณ์,วิทยาศาสตร์,วิทยาศาสตร์,นครศรีธรรมราช,8.410071,99.965451
1392.0,ศูนย์ความหลากหลายทางชีวภาพ สถาบันวิจัยวิทยาศาสตร์และเทคโนโลยีแห่งประเทศไทย,วิทยาศาสตร์,วิทยาศาสตร์,ปทุมธานี,14.044994,100.522659
1393.0,ศูนย์เทคโนโลยีเพื่อความมั่นคงของประเทศและการประยุกต์เชิงพาณิชย์,วิทยาศาสตร์,วิทยาศาสตร์,ปทุมธานี,14.030531,100.491993
1394.0,ศูนย์พันธุวิศวกรรมและเทคโนโลยีชีวภาพแห่งชาติ,วิทยาศาสตร์,วิทยาศาสตร์,ปทุมธานี,14.027308,100.521975
1395.0,ศูนย์พิสูจน์หลักฐาน 8,วิทยาศาสตร์,วิทยาศาสตร์,สุราษฎร์ธานี,9.123205,99.291193
1396.0,ศูนย์วิจัยความเป็นเลิศด้านการวิเคราะห์สารปริมาณน้อยและไบโอเซนเซอร์ มหาวิทยาลัยสงขลานครินทร์,วิทยาศาสตร์,วิทยาศาสตร์,สงขลา,7.196617,100.511651
1397.0,ศูนย์วิทยาศาสตร์ฮาลาล จุฬาลงกรณ์มหาวิทยาลัย,วิทยาศาสตร์,วิทยาศาสตร์,กรุงเทพมหานคร,13.761046,100.497889
1398.0,ศูนย์ส่งเสริมการเรียนรู้และพัฒนาทรัพยากรป่าชายเลนที่ 5 (สตูล),วิทยาศาสตร์,วิทยาศาสตร์,สตูล,6.638536,100.066898
1399.0,ศูนย์อุตุนิยมวิทยาภาคใต้ฝั่งตะวันออก,วิทยาศาสตร์,วิทยาศาสตร์,สงขลา,7.162598,100.514668
1400.0,ศูนย์โอมิกส์แห่งชาติ ศูนย์พันธุวิศวกรรมและเทคโนโลยีชีวภาพแห่งชาติ,วิทยาศาสตร์,วิทยาศาสตร์,ปทุมธานี,14.018401,100.541309
1401.0,สถาบันเทคโนโลยีนิวเคลียร์แห่งชาติ (องค์การมหาชน),วิทยาศาสตร์,วิทยาศาสตร์,นครนายก,14.186647,101.190627
1402.0,สถาบันวิจัยจุฬาภรณ์,วิทยาศาสตร์,วิทยาศาสตร์,กรุงเทพมหานคร,13.732111,100.466443
1403.0,สถาบันวิจัยวิทยาศาสตร์และเทคโนโลยีแห่งประเทศไทย จังหวัดปทุมธานี,วิทยาศาสตร์,วิทยาศาสตร์,ปทุมธานี,14.026627,100.539096
1404.0,สถาบันวิจัยแสงซินโครตรอน (องค์การมหาชน),วิทยาศาสตร์,วิทยาศาสตร์,นครราชสีมา,14.947744,102.13461
1405.0,สถาบันวิทยสิริเมธี สำนักวิชาวิทยาการโมเลกุล,วิทยาศาสตร์,วิทยาศาสตร์,ระยอง,12.653303,101.268825
1406.0,สาขาวิชาเคมี สำนักวิชาวิทยาศาสตร์ มหาวิทยาลัยเทคโนโลยีสุรนารี,วิทยาศาสตร์,วิทยาศาสตร์,นครราชสีมา,15.00324,102.062605
1407.0,สำนักงานวิจัยการอนุรักษ์ป่าไม้และพันธุ์พืช,วิทยาศาสตร์,วิทยาศาสตร์,กรุงเทพมหานคร,13.78871,100.484217
1408.0,ห้องปฏิบัติการทางการแพทย์ โรงพยาบาลศูนย์การแพทย์มหาวิทยาลัยวลัยลักษณ์,วิทยาศาสตร์,วิทยาศาสตร์,นครศรีธรรมราช,8.426188,99.952893
1409.0,ห้องปฏิบัติการวัสดุนาโนเฉพาะทางและโครงสร้างพื้นผิว ศูนย์นาโนเทคโนโลยีแห่งชาติ,วิทยาศาสตร์,วิทยาศาสตร์,ปทุมธานี,13.985803,100.544302
1410.0,ห้องปฏิบัติการวิจัยการจำลองขนาดใหญ่ ศูนย์เทคโนโลยีอิเล็กทรอนิกส์และคอมพิวเตอร์แห่งชาติ,วิทยาศาสตร์,วิทยาศาสตร์,ปทุมธานี,14.000534,100.504968
1411.0,ห้องปฏิบัติการสิ่งทอ หน่วยวิจัยโพลิเมอร์ ศูนย์เทคโนโลยีโลหะและวัสดุแห่งชาติ,วิทยาศาสตร์,วิทยาศาสตร์,ปทุมธานี,14.002601,100.50649
1412.0,องค์การพิพิธภัณฑ์วิทยาศาสตร์แห่งชาติ,วิทยาศาสตร์,วิทยาศาสตร์,ปทุมธานี,14.002911,100.53846
1413.0,ทีมวิจัยปฏิสัมพันธ์ของจุลินทรีย์ทางการเกษตร กลุ่มวิจัยเทคโนโลยีชีวภาพพืชและการจัดการแบบบูรณาการ,วิทยาศาสตร์,วิทยาศาสตร์,ปทุมธานี,13.983267,100.55921
1414.0,ศูนย์เชี่ยวชาญเฉพาะทางด้านฟิสิกส์พลังงานสูงและฟิลิกส์ดาราศาสตร์ มหาวิทยาลัยเทคโนโลยีสุรนารี,วิทยาศาสตร์,วิทยาศาสตร์,นครราชสีมา,14.983688,102.124227
1415.0,สถาบันวิจัยสิ่งแวดล้อมเพื่อความยั่งยืน จุฬาลงกรณ์มหาวิทยาลัย,วิทยาศาสตร์,วิทยาศาสตร์,กรุงเทพมหานคร,13.78225,100.511597
1416.0,"Institute of Nano Electronic Engineering, University Malaysia Perlis",วิทยาศาสตร์,วิทยาศาสตร์,มาเลเซีย,,
1417.0,ศูนย์เชี่ยวชาญนวัตกรรมผลิตภัณฑ์สมุนไพร (ศนส.) สถาบันวิจัยวิทยาศาสตร์และเทคโนโลยีแห่งประเทศไทย,วิทยาศาสตร์,วิทยาศาสตร์,ปทุมธานี,14.012654,100.56013
1418.0,ศูนย์พิสูจน์หลักฐาน 9,วิทยาศาสตร์,วิทยาศาสตร์,สงขลา,7.200545,100.481552
1419.0,โรงงานบริการนวัตกรรมอาหาร สถาบันวิจัยทางวิทยาศาสตร์และเทคโนโลยีแห่งประเทศไทย,วิทยาศาสตร์,วิทยาศาสตร์,ปทุมธานี,14.0116,100.522022
1420.0,ภาควิชาเคมี คณะวิทยาศาสตร์ จุฬาลงกรณ์มหาวิทยาลัย,วิทยาศาสตร์,วิทยาศาสตร์,กรุงเทพมหานคร,13.792264,100.496504
1421.0,พิสูจน์หลักฐานจังหวัดกระบี่,วิทยาศาสตร์,วิทยาศาสตร์,กระบี่,8.104779,98.90914
1422.0,สาขาวิชาจุลชีววิทยาทางการแพทย์ คณะแพทย์ศาสตร์ มหาวิทยาลัยขอนแก่น,วิทยาศาสตร์,วิทยาศาสตร์,ขอนแก่น,16.475217,102.863613
1423.0,"Department of Earth, Ocean and Atmospheric Science, Faculty of Science, UBC (Vancouver Campus)",วิทยาศาสตร์,วิทยาศาสตร์,แคนาดา,,
1424.0,ภาควิชาฟิสิกส์ คณะวิทยาศาสตร์ มหาวิทยาลัยมหิดล,วิทยาศาสตร์,วิทยาศาสตร์,กรุงเทพมหานคร,13.741684,100.485101
1425.0,สถาบันชีววิทยาศาสตร์โมเลกุล มหาวิทยาลัยมหิดล,วิทยาศาสตร์,วิทยาศาสตร์,นครปฐม,13.858247,100.078128
1426.0,สาขาวิชาวิทยาศาสตร์สุขภาพและวิทยาศาสตร์ประยุกต์ คณะวิทยาศาสตร์ มหาวิทยาลัยสงขลานครินทร์,วิทยาศาสตร์,วิทยาศาสตร์,สงขลา,7.140955,100.436341
1427.0,กลุ่มนิติพยาธิวิทยา กองนิติวิทยาศาสตร์บริการ สถาบันนิติวิทยาศาสตร์,วิทยาศาสตร์,วิทยาศาสตร์,กรุงเทพมหานคร,13.77616,100.525119
1428.0,ศูนย์นวัตกรรมผลิตหัวเชื้อจุลินทรีย์เพื่ออุตสาหกรรม (ICPIM) สถาบันวิจัยวิทยาศาสตร์และเทคโนโลยีแห่งประเทศไทย,วิทยาศาสตร์,วิทยาศาสตร์,ปทุมธานี,14.024823,100.556344
1429.0,สาขาวิทยาศาสตร์ชีวภาพ คณะวิทยาศาสตร์ มหาวิทยาลัยสงขลานครินทร์,วิทยาศาสตร์,วิทยาศาสตร์,สงขลา,7.171497,100.44059
1430.0,พิสูจน์หลักฐานจังหวัดตรัง,วิทยาศาสตร์,วิทยาศาสตร์,ตรัง,7.571091,99.637496
1431.0,ศูนย์วิทยาศาสตร์เบทาโกร บริษัท เบทาโกร จำกัด (มหาชน),วิทยาศาสตร์,วิทยาศาสตร์,ปทุมธานี,14.039393,100.523277
1432.0,"Faculty of Chemical Engineering and Technology, University Malaysia Perlis",วิทยาศาสตร์,วิทยาศาสตร์,มาเลเซีย,,
1433.0,"Toyota Tsusho Nexty Electronics (Thailand) Co., Ltd.",วิศวกรรมศาสตร์และเทคโนโลยี,วิศวกรรมคอม,กรุงเทพมหานคร,13.793992,100.478994
1434.0,Universiti Malaysia Perlis,วิศวกรรมศาสตร์และเทคโนโลยี,วิศวกรรมคอม,มาเลเซีย,,
1435.0,"Western Digital (M) Sdn. Bhd.,",วิศวกรรมศาสตร์และเทคโนโลยี,วิศวกรรมคอม,มาเลเซีย,,
1436.0,การไฟฟ้าฝ่ายผลิตแห่งประเทศไทย ฝ่ายปฏิบัติการภาคใต้,วิศวกรรมศาสตร์และเทคโนโลยี,วิศวกรรมคอม,กระบี่,8.124903,98.877797
1437.0,บริษัท 10บิต เดเวลอปเมนต์ จำกัด,วิศวกรรมศาสตร์และเทคโนโลยี,วิศวกรรมคอม,สมุทรปราการ,13.569356,100.676997
1438.0,บริษัท กราวิเทคไทย (ไทยแลนด์) จำกัด,วิศวกรรมศาสตร์และเทคโนโลยี,วิศวกรรมคอม,ปทุมธานี,14.008488,100.541119
1439.0,บริษัท จัสมิน อินเตอร์เนชั่นแนล จำกัด (มหาชน),วิศวกรรมศาสตร์และเทคโนโลยี,วิศวกรรมคอม,นนทบุรี,13.884853,100.533118
1440.0,บริษัท ซีเกทเทคโนโลยี (ประเทศไทย) จำกัด,วิศวกรรมศาสตร์และเทคโนโลยี,วิศวกรรมคอม,นครราชสีมา,15.018058,102.08923
1441.0,บริษัท ซีเกทเทคโนโลยี (ประเทศไทย) จำกัด พระประแดง,วิศวกรรมศาสตร์และเทคโนโลยี,วิศวกรรมคอม,สมุทรปราการ,13.57496,100.715834
1442.0,บริษัท ซีพีเอฟไอทีเซ็นเตอร์ จำกัด,วิศวกรรมศาสตร์และเทคโนโลยี,วิศวกรรมคอม,กรุงเทพมหานคร,13.748584,100.499104
1443.0,บริษัท ซีวิค มีเดีย จำกัด,วิศวกรรมศาสตร์และเทคโนโลยี,วิศวกรรมคอม,สมุทรสาคร,13.568703,100.270693
1444.0,บริษัท ดังภูมิ จำกัด,วิศวกรรมศาสตร์และเทคโนโลยี,วิศวกรรมคอม,กรุงเทพมหานคร,13.737818,100.489395
1445.0,บริษัท โตโยต้า ทูโช เน็กซ์ตี อิเล็กทรอนิกส์ (ไทยแลนด์) จำกัด,วิศวกรรมศาสตร์และเทคโนโลยี,วิศวกรรมคอม,กรุงเทพมหานคร,13.744981,100.519279
1446.0,บริษัท ท้อปโกลฟ เทคโนโลยี (ประเทศไทย) จำกัด,วิศวกรรมศาสตร์และเทคโนโลยี,วิศวกรรมคอม,สงขลา,7.21477,100.495202
1447.0,บริษัท ไทยเซอร์เทค จำกัด,วิศวกรรมศาสตร์และเทคโนโลยี,วิศวกรรมคอม,นครศรีธรรมราช,8.461233,99.979497
1448.0,บริษัท รีฟินิทิฟ ซอฟแวร์ (ประเทศไทย) จำกัด,วิศวกรรมศาสตร์และเทคโนโลยี,วิศวกรรมคอม,กรุงเทพมหานคร,13.728332,100.489831
1449.0,บริษัท วัลแคน ดิจิทัล เดลิเวอรี จำกัด,วิศวกรรมศาสตร์และเทคโนโลยี,วิศวกรรมคอม,กรุงเทพมหานคร,13.753204,100.535468
1450.0,บริษัท วาย.ไอ.เอ็ม. คอร์ปอเรชั่่น จำกัด,วิศวกรรมศาสตร์และเทคโนโลยี,วิศวกรรมคอม,กรุงเทพมหานคร,13.751685,100.521872
1451.0,บริษัท วีเดียซอฟแวร์โซลูชั่น จำกัด,วิศวกรรมศาสตร์และเทคโนโลยี,วิศวกรรมคอม,กรุงเทพมหานคร,13.740765,100.528186
1452.0,บริษัท เวสเทิร์น ดิจิตอล (ประเทศไทย) จำกัด,วิศวกรรมศาสตร์และเทคโนโลยี,วิศวกรรมคอม,ปทุมธานี,13.995397,100.488616
1453.0,บริษัท สยามแม็คโคร จำกัด (มหาชน),วิศวกรรมศาสตร์และเทคโนโลยี,วิศวกรรมคอม,กรุงเทพมหานคร,13.746975,100.464835
1454.0,บริษัท อิตาเลียนไทย ดีเวล๊อปเมนต์ จำกัด (มหาชน),วิศวกรรมศาสตร์และเทคโนโลยี,วิศวกรรมคอม,กรุงเทพมหานคร,13.777423,100.510758
1455.0,บริษัท อินเตอร์เนชั่นแนล เมดิคัล ซอฟต์แวร์ จำกัด,วิศวกรรมศาสตร์และเทคโนโลยี,วิศวกรรมคอม,ภูเก็ต,7.904725,98.420516
1456.0,บริษัท อีเว้นท์ไทย จำกัด,วิศวกรรมศาสตร์และเทคโนโลยี,วิศวกรรมคอม,นนทบุรี,13.896574,100.510977
1457.0,บริษัท เอสซีบี เทคเอกซ์ จํากัด,วิศวกรรมศาสตร์และเทคโนโลยี,วิศวกรรมคอม,กรุงเทพมหานคร,13.730516,100.521032
1458.0,บริษัทแอดวานซ์ อินโฟร์ เซอร์วิส จำกัด (มหาชน),วิศวกรรมศาสตร์และเทคโนโลยี,วิศวกรรมคอม,นครศรีธรรมราช,8.47127,99.941944
1459.0,บริษัทแอดวานซ์ อินโฟร์ เซอร์วิส จำกัด (มหาชน) Data analysis,วิศวกรรมศาสตร์และเทคโนโลยี,วิศวกรรมคอม,กรุงเทพมหานคร,13.748392,100.529611
1460.0,โรงแรม อนนันตรา บ่อผุด สมุย,วิศวกรรมศาสตร์และเทคโนโลยี,วิศวกรรมคอม,กรุงเทพมหานคร,13.794719,100.518668
1461.0,ศูนย์เทคโนโลยีอิเล็กทรอนิกส์และคอมพิวเตอร์แห่งชาติ,วิศวกรรมศาสตร์และเทคโนโลยี,วิศวกรรมคอม,ปทุมธานี,13.993109,100.549014
1462.0,ศูนย์นวัตกรรมไมโครซอฟท์ กรุงเทพ,วิศวกรรมศาสตร์และเทคโนโลยี,วิศวกรรมคอม,กรุงเทพมหานคร,13.752277,100.492073
1463.0,สมาคมสมองกลฝังตัวไทย,วิศวกรรมศาสตร์และเทคโนโลยี,วิศวกรรมคอม,กรุงเทพมหานคร,13.735357,100.528339
1464.0,สำนักงานส่งเสริมเศรษฐกิจดิจิทัล ภูเก็ต,วิศวกรรมศาสตร์และเทคโนโลยี,วิศวกรรมคอม,ภูเก็ต,7.911407,98.411647
1465.0,Faculty of Electronic Engineering & Technology (FKTEN) Universiti Malaysia Perlis,วิศวกรรมศาสตร์และเทคโนโลยี,วิศวกรรมคอม,มาเลเซีย,,
1466.0,การทางพิเศษแห่งประเทศไทย,วิศวกรรมศาสตร์และเทคโนโลยี,วิศวกรรมคอม,กรุงเทพมหานคร,13.721711,100.530019
1467.0,การรถไฟฟ้าขนส่งมวลชนแห่งประเทศไทย,วิศวกรรมศาสตร์และเทคโนโลยี,วิศวกรรมคอม,กรุงเทพมหานคร,13.735789,100.491869
1468.0,บริษัท ซีล เทค อินเตอร์เนชั่นแนล จำกัด,วิศวกรรมศาสตร์และเทคโนโลยี,วิศวกรรมคอม,กรุงเทพมหานคร,13.773514,100.467911
1469.0,บริษัท โซนี่ เทคโนโลยี ประเทศไทย จำกัด โรงงานบางกระดี,วิศวกรรมศาสตร์และเทคโนโลยี,วิศวกรรมคอม,ชลบุรี,13.382329,100.957143
1470.0,บริษัท ไทยดอทรัน จำกัด,วิศวกรรมศาสตร์และเทคโนโลยี,วิศวกรรมคอม,กรุงเทพมหานคร,13.75191,100.520154
1471.0,บริษัท นีโอ แฟคทอรี่ จำกัด,วิศวกรรมศาสตร์และเทคโนโลยี,วิศวกรรมคอม,ปทุมธานี,14.030426,100.50921
1472.0,บริษัท ฟอร์ทแทร็คกิ้ง ซิสเต็ม จำกัด,วิศวกรรมศาสตร์และเทคโนโลยี,วิศวกรรมคอม,กรุงเทพมหานคร,13.783337,100.51658
1473.0,บริษัท ฟอสเตอร์ เอ็นจิเนียริ่ง จำกัด,วิศวกรรมศาสตร์และเทคโนโลยี,วิศวกรรมคอม,กรุงเทพมหานคร,13.717231,100.502087
1474.0,บริษัท เวอร์เบิล จำกัด,วิศวกรรมศาสตร์และเทคโนโลยี,วิศวกรรมคอม,สงขลา,7.188721,100.485188
1475.0,บริษัท ศรีตรัง ไอบีซี จำกัด,วิศวกรรมศาสตร์และเทคโนโลยี,วิศวกรรมคอม,สงขลา,7.194987,100.495136
1476.0,บริษัท ออฟฟิศเมท (ประเทศไทย) จำกัด,วิศวกรรมศาสตร์และเทคโนโลยี,วิศวกรรมคอม,กรุงเทพมหานคร,13.765401,100.527254
1477.0,โรงไฟฟ้าภาคใต้ การไฟฟ้าฝ่ายผลิตแห่งประเทศไทย,วิศวกรรมศาสตร์และเทคโนโลยี,วิศวกรรมคอม,กระบี่,8.115888,98.937276
1478.0,บริษัท นีโอ คอร์ปอเรท จำกัด (มหาชน),วิศวกรรมศาสตร์และเทคโนโลยี,วิศวกรรมคอม,กรุงเทพมหานคร,13.723925,100.519459
1479.0,บริษัท ไทยเอเวชั่นเซอร์วิส จำกัด,วิศวกรรมศาสตร์และเทคโนโลยี,วิศวกรรมคอม,นครศรีธรรมราช,8.439283,99.929084
1480.0,บริษัท โซนี่ ดีไวซ์ เทคโนโลยี ประเทศไทย จำกัด โรงงานบางกระดี,วิศวกรรมศาสตร์และเทคโนโลยี,วิศวกรรมคอม,ปทุมธานี,13.987412,100.560316
1481.0,บริษัท ดีพลัส อินเตอร์เทรด จำกัด,วิศวกรรมศาสตร์และเทคโนโลยี,วิศวกรรมคอม,กรุงเทพมหานคร,13.740542,100.493646
1482.0,บริษัท ฟอร์ท คอร์ปอเรชั่น จำกัด (มหาชน) สำนักงานใหญ่,วิศวกรรมศาสตร์และเทคโนโลยี,วิศวกรรมคอม,กรุงเทพมหานคร,13.780268,100.476793
1483.0,บริษัท ออด-อี (ประเทศไทย) จำกัด,วิศวกรรมศาสตร์และเทคโนโลยี,วิศวกรรมคอม,กรุงเทพมหานคร,13.744486,100.499797
1484.0,สำนักงานพัฒนาวิทยาศาสตร์และเทคโนโลยีแห่งชาติ,วิศวกรรมศาสตร์และเทคโนโลยี,วิศวกรรมคอม,ปทุมธานี,14.052871,100.503028
1485.0,"College of Intelligen System Science and Engineering, Harbin Engineering University",วิศวกรรมศาสตร์และเทคโนโลยี,วิศวกรรมคอม,จีน,,
1486.0,"National Chung Cheng University, College of Engineering",วิศวกรรมศาสตร์และเทคโนโลยี,วิศวกรรมคอม,ไต้หวัน,,
1487.0,บริษัท ไวซ์ไซท์ ประเทศไทย จำกัด,วิศวกรรมศาสตร์และเทคโนโลยี,วิศวกรรมคอม,กรุงเทพมหานคร,13.759421,100.508085
1488.0,บริษัท ไอ เดวา คอร์ปอเรชั่น จำกัด,วิศวกรรมศาสตร์และเทคโนโลยี,วิศวกรรมคอม,นนทบุรี,13.834293,100.526359
1489.0,National Institute of Advanced Industrial Science and Technology,วิศวกรรมศาสตร์และเทคโนโลยี,วิศวกรรมเคมี,ญี่ปุ่น,,
1490.0,School of Bioprocess Engineering Universiti Malaysia Perlis,วิศวกรรมศาสตร์และเทคโนโลยี,วิศวกรรมเคมี,มาเลเซีย,,
1491.0,"School of Environmental Engineering , Universiti Malaysia Perlis",วิศวกรรมศาสตร์และเทคโนโลยี,วิศวกรรมเคมี,มาเลเซีย,,
1492.0,Sriwijaya University,วิศวกรรมศาสตร์และเทคโนโลยี,วิศวกรรมเคมี,อินโดนีเซีย,,
1493.0,"Top Grove Sdn. Bhd., Malaysia",วิศวกรรมศาสตร์และเทคโนโลยี,วิศวกรรมเคมี,มาเลเซีย,,
1494.0,กลุ่มวิจัยวัตถุดิบทางเภสัชกรรม สถาบันวิจัยและพัฒนา องค์การเภสัชกรรม,วิศวกรรมศาสตร์และเทคโนโลยี,วิศวกรรมเคมี,กรุงเทพมหานคร,13.753835,100.505288
1495.0,โนวาซิล,วิศวกรรมศาสตร์และเทคโนโลยี,วิศวกรรมเคมี,สมุทรปราการ,13.632759,100.652854
1496.0,บริษัท เคชั่น เพาเวอร์ จำกัด,วิศวกรรมศาสตร์และเทคโนโลยี,วิศวกรรมเคมี,กรุงเทพมหานคร,13.791102,100.494773
1497.0,บริษัท โซลเวย์ (บางปู) สเปเชียลตี้ เคมีคอลส์ จำกัด,วิศวกรรมศาสตร์และเทคโนโลยี,วิศวกรรมเคมี,สมุทรปราการ,13.594367,100.673907
1498.0,บริษัท ทรานส์ ไทย-มาเลเซีย (ประเทศไทย) จำกัด,วิศวกรรมศาสตร์และเทคโนโลยี,วิศวกรรมเคมี,สงขลา,7.156171,100.508605
1499.0,บริษัท ไทย - สวีดิช แอสเซมบลีย์ จำกัด,วิศวกรรมศาสตร์และเทคโนโลยี,วิศวกรรมเคมี,สมุทรปราการ,13.608533,100.718008
1500.0,บริษัท ไทย เอ็นโอเค จำกัด,วิศวกรรมศาสตร์และเทคโนโลยี,วิศวกรรมเคมี,ชลบุรี,13.372536,101.014026
1501.0,บริษัท ไทยทาโลว์ แอนด์ ออยล์ จำกัด (สาขาไทรขึง),วิศวกรรมศาสตร์และเทคโนโลยี,วิศวกรรมเคมี,สุราษฎร์ธานี,9.116753,99.317256
1502.0,บริษัท เฟดเดอรัล อีเลคตริค จำกัด,วิศวกรรมศาสตร์และเทคโนโลยี,วิศวกรรมเคมี,สมุทรปราการ,13.570005,100.683787
1503.0,บริษัท เรโซแนค ออโตโมทีฟ โปรดักส์ (ประเทศไทย) จำกัด,วิศวกรรมศาสตร์และเทคโนโลยี,วิศวกรรมเคมี,ระยอง,12.667946,101.217468
1504.0,บริษัท โรเบิร์ต บ๊อช ออโตโมทีฟ เทคโนโลยี (ประเทศไทย) จำกัด,วิศวกรรมศาสตร์และเทคโนโลยี,วิศวกรรมเคมี,กรุงเทพมหานคร,13.730559,100.462261
1505.0,บริษัท ไลอ้อน (ประเทศไทย) จำกัด,วิศวกรรมศาสตร์และเทคโนโลยี,วิศวกรรมเคมี,ชลบุรี,13.372576,100.95621
1506.0,บริษัท วีนิไทย จำกัด (มหาชน),วิศวกรรมศาสตร์และเทคโนโลยี,วิศวกรรมเคมี,ระยอง,12.706256,101.206479
1507.0,บริษัท เวสเทิร์น ดิจิตอล สตอเรจ เทคโนโลยีส์ (ประเทศไทย) จำกัด,วิศวกรรมศาสตร์และเทคโนโลยี,วิศวกรรมเคมี,พระนครศรีอยุธยา,14.375184,100.598198
1508.0,บริษัท สเปเชียลตี้ อินโนเวชั่น จำกัด,วิศวกรรมศาสตร์และเทคโนโลยี,วิศวกรรมเคมี,สมุทรปราการ,13.631627,100.641685
1509.0,บริษัท ฮิตาชิ เคมีคัล ออโตโมทีฟ โปรดักส์ (ประเทศไทย) จำกัด,วิศวกรรมศาสตร์และเทคโนโลยี,วิศวกรรมเคมี,ระยอง,12.697353,101.266036
1510.0,ศูนย์พัฒนาปิโตรเลียมภาคเหนือ กรมการพลังงานทหาร,วิศวกรรมศาสตร์และเทคโนโลยี,วิศวกรรมเคมี,เชียงใหม่,18.782338,99.008076
1511.0,กองวิจัยและประกันคุณภาพ โรงงานเภสัชกรรมทหาร,วิศวกรรมศาสตร์และเทคโนโลยี,วิศวกรรมเคมี,กรุงเทพมหานคร,13.735635,100.523332
1512.0,บริษัท กลุ่มปาล์มธรรมชาติ จำกัด,วิศวกรรมศาสตร์และเทคโนโลยี,วิศวกรรมเคมี,ชุมพร,10.527584,99.165472
1513.0,บริษัท คิว แอนด์ อี อินเตอร์เนชั่นแนล จำกัด,วิศวกรรมศาสตร์และเทคโนโลยี,วิศวกรรมเคมี,ปทุมธานี,14.004934,100.523279
1514.0,บริษัท ซัน-เฮิร์บ ไทย ไชนีส แมนูแฟคเจอริ่ง จำกัด,วิศวกรรมศาสตร์และเทคโนโลยี,วิศวกรรมเคมี,ปทุมธานี,14.000335,100.526759
1515.0,บริษัท ไทยเชื้อเพลิงการบิน จำกัด,วิศวกรรมศาสตร์และเทคโนโลยี,วิศวกรรมเคมี,สมุทรปราการ,13.57969,100.673607
1516.0,บริษัท น้ำตาลครบุรี จำกัด (มหาชน),วิศวกรรมศาสตร์และเทคโนโลยี,วิศวกรรมเคมี,นครราชสีมา,14.979,102.078687
1517.0,บริษัท นิว ไบโอดีเซล จำกัด,วิศวกรรมศาสตร์และเทคโนโลยี,วิศวกรรมเคมี,สุราษฎร์ธานี,9.173776,99.317092
1518.0,บริษัท โนวาซิล (ไทยแลนด์) จํากัด,วิศวกรรมศาสตร์และเทคโนโลยี,วิศวกรรมเคมี,สมุทรปราการ,13.639536,100.672461
1519.0,บริษัท บีเคเอฟ แอโรสเปซ จำกัด,วิศวกรรมศาสตร์และเทคโนโลยี,วิศวกรรมเคมี,สมุทรสาคร,13.569869,100.247147
1520.0,บริษัท ปตท. จำกัด (มหาชน) ศูนย์ปฏิบัติการชลบุรี,วิศวกรรมศาสตร์และเทคโนโลยี,วิศวกรรมเคมี,ชลบุรี,13.333887,100.977347
1521.0,บริษัท มิลลิเมด บีเอฟเอส จำกัด,วิศวกรรมศาสตร์และเทคโนโลยี,วิศวกรรมเคมี,เชียงราย,19.894528,99.861672
1522.0,บริษัท ไอคัลเลอร์ คอสเมติกส์ (ประเทศไทย) จำกัด,วิศวกรรมศาสตร์และเทคโนโลยี,วิศวกรรมเคมี,กรุงเทพมหานคร,13.741499,100.493874
1523.0,บริษัท ไอเรียล พลัส (ประเทศไทย) จำกัด,วิศวกรรมศาสตร์และเทคโนโลยี,วิศวกรรมเคมี,นครปฐม,13.822253,100.004449
1524.0,ศูนย์วิจัยความเป็นเลิิศระบบนำส่งยา คณะเภสัชศาสตร์ มหาวิทยาลัยสงขลานครินทร์,วิศวกรรมศาสตร์และเทคโนโลยี,วิศวกรรมเคมี,สงขลา,7.155804,100.440004
1525.0,องค์การเภสัชกรรม (ธัญบุรี),วิศวกรรมศาสตร์และเทคโนโลยี,วิศวกรรมเคมี,ปทุมธานี,14.051716,100.531804
1526.0,กองวิจัยผลิตภัณฑ์ธรรมชาติ ฝ่ายวิจัยพัฒนาและนวัตกรรม องค์การเภสัชกรรม,วิศวกรรมศาสตร์และเทคโนโลยี,วิศวกรรมเคมี,กรุงเทพมหานคร,13.778543,100.519095
1527.0,บริษัท ไทยแลนด์สเมลติ้งแอนด์รีไฟนิ่ง จำกัด,วิศวกรรมศาสตร์และเทคโนโลยี,วิศวกรรมเคมี,ภูเก็ต,7.879331,98.393087
1528.0,บริษัท อินเตอร์เนชั่นแนล อินโนเวชั่น จำกัด (ในเครือบริษัทอุตสาหกรรมมิตรมงคล),วิศวกรรมศาสตร์และเทคโนโลยี,วิศวกรรมเคมี,กรุงเทพมหานคร,13.723113,100.47514
1529.0,แผนกบำรุงรักษา 3 ฝ่ายเทคโนโลยีและวิศวกรรม องค์การเภสัชกรรม (ธัญบุรี),วิศวกรรมศาสตร์และเทคโนโลยี,วิศวกรรมเคมี,ปทุมธานี,14.020247,100.544847
1530.0,แผนกผลิตเภสัชภัณฑ์ องค์การเภสัชกรรม,วิศวกรรมศาสตร์และเทคโนโลยี,วิศวกรรมเคมี,ปทุมธานี,13.987191,100.529815
1531.0,แผนกมาตรฐานการผลิต องค์การเภสัชกรรม (ธัญบุรี),วิศวกรรมศาสตร์และเทคโนโลยี,วิศวกรรมเคมี,ปทุมธานี,13.982042,100.559725
1532.0,สถาบันวิจัยเทคโนโลยีชีวภาพและวิศวกรรมพันธุศาสตร์ จุฬาลงกรณ์มหาวิทยาลัย,วิศวกรรมศาสตร์และเทคโนโลยี,วิศวกรรมเคมี,กรุงเทพมหานคร,13.730122,100.497113
1533.0,องค์การเภสัชกรรม,วิศวกรรมศาสตร์และเทคโนโลยี,วิศวกรรมเคมี,กรุงเทพมหานคร,13.792043,100.494883
1534.0,กลุ่มตรวจพิสูจน์ทางเคมี กองตรวจพิสูจน์ทางวิทยาศาสตร์ สถาบันนิติวิทยาศาสตร์,วิศวกรรมศาสตร์และเทคโนโลยี,วิศวกรรมเคมี,ปทุมธานี,14.03569,100.539219
1535.0,บริษัท รีโว่เมด กรุ๊ป จำกัด,วิศวกรรมศาสตร์และเทคโนโลยี,วิศวกรรมเคมี,นนทบุรี,13.875389,100.511144
1536.0,บริษัท อิจิโกห์ อินดัสตรีส์ (ไทยแลนด์) จำกัด,วิศวกรรมศาสตร์และเทคโนโลยี,วิศวกรรมเคมี,ระยอง,12.647593,101.248092
1537.0,บริษัท โอลิค (ประเทศไทย) จำกัด,วิศวกรรมศาสตร์และเทคโนโลยี,วิศวกรรมเคมี,พระนครศรีอยุธยา,14.391446,100.592528
1538.0,บริษัท ไทยเม็ททอล อลูมิเนียม จำกัด,วิศวกรรมศาสตร์และเทคโนโลยี,วิศวกรรมเคมี,สมุทรปราการ,13.614567,100.692039
1539.0,บริษัท อินโนวาเฮลท์ จำกัด,วิศวกรรมศาสตร์และเทคโนโลยี,วิศวกรรมเคมี,ปทุมธานี,14.050868,100.489321
1540.0,บริษัท ทัทวิน จำกัด,วิศวกรรมศาสตร์และเทคโนโลยี,วิศวกรรมเคมี,สงขลา,7.156181,100.494086
1541.0,บริษัท ท่าฉาง กรีน เอ็นเนอร์ยี่ จำกัด (มหาชน),วิศวกรรมศาสตร์และเทคโนโลยี,วิศวกรรมเคมี,สุราษฎร์ธานี,9.103102,99.291187
1542.0,การไฟฟ้าส่วนภูมิภาค เขต 2 ภาคใต้ จังหวัดนครศรีธรรมราช,วิศวกรรมศาสตร์และเทคโนโลยี,วิศวกรรมไฟฟ้า,นครศรีธรรมราช,8.421088,99.970392
1543.0,บริษัท คลองหลวงยูทิลิตี้ จำกัด,วิศวกรรมศาสตร์และเทคโนโลยี,วิศวกรรมไฟฟ้า,ปทุมธานี,13.986031,100.534963
1544.0,บริษัท คอมพลีท เอ็นจิเนียริ่ง จำกัด,วิศวกรรมศาสตร์และเทคโนโลยี,วิศวกรรมไฟฟ้า,สุราษฎร์ธานี,9.114302,99.298698
1545.0,บริษัท ซิซซา กรุ๊ป จำกัด,วิศวกรรมศาสตร์และเทคโนโลยี,วิศวกรรมไฟฟ้า,กรุงเทพมหานคร,13.77927,100.493127
1546.0,บริษัท ซินโดม อิเลคทรอนิคส์ อินดัสตรี จำกัด,วิศวกรรมศาสตร์และเทคโนโลยี,วิศวกรรมไฟฟ้า,กรุงเทพมหานคร,13.786926,100.495031
1547.0,บริษัท ซิลิคอน คราฟท์ เทคโนโลยี จำกัด,วิศวกรรมศาสตร์และเทคโนโลยี,วิศวกรรมไฟฟ้า,กรุงเทพมหานคร,13.763136,100.509527
1548.0,บริษัท ซิสเท็ม ดีไซน์ เซอร์วิส จำกัด,วิศวกรรมศาสตร์และเทคโนโลยี,วิศวกรรมไฟฟ้า,ภูเก็ต,7.900955,98.417307
1549.0,บริษัท เซาท์ เอ็นจิเนียริ่ง แอนด์ เทคโนโลยี จำกัด,วิศวกรรมศาสตร์และเทคโนโลยี,วิศวกรรมไฟฟ้า,นนทบุรี,13.867845,100.536048
1550.0,บริษัท ทิพวัฒน์ คอร์ปอเรชั่น จำกัด,วิศวกรรมศาสตร์และเทคโนโลยี,วิศวกรรมไฟฟ้า,ลพบุรี,14.822392,100.676509
1551.0,บริษัท ทีทีซีแอล จำกัด (มหาชน),วิศวกรรมศาสตร์และเทคโนโลยี,วิศวกรรมไฟฟ้า,กรุงเทพมหานคร,13.759854,100.462627
1552.0,บริษัท ทีอาร์ซี คอนสตรัคชั่น จำกัด (มหาชน),วิศวกรรมศาสตร์และเทคโนโลยี,วิศวกรรมไฟฟ้า,กรุงเทพมหานคร,13.789955,100.482761
1553.0,บริษัท นีโอ คอนเดค จำกัด,วิศวกรรมศาสตร์และเทคโนโลยี,วิศวกรรมไฟฟ้า,ภูเก็ต,7.845848,98.386475
1554.0,บริษัท บางกอกชีทเม็ททัล จำกัด (มหาชน),วิศวกรรมศาสตร์และเทคโนโลยี,วิศวกรรมไฟฟ้า,สมุทรปราการ,13.6354,100.667292
1555.0,บริษัท เพาเวอร์ไลน์ เอ็นจิเนียริ่ง จำกัด (มหาชน),วิศวกรรมศาสตร์และเทคโนโลยี,วิศวกรรมไฟฟ้า,สงขลา,7.151673,100.46573
1556.0,บริษัท ฟาบริเนท จำกัด,วิศวกรรมศาสตร์และเทคโนโลยี,วิศวกรรมไฟฟ้า,ปทุมธานี,13.987666,100.524156
1557.0,บริษัท มูราตะ อิเล็กทรอนิกส์ (ประเทศไทย) จำกัด,วิศวกรรมศาสตร์และเทคโนโลยี,วิศวกรรมไฟฟ้า,ลำพูน,18.576572,98.99444
1558.0,บริษัท แมคทริค จำกัด (มหาชน),วิศวกรรมศาสตร์และเทคโนโลยี,วิศวกรรมไฟฟ้า,กรุงเทพมหานคร,13.738392,100.531949
1559.0,บริษัท ระบบขนส่งมวลชนกรุงเทพ จำกัด (มหาชน),วิศวกรรมศาสตร์และเทคโนโลยี,วิศวกรรมไฟฟ้า,กรุงเทพมหานคร,13.766527,100.510184
1560.0,บริษัท วิศวกรพล จำกัด,วิศวกรรมศาสตร์และเทคโนโลยี,วิศวกรรมไฟฟ้า,เชียงใหม่,18.759946,98.977685
1561.0,บริษัท วิศวภัทร์ จำกัด,วิศวกรรมศาสตร์และเทคโนโลยี,วิศวกรรมไฟฟ้า,กรุงเทพมหานคร,13.783161,100.465234
1562.0,บริษัท สมาร์ทเตอร์ เอ็นเนอร์ยี่ โซลูชั่น จำกัด,วิศวกรรมศาสตร์และเทคโนโลยี,วิศวกรรมไฟฟ้า,ภูเก็ต,7.846955,98.428642
1563.0,บริษัท สิทธิชัย อินเตอร์ กรุ๊ป จำกัด,วิศวกรรมศาสตร์และเทคโนโลยี,วิศวกรรมไฟฟ้า,ภูเก็ต,7.875778,98.368473
1564.0,บริษัท อนันตกาญจน์ โฮลดิ้ง คอมปานี จำกัด,วิศวกรรมศาสตร์และเทคโนโลยี,วิศวกรรมไฟฟ้า,ภูเก็ต,7.886764,98.402848
1565.0,บริษัท อัครโอฬาร (1996) จำกัด,วิศวกรรมศาสตร์และเทคโนโลยี,วิศวกรรมไฟฟ้า,ชลบุรี,13.372397,100.974595
1566.0,บริษัท อินเตอร์เนชั่นแนลโพรเจคแอดมินิสเตรชั่น จำกัด (InterPAC),วิศวกรรมศาสตร์และเทคโนโลยี,วิศวกรรมไฟฟ้า,กรุงเทพมหานคร,13.754556,100.481437
1567.0,บริษัท อินโนเวชั่น เทคโนโลยี จํากัด,วิศวกรรมศาสตร์และเทคโนโลยี,วิศวกรรมไฟฟ้า,กรุงเทพมหานคร,13.759794,100.526004
1568.0,บริษัท อีคอน พลัส จำกัด,วิศวกรรมศาสตร์และเทคโนโลยี,วิศวกรรมไฟฟ้า,กรุงเทพมหานคร,13.79387,100.481462
1569.0,บริษัท เอ็กโก เอ็นจิเนียนิ่ง แอนด์ เซอร์วิส จำกัด,วิศวกรรมศาสตร์และเทคโนโลยี,วิศวกรรมไฟฟ้า,ระยอง,12.684441,101.269348
1570.0,บริษัท เอ็นซีเอ็นเอ จำกัด,วิศวกรรมศาสตร์และเทคโนโลยี,วิศวกรรมไฟฟ้า,สมุทรปราการ,13.614357,100.642661
1571.0,บริษัท เอ็นเนอร์จี้ เรสปอนส์ จำกัด,วิศวกรรมศาสตร์และเทคโนโลยี,วิศวกรรมไฟฟ้า,กรุงเทพมหานคร,13.744292,100.489503
1572.0,บริษัท เอส.จี. แลนด์ จำกัด,วิศวกรรมศาสตร์และเทคโนโลยี,วิศวกรรมไฟฟ้า,กรุงเทพมหานคร,13.723918,100.517866
1573.0,บริษัท แอดวานซ์ อินโฟร์ เซอร์วิส จำกัด (มหาชน) สุราษฎร์ธานี,วิศวกรรมศาสตร์และเทคโนโลยี,วิศวกรรมไฟฟ้า,สุราษฎร์ธานี,9.167347,99.329771
1574.0,ฝ่ายปฏิบัติการและบำรุงรักษา การไฟฟ้าส่วนภูมิภาค เขต 3 ภาคใต้,วิศวกรรมศาสตร์และเทคโนโลยี,วิศวกรรมไฟฟ้า,สงขลา,7.157399,100.496599
1575.0,โรงไฟฟ้าจะนะ การไฟฟ้าฝ่ายผลิตแห่งประเทศไทย,วิศวกรรมศาสตร์และเทคโนโลยี,วิศวกรรมไฟฟ้า,สงขลา,7.137259,100.473983
1576.0,โรงแยกก๊าซธรรมชาติขนอม บริษัท ปตท. จำกัด (มหาชน),วิศวกรรมศาสตร์และเทคโนโลยี,วิศวกรรมไฟฟ้า,นครศรีธรรมราช,8.44852,99.967722
1577.0,ห้างหุ้นส่วนจำกัด มารูนเทคเอ็นจิเนียริ่ง,วิศวกรรมศาสตร์และเทคโนโลยี,วิศวกรรมไฟฟ้า,สงขลา,7.163041,100.497977
1578.0,บริษัท จาร์ดีน เอ็นจิเนียริ่ง จำกัด,วิศวกรรมศาสตร์และเทคโนโลยี,วิศวกรรมไฟฟ้า,กรุงเทพมหานคร,13.784528,100.483372
1579.0,บริษัท พีเออี (ประเทศไทย) จำกัด (มหาชน),วิศวกรรมศาสตร์และเทคโนโลยี,วิศวกรรมไฟฟ้า,สงขลา,7.205941,100.459055
1580.0,บริษัท แพลนนิ่ง เอ็นจิเนียริ่ง ดีเวลล็อปเมนท์ จำกัด,วิศวกรรมศาสตร์และเทคโนโลยี,วิศวกรรมไฟฟ้า,สมุทรปราการ,13.620253,100.646502
1581.0,บริษัท มิว เอ็นจิเนียริ่ง ซิสเท็ม จำกัด,วิศวกรรมศาสตร์และเทคโนโลยี,วิศวกรรมไฟฟ้า,ภูเก็ต,7.903925,98.358637
1582.0,บริษัท อนาล็อก ดีไวเซส (ประเทศไทย) จำกัด,วิศวกรรมศาสตร์และเทคโนโลยี,วิศวกรรมไฟฟ้า,ชลบุรี,13.394091,101.004577
1583.0,บริษัท อีเลคตริคคอล โปรเจคท์ จำกัด,วิศวกรรมศาสตร์และเทคโนโลยี,วิศวกรรมไฟฟ้า,ภูเก็ต,7.897721,98.388096
1584.0,บริษัท อีเอ็มเอส เอ็นจิเนียริ่ง จำกัด,วิศวกรรมศาสตร์และเทคโนโลยี,วิศวกรรมไฟฟ้า,ภูเก็ต,7.885541,98.365694
1585.0,บริษัท เอ็มไลน์ เอ็นจิเนียริ่ง จำกัด,วิศวกรรมศาสตร์และเทคโนโลยี,วิศวกรรมไฟฟ้า,กรุงเทพมหานคร,13.786512,100.536133
1586.0,บริษัท ไทยสแตนเลย์การไฟฟ้า จำกัด (มหาชน),วิศวกรรมศาสตร์และเทคโนโลยี,วิศวกรรมไฟฟ้า,ปทุมธานี,14.033978,100.552452
1587.0,บริษัท เอ็นซีเอ็นเอ กรุ๊ป จำกัด,วิศวกรรมศาสตร์และเทคโนโลยี,วิศวกรรมไฟฟ้า,สมุทรปราการ,13.643331,100.709802
1588.0,บริษัท ธาร์ณัส จำกัด,วิศวกรรมศาสตร์และเทคโนโลยี,วิศวกรรมไฟฟ้า,กรุงเทพมหานคร,13.756266,100.537661
1589.0,บริษัท ฐปกร เอ็นจิเนียริ่ง ซิสเต็ม จำกัด,วิศวกรรมศาสตร์และเทคโนโลยี,วิศวกรรมไฟฟ้า,ภูเก็ต,7.873799,98.360279
1590.0,บริษัท ไทย ซัมมิท โอโตพาร์ท อินดัสตรี จำกัด,วิศวกรรมศาสตร์และเทคโนโลยี,วิศวกรรมไฟฟ้า,สมุทรปราการ,13.625045,100.71754
1591.0,บริษัท คริสเตียนีและนีลเส็น (ไทย) จำกัด (มหาชน),วิศวกรรมศาสตร์และเทคโนโลยี,วิศวกรรมโยธา,กรุงเทพมหานคร,13.759216,100.510171
1592.0,บริษัท คอนสตรัคชั่น ไลนส์ จำกัด,วิศวกรรมศาสตร์และเทคโนโลยี,วิศวกรรมโยธา,กรุงเทพมหานคร,13.754714,100.520471
1593.0,บริษัท คอร์ เทคโนโลยี คอนซัลแต้นส์ จำกัด,วิศวกรรมศาสตร์และเทคโนโลยี,วิศวกรรมโยธา,นนทบุรี,13.853901,100.548519
1594.0,บริษัท เคเทค คอนสตรัคชั่น จำกัด (มหาชน),วิศวกรรมศาสตร์และเทคโนโลยี,วิศวกรรมโยธา,กรุงเทพมหานคร,13.793916,100.502661
1595.0,บริษัท เคเอ็มไอที คอนสตรัคชั่น จำกัด,วิศวกรรมศาสตร์และเทคโนโลยี,วิศวกรรมโยธา,ภูเก็ต,7.84917,98.386882
1596.0,บริษัท ช.การช่าง จำกัด (มหาชน),วิศวกรรมศาสตร์และเทคโนโลยี,วิศวกรรมโยธา,กรุงเทพมหานคร,13.731069,100.504581
1597.0,บริษัท เชียงใหม่ริมดอย จํากัด (มหาชน),วิศวกรรมศาสตร์และเทคโนโลยี,วิศวกรรมโยธา,สุราษฎร์ธานี,9.140862,99.326052
1598.0,บริษัท ซินเท็ค คอนสตรัคชั่น จำกัด (มหาชน),วิศวกรรมศาสตร์และเทคโนโลยี,วิศวกรรมโยธา,กรุงเทพมหานคร,13.768219,100.474599
1599.0,บริษัท ซิโน - ไทย เอ็นจีเนียริ่ง แอนด์ คอนสตรัคชั่น จำกัด (มหาชน),วิศวกรรมศาสตร์และเทคโนโลยี,วิศวกรรมโยธา,กรุงเทพมหานคร,13.769556,100.506703
1600.0,บริษัท ซีฟโก้ จำกัด (มหาชน),วิศวกรรมศาสตร์และเทคโนโลยี,วิศวกรรมโยธา,กรุงเทพมหานคร,13.719356,100.507187
1601.0,บริษัท ทวีมงคลก่อสร้าง (2000) จำกัด,วิศวกรรมศาสตร์และเทคโนโลยี,วิศวกรรมโยธา,กรุงเทพมหานคร,13.75022,100.469384
1602.0,บริษัท ที.แอล.เอช เอ็นจิเนียริ่ง จำกัด,วิศวกรรมศาสตร์และเทคโนโลยี,วิศวกรรมโยธา,กรุงเทพมหานคร,13.734555,100.484847
1603.0,บริษัท ทีม คอนซัลติ้ง เอนจิเนียริ่ง แอนด์ แมเนจเมนท์ จำกัด (มหาชน),วิศวกรรมศาสตร์และเทคโนโลยี,วิศวกรรมโยธา,กรุงเทพมหานคร,13.76967,100.51735
1604.0,บริษัท ทีม คอนสตรัคชั่น แมเนจเมนท์ จำกัด,วิศวกรรมศาสตร์และเทคโนโลยี,วิศวกรรมโยธา,กรุงเทพมหานคร,13.778625,100.469805
1605.0,บริษัท ไทยโพลีคอนส์ จำกัด (มหาชน),วิศวกรรมศาสตร์และเทคโนโลยี,วิศวกรรมโยธา,กรุงเทพมหานคร,13.718919,100.505373
1606.0,บริษัท นันทวัน จำกัด (Thai Obayashi),วิศวกรรมศาสตร์และเทคโนโลยี,วิศวกรรมโยธา,กรุงเทพมหานคร,13.726576,100.517579
1607.0,บริษัท โปรเจค แพลนนิ่ง เซอร์วิส จำกัด (มหาชน),วิศวกรรมศาสตร์และเทคโนโลยี,วิศวกรรมโยธา,กรุงเทพมหานคร,13.766874,100.484766
1608.0,บริษัท โปรบิลด์สมุย ดีเวลลอปเมนท์ จำกัด,วิศวกรรมศาสตร์และเทคโนโลยี,วิศวกรรมโยธา,สุราษฎร์ธานี,9.129965,99.355623
1609.0,บริษัท พรูเด้นท์ บิวเดอร์ จำกัด,วิศวกรรมศาสตร์และเทคโนโลยี,วิศวกรรมโยธา,ภูเก็ต,7.866986,98.423667
1610.0,บริษัท พฤกษา เรียลเอสเตท จำกัด (มหาชน),วิศวกรรมศาสตร์และเทคโนโลยี,วิศวกรรมโยธา,กรุงเทพมหานคร,13.740299,100.486831
1611.0,บริษัท พีเจซี วูด จำกัด,วิศวกรรมศาสตร์และเทคโนโลยี,วิศวกรรมโยธา,สุราษฎร์ธานี,9.14539,99.327234
1612.0,บริษัท เพชรอุดมเอ็นเตอร์ไพรส์ จำกัด,วิศวกรรมศาสตร์และเทคโนโลยี,วิศวกรรมโยธา,ปทุมธานี,13.988928,100.509361
1613.0,บริษัท ภูเก็ตไนน์ จำกัด,วิศวกรรมศาสตร์และเทคโนโลยี,วิศวกรรมโยธา,ภูเก็ต,7.862701,98.382358
1614.0,บริษัท วสี จำกัด,วิศวกรรมศาสตร์และเทคโนโลยี,วิศวกรรมโยธา,ภูเก็ต,7.908706,98.359381
1615.0,บริษัท วินซี คอนสตรัคชั่น จำกัด,วิศวกรรมศาสตร์และเทคโนโลยี,วิศวกรรมโยธา,กรุงเทพมหานคร,13.795938,100.513809
1616.0,บริษัท ศุภาลัย จำกัด (มหาชน),วิศวกรรมศาสตร์และเทคโนโลยี,วิศวกรรมโยธา,กรุงเทพมหานคร,13.7877,100.469535
1617.0,บริษัท สโตนเฮ้นจ์ อินเตอร์ จำกัด (มหาชน),วิศวกรรมศาสตร์และเทคโนโลยี,วิศวกรรมโยธา,กรุงเทพมหานคร,13.752536,100.48387
1618.0,บริษัท แสนสิริ จำกัด (มหาชน),วิศวกรรมศาสตร์และเทคโนโลยี,วิศวกรรมโยธา,กรุงเทพมหานคร,13.738339,100.518674
1619.0,บริษัท อนันดา ดีเวลลอปเม้นท์ จํากัด (มหาชน),วิศวกรรมศาสตร์และเทคโนโลยี,วิศวกรรมโยธา,กรุงเทพมหานคร,13.78325,100.512505
1620.0,บริษัท ออกซิเจนเรียลเอสเตท จำกัด,วิศวกรรมศาสตร์และเทคโนโลยี,วิศวกรรมโยธา,สงขลา,7.214252,100.485491
1621.0,บริษัท อาร์คิเทคเชอแรล เอ็นจิเนียริ่ง 49 (ภูเก็ต) จำกัด,วิศวกรรมศาสตร์และเทคโนโลยี,วิศวกรรมโยธา,ภูเก็ต,7.854674,98.369775
1622.0,บริษัท เอ็กซ์ตร้า คอนสตรัคชั่นแอนด์ดีไซน์ จำกัด,วิศวกรรมศาสตร์และเทคโนโลยี,วิศวกรรมโยธา,สุราษฎร์ธานี,9.129247,99.356317
1623.0,บริษัท เอสซีจี 1995 จำกัด,วิศวกรรมศาสตร์และเทคโนโลยี,วิศวกรรมโยธา,สุราษฎร์ธานี,9.127509,99.316378
1624.0,บริษัท แอสคอนคอนสตรัคชั่น จำกัด (มหาชน),วิศวกรรมศาสตร์และเทคโนโลยี,วิศวกรรมโยธา,กรุงเทพมหานคร,13.742227,100.471887
1625.0,กรมทางหลวงชนบท,วิศวกรรมศาสตร์และเทคโนโลยี,วิศวกรรมโยธา,สงขลา,7.197905,100.507817
1626.0,โครงการชลประทานพัทลุง,วิศวกรรมศาสตร์และเทคโนโลยี,วิศวกรรมโยธา,พัทลุง,7.655861,100.14674
1627.0,บริษัท 22 คอนซัลเต้นท์ แอนด์ แมเนจเม้นท์ จำกัด,วิศวกรรมศาสตร์และเทคโนโลยี,วิศวกรรมโยธา,กรุงเทพมหานคร,13.789882,100.537416
1628.0,บริษัท 7 มกรา พลัส จำกัด,วิศวกรรมศาสตร์และเทคโนโลยี,วิศวกรรมโยธา,กรุงเทพมหานคร,13.775959,100.539861
1629.0,บริษัท แกรนด์ซีโอ เอ็นจิเนียริ่ง จำกัด,วิศวกรรมศาสตร์และเทคโนโลยี,วิศวกรรมโยธา,กรุงเทพมหานคร,13.719705,100.482901
1630.0,บริษัท ขั้นเทพ การช่าง จำกัด,วิศวกรรมศาสตร์และเทคโนโลยี,วิศวกรรมโยธา,สมุทรปราการ,13.571933,100.71336
1631.0,บริษัท เจโต โฮม จำกัด,วิศวกรรมศาสตร์และเทคโนโลยี,วิศวกรรมโยธา,ภูเก็ต,7.898764,98.404678
1632.0,บริษัท ซี.ซี. จักรกลและก่อสร้าง จำกัด,วิศวกรรมศาสตร์และเทคโนโลยี,วิศวกรรมโยธา,นครศรีธรรมราช,8.453309,99.979695
1633.0,บริษัท ฐานิดา ก่อสร้าง จำกัด,วิศวกรรมศาสตร์และเทคโนโลยี,วิศวกรรมโยธา,สมุทรปราการ,13.594063,100.694985
1634.0,บริษัท ทรัสตี้โปรเจคแมเนจเมนต์ จำกัด,วิศวกรรมศาสตร์และเทคโนโลยี,วิศวกรรมโยธา,กรุงเทพมหานคร,13.745289,100.541355
1635.0,บริษัท แทนเจนต์ เอ็นจิเนียริ่ง จำกัด,วิศวกรรมศาสตร์และเทคโนโลยี,วิศวกรรมโยธา,นครนายก,14.227116,101.226427
1636.0,บริษัท สยามมัลติคอน จำกัด,วิศวกรรมศาสตร์และเทคโนโลยี,วิศวกรรมโยธา,กรุงเทพมหานคร,13.751382,100.48858
1637.0,บริษัท เอส เอส เอส แอนด์ พี เอ็นจิเนียริ่ง ซัพพลาย จำกัด,วิศวกรรมศาสตร์และเทคโนโลยี,วิศวกรรมโยธา,กรุงเทพมหานคร,13.747233,100.489865
1638.0,บริษัท เอคอนส์ เอ็นจิเนียริ่ง จำกัด,วิศวกรรมศาสตร์และเทคโนโลยี,วิศวกรรมโยธา,ปทุมธานี,14.030792,100.56417
1639.0,บริษัท เวิลด์ คอนสตรัคชั่น แอนด์ เอนยิเนียริ่ง จำกัด,วิศวกรรมศาสตร์และเทคโนโลยี,วิศวกรรมโยธา,ภูเก็ต,7.860991,98.379093
1640.0,บริษัท ซีวิล เอนจิเนียริ่ง จำกัด (มหาชน),วิศวกรรมศาสตร์และเทคโนโลยี,วิศวกรรมโยธา,กรุงเทพมหานคร,13.75402,100.523188
1641.0,บริษัท บีวาย ชีวิลเอ็นจิเนียริ่ง ดีไซน์ แอนด์ คอนเซาท์แตนท์ จำกัด,วิศวกรรมศาสตร์และเทคโนโลยี,วิศวกรรมโยธา,สมุทรปราการ,13.630418,100.703612
1642.0,สำนักงานทางหลวงที่ 16 กรมทางหลวง,วิศวกรรมศาสตร์และเทคโนโลยี,วิศวกรรมโยธา,นครศรีธรรมราช,8.445929,99.951375
1643.0,สำนักงานชลประทานที่ 16 กรมชลประทาน กระทรวงฯเกษตรและสหกรณ์,วิศวกรรมศาสตร์และเทคโนโลยี,วิศวกรรมโยธา,สงขลา,7.135736,100.454778
1644.0,ศูนย์สร้างทางสงขลา สำนักก่อสร้างทางที่ 2 กรมทางหลวง,วิศวกรรมศาสตร์และเทคโนโลยี,วิศวกรรมโยธา,สงขลา,7.18818,100.493267
1645.0,บริษัท เอจี คอนสตรัคชั่น ภูเก็ต จำกัด,วิศวกรรมศาสตร์และเทคโนโลยี,วิศวกรรมโยธา,ภูเก็ต,7.891791,98.431033
1646.0,บริษัท เอส.อาร์.แอล. เอ็นจิเนียริ่ง แอนด์ คอนสตรัคชั่น จำกัด,วิศวกรรมศาสตร์และเทคโนโลยี,วิศวกรรมโยธา,นครศรีธรรมราช,8.421355,99.991638
1647.0,บริษัท พรศิวะ 999 การก่อสร้าง จำกัด,วิศวกรรมศาสตร์และเทคโนโลยี,วิศวกรรมโยธา,สุราษฎร์ธานี,9.13932,99.352431
1648.0,แขวงทางหลวงชนบทชุมพร,วิศวกรรมศาสตร์และเทคโนโลยี,วิศวกรรมโยธา,ชุมพร,10.518099,99.176669
1649.0,บริษัท ขยันการเกียรติ จำกัด,วิศวกรรมศาสตร์และเทคโนโลยี,วิศวกรรมโยธา,ภูเก็ต,7.896118,98.416499
1650.0,บริษัท เอ็น คอนส์ แอนด์ บิลท์ จำกัด,วิศวกรรมศาสตร์และเทคโนโลยี,วิศวกรรมโยธา,นนทบุรี,13.876655,100.484918
1651.0,บริษัท บูรพาคอนกรีต แอนด์ คอนสตรัคชั่น จำกัด,วิศวกรรมศาสตร์และเทคโนโลยี,วิศวกรรมโยธา,จันทบุรี,12.609371,102.131933
1652.0,บริษัท บวิค - ไทย จำกัด,วิศวกรรมศาสตร์และเทคโนโลยี,วิศวกรรมโยธา,นนทบุรี,13.824008,100.48763
1653.0,บริษัท อัลลายแอนซ์ คอร์ป จำกัด,วิศวกรรมศาสตร์และเทคโนโลยี,วิศวกรรมโยธา,ภูเก็ต,7.899477,98.417033
1654.0,บริษัท เอส.โอ.เอ็น. เอ็นจิเนียริ่ง จำกัด,วิศวกรรมศาสตร์และเทคโนโลยี,วิศวกรรมโยธา,นราธิวาส,6.407214,101.809737
1655.0,บริษัท เสริมสงวนก่อสร้าง จำกัด จังหวัดกระบี่,วิศวกรรมศาสตร์และเทคโนโลยี,วิศวกรรมโยธา,กระบี่,8.066829,98.924503
1656.0,สำนักงานทางหลวงชนบทที่ 12 (สงขลา) กรมทางหลวงชนบท,วิศวกรรมศาสตร์และเทคโนโลยี,วิศวกรรมโยธา,สงขลา,7.144332,100.495696
1657.0,บริษัท โซนี่ เทคโนโลยี ประเทศไทย จำกัด สำนักงานใหญ่,วิศวกรรมศาสตร์และเทคโนโลยี,วิศวกรรมเครื่องกล,ชลบุรี,13.342802,100.967343
1658.0,บริษัท เบลตัน อินดัสเตรียล (ประเทศไทย) จำกัด,วิศวกรรมศาสตร์และเทคโนโลยี,วิศวกรรมเครื่องกล,พระนครศรีอยุธยา,14.388206,100.583224
1659.0,บริษัท ฟลอยด์ จำกัด (มหาชน),วิศวกรรมศาสตร์และเทคโนโลยี,วิศวกรรมเครื่องกล,นนทบุรี,13.902049,100.511106
1660.0,บริษัท อุตสาหกรรมการบิน จำกัด,วิศวกรรมศาสตร์และเทคโนโลยี,วิศวกรรมเครื่องกล,กรุงเทพมหานคร,13.746293,100.528768
1661.0,บริษัท แคเรียร์ (ประเทศไทย) จำกัด,วิศวกรรมศาสตร์และเทคโนโลยี,วิศวกรรมเครื่องกล,กรุงเทพมหานคร,13.734279,100.523976
1662.0,บริษัท ซีเนียร์ แอโรสเปซ (ไทยแลนด์) จำกัด,วิศวกรรมศาสตร์และเทคโนโลยี,วิศวกรรมเครื่องกล,กรุงเทพมหานคร,13.747191,100.49674
1663.0,Belton Industrial Thailand Ltd.,วิศวกรรมศาสตร์และเทคโนโลยี,วิศวกรรมเครื่องกล,กรุงเทพมหานคร,13.792776,100.521581
1664.0,บริษัท เบลตัน อินดัสเตรียล (ประเทศไทย) จำกัด จังหวัดพระนครศรีอยุธยา,วิศวกรรมศาสตร์และเทคโนโลยี,วิศวกรรมเครื่องกล,พระนครศรีอยุธยา,14.374776,100.583137
1665.0,ธนาคารกรุงไทย จำกัด (มหาชน) สำนักงานใหญ่,การบัญชีและการเงิน,เศรษฐศาสตร์,กรุงเทพมหานคร,13.784355,100.471343
1666.0,ธนาคารพัฒนาวิสาหกิจขนาดกลางและขนาดย่อมแห่งประเทศไทย,การบัญชีและการเงิน,เศรษฐศาสตร์,กรุงเทพมหานคร,13.748001,100.53897
1667.0,ธนาคารพัฒนาวิสาหกิจขนาดกลางและขนาดย่อมแห่งประเทศไทย สาขานครศรีธรรมราช,การบัญชีและการเงิน,เศรษฐศาสตร์,นครศรีธรรมราช,8.43253,99.946946
1668.0,บริษัท เดอะบิสซิเนส รีเสิร์ช สเปเชียลลิสต์ จำกัด,การบัญชีและการเงิน,เศรษฐศาสตร์,กรุงเทพมหานคร,13.771419,100.498066
1669.0,บริษัท ทริส คอร์ปอเรชั่น จำกัด,การบัญชีและการเงิน,เศรษฐศาสตร์,กรุงเทพมหานคร,13.762288,100.490603
1670.0,บริษัท บริหารสินทรัพย์ สุขุมวิท จำกัด,การบัญชีและการเงิน,เศรษฐศาสตร์,กรุงเทพมหานคร,13.753722,100.467724
1671.0,บริษัท บริหารสินทรัพย์กรุงเทพพาณิชย์ จำกัด (มหาชน) สำนักงานนครศรีธรรมราช,การบัญชีและการเงิน,เศรษฐศาสตร์,นครศรีธรรมราช,8.443757,99.984133
1672.0,บริษัท หลักทรัพย์หยวนต้า (ประเทศไทย) จำกัด สำนักงานจังหวัดนครศรีธรรมราช,การบัญชีและการเงิน,เศรษฐศาสตร์,นครศรีธรรมราช,8.400389,99.932883
1673.0,บริษัท เอ็ม บี เค เรียล เอสเตท จํากัด,การบัญชีและการเงิน,เศรษฐศาสตร์,กรุงเทพมหานคร,13.773268,100.498675
1674.0,บริษัทบริหารสินทรัพย์ กรุงเทพพาณิชย์ จำกัด (มหาชน),การบัญชีและการเงิน,เศรษฐศาสตร์,นครปฐม,13.821869,100.023139
1675.0,สำนักงบประมาณ,การบัญชีและการเงิน,เศรษฐศาสตร์,กรุงเทพมหานคร,13.759242,100.499599
1676.0,สำนักงานเทศบาล,การบัญชีและการเงิน,เศรษฐศาสตร์,ชุมพร,10.499731,99.175799
1677.0,สำนักงานบริหารหนี้สาธารณะ กระทรวงการคลัง,การบัญชีและการเงิน,เศรษฐศาสตร์,กรุงเทพมหานคร,13.740948,100.493419
1678.0,สำนักงานแรงงานไทยในประเทศสิงคโปร์,การบัญชีและการเงิน,เศรษฐศาสตร์,สิงคโปร์,,
1679.0,สำนักงานเศรษฐกิจการเกษตร,การบัญชีและการเงิน,เศรษฐศาสตร์,กรุงเทพมหานคร,13.794203,100.527576
1680.0,สำนักงานเศรษฐกิจการเกษตร เขต 8,การบัญชีและการเงิน,เศรษฐศาสตร์,สุราษฎร์ธานี,9.106328,99.3413
1681.0,สำนักงานส่งเสริมการค้าในต่างประเทศ ณ สิงคโปร์,การบัญชีและการเงิน,เศรษฐศาสตร์,สิงคโปร์,,
1682.0,สำนักงานสถิติแห่งชาติ,การบัญชีและการเงิน,เศรษฐศาสตร์,กรุงเทพมหานคร,13.724086,100.501137
1683.0,ธนาคารเพื่อการเกษตรและสหกรณ์การเกษตร,การบัญชีและการเงิน,เศรษฐศาสตร์,กรุงเทพมหานคร,13.719704,100.506511
1684.0,ธนาคารเพื่อการเกษตรและสหกรณ์การเกษตร (ธ.ก.ส.) สาขาหัวไทร,การบัญชีและการเงิน,เศรษฐศาสตร์,ปัตตานี,6.896662,101.260055
1685.0,ธนาคารเพื่อการเกษตรและสหกรณ์การเกษตร สาขาเกาะสมุย,การบัญชีและการเงิน,เศรษฐศาสตร์,สุราษฎร์ธานี,9.147268,99.296202
1686.0,ธนาคารเพื่อการเกษตรและสหกรณ์การเกษตร สาขาทวดทอง,การบัญชีและการเงิน,เศรษฐศาสตร์,นครศรีธรรมราช,8.427781,99.97112
1687.0,ธนาคารเพื่อการเกษตรและสหกรณ์การเกษตร สาขาบ้านนาเดิม,การบัญชีและการเงิน,เศรษฐศาสตร์,สุราษฎร์ธานี,9.172012,99.337947
1688.0,ธนาคารเพื่อการเกษตรและสหกรณ์การเกษตร สาขาระนอง,การบัญชีและการเงิน,เศรษฐศาสตร์,ระนอง,9.979305,98.581573
1689.0,ธนาคารเพื่อการเกษตรและสหกรณ์การเกษตร สาขาหาดใหญ่,การบัญชีและการเงิน,เศรษฐศาสตร์,สงขลา,7.140283,100.438084
1690.0,ธนาคารอาคารสงเคราะห์ สาขานครศรีธรรมราช,การบัญชีและการเงิน,เศรษฐศาสตร์,นครศรีธรรมราช,8.398048,99.968728
1691.0,บริษัท หลักทรัพย์ พาย จำกัด (มหาชน),การบัญชีและการเงิน,เศรษฐศาสตร์,กรุงเทพมหานคร,13.755491,100.495495
1692.0,สำนักงานเกษตรและสหกรณ์จังหวัดสุราษฎร์ธานี,การบัญชีและการเงิน,เศรษฐศาสตร์,สุราษฎร์ธานี,9.164119,99.286709
1693.0,สำนักงานคลังจังหวัดสุราษฎร์ธานี,การบัญชีและการเงิน,เศรษฐศาสตร์,สุราษฎร์ธานี,9.139957,99.309633
1694.0,สำนักงานสหกรณ์จังหวัดตรัง,การบัญชีและการเงิน,เศรษฐศาสตร์,ตรัง,7.597661,99.593282
1695.0,สมาคมบริษัทจัดการลงทุน (AIMC),การบัญชีและการเงิน,เศรษฐศาสตร์,กรุงเทพมหานคร,13.753468,100.463427
1696.0,สำนักงานส่งเสริมเศรษฐกิจดิจิทัล,การบัญชีและการเงิน,เศรษฐศาสตร์,กรุงเทพมหานคร,13.750559,100.525082
1697.0,สำนักงานการตรวจเงินแผ่นดิน,การบัญชีและการเงิน,เศรษฐศาสตร์,กรุงเทพมหานคร,13.782122,100.516251
1698.0,สำนักงานพัฒนาเศรษฐกิจและสังคมภาคใต้,การบัญชีและการเงิน,เศรษฐศาสตร์,สงขลา,7.202949,100.441342
1699.0,ธนาคารพัฒนาวิสาหกิจขนาดกลางและขนาดย่อมแห่งประเทศไทย สาขาหาดใหญ่,การบัญชีและการเงิน,เศรษฐศาสตร์,นครศรีธรรมราช,8.442702,99.950054
1700.0,ธนาคารเพื่อการเกษตรและสหกรณ์การเกษตร จังหวัดนครศรีธรรมราช,การบัญชีและการเงิน,เศรษฐศาสตร์,นครศรีธรรมราช,8.403377,99.926742
1701.0,ธนาคารออมสิน เขตสงขลา 1,การบัญชีและการเงิน,เศรษฐศาสตร์,สงขลา,7.180878,100.487676
1702.0,ธนาคารออมสิน ภาค 18,การบัญชีและการเงิน,เศรษฐศาสตร์,สงขลา,7.21291,100.46153
1703.0,บริษัท บริหารสินทรัพย์กรุงเทพพาณิชย์ จำกัด ฝ่ายพัฒนาสินทรัพย์ภาคใต้ตอนล่าง,การบัญชีและการเงิน,เศรษฐศาสตร์,ชุมพร,10.528102,99.151603
1704.0,บริษัท ดีลอินเวส จำกัด,การบัญชีและการเงิน,เศรษฐศาสตร์,กรุงเทพมหานคร,13.741391,100.53503
1705.0,บริษัท ไพร์ม โกลบอล แอสเสท จำกัด,การบัญชีและการเงิน,เศรษฐศาสตร์,ภูเก็ต,7.85164,98.375555
1706.0,บริษัท มีเดีย แอสโซซิเอตเต็ด จำกัด,การบัญชีและการเงิน,เศรษฐศาสตร์,กรุงเทพมหานคร,13.751784,100.518025
1707.0,ธนาคารออมสิน สาขาท่าศาลา,การบัญชีและการเงิน,เศรษฐศาสตร์,นครศรีธรรมราช,8.404554,99.960568
1708.0,ธนาคารเพื่อการเกษตรและสหกรณ์การเกษตร สาขาท่าศาลา,การบัญชีและการเงิน,เศรษฐศาสตร์,นครศรีธรรมราช,8.397461,99.937002
1709.0,ธนาคารเพื่อการเกษตรและสหกรณ์การเกษตร สาขาสุราษฎร์ธานี,การบัญชีและการเงิน,เศรษฐศาสตร์,สุราษฎร์ธานี,9.14688,99.307238
1710.0,ส่วนอาคารสถานที่ มหาวิทยาลัยวลัยลักษณ์,สถาปัตยกรรมศาสตร์และการออกแบบ,สถาปัตยกรรมศาสตร์,นครศรีธรรมราช,8.436609,100.002382
1711.0,บริษัท อีโค่ อาร์คิเทค จำกัด (สาขาภูเก็ต),สถาปัตยกรรมศาสตร์และการออกแบบ,สถาปัตยกรรมศาสตร์,ภูเก็ต,7.89311,98.361025
1712.0,บริษัท ทริพเพิลทู ดีไซน์ สตูดิโอ จำกัด,สถาปัตยกรรมศาสตร์และการออกแบบ,สถาปัตยกรรมศาสตร์,ภูเก็ต,7.86875,98.406931
1713.0,บริษัท วอลลูม แมททริกส์ สตูดิโอ จำกัด,สถาปัตยกรรมศาสตร์และการออกแบบ,สถาปัตยกรรมศาสตร์,กรุงเทพมหานคร,13.776392,100.472245
1714.0,บริษัท รูฟดีไซน์ แอนด์ แมเนจเม้นท์ จำกัด,สถาปัตยกรรมศาสตร์และการออกแบบ,สถาปัตยกรรมศาสตร์,ภูเก็ต,7.901419,98.410677
1715.0,บริษัท ไฮโปธีสีส จำกัด,สถาปัตยกรรมศาสตร์และการออกแบบ,สถาปัตยกรรมศาสตร์,กรุงเทพมหานคร,13.752382,100.531922
1716.0,บริษัท อาซาว่า อาร์คิเทค จำกัด,สถาปัตยกรรมศาสตร์และการออกแบบ,สถาปัตยกรรมศาสตร์,นครศรีธรรมราช,8.452757,99.952226
1717.0,ห้างหุ้นส่วนจำกัด โฮมเบส คอนสตรัคชั่น,สถาปัตยกรรมศาสตร์และการออกแบบ,สถาปัตยกรรมศาสตร์,สุราษฎร์ธานี,9.164454,99.304432
1718.0,บริษัท เอสเอ็ม.ทีเอช คอนสตรักชั่น จำกัด (สถาปนิกมุสลิมเพื่อชุมชน),สถาปัตยกรรมศาสตร์และการออกแบบ,สถาปัตยกรรมศาสตร์,สตูล,6.596977,100.064145
1719.0,บริษัท นัมเบอร์ทเวลฟท จำกัด,สถาปัตยกรรมศาสตร์และการออกแบบ,สถาปัตยกรรมศาสตร์,ภูเก็ต,7.916911,98.378497
1720.0,บริษัท สตูดิโอ มิติ จำกัด,สถาปัตยกรรมศาสตร์และการออกแบบ,สถาปัตยกรรมศาสตร์,กรุงเทพมหานคร,13.755557,100.499242
1721.0,บริษัท เอส.โอ.เอส อาร์คิเทคส์ จำกัด,สถาปัตยกรรมศาสตร์และการออกแบบ,สถาปัตยกรรมศาสตร์,เชียงใหม่,18.754111,98.951371
1722.0,บริษัท สารมาศ ดีเวลลอปเม้นท์ จำกัด,สถาปัตยกรรมศาสตร์และการออกแบบ,สถาปัตยกรรมศาสตร์,กระบี่,8.109096,98.916696
1723.0,บริษัท วีอาร์คอนซัลแตนท์ แอนด์ เซอร์วิส จำกัด,สถาปัตยกรรมศาสตร์และการออกแบบ,สถาปัตยกรรมศาสตร์,กรุงเทพมหานคร,13.752655,100.507894
1724.0,บริษัท 9ดี สถาปนิก จำกัด,สถาปัตยกรรมศาสตร์และการออกแบบ,สถาปัตยกรรมศาสตร์,ภูเก็ต,7.853282,98.411649
1725.0,บริษัท เอ็มสเปซ จำกัด,สถาปัตยกรรมศาสตร์และการออกแบบ,สถาปัตยกรรมศาสตร์,กรุงเทพมหานคร,13.760298,100.474956
1726.0,บริษัท สถาปนิก 49 (ภูเก็ต) จำกัด,สถาปัตยกรรมศาสตร์และการออกแบบ,สถาปัตยกรรมศาสตร์,ภูเก็ต,7.889283,98.419364
1727.0,บริษัท ไอ วิว ดีไซต์ สตูดิโอ จำกัด,สถาปัตยกรรมศาสตร์และการออกแบบ,สถาปัตยกรรมศาสตร์,กรุงเทพมหานคร,13.756688,100.508953
1728.0,ห้างหุ้นส่วนจำกัด ฟอร์แปลนกรุ๊ป,สถาปัตยกรรมศาสตร์และการออกแบบ,สถาปัตยกรรมศาสตร์,นครศรีธรรมราช,8.465705,99.957577
1729.0,บริษัท ทรัพย์เปอร์ จำกัด,สถาปัตยกรรมศาสตร์และการออกแบบ,สถาปัตยกรรมศาสตร์,สงขลา,7.169619,100.457471
1730.0,ห้างหุ้นส่วนกระบี่สถาปัตย์,สถาปัตยกรรมศาสตร์และการออกแบบ,สถาปัตยกรรมศาสตร์,กระบี่,8.123435,98.943045
1731.0,บริษัท แพลนนิ่ง แอนด์ แม๊ปปิ้ง คอนเซาแทนต์ จำกัด,สถาปัตยกรรมศาสตร์และการออกแบบ,สถาปัตยกรรมศาสตร์,สงขลา,7.176545,100.508167
1732.0,บริษัท วอลลาเซีย จำกัด,สถาปัตยกรรมศาสตร์และการออกแบบ,สถาปัตยกรรมศาสตร์,กรุงเทพมหานคร,13.770569,100.537459
1733.0,บริษัท อีโค่ อาร์คิเทค จำกัด (สาขากรุงเทพ),สถาปัตยกรรมศาสตร์และการออกแบบ,สถาปัตยกรรมศาสตร์,กรุงเทพมหานคร,13.756676,100.46515
1734.0,บริษัท จูน เซคิโน อาร์ดิเทคต์ แอนด์ ดีไซน์ จำกัด,สถาปัตยกรรมศาสตร์และการออกแบบ,สถาปัตยกรรมศาสตร์,กรุงเทพมหานคร,13.763102,100.514561
1735.0,บริษัท พอ สถาปัตย์ จำกัด,สถาปัตยกรรมศาสตร์และการออกแบบ,สถาปัตยกรรมศาสตร์,กรุงเทพมหานคร,13.778046,100.526859
1736.0,บริษัท การันตี สุดโปรด จำกัด,สถาปัตยกรรมศาสตร์และการออกแบบ,สถาปัตยกรรมศาสตร์,กรุงเทพมหานคร,13.723965,100.481647
1737.0,บริษัท เออาร์คิเทค จำกัด,สถาปัตยกรรมศาสตร์และการออกแบบ,สถาปัตยกรรมศาสตร์,กรุงเทพมหานคร,13.781831,100.495901
1738.0,บริษัท โมโนเทลโล จำกัด,สถาปัตยกรรมศาสตร์และการออกแบบ,สถาปัตยกรรมศาสตร์,กรุงเทพมหานคร,13.792494,100.535874
1739.0,"บริษัท สถาปนิกชุมชนและสิ่งแวดล้อม อาศรมศิลป์ จำกัด
",สถาปัตยกรรมศาสตร์และการออกแบบ,สถาปัตยกรรมศาสตร์,กรุงเทพมหานคร,13.78381,100.518073
1740.0,บริษัท น็อสทอลเจีย ดีไซน์,สถาปัตยกรรมศาสตร์และการออกแบบ,สถาปัตยกรรมศาสตร์,สงขลา,7.160061,100.494421
1741.0,บริษัท เวสสุ คอลลาบอเรชั่น จำกัด,สถาปัตยกรรมศาสตร์และการออกแบบ,สถาปัตยกรรมศาสตร์,กรุงเทพมหานคร,13.788297,100.530502
1742.0,บริษัท ออราเคิลอาคิเทค จำกัด,สถาปัตยกรรมศาสตร์และการออกแบบ,สถาปัตยกรรมศาสตร์,ภูเก็ต,7.843979,98.426806
1743.0,บริษัท กรีนบ๊อกซ์ ดีไซน์ จำกัด,สถาปัตยกรรมศาสตร์และการออกแบบ,สถาปัตยกรรมศาสตร์,กรุงเทพมหานคร,13.766718,100.524537
1744.0,บริษัท พี.เอ็ม. ดีไซน์ จำกัด,สถาปัตยกรรมศาสตร์และการออกแบบ,สถาปัตยกรรมศาสตร์,สงขลา,7.174928,100.471205
1745.0,บริษัท สถาปนิก วิน วรวรรณ จำกัด,สถาปัตยกรรมศาสตร์และการออกแบบ,สถาปัตยกรรมศาสตร์,กรุงเทพมหานคร,13.750616,100.472865
1746.0,บริษัท เอสเอสดับเบิลยู แอนด์ แอสโซซิเอทส์ จำกัด,สถาปัตยกรรมศาสตร์และการออกแบบ,สถาปัตยกรรมศาสตร์,กรุงเทพมหานคร,13.74331,100.537989
1747.0,บริษัท เฌอเมคเกอร์ สตูดิโอ จำกัด,สถาปัตยกรรมศาสตร์และการออกแบบ,สถาปัตยกรรมศาสตร์,เชียงใหม่,18.792442,98.976842
1748.0,บริษัท แวสแล็บ จำกัด,สถาปัตยกรรมศาสตร์และการออกแบบ,สถาปัตยกรรมศาสตร์,กรุงเทพมหานคร,13.773848,100.500372
1749.0,บริษัท สตูดิโอ อาร์คิเทค อรรถสิทธิ์ ศรีขุนทด จำกัด,สถาปัตยกรรมศาสตร์และการออกแบบ,สถาปัตยกรรมศาสตร์,สุราษฎร์ธานี,9.174506,99.295787
1750.0,บริษัท สถาปนิก 49 จำกัด,สถาปัตยกรรมศาสตร์และการออกแบบ,สถาปัตยกรรมศาสตร์,กรุงเทพมหานคร,13.76276,100.50248
1751.0,บริษัท กอปรฝัน จำกัด,สถาปัตยกรรมศาสตร์และการออกแบบ,สถาปัตยกรรมศาสตร์,กรุงเทพมหานคร,13.729278,100.479217
1752.0,บริษัท จั่นอาร์คิเทค จำกัด,สถาปัตยกรรมศาสตร์และการออกแบบ,สถาปัตยกรรมศาสตร์,กรุงเทพมหานคร,13.789982,100.534694
1753.0,บริษัท พศ.สถาปนิก จำกัด,สถาปัตยกรรมศาสตร์และการออกแบบ,สถาปัตยกรรมศาสตร์,ภูเก็ต,7.914506,98.409411
1754.0,บริษัท สเปซพลัส อาร์คิเทค จำกัด,สถาปัตยกรรมศาสตร์และการออกแบบ,สถาปัตยกรรมศาสตร์,สงขลา,7.140527,100.443046
1755.0,บริษัท นีโอ สตูดิโอ ดีไซน์ แอนด์ ดีเวลลอปเม้นท์ จำกัด,สถาปัตยกรรมศาสตร์และการออกแบบ,สถาปัตยกรรมศาสตร์,สุราษฎร์ธานี,9.124662,99.302793
1756.0,บริษัท พัชระ อรณิชา สถาปัตย์ จำกัด,สถาปัตยกรรมศาสตร์และการออกแบบ,สถาปัตยกรรมศาสตร์,นนทบุรี,13.830842,100.494543
1757.0,บริษัท สถาปนิกพอดี จำกัด,สถาปัตยกรรมศาสตร์และการออกแบบ,สถาปัตยกรรมศาสตร์,กรุงเทพมหานคร,13.723988,100.53252
1758.0,บริษัท สถาปนิก ไอดิน จำกัด,สถาปัตยกรรมศาสตร์และการออกแบบ,สถาปัตยกรรมศาสตร์,กรุงเทพมหานคร,13.717259,100.528434
1759.0,บริษัท อีโค่ อาร์คิเทค จำกัด (สาขาภูเก็ต),สถาปัตยกรรมศาสตร์และการออกแบบ,สถาปัตยกรรมศาสตร์,ภูเก็ต,7.878795,98.377454
1760.0,บริษัท ทริพเพิลทู ดีไซน์ สตูดิโอ จำกัด,สถาปัตยกรรมศาสตร์และการออกแบบ,สถาปัตยกรรมศาสตร์,ภูเก็ต,7.875511,98.423703
1761.0,บริษัท วอลลูม แมททริกส์ สตูดิโอ จำกัด,สถาปัตยกรรมศาสตร์และการออกแบบ,สถาปัตยกรรมศาสตร์,กรุงเทพมหานคร,13.751894,100.497258
1762.0,บริษัท รูฟดีไซน์ แอนด์ แมเนจเม้นท์ จำกัด,สถาปัตยกรรมศาสตร์และการออกแบบ,สถาปัตยกรรมศาสตร์,ภูเก็ต,7.86684,98.419323
1763.0,บริษัท ไฮโปธีสีส จำกัด,สถาปัตยกรรมศาสตร์และการออกแบบ,สถาปัตยกรรมศาสตร์,กรุงเทพมหานคร,13.720343,100.500961
1764.0,บริษัท อาซาว่า อาร์คิเทค จำกัด,สถาปัตยกรรมศาสตร์และการออกแบบ,สถาปัตยกรรมศาสตร์,นครศรีธรรมราช,8.445881,99.950169
1765.0,ห้างหุ้นส่วนจำกัด โฮมเบส คอนสตรัคชั่น,สถาปัตยกรรมศาสตร์และการออกแบบ,สถาปัตยกรรมศาสตร์,สุราษฎร์ธานี,9.160203,99.332273
1766.0,บริษัท เอสเอ็ม.ทีเอช คอนสตรักชั่น จำกัด (สถาปนิกมุสลิมเพื่อชุมชน),สถาปัตยกรรมศาสตร์และการออกแบบ,สถาปัตยกรรมศาสตร์,สตูล,6.631728,100.076763
1767.0,บริษัท นัมเบอร์ทเวลฟท จำกัด,สถาปัตยกรรมศาสตร์และการออกแบบ,สถาปัตยกรรมศาสตร์,ภูเก็ต,7.881483,98.419784
1768.0,บริษัท สตูดิโอ มิติ จำกัด,สถาปัตยกรรมศาสตร์และการออกแบบ,สถาปัตยกรรมศาสตร์,กรุงเทพมหานคร,13.736316,100.506098
1769.0,บริษัท เอส.โอ.เอส อาร์คิเทคส์ จำกัด,สถาปัตยกรรมศาสตร์และการออกแบบ,สถาปัตยกรรมศาสตร์,เชียงใหม่,18.792808,98.947508
1770.0,บริษัท สารมาศ ดีเวลลอปเม้นท์ จำกัด,สถาปัตยกรรมศาสตร์และการออกแบบ,สถาปัตยกรรมศาสตร์,กระบี่,8.083468,98.879949
1771.0,บริษัท วีอาร์คอนซัลแตนท์ แอนด์ เซอร์วิส จำกัด,สถาปัตยกรรมศาสตร์และการออกแบบ,สถาปัตยกรรมศาสตร์,กรุงเทพมหานคร,13.780131,100.476927
1772.0,บริษัท อันดามัน แอสเซท โซลูชั่น จำกัด,สถาปัตยกรรมศาสตร์และการออกแบบ,สถาปัตยกรรมศาสตร์,ภูเก็ต,7.887021,98.391798
1773.0,บริษัท นูเซ็น จำกัด,สถาปัตยกรรมศาสตร์และการออกแบบ,สถาปัตยกรรมศาสตร์,ภูเก็ต,7.877776,98.387863
1774.0,บริษัท 9ดี สถาปนิก จำกัด,สถาปัตยกรรมศาสตร์และการออกแบบ,สถาปัตยกรรมศาสตร์,ภูเก็ต,7.902315,98.409418
1775.0,บริษัท เอ็มสเปซ จำกัด,สถาปัตยกรรมศาสตร์และการออกแบบ,สถาปัตยกรรมศาสตร์,กรุงเทพมหานคร,13.787444,100.494341
1776.0,บริษัท สถาปนิก 49 (ภูเก็ต) จำกัด,สถาปัตยกรรมศาสตร์และการออกแบบ,สถาปัตยกรรมศาสตร์,ภูเก็ต,7.853024,98.401001
1777.0,บริษัท ไอ วิว ดีไซต์ สตูดิโอ จำกัด,สถาปัตยกรรมศาสตร์และการออกแบบ,สถาปัตยกรรมศาสตร์,กรุงเทพมหานคร,13.745338,100.502497
1778.0,ห้างหุ้นส่วนจำกัด ฟอร์แปลนกรุ๊ป,สถาปัตยกรรมศาสตร์และการออกแบบ,สถาปัตยกรรมศาสตร์,นครศรีธรรมราช,8.458833,99.949876
1779.0,บริษัท ทรัพย์เปอร์ จำกัด,สถาปัตยกรรมศาสตร์และการออกแบบ,สถาปัตยกรรมศาสตร์,สงขลา,7.186423,100.490688
1780.0,ห้างหุ้นส่วนกระบี่สถาปัตย์,สถาปัตยกรรมศาสตร์และการออกแบบ,สถาปัตยกรรมศาสตร์,กระบี่,8.096269,98.874219
1781.0,บริษัท แพลนนิ่ง แอนด์ แม๊ปปิ้ง คอนเซาแทนต์ จำกัด,สถาปัตยกรรมศาสตร์และการออกแบบ,สถาปัตยกรรมศาสตร์,สงขลา,7.147566,100.477126
1782.0,บริษัท วอลลาเซีย จำกัด,สถาปัตยกรรมศาสตร์และการออกแบบ,สถาปัตยกรรมศาสตร์,กรุงเทพมหานคร,13.727118,100.472558
1783.0,บริษัท อีโค่ อาร์คิเทค จำกัด (สาขากรุงเทพ),สถาปัตยกรรมศาสตร์และการออกแบบ,สถาปัตยกรรมศาสตร์,กรุงเทพมหานคร,13.79604,100.534124
1784.0,บริษัท จูน เซคิโน อาร์ดิเทคต์ แอนด์ ดีไซน์ จำกัด,สถาปัตยกรรมศาสตร์และการออกแบบ,สถาปัตยกรรมศาสตร์,กรุงเทพมหานคร,13.742505,100.479415
1785.0,บริษัท พอ สถาปัตย์ จำกัด,สถาปัตยกรรมศาสตร์และการออกแบบ,สถาปัตยกรรมศาสตร์,กรุงเทพมหานคร,13.761739,100.53921
1786.0,บริษัท การันตี สุดโปรด จำกัด,สถาปัตยกรรมศาสตร์และการออกแบบ,สถาปัตยกรรมศาสตร์,กรุงเทพมหานคร,13.753469,100.486006
1787.0,บริษัท เออาร์คิเทค จำกัด,สถาปัตยกรรมศาสตร์และการออกแบบ,สถาปัตยกรรมศาสตร์,กรุงเทพมหานคร,13.79065,100.480839
1788.0,บริษัท โมโนเทลโล จำกัด,สถาปัตยกรรมศาสตร์และการออกแบบ,สถาปัตยกรรมศาสตร์,กรุงเทพมหานคร,13.719329,100.47944
1789.0,บริษัท สถาปนิกชุมชนและสิ่งแวดล้อม อาศรมศิลป์ จำกัด,สถาปัตยกรรมศาสตร์และการออกแบบ,สถาปัตยกรรมศาสตร์,กรุงเทพมหานคร,13.747077,100.518441
1790.0,บริษัท น็อสทอลเจีย ดีไซน์,สถาปัตยกรรมศาสตร์และการออกแบบ,สถาปัตยกรรมศาสตร์,สงขลา,7.212712,100.511823
1791.0,บริษัท เวสสุ คอลลาบอเรชั่น จำกัด,สถาปัตยกรรมศาสตร์และการออกแบบ,สถาปัตยกรรมศาสตร์,กรุงเทพมหานคร,13.755719,100.463518
1792.0,บริษัท เกาะแต้วฟู้ดส์ จำกัด,เทคโนโลยีการเกษตร,สัตวศาสตร์,สงขลา,7.213197,100.477966
1793.0,บริษัท คาร์กิลล์สยาม จำกัด,เทคโนโลยีการเกษตร,สัตวศาสตร์,กรุงเทพมหานคร,13.753464,100.49827
1794.0,บริษัท เจริญโภคภัณฑ์อาหาร จำกัด (มหาชน),เทคโนโลยีการเกษตร,สัตวศาสตร์,นครศรีธรรมราช,8.45426,99.932829
1795.0,บริษัท ออลซีซั่นคิงดอม จำกัด,เทคโนโลยีการเกษตร,สัตวศาสตร์,กรุงเทพมหานคร,13.779841,100.487038
1796.0,บริษัท ท่าอากาศยานไทย จำกัด (มหาชน) สาขาท่าอากาศยานสุวรรณภูมิ,สาธารณสุขศาสตร์,อนามัยสิ่งแวดล้อม,สมุทรปราการ,13.582308,100.687003
1797.0,บริษัท ธาราคอนซัลแตนท์ จำกัด,สาธารณสุขศาสตร์,อนามัยสิ่งแวดล้อม,กรุงเทพมหานคร,13.724794,100.533528
1798.0,บริษัท นิปปอนเพนต์ เดคโคเรทีฟ โคทติ้ง (ประเทศไทย) จำกัด,สาธารณสุขศาสตร์,อนามัยสิ่งแวดล้อม,สมุทรปราการ,13.625659,100.682141
1799.0,บริษัท บางจากไบโอฟูเอล จํากัด,สาธารณสุขศาสตร์,อนามัยสิ่งแวดล้อม,พระนครศรีอยุธยา,14.406562,100.594638
1800.0,บริษัท ยูนิลีเวอร์ไทยโฮลดิ้งส์ จำกัด,สาธารณสุขศาสตร์,อนามัยสิ่งแวดล้อม,กรุงเทพมหานคร,13.735406,100.514207
1801.0,บริษัท เอ็ม เอ็ม พี อินเตอร์เนชั่นแนล จำกัด,สาธารณสุขศาสตร์,อนามัยสิ่งแวดล้อม,สมุทรสาคร,13.549798,100.304034
1802.0,แผนกอนามัยสิ่งแวดล้อม ฝ่ายแพทย์และอนามัย การไฟฟ้าฝ่ายผลิตแห่งประเทศไทย,สาธารณสุขศาสตร์,อนามัยสิ่งแวดล้อม,นนทบุรี,13.890185,100.550314
1803.0,ศูนย์อนามัยที่ 11 นครศรีธรรมราช,สาธารณสุขศาสตร์,อนามัยสิ่งแวดล้อม,นครศรีธรรมราช,8.442215,99.939707
1804.0,ศูนย์อนามัยที่ 12 ยะลา,สาธารณสุขศาสตร์,อนามัยสิ่งแวดล้อม,ยะลา,6.514505,101.315964
1805.0,สำนักงานเขตจตุจักร,สาธารณสุขศาสตร์,อนามัยสิ่งแวดล้อม,กรุงเทพมหานคร,13.735015,100.464717
1806.0,สำนักงานเขตยานนาวา,สาธารณสุขศาสตร์,อนามัยสิ่งแวดล้อม,กรุงเทพมหานคร,13.755183,100.500804
1807.0,สำนักงานเทศบาลนครเชียงใหม่,สาธารณสุขศาสตร์,อนามัยสิ่งแวดล้อม,เชียงใหม่,18.757928,98.957097
1808.0,สำนักงานเทศบาลเมืองเขารูปช้าง,สาธารณสุขศาสตร์,อนามัยสิ่งแวดล้อม,สงขลา,7.193744,100.473062
1809.0,สำนักงานสุขาภิบาลอาหารและน้ำ กรมอนามัย,สาธารณสุขศาสตร์,อนามัยสิ่งแวดล้อม,นนทบุรี,13.870877,100.548602
1810.0,สำนักอนามัยสิ่งแวดล้อม กรมอนามัย กระทรวงสาธารณสุข,สาธารณสุขศาสตร์,อนามัยสิ่งแวดล้อม,กรุงเทพมหานคร,13.783083,100.531402
1811.0,ห้องปฏิบัติการเทคโนโลยีชีวภาพ สถาบันวิจัยจุฬาภรณ์,สาธารณสุขศาสตร์,อนามัยสิ่งแวดล้อม,กรุงเทพมหานคร,13.770422,100.477534
1812.0,ห้องปฏิบัติการพิษวิทยาสิ่งแวดล้อม สถาบันวิจัยจุฬาภรณ์,สาธารณสุขศาสตร์,อนามัยสิ่งแวดล้อม,กรุงเทพมหานคร,13.720468,100.509281
1813.0,Chung Yuan Christian University,สาธารณสุขศาสตร์,อนามัยสิ่งแวดล้อม,ไต้หวัน,,
1814.0,บริษัท คอสมอส บริวเวอรี่ (ประเทศไทย) จํากัด,สาธารณสุขศาสตร์,อนามัยสิ่งแวดล้อม,พระนครศรีอยุธยา,14.405415,100.591301
1815.0,สำนักงานเขตลาดกระบัง,สาธารณสุขศาสตร์,อนามัยสิ่งแวดล้อม,กรุงเทพมหานคร,13.782333,100.52979
1816.0,สำนักงานสาธารณสุขจังหวัดนครศรีธรรมราช,สาธารณสุขศาสตร์,อนามัยสิ่งแวดล้อม,นครศรีธรรมราช,8.397959,99.929492
1817.0,บริษัท ศรีตรัง แอโกรอินดัสทรี จำกัด (มหาชน) สาขาทุ่งสง,สาธารณสุขศาสตร์,อนามัยสิ่งแวดล้อม,นครศรีธรรมราช,8.39487,99.969873
1818.0,สำนักงานสาธารณสุขจังหวัดสงขลา,สาธารณสุขศาสตร์,อนามัยสิ่งแวดล้อม,สงขลา,7.156715,100.49986
1819.0,สำนักงานสาธารณสุขจังหวัดกระบี่,สาธารณสุขศาสตร์,อนามัยสิ่งแวดล้อม,กระบี่,8.096213,98.891479
1820.0,สำนักงานสาธารณสุขจังหวัดภูเก็ต,สาธารณสุขศาสตร์,อนามัยสิ่งแวดล้อม,ภูเก็ต,7.882134,98.422486
1821.0,โรงพยาบาลวชิระภูเก็ต กลุ่มงานอาชีวเวชกรรม,สาธารณสุขศาสตร์,อนามัยสิ่งแวดล้อม,ภูเก็ต,7.855835,98.384755
1822.0,บริษัท ไทยยูเนี่ยน กรุ๊ป จำกัด (มหาชน),สาธารณสุขศาสตร์,อนามัยสิ่งแวดล้อม,สมุทรสาคร,13.550156,100.239335
1823.0,สำนักงานเขตห้วยขวาง,สาธารณสุขศาสตร์,อนามัยสิ่งแวดล้อม,กรุงเทพมหานคร,13.789698,100.507162
1824.0,กองประเมินผลกระทบต่อสุขภาพ กรมอนามัย,สาธารณสุขศาสตร์,อนามัยสิ่งแวดล้อม,นนทบุรี,13.897463,100.544682
1825.0,บริษัท บีบีจีไอ ไบโอดีเซล จำกัด,สาธารณสุขศาสตร์,อนามัยสิ่งแวดล้อม,พระนครศรีอยุธยา,14.374022,100.622275
1826.0,สำนักงานเทศบาลเมืองปัตตานี,สาธารณสุขศาสตร์,อนามัยสิ่งแวดล้อม,ปัตตานี,6.89828,101.213163
1827.0,สำนักงานเทศบาลเมืองหัวหิน,สาธารณสุขศาสตร์,อนามัยสิ่งแวดล้อม,ประจวบคีรีขันธ์,11.815796,99.802812
1828.0,สำนักงานเทศบาลเมืองหลังสวน,สาธารณสุขศาสตร์,อนามัยสิ่งแวดล้อม,ชุมพร,10.507342,99.21517
1829.0,สำนักงานสาธารณสุขจังหวัดชุมพร,สาธารณสุขศาสตร์,อนามัยสิ่งแวดล้อม,ชุมพร,10.455874,99.149409
1830.0,โรงพยาบาลมหาราชนครศรีธรรมราช,สาธารณสุขศาสตร์,อนามัยสิ่งแวดล้อม,นครศรีธรรมราช,8.449868,99.977482
1831.0,สำนักงานเทศบาลตำบลเกาะเพชร,สาธารณสุขศาสตร์,อนามัยสิ่งแวดล้อม,นครศรีธรรมราช,8.397906,99.997716
1832.0,สำนักงานเทศบาลเมืองท่าข้าม จังหวัดสุราษฎร์ธานี,สาธารณสุขศาสตร์,อนามัยสิ่งแวดล้อม,สุราษฎร์ธานี,9.111768,99.297368
1833.0,สำนักงานเทศบาลตำบลวิชิต,สาธารณสุขศาสตร์,อนามัยสิ่งแวดล้อม,ภูเก็ต,7.879501,98.386659
1834.0,สำนักงานเทศบาลเมืองพัทลุง,สาธารณสุขศาสตร์,อนามัยสิ่งแวดล้อม,พัทลุง,7.585853,100.187756
1835.0,บริษัท ครัวการบินกรุงเทพสมุย จำกัด,สาธารณสุขศาสตร์,อนามัยสิ่งแวดล้อม,สุราษฎร์ธานี,9.118215,99.316344
1836.0,"Centre for Marine & Coastal Studies (CEMACS), University Sains Malaysia",สาธารณสุขศาสตร์,อนามัยสิ่งแวดล้อม,มาเลเซีย,,
1837.0,โรงแรม การ์รียา ท้องทราย เบย์ สมุย,สาธารณสุขศาสตร์,อนามัยสิ่งแวดล้อม,สุราษฎร์ธานี,9.139764,99.30916
1838.0,สำนักงานสาธารณสุขจังหวัดนราธิวาส,สาธารณสุขศาสตร์,อนามัยสิ่งแวดล้อม,นราธิวาส,6.41526,101.828758
1839.0,สำนักงานเทศบาลเมืองสุไหงโกลก,สาธารณสุขศาสตร์,อนามัยสิ่งแวดล้อม,นราธิวาส,6.441882,101.852246
1840.0,บริษัท ท่าอากาศยานไทย จำกัด (มหาชน) สาขาท่าอากาศยานสุวรรณภูมิ,สาธารณสุขศาสตร์,อนามัยสิ่งแวดล้อม,สมุทรปราการ,13.616141,100.667211
1841.0,บริษัท ธาราคอนซัลแตนท์ จำกัด,สาธารณสุขศาสตร์,อนามัยสิ่งแวดล้อม,กรุงเทพมหานคร,13.757414,100.463853
1842.0,บริษัท นิปปอนเพนต์ เดคโคเรทีฟ โคทติ้ง (ประเทศไทย) จำกัด,สาธารณสุขศาสตร์,อนามัยสิ่งแวดล้อม,สมุทรปราการ,13.610231,100.69282
1843.0,บริษัท บางจากไบโอฟูเอล จํากัด,สาธารณสุขศาสตร์,อนามัยสิ่งแวดล้อม,พระนครศรีอยุธยา,14.348281,100.592847
1844.0,บริษัท ปูนซิเมนต์ไทย (ทุ่งสง) จำกัด,สาธารณสุขศาสตร์,อนามัยสิ่งแวดล้อม,กรุงเทพมหานคร,13.727057,100.468207
1845.0,บริษัท พาเนลพลัส จำกัด,สาธารณสุขศาสตร์,อนามัยสิ่งแวดล้อม,สงขลา,7.20323,100.508554
1846.0,บริษัท ยูนิลีเวอร์ไทยโฮลดิ้งส์ จำกัด,สาธารณสุขศาสตร์,อนามัยสิ่งแวดล้อม,กรุงเทพมหานคร,13.720717,100.477901
1847.0,บริษัท หาดทิพย์ จำกัด (มหาชน) สาขาหาดใหญ่,สาธารณสุขศาสตร์,อนามัยสิ่งแวดล้อม,สงขลา,7.175564,100.446868
1848.0,บริษัท เอ็ม เอ็ม พี อินเตอร์เนชั่นแนล จำกัด,สาธารณสุขศาสตร์,อนามัยสิ่งแวดล้อม,สมุทรสาคร,13.580952,100.268092
1849.0,แผนกอนามัยสิ่งแวดล้อม ฝ่ายแพทย์และอนามัย การไฟฟ้าฝ่ายผลิตแห่งประเทศไทย,สาธารณสุขศาสตร์,อนามัยสิ่งแวดล้อม,นนทบุรี,13.868353,100.552205
1850.0,โรงไฟฟ้าจะนะ การไฟฟ้าฝ่ายผลิตแห่งประเทศไทย,สาธารณสุขศาสตร์,อนามัยสิ่งแวดล้อม,สงขลา,7.14613,100.469514
1851.0,โรงแรม บันยันทรี ภูเก็ต,สาธารณสุขศาสตร์,อนามัยสิ่งแวดล้อม,ภูเก็ต,7.877065,98.426981
1852.0,ศูนย์อนามัยที่ 11 นครศรีธรรมราช,สาธารณสุขศาสตร์,อนามัยสิ่งแวดล้อม,นครศรีธรรมราช,8.441319,99.953757
1853.0,ศูนย์อนามัยที่ 12 ยะลา,สาธารณสุขศาสตร์,อนามัยสิ่งแวดล้อม,ยะลา,6.531428,101.304281
1854.0,สำนักงานเขตจตุจักร,สาธารณสุขศาสตร์,อนามัยสิ่งแวดล้อม,กรุงเทพมหานคร,13.73598,100.490098
1855.0,สำนักงานเขตยานนาวา,สาธารณสุขศาสตร์,อนามัยสิ่งแวดล้อม,กรุงเทพมหานคร,13.793869,100.531363
1856.0,สำนักงานเทศบาลนครเชียงใหม่,สาธารณสุขศาสตร์,อนามัยสิ่งแวดล้อม,เชียงใหม่,18.826769,98.961069
1857.0,สำนักงานเทศบาลนครนนทบุรี,สาธารณสุขศาสตร์,อนามัยสิ่งแวดล้อม,นนทบุรี,13.859912,100.546868
1858.0,สำนักงานเทศบาลนครภูเก็ต,สาธารณสุขศาสตร์,อนามัยสิ่งแวดล้อม,ภูเก็ต,7.855113,98.370096
1859.0,สำนักงานเทศบาลนครสงขลา,สาธารณสุขศาสตร์,อนามัยสิ่งแวดล้อม,สงขลา,7.172702,100.460336
1860.0,สำนักงานเทศบาลนครสุราษฎร์ธานี,สาธารณสุขศาสตร์,อนามัยสิ่งแวดล้อม,สุราษฎร์ธานี,9.149686,99.284634
1861.0,สำนักงานเทศบาลเมืองเขารูปช้าง,สาธารณสุขศาสตร์,อนามัยสิ่งแวดล้อม,สงขลา,7.163831,100.487164
1862.0,สำนักงานสุขาภิบาลอาหารและน้ำ กรมอนามัย,สาธารณสุขศาสตร์,อนามัยสิ่งแวดล้อม,นนทบุรี,13.881539,100.53175
1863.0,สำนักอนามัยสิ่งแวดล้อม กรมอนามัย กระทรวงสาธารณสุข,สาธารณสุขศาสตร์,อนามัยสิ่งแวดล้อม,กรุงเทพมหานคร,13.794982,100.518263
1864.0,ห้องปฏิบัติการเทคโนโลยีชีวภาพ สถาบันวิจัยจุฬาภรณ์,สาธารณสุขศาสตร์,อนามัยสิ่งแวดล้อม,กรุงเทพมหานคร,13.782288,100.541008
1865.0,ห้องปฏิบัติการพิษวิทยาสิ่งแวดล้อม สถาบันวิจัยจุฬาภรณ์,สาธารณสุขศาสตร์,อนามัยสิ่งแวดล้อม,กรุงเทพมหานคร,13.739277,100.535587
1866.0,Chung Yuan Christian University,สาธารณสุขศาสตร์,อนามัยสิ่งแวดล้อม,ไต้หวัน,,
1867.0,บริษัท เซาธเทิร์น แล็บ แอนด์ เอ็นจิเนียริ่ง จำกัด,สาธารณสุขศาสตร์,อนามัยสิ่งแวดล้อม,ภูเก็ต,7.848502,98.370638
1868.0,บริษัท คอสมอส บริวเวอรี่ (ประเทศไทย) จํากัด,สาธารณสุขศาสตร์,อนามัยสิ่งแวดล้อม,พระนครศรีอยุธยา,14.407493,100.579646
1869.0,สำนักงานเขตลาดกระบัง,สาธารณสุขศาสตร์,อนามัยสิ่งแวดล้อม,กรุงเทพมหานคร,13.743798,100.532226
1870.0,บริษัท ธาราคอนซัลแตนท์ จำกัด,สาธารณสุขศาสตร์,อนามัยสิ่งแวดล้อม,กรุงเทพมหานคร,13.774815,100.467811
1871.0,สำนักงานเทศบาลนครนครศรีธรรมราช,สาธารณสุขศาสตร์,อนามัยสิ่งแวดล้อม,นครศรีธรรมราช,8.452881,99.943774
1872.0,โรงพยาบาลศูนย์การแพทย์มหาวิทยาลัยวลัยลักษณ์,สาธารณสุขศาสตร์,อนามัยสิ่งแวดล้อม,นครศรีธรรมราช,8.424548,99.948715
1873.0,สำนักงานสาธารณสุขจังหวัดนครศรีธรรมราช,สาธารณสุขศาสตร์,อนามัยสิ่งแวดล้อม,นครศรีธรรมราช,8.455974,99.989377
1874.0,สำนักงานเทศบาลเมืองทุ่งสง,สาธารณสุขศาสตร์,อนามัยสิ่งแวดล้อม,นครศรีธรรมราช,8.396485,99.9494
1875.0,บริษัท ศรีตรัง แอโกรอินดัสทรี จำกัด (มหาชน) สาขาทุ่งสง,สาธารณสุขศาสตร์,อนามัยสิ่งแวดล้อม,นครศรีธรรมราช,8.426156,99.948143
1876.0,สำนักงานเทศบาลนครหาดใหญ่,สาธารณสุขศาสตร์,อนามัยสิ่งแวดล้อม,สงขลา,7.175303,100.501996
1877.0,สำนักงานสาธารณสุขจังหวัดสงขลา,สาธารณสุขศาสตร์,อนามัยสิ่งแวดล้อม,สงขลา,7.207632,100.482362
1878.0,โรงแรม ซิกเซ้นส์ สมุย,สาธารณสุขศาสตร์,อนามัยสิ่งแวดล้อม,สุราษฎร์ธานี,9.098527,99.32233
1879.0,สำนักงานสาธารณสุขจังหวัดกระบี่,สาธารณสุขศาสตร์,อนามัยสิ่งแวดล้อม,กระบี่,8.120004,98.878104
1880.0,สำนักงานเทศบาลนครตรัง,สาธารณสุขศาสตร์,อนามัยสิ่งแวดล้อม,ตรัง,7.52953,99.626746
1881.0,สำนักงานสาธารณสุขจังหวัดภูเก็ต,สาธารณสุขศาสตร์,อนามัยสิ่งแวดล้อม,ภูเก็ต,7.894708,98.396244
1882.0,โรงพยาบาลวชิระภูเก็ต กลุ่มงานอาชีวเวชกรรม,สาธารณสุขศาสตร์,อนามัยสิ่งแวดล้อม,ภูเก็ต,7.874643,98.403133
1883.0,บริษัท ไทยยูเนี่ยน กรุ๊ป จำกัด (มหาชน),สาธารณสุขศาสตร์,อนามัยสิ่งแวดล้อม,สมุทรสาคร,13.549272,100.277074
1884.0,สำนักงานเขตห้วยขวาง,สาธารณสุขศาสตร์,อนามัยสิ่งแวดล้อม,กรุงเทพมหานคร,13.751403,100.491062
1885.0,กองประเมินผลกระทบต่อสุขภาพ กรมอนามัย,สาธารณสุขศาสตร์,อนามัยสิ่งแวดล้อม,นนทบุรี,13.865576,100.497933
1886.0,บริษัท บีบีจีไอ ไบโอดีเซล จำกัด,สาธารณสุขศาสตร์,อนามัยสิ่งแวดล้อม,พระนครศรีอยุธยา,14.367583,100.619603
1887.0,บริษัท โชติวัฒน์อุตสาหกรรมการผลิต จำกัด,สาธารณสุขศาสตร์,อนามัยสิ่งแวดล้อม,สงขลา,7.185973,100.468897
1888.0,สำนักงานเทศบาลนครยะลา,สาธารณสุขศาสตร์,อนามัยสิ่งแวดล้อม,ยะลา,6.56283,101.310674
1889.0,สำนักงานเทศบาลเมืองปัตตานี,สาธารณสุขศาสตร์,อนามัยสิ่งแวดล้อม,ปัตตานี,6.897171,101.225412
1890.0,บริษัท ไทยอินโดปาล์มออยล์ แฟคทอรี่ จำกัด,สาธารณสุขศาสตร์,อนามัยสิ่งแวดล้อม,กระบี่,8.084882,98.870334
1891.0,สำนักงานเทศบาลเมืองป่าตอง,สาธารณสุขศาสตร์,อนามัยสิ่งแวดล้อม,ภูเก็ต,7.869122,98.396911
1892.0,สำนักงานเทศบาลเมืองบ้านพรุ,สาธารณสุขศาสตร์,อนามัยสิ่งแวดล้อม,สงขลา,7.189549,100.480209
1893.0,สำนักงานเทศบาลเมืองคอหงส์,สาธารณสุขศาสตร์,อนามัยสิ่งแวดล้อม,สงขลา,7.205498,100.476381
1894.0,สำนักงานเทศบาลเมืองควนลัง,สาธารณสุขศาสตร์,อนามัยสิ่งแวดล้อม,สงขลา,7.154031,100.505402
1895.0,S Cube Design,สถาปัตยกรรมศาสตร์และการออกแบบ,ออกแบบภายใน,กรุงเทพมหานคร,13.744509,100.515774
1896.0,บริษัท นอกชานออกแบบและตกแต่ง จำกัด,สถาปัตยกรรมศาสตร์และการออกแบบ,ออกแบบภายใน,ภูเก็ต,7.858714,98.361786
1897.0,บริษัท สมุย กรีน คอทเทจส์ จำกัด,สถาปัตยกรรมศาสตร์และการออกแบบ,ออกแบบภายใน,กรุงเทพมหานคร,13.785117,100.493486
1898.0,บริษัท รักลูก เอ็ดดูเท็กซ์ จำกัด,สถาปัตยกรรมศาสตร์และการออกแบบ,ออกแบบภายใน,กรุงเทพมหานคร,13.759452,100.506774
1899.0,"Eco Architect Co.,Ltd.",สถาปัตยกรรมศาสตร์และการออกแบบ,ออกแบบภายใน,กรุงเทพมหานคร,13.752283,100.486919
1900.0,บริษัท ไวเฟรม ดีไซน์ สตูดิโอ จำกัด,สถาปัตยกรรมศาสตร์และการออกแบบ,ออกแบบภายใน,กรุงเทพมหานคร,13.725625,100.510914
1901.0,Morpher Design Studio,สถาปัตยกรรมศาสตร์และการออกแบบ,ออกแบบภายใน,กรุงเทพมหานคร,13.736978,100.489094
1902.0,บริษัท 168 ทูบีดีไซต์ จำกัด,สถาปัตยกรรมศาสตร์และการออกแบบ,ออกแบบภายใน,นนทบุรี,13.831165,100.507378
1903.0,บริษัท เอ็นพีพีเอ็น ดีไซน์ แอนด์ รีเสิร์ช จำกัด,สถาปัตยกรรมศาสตร์และการออกแบบ,ออกแบบภายใน,กรุงเทพมหานคร,13.778208,100.508903
1904.0,บริษัท โลโคโมทีฟ ดีไซน์ จำกัด,สถาปัตยกรรมศาสตร์และการออกแบบ,ออกแบบภายใน,ภูเก็ต,7.902562,98.431183
1905.0,บริษัท ไอดีล วัน จำกัด,สถาปัตยกรรมศาสตร์และการออกแบบ,ออกแบบภายใน,นนทบุรี,13.871282,100.499912
1906.0,บริษัท พี-เฟอร์ เดกคอร์เรท จำกัด,สถาปัตยกรรมศาสตร์และการออกแบบ,ออกแบบภายใน,กรุงเทพมหานคร,13.749656,100.492353
1907.0,บริษัท ราม แอสโซซิเอทส์ จำกัด,สถาปัตยกรรมศาสตร์และการออกแบบ,ออกแบบภายใน,สงขลา,7.143234,100.463699
1908.0,บริษัท วาร์ป สตูดิโอ จำกัด,สถาปัตยกรรมศาสตร์และการออกแบบ,ออกแบบภายใน,กรุงเทพมหานคร,13.748316,100.491161
1909.0,บริษัท แกลม สตูดิโอ จำกัด,สถาปัตยกรรมศาสตร์และการออกแบบ,ออกแบบภายใน,กรุงเทพมหานคร,13.783686,100.469456
1910.0,บริษัท เซพพลิน จำกัด,สถาปัตยกรรมศาสตร์และการออกแบบ,ออกแบบภายใน,สงขลา,7.193155,100.480239
1911.0,บริษัท เซาท์ซัน ดีไซน์ จำกัด,สถาปัตยกรรมศาสตร์และการออกแบบ,ออกแบบภายใน,สงขลา,7.179266,100.458305
1912.0,บริษัท น็อสทอลเจีย ดีไซน์ จำกัด,สถาปัตยกรรมศาสตร์และการออกแบบ,ออกแบบภายใน,สงขลา,7.154547,100.467656
1913.0,บริษัท บลิ๊งค์ ดีไซน์ กรุ๊ป จำกัด,สถาปัตยกรรมศาสตร์และการออกแบบ,ออกแบบภายใน,กรุงเทพมหานคร,13.779238,100.540567
1914.0,บริษัท บายวิสต้า จำกัด,สถาปัตยกรรมศาสตร์และการออกแบบ,ออกแบบภายใน,สุราษฎร์ธานี,9.100027,99.312048
1915.0,บริษัท ปาร์ตี้สเปซดีไซน์ เอสซี จำกัด,สถาปัตยกรรมศาสตร์และการออกแบบ,ออกแบบภายใน,กรุงเทพมหานคร,13.787865,100.506928
1916.0,บริษัท ลิระดีไซน์ คลับ จำกัด,สถาปัตยกรรมศาสตร์และการออกแบบ,ออกแบบภายใน,นนทบุรี,13.867587,100.554071
1917.0,บริษัท สถาปนิกเมนคอร์ส จำกัด,สถาปัตยกรรมศาสตร์และการออกแบบ,ออกแบบภายใน,กรุงเทพมหานคร,13.788486,100.461983
1918.0,บริษัท อาร์ต อิน มายด์ กรุ๊ป จำกัด,สถาปัตยกรรมศาสตร์และการออกแบบ,ออกแบบภายใน,สงขลา,7.156773,100.500759
1919.0,บริษัท เอกอาร์คิเทค แอนด์ ดิเวลล๊อปเมนท์ จำกัด,สถาปัตยกรรมศาสตร์และการออกแบบ,ออกแบบภายใน,สุราษฎร์ธานี,9.118927,99.350168
1920.0,บริษัท เอส ดับบลิว ที คอนสตรัคชั่น แอนด์ ซีวิล จำกัด,สถาปัตยกรรมศาสตร์และการออกแบบ,ออกแบบภายใน,ตรัง,7.562849,99.576878
1921.0,บริษัท แอทไซน์ อาร์คิเทคท์ จำกัด,สถาปัตยกรรมศาสตร์และการออกแบบ,ออกแบบภายใน,สุราษฎร์ธานี,9.153229,99.348781
1922.0,บริษัท แอท สิริ ดีไซน์ จำกัด,สถาปัตยกรรมศาสตร์และการออกแบบ,ออกแบบภายใน,ภูเก็ต,7.908004,98.407216
1923.0,เอสคิวบ์ ดีไซน์,สถาปัตยกรรมศาสตร์และการออกแบบ,ออกแบบภายใน,กรุงเทพมหานคร,13.764339,100.514625
1924.0,บริษัท สยามมิชลิน จำกัด,สาธารณสุขศาสตร์,อาชีวอนามัย,สงขลา,7.201759,100.507313
1925.0,โรงพยาบาลนพรัตนราชธานี,สาธารณสุขศาสตร์,อาชีวอนามัย,กรุงเทพมหานคร,13.718443,100.519673
1926.0,บริษัท เวสเทิร์น ดิจิตอล (ประเทศไทย) จำกัด นิคมอุตสาหกรรมบางปะอิน,สาธารณสุขศาสตร์,อาชีวอนามัย,พระนครศรีอยุธยา,14.349521,100.595633
1927.0,บริษัท เอชจีเอสที (ประเทศไทย) จํากัด,สาธารณสุขศาสตร์,อาชีวอนามัย,ปราจีนบุรี,14.043814,101.341524
1928.0,บริษัท เอ็นเอ็มบี - มินีแบ ไทย จำกัด โรงงานโรจนะ,สาธารณสุขศาสตร์,อาชีวอนามัย,พระนครศรีอยุธยา,14.378362,100.564115
1929.0,บริษัท โรเบิร์ต บ๊อช ออโตโมทีฟ เทคโนโลยี ประเทศไทย จำกัด,สาธารณสุขศาสตร์,อาชีวอนามัย,กรุงเทพมหานคร,13.783372,100.477479
1930.0,บริษัท ชไนเดอร์ (ไทยแลนด์) จำกัด,สาธารณสุขศาสตร์,อาชีวอนามัย,สมุทรปราการ,13.590216,100.652283
1931.0,บริษัท นันทวัน จำกัด,สาธารณสุขศาสตร์,อาชีวอนามัย,กรุงเทพมหานคร,13.775049,100.520726
1932.0,บริษัท ปตท. จำกัด (มหาชน) คลังปิโตรเลียมสงขลา,สาธารณสุขศาสตร์,อาชีวอนามัย,สงขลา,7.197184,100.45713
1933.0,บริษัท สมบูรณ์แอ๊ดวานซ์เทคโนโลยี จำกัด (มหาชน),สาธารณสุขศาสตร์,อาชีวอนามัย,ระยอง,12.689218,101.198027
1934.0,บริษัท สมบูรณ์แอ๊ดวานซ์เทคโนโลยี จำกัด (มหาชน) จังหวัดระยอง,สาธารณสุขศาสตร์,อาชีวอนามัย,ระยอง,12.652014,101.199126
1935.0,บริษัท นิปปอนเพนต์ (ประเทศไทย) จำกัด,สาธารณสุขศาสตร์,อาชีวอนามัย,ชลบุรี,13.337386,100.945554
1936.0,บริษัท ไบเออสดร๊อฟ (ประเทศไทย) จำกัด,สาธารณสุขศาสตร์,อาชีวอนามัย,สมุทรปราการ,13.64007,100.698922
1937.0,บริษัท ซีออยส์ จำกัด (มหาชน),สาธารณสุขศาสตร์,อาชีวอนามัย,กรุงเทพมหานคร,13.75411,100.475642
1938.0,บริษัท ซาฟราน เคบิน กรุงเทพ จำกัด,สาธารณสุขศาสตร์,อาชีวอนามัย,สมุทรปราการ,13.591027,100.708474
1939.0,บริษัท สงขลาไบโอเพาเวอร์ จำกัด (โรงไฟฟ้าสงขลาไบโอเพาเวอร์),สาธารณสุขศาสตร์,อาชีวอนามัย,สงขลา,7.174051,100.505513
1940.0,โรงพยาบาลรามาธิบดี,สาธารณสุขศาสตร์,อาชีวอนามัย,กรุงเทพมหานคร,13.727939,100.498598
1941.0,สำนักงานป้องกันควบคุมโรคที่ 12 จังหวัดสงขลา,สาธารณสุขศาสตร์,อาชีวอนามัย,สงขลา,7.212577,100.496331
1942.0,บริษัท ทิปโก้แอสฟัลท์ จำกัด (มหาชน) โรงงานพระประแดง,สาธารณสุขศาสตร์,อาชีวอนามัย,สมุทรปราการ,13.630972,100.651366
1943.0,บริษัท ข้าว ซี.พี. จำกัด (โรงงานนครหลวง)​,สาธารณสุขศาสตร์,อาชีวอนามัย,พระนครศรีอยุธยา,14.360541,100.61905
1944.0,บริษัท คาร์กิลล์สยาม จำกัด โรงงานนครปฐม,สาธารณสุขศาสตร์,อาชีวอนามัย,นครปฐม,13.798527,100.062572
1945.0,บริษัท เซาท์ เอ็นจิเนียริ่ง แอนด์ เทคโนโลยี จำกัด ที่ต้องลงพื้นที่ โรงไฟฟ้าหงสา สปป.ลาว,สาธารณสุขศาสตร์,อาชีวอนามัย,นนทบุรี,13.886163,100.541803
1946.0,บริษัท ดูคาติ มอเตอร์,สาธารณสุขศาสตร์,อาชีวอนามัย,ระยอง,12.682491,101.272952
1947.0,บริษัท ไทยแอร์เอเชีย จำกัด ดอนเมือง,สาธารณสุขศาสตร์,อาชีวอนามัย,กรุงเทพมหานคร,13.78208,100.529771
1948.0,บริษัท โรงงานน้ำตาลสิงห์บุรี (กลุ่มน้ำตาลมิตรผล),สาธารณสุขศาสตร์,อาชีวอนามัย,สิงห์บุรี,14.870081,100.436316
1949.0,บริษัท ไลน์ ทรานสปอร์ต จำกัด,สาธารณสุขศาสตร์,อาชีวอนามัย,ประจวบคีรีขันธ์,11.817915,99.800776
1950.0,โรงพยาบาลจุฬาลงกรณ์,สาธารณสุขศาสตร์,อาชีวอนามัย,กรุงเทพมหานคร,13.795657,100.470676
1951.0,โรงพยาบาลเฉลิมพระเกียรติสมเด็จพระเทพรัตนราชสุดาฯ สยามบรมราชกุมารี ระยอง,สาธารณสุขศาสตร์,อาชีวอนามัย,ระยอง,12.692481,101.217313
1952.0,"Changhua Christian Hospital, Changhua, Taiwan, ROC",สาธารณสุขศาสตร์,อาชีวอนามัย,ไต้หวัน,,
1953.0,"โรงพยาบาล Sultan Abdul Aziz Shah (HSAAS), Universiti Putra Malaysia",สาธารณสุขศาสตร์,อาชีวอนามัย,กรุงเทพมหานคร,13.791861,100.463444
1954.0,วินด์แฮม แกรนด์ ในหาน บีช ภูเก็ต,สาธารณสุขศาสตร์,อาชีวอนามัย,ภูเก็ต,7.844406,98.394208
1955.0,โรงแรม เกรซแลนด์ เขาหลัก บีช รีสอร์ท,สาธารณสุขศาสตร์,อาชีวอนามัย,พังงา,8.442827,98.539399
1956.0,ส่วนบริการกลาง มหาวิทยาลัยวลัยลักษณ์,สาธารณสุขศาสตร์,อาชีวอนามัย,กรุงเทพมหานคร,13.791679,100.522847
1957.0,สำนักงานก่อสร้างชลประทานขนาดใหญ่ที่ 15,สาธารณสุขศาสตร์,อาชีวอนามัย,สุราษฎร์ธานี,9.103175,99.293664
1958.0,สำนักงานอาชีวอนามัยและความปลอดภัย คณะแพทยศาสตร์ มหาวิทยาลัยขอนแก่น,สาธารณสุขศาสตร์,อาชีวอนามัย,ขอนแก่น,16.416718,102.867671
1959.0,บริษัท คาร์กิลล์สยาม จำกัด โรงงานพิษณุโลก,สาธารณสุขศาสตร์,อาชีวอนามัย,พิษณุโลก,16.844024,100.283358
1960.0,บริษัท เซมเพอร์เฟล็กซ์ เอเชีย จำกัด (สำนักงานใหญ่),สาธารณสุขศาสตร์,อาชีวอนามัย,สงขลา,7.156023,100.445218
1961.0,บริษัท ดีเอชแอล ซัพพลายเชน (ประเทศไทย) จำกัด คลังสุราษฎร์ธานี เปลี่ยนมาจาก บริษัท เอก-ชัย ดีสทริบิวชั่น ซิสเทม จำกัด (ศูนย์กระจายสินค้า เทสโก้ โลตัส สาขาสุราษฎร์ธานี),สาธารณสุขศาสตร์,อาชีวอนามัย,สุราษฎร์ธานี,9.147278,99.329136
1962.0,บริษัท ไทร์ โมลด์ (ประเทศไทย) จำกัด,สาธารณสุขศาสตร์,อาชีวอนามัย,ชลบุรี,13.362722,100.999967
1963.0,บริษัท ผลิตภัณฑ์ปลากระป๋องสยาม จำกัด,สาธารณสุขศาสตร์,อาชีวอนามัย,สตูล,6.642171,100.092813
1964.0,บริษัท ยายบัวการช่าง จํากัด,สาธารณสุขศาสตร์,อาชีวอนามัย,ภูเก็ต,7.894389,98.404542
1965.0,บริษัท โรเบิร์ต บ๊อช ออโตโมทีฟ เทคโนโลยีส์ (ประเทศไทย) จำกัด,สาธารณสุขศาสตร์,อาชีวอนามัย,ระยอง,12.699672,101.254723
1966.0,บริษัท เวสเทอร์น คอมโพเน้นท์ จำกัด,สาธารณสุขศาสตร์,อาชีวอนามัย,สมุทรปราการ,13.579801,100.67681
1967.0,บริษัท อินเตอร์เนชั่นแนล แคสติ้ง โปรดักส์ จำกัด,สาธารณสุขศาสตร์,อาชีวอนามัย,ระยอง,12.699145,101.242783
1968.0,บริษัท สมบูรณ์ ฟอร์จจิ้ง เทคโนโลยี จำกัด,สาธารณสุขศาสตร์,อาชีวอนามัย,ระยอง,12.688974,101.250781
1969.0,บริษัท หยั่น หว่อ หยุ่น จำกัด,สาธารณสุขศาสตร์,อาชีวอนามัย,สมุทรสงคราม,,
1970.0,บริษัท อดิสรสงขลา จำกัด,สาธารณสุขศาสตร์,อาชีวอนามัย,สงขลา,7.174504,100.498279
1971.0,บริษัท เอ็นเอ็มบี - มินีแบ ไทย จำกัด โรงงานอยุธยา,สาธารณสุขศาสตร์,อาชีวอนามัย,พระนครศรีอยุธยา,14.333003,100.550904
1972.0,บริษัท เอสซีลอร์ แมนูแฟ็คเจอริ่ง (ประเทศไทย) จำกัด,สาธารณสุขศาสตร์,อาชีวอนามัย,กรุงเทพมหานคร,13.716356,100.46663
1973.0,โรงพยาบาลทุ่งสง,สาธารณสุขศาสตร์,อาชีวอนามัย,นครศรีธรรมราช,8.397178,99.956662
1974.0,โรงพยาบาลปัตตานี,สาธารณสุขศาสตร์,อาชีวอนามัย,ปัตตานี,6.873638,101.223095
1975.0,โรงพยาบาลวชิระภูเก็ต,สาธารณสุขศาสตร์,อาชีวอนามัย,ภูเก็ต,7.845631,98.405153
1976.0,โรงพยาบาลศิริราช,สาธารณสุขศาสตร์,อาชีวอนามัย,กรุงเทพมหานคร,13.774026,100.48277
1977.0,โรงพยาบาลสงขลานครินทร์,สาธารณสุขศาสตร์,อาชีวอนามัย,สงขลา,7.138364,100.508525
1978.0,โรงพยาบาลสงขลานครินทร์ งานส่งเสริมสุขภาพและอาชีวอนามัย,สาธารณสุขศาสตร์,อาชีวอนามัย,สงขลา,7.13989,100.453437
1979.0,โรงพยาบาลหาดใหญ่ กลุ่มงานอาชีวเวชกรรม,สาธารณสุขศาสตร์,อาชีวอนามัย,สงขลา,7.204633,100.463025
1980.0,ศูนย์ความปลอดภัยในการทำงานเขต 9 สงขลา,สาธารณสุขศาสตร์,อาชีวอนามัย,สงขลา,7.171614,100.443777
1981.0,สำนักงานสวัสดิการและคุ้มครองแรงงานจังหวัดนครศรีธรรมราช,สาธารณสุขศาสตร์,อาชีวอนามัย,นครศรีธรรมราช,8.457702,99.924595
1982.0,บริษัท สยามมิชลิน จำกัด,สาธารณสุขศาสตร์,อาชีวอนามัย,สงขลา,7.138914,100.466263
1983.0,บริษัท เวสเทิร์น ดิจิตอล (ประเทศไทย) จำกัด,สาธารณสุขศาสตร์,อาชีวอนามัย,ปทุมธานี,14.029198,100.51934
1984.0,โรงพยาบาลนพรัตนราชธานี,สาธารณสุขศาสตร์,อาชีวอนามัย,กรุงเทพมหานคร,13.741913,100.527344
1985.0,โรงพยาบาลวชิระภูเก็ต กลุ่มงานอาชีวเวชกรรม,สาธารณสุขศาสตร์,อาชีวอนามัย,ภูเก็ต,7.892844,98.396362
1986.0,บริษัท เวสเทิร์น ดิจิตอล (ประเทศไทย) จำกัด นิคมอุตสาหกรรมบางปะอิน,สาธารณสุขศาสตร์,อาชีวอนามัย,พระนครศรีอยุธยา,14.35567,100.61379
1987.0,บริษัท เอชจีเอสที (ประเทศไทย) จํากัด,สาธารณสุขศาสตร์,อาชีวอนามัย,ปราจีนบุรี,14.088291,101.347874
1988.0,บริษัท เอ็นเอ็มบี - มินีแบ ไทย จำกัด โรงงานโรจนะ,สาธารณสุขศาสตร์,อาชีวอนามัย,พระนครศรีอยุธยา,14.356794,100.591554
1989.0,บริษัท โรเบิร์ต บ๊อช ออโตโมทีฟ เทคโนโลยี ประเทศไทย จำกัด,สาธารณสุขศาสตร์,อาชีวอนามัย,กรุงเทพมหานคร,13.754922,100.537394
1990.0,บริษัท ชไนเดอร์ (ไทยแลนด์) จำกัด,สาธารณสุขศาสตร์,อาชีวอนามัย,สมุทรปราการ,13.569693,100.656542
1991.0,บริษัท ท้อปโกลฟ เมดิคอล (ไทยแลนด์) จำกัด,สาธารณสุขศาสตร์,อาชีวอนามัย,สงขลา,7.156281,100.439468
1992.0,บริษัท นันทวัน จำกัด,สาธารณสุขศาสตร์,อาชีวอนามัย,กรุงเทพมหานคร,13.75424,100.530426
1993.0,บริษัท ปตท. จำกัด (มหาชน) คลังปิโตรเลียมสงขลา,สาธารณสุขศาสตร์,อาชีวอนามัย,สงขลา,7.183223,100.443442
1994.0,บริษัท สมบูรณ์แอ๊ดวานซ์เทคโนโลยี จำกัด (มหาชน),สาธารณสุขศาสตร์,อาชีวอนามัย,ระยอง,12.699015,101.204403
1995.0,บริษัท สมบูรณ์แอ๊ดวานซ์เทคโนโลยี จำกัด (มหาชน) จังหวัดระยอง,สาธารณสุขศาสตร์,อาชีวอนามัย,ระยอง,12.674819,101.242287
1996.0,บริษัท นิปปอนเพนต์ (ประเทศไทย) จำกัด,สาธารณสุขศาสตร์,อาชีวอนามัย,ชลบุรี,13.368969,101.007134
1997.0,บริษัท ไบเออสดร๊อฟ (ประเทศไทย) จำกัด,สาธารณสุขศาสตร์,อาชีวอนามัย,สมุทรปราการ,13.583421,100.679299
1998.0,บริษัท โซนี่ เทคโนโลยี ประเทศไทย จำกัด โรงงานบางกระดี,สาธารณสุขศาสตร์,อาชีวอนามัย,ชลบุรี,13.372624,100.995504
1999.0,บริษัท สหวิริยาสตีลอินดัสตรี จำกัด (มหาชน),สาธารณสุขศาสตร์,อาชีวอนามัย,ประจวบคีรีขันธ์,11.850834,99.809895
2000.0,บริษัท บริการภาคพื้นการบินกรุงเทพ เวิล์ดไวด์ไฟล์ท เซอร์วิส จำกัด,สาธารณสุขศาสตร์,อาชีวอนามัย,กระบี่,8.06528,98.899515
2001.0,บริษัท ซีออยล์ จำกัด (มหาชน),สาธารณสุขศาสตร์,อาชีวอนามัย,สงขลา,7.138129,100.499354
2002.0,บริษัท ซาฟราน เคบิน กรุงเทพ จำกัด,สาธารณสุขศาสตร์,อาชีวอนามัย,สมุทรปราการ,13.586056,100.647095
2003.0,บริษัท ซีพี ออลล์ จำกัด (มหาชน),สาธารณสุขศาสตร์,อาชีวอนามัย,กรุงเทพมหานคร,13.775391,100.499103
2004.0,บริษัท สงขลาไบโอเพาเวอร์ จำกัด (โรงไฟฟ้าสงขลาไบโอเพาเวอร์),สาธารณสุขศาสตร์,อาชีวอนามัย,สงขลา,7.137144,100.494643
2005.0,โรงพยาบาลรามาธิบดี,สาธารณสุขศาสตร์,อาชีวอนามัย,กรุงเทพมหานคร,13.790603,100.493942
2006.0,สำนักงานป้องกันควบคุมโรคที่ 12 จังหวัดสงขลา,สาธารณสุขศาสตร์,อาชีวอนามัย,สงขลา,7.166819,100.436526
2007.0,บริษัท ทิปโก้แอสฟัลท์ จำกัด (มหาชน) โรงงานพระประแดง,สาธารณสุขศาสตร์,อาชีวอนามัย,สมุทรปราการ,13.590418,100.640563
2008.0,บริษัท ข้าว ซี.พี. จำกัด (โรงงานนครหลวง)​,สาธารณสุขศาสตร์,อาชีวอนามัย,พระนครศรีอยุธยา,14.354835,100.58336
2009.0,บริษัท คาร์กิลล์สยาม จำกัด โรงงานนครปฐม,สาธารณสุขศาสตร์,อาชีวอนามัย,นครปฐม,13.855858,100.00892
2010.0,บริษัท เซาท์ เอ็นจิเนียริ่ง แอนด์ เทคโนโลยี จำกัด ที่ต้องลงพื้นที่ โรงไฟฟ้าหงสา สปป.ลาว,สาธารณสุขศาสตร์,อาชีวอนามัย,นนทบุรี,13.864236,100.546846
2011.0,บริษัท ดูคาติ มอเตอร์,สาธารณสุขศาสตร์,อาชีวอนามัย,ระยอง,12.709277,101.213996
2012.0,บริษัท โตโยด้า โกเซ เอเชีย จำกัด,สาธารณสุขศาสตร์,อาชีวอนามัย,ชลบุรี,13.36516,100.948043
2013.0,บริษัท ท่าอากาศยานไทย จำกัด (มหาชน) ท่าอากาศยานภูเก็ต,สาธารณสุขศาสตร์,อาชีวอนามัย,ภูเก็ต,7.871797,98.422261
2014.0,บริษัท ไทยแอร์เอเชีย จำกัด ดอนเมือง,สาธารณสุขศาสตร์,อาชีวอนามัย,กรุงเทพมหานคร,13.738391,100.522894
2015.0,บริษัท โรงงานน้ำตาลสิงห์บุรี (กลุ่มน้ำตาลมิตรผล),สาธารณสุขศาสตร์,อาชีวอนามัย,สิงห์บุรี,14.888134,100.403983
2016.0,บริษัท ไลน์ ทรานสปอร์ต จำกัด,สาธารณสุขศาสตร์,อาชีวอนามัย,ประจวบคีรีขันธ์,11.790818,99.784969
2017.0,โรงพยาบาลจุฬาลงกรณ์,สาธารณสุขศาสตร์,อาชีวอนามัย,กรุงเทพมหานคร,13.744193,100.475789
2018.0,โรงพยาบาลเฉลิมพระเกียรติสมเด็จพระเทพรัตนราชสุดาฯ สยามบรมราชกุมารี ระยอง,สาธารณสุขศาสตร์,อาชีวอนามัย,ระยอง,12.705196,101.219984
2019.0,"Changhua Christian Hospital, Changhua, Taiwan, ROC",สาธารณสุขศาสตร์,อาชีวอนามัย,ไต้หวัน,,
2020.0,โรงแรมโนราบุรี รีสอร์ท แอนด์ สปา,สาธารณสุขศาสตร์,อาชีวอนามัย,สุราษฎร์ธานี,9.173247,99.303283
2021.0,โรงแรม เลอ เมอริเดียน เขาหลัก รีสอร์ท แอนด์ สปา,สาธารณสุขศาสตร์,อาชีวอนามัย,พังงา,8.41946,98.502385
2022.0,วินด์แฮม แกรนด์ ในหาน บีช ภูเก็ต,สาธารณสุขศาสตร์,อาชีวอนามัย,ภูเก็ต,7.919621,98.403503
2023.0,โรงแรม เกรซแลนด์ เขาหลัก บีช รีสอร์ท,สาธารณสุขศาสตร์,อาชีวอนามัย,พังงา,8.428009,98.541094
2024.0,ส่วนบริการกลาง มหาวิทยาลัยวลัยลักษณ์,สาธารณสุขศาสตร์,อาชีวอนามัย,กรุงเทพมหานคร,13.754184,100.536185
2025.0,สำนักงานก่อสร้างขนาดใหญ่ที่ 15 กรมชลประทาน,สาธารณสุขศาสตร์,อาชีวอนามัย,กรุงเทพมหานคร,13.717883,100.48775
2026.0,สำนักงานอาชีวอนามัยและความปลอดภัย คณะแพทยศาสตร์ มหาวิทยาลัยขอนแก่น,สาธารณสุขศาสตร์,อาชีวอนามัย,ขอนแก่น,16.444927,102.862938
2027.0,บริษัท คาร์กิลล์สยาม จำกัด โรงงานพิษณุโลก,สาธารณสุขศาสตร์,อาชีวอนามัย,พิษณุโลก,16.792625,100.240139
2028.0,บริษัท โชติวัฒน์อุตสาหกรรมการผลิต จำกัด,สาธารณสุขศาสตร์,อาชีวอนามัย,สงขลา,7.164123,100.451188
2029.0,บริษัท ซีพี ออลล์ จำกัด (มหาชน) ศูนย์กระจายสินค้าสุราษฎร์ธานี,สาธารณสุขศาสตร์,อาชีวอนามัย,สุราษฎร์ธานี,9.176413,99.34261
2030.0,บริษัท เซมเพอร์เฟล็กซ์ เอเชีย จำกัด (สำนักงานใหญ่),สาธารณสุขศาสตร์,อาชีวอนามัย,สงขลา,7.14762,100.449061
2031.0,บริษัท ดีเอชแอล ซัพพลายเชน (ประเทศไทย) จำกัด คลังสุราษฎร์ธานี เปลี่ยนมาจาก บริษัท เอก-ชัย ดีสทริบิวชั่น ซิสเทม จำกัด (ศูนย์กระจายสินค้า เทสโก้ โลตัส สาขาสุราษฎร์ธานี),สาธารณสุขศาสตร์,อาชีวอนามัย,สุราษฎร์ธานี,9.155126,99.31911
2032.0,บริษัท ทีม คอนซัลติ้ง เอนจิเนียริ่ง แอนด์ แมเนจเมนท์ จำกัด (มหาชน),สาธารณสุขศาสตร์,อาชีวอนามัย,กรุงเทพมหานคร,13.734699,100.496832
2033.0,บริษัท ไทร์ โมลด์ (ประเทศไทย) จำกัด,สาธารณสุขศาสตร์,อาชีวอนามัย,ชลบุรี,13.393964,100.945205
2034.0,บริษัท บริการภาคพื้นการบินกรุงเทพ เวิล์ดไวด์ไฟล์ท เซอร์วิส จำกัด,สาธารณสุขศาสตร์,อาชีวอนามัย,กระบี่,8.088772,98.931966
2035.0,บริษัท ปูนซิเมนต์ไทย (ทุ่งสง) จำกัด,สาธารณสุขศาสตร์,อาชีวอนามัย,กรุงเทพมหานคร,13.736822,100.497712
2036.0,บริษัท ผลิตภัณฑ์ปลากระป๋องสยาม จำกัด,สาธารณสุขศาสตร์,อาชีวอนามัย,สตูล,6.647913,100.037114
2037.0,บริษัท เพาเวอร์ไลน์ เอ็นจิเนียริ่ง จำกัด (มหาชน),สาธารณสุขศาสตร์,อาชีวอนามัย,สงขลา,7.136963,100.479533
2038.0,บริษัท ยายบัวการช่าง จํากัด,สาธารณสุขศาสตร์,อาชีวอนามัย,ภูเก็ต,7.888729,98.377925
2039.0,บริษัท โรเบิร์ต บ๊อช ออโตโมทีฟ เทคโนโลยีส์ (ประเทศไทย) จำกัด,สาธารณสุขศาสตร์,อาชีวอนามัย,ระยอง,12.649157,101.217746
2040.0,บริษัท เวสเทอร์น คอมโพเน้นท์ จำกัด,สาธารณสุขศาสตร์,อาชีวอนามัย,สมุทรปราการ,13.64379,100.641038
2041.0,บริษัท ศรีตรังโกลฟส์ ประเทศไทย จำกัด,สาธารณสุขศาสตร์,อาชีวอนามัย,ตรัง,7.597083,99.599107
2042.0,บริษัท สงขลาไบโอเพาเวอร์ จำกัด (โรงไฟฟ้าสงขลาไบโอเพาเวอร์),สาธารณสุขศาสตร์,อาชีวอนามัย,สงขลา,7.136724,100.481685
2043.0,บริษัท อินเตอร์เนชั่นแนล แคสติ้ง โปรดักส์ จำกัด,สาธารณสุขศาสตร์,อาชีวอนามัย,ระยอง,12.695836,101.207429
2044.0,บริษัท สมบูรณ์ ฟอร์จจิ้ง เทคโนโลยี จำกัด,สาธารณสุขศาสตร์,อาชีวอนามัย,ระยอง,12.706601,101.2715
2045.0,บริษัท สหวิริยาสตีลอินดัสตรี จำกัด (มหาชน),สาธารณสุขศาสตร์,อาชีวอนามัย,ประจวบคีรีขันธ์,11.826159,99.779924
2046.0,บริษัท หยั่น หว่อ หยุ่น จำกัด,สาธารณสุขศาสตร์,อาชีวอนามัย,สมุทรสงคราม,,
2047.0,บริษัท อดิสรสงขลา จำกัด,สาธารณสุขศาสตร์,อาชีวอนามัย,สงขลา,7.176489,100.49889
2048.0,บริษัท เอ็นเอ็มบี - มินีแบ ไทย จำกัด โรงงานอยุธยา,สาธารณสุขศาสตร์,อาชีวอนามัย,พระนครศรีอยุธยา,14.348423,100.586585
2049.0,บริษัท เอ็ม เอ็ม โลจิสติกส์ จำกัด,สาธารณสุขศาสตร์,อาชีวอนามัย,กรุงเทพมหานคร,13.740516,100.486278
2050.0,บริษัท เอสซีลอร์ แมนูแฟ็คเจอริ่ง (ประเทศไทย) จำกัด,สาธารณสุขศาสตร์,อาชีวอนามัย,กรุงเทพมหานคร,13.744737,100.485792
2051.0,บริษัท ไอกะ หาดใหญ่ จำกัด,สาธารณสุขศาสตร์,อาชีวอนามัย,สงขลา,7.214366,100.437133
2052.0,โรงพยาบาลกรุงเทพหาดใหญ่,สาธารณสุขศาสตร์,อาชีวอนามัย,สงขลา,7.140468,100.467621
2053.0,โรงพยาบาลทุ่งสง,สาธารณสุขศาสตร์,อาชีวอนามัย,นครศรีธรรมราช,8.398532,99.931479
2054.0,โรงพยาบาลปัตตานี,สาธารณสุขศาสตร์,อาชีวอนามัย,ปัตตานี,6.855091,101.252806
2055.0,โรงพยาบาลรามาธิบดี,สาธารณสุขศาสตร์,อาชีวอนามัย,กรุงเทพมหานคร,13.72473,100.470551
2056.0,โรงพยาบาลวชิระภูเก็ต,สาธารณสุขศาสตร์,อาชีวอนามัย,ภูเก็ต,7.861274,98.409129
2057.0,โรงพยาบาลศิริราช,สาธารณสุขศาสตร์,อาชีวอนามัย,กรุงเทพมหานคร,13.780652,100.465865
2058.0,โรงพยาบาลศูนย์การแพทย์มหาวิทยาลัยวลัยลักษณ์,สาธารณสุขศาสตร์,อาชีวอนามัย,นครศรีธรรมราช,8.444179,99.985924
2059.0,โรงพยาบาลสงขลานครินทร์,สาธารณสุขศาสตร์,อาชีวอนามัย,สงขลา,7.156305,100.508616
2060.0,โรงพยาบาลสงขลานครินทร์ งานส่งเสริมสุขภาพและอาชีวอนามัย,สาธารณสุขศาสตร์,อาชีวอนามัย,สงขลา,7.193417,100.455866
2061.0,โรงพยาบาลหาดใหญ่ กลุ่มงานอาชีวเวชกรรม,สาธารณสุขศาสตร์,อาชีวอนามัย,สงขลา,7.181065,100.46749
2062.0,ศูนย์ความปลอดภัยในการทำงานเขต 9 สงขลา,สาธารณสุขศาสตร์,อาชีวอนามัย,สงขลา,7.175479,100.501288
2063.0,สำนักงานสวัสดิการและคุ้มครองแรงงานจังหวัดนครศรีธรรมราช,สาธารณสุขศาสตร์,อาชีวอนามัย,นครศรีธรรมราช,8.465121,99.958713
2064.0,สำนักงานสาธารณสุขจังหวัดนครศรีธรรมราช,สาธารณสุขศาสตร์,อาชีวอนามัย,นครศรีธรรมราช,8.469462,99.94286
2065.0,บริษัท ซีพี-เมจิ จำกัด,สาธารณสุขศาสตร์,อาชีวอนามัย,สระบุรี,14.499985,100.879011
2066.0,บริษัท กู๊ดเยียร์ (ประเทศไทย) จำกัด (มหาชน),สาธารณสุขศาสตร์,อาชีวอนามัย,ปทุมธานี,13.998584,100.522822
2067.0,บริษัท ไทยบิทูเมน จำกัด,สาธารณสุขศาสตร์,อาชีวอนามัย,สุราษฎร์ธานี,9.132286,99.344441
2068.0,บริษัท เอส ซี แมนเนจเมนท์ จำกัด,สาธารณสุขศาสตร์,อาชีวอนามัย,กรุงเทพมหานคร,13.735235,100.511554
2069.0,โรงพยาบาลมหาราชนครศรีธรรมราช กลุ่มงานอาชีวเวชกรรม,สาธารณสุขศาสตร์,อาชีวอนามัย,นครศรีธรรมราช,8.438447,99.974389
2070.0,"Faculty of Medicine and Health Sciences, Universiti Putra Malaysia",สาธารณสุขศาสตร์,อาชีวอนามัย,มาเลเซีย,,
2071.0,บริษัท ทรูธ มารีไทม์ เซอร์วิสเซส จำกัด จังหวัดสงขลา,สาธารณสุขศาสตร์,อาชีวอนามัย,สงขลา,7.214981,100.444759
2072.0,สำนักงานสาธารณสุขจังหวัดสุราษฎร์ธานี,สาธารณสุขศาสตร์,อาชีวอนามัย,สุราษฎร์ธานี,9.135793,99.353739
2073.0,โรงพยาบาลท่าศาลา,สาธารณสุขศาสตร์,อาชีวอนามัย,นครศรีธรรมราช,8.453557,99.998607
2074.0,DigilifeThailand,สารสนเทศศาสตร์,ดิจิทัลคอนเทนต์และสื่อ,นนทบุรี,13.884243,100.499909
2075.0,"Hunter New England, Armidale Rural Referral Hospital",สารสนเทศศาสตร์,ดิจิทัลคอนเทนต์และสื่อ,ออสเตรเลีย,,
2076.0,Metadee Concept Hotel,สารสนเทศศาสตร์,ดิจิทัลคอนเทนต์และสื่อ,ภูเก็ต,7.89353,98.389364
2077.0,Rudy Technology,สารสนเทศศาสตร์,ดิจิทัลคอนเทนต์และสื่อ,กรุงเทพมหานคร,13.729889,100.480438
2078.0,The Library of Universiti Malaysia Perlis,สารสนเทศศาสตร์,ดิจิทัลคอนเทนต์และสื่อ,มาเลเซีย,,
2079.0,Total Fire Stopping PTY LTD,สารสนเทศศาสตร์,ดิจิทัลคอนเทนต์และสื่อ,ออสเตรเลีย,,
2080.0,กรมการท่องเที่ยว,สารสนเทศศาสตร์,ดิจิทัลคอนเทนต์และสื่อ,กรุงเทพมหานคร,13.755578,100.505491
2081.0,จีทีสตูดิโอ,สารสนเทศศาสตร์,ดิจิทัลคอนเทนต์และสื่อ,ภูเก็ต,7.868898,98.409518
2082.0,ไซเบอร์-เฮาส์ชิ่งดอทคอม บจก.,สารสนเทศศาสตร์,ดิจิทัลคอนเทนต์และสื่อ,กรุงเทพมหานคร,13.721527,100.532436
2083.0,บริษัท กราฟโฟ้ ดีไซน์ จำกัด,สารสนเทศศาสตร์,ดิจิทัลคอนเทนต์และสื่อ,ภูเก็ต,7.878847,98.386209
2084.0,บริษัท คาเมเลี่ยน โปรดักชั่น จำกัด,สารสนเทศศาสตร์,ดิจิทัลคอนเทนต์และสื่อ,สุราษฎร์ธานี,9.148277,99.345012
2085.0,บริษัท คิสรา จำกัด,สารสนเทศศาสตร์,ดิจิทัลคอนเทนต์และสื่อ,กรุงเทพมหานคร,13.734483,100.480609
2086.0,บริษัท จีบีวาย ดิจิทัล เทค จำกัด,สารสนเทศศาสตร์,ดิจิทัลคอนเทนต์และสื่อ,สุราษฎร์ธานี,9.157669,99.354347
2087.0,บริษัท จีเอ็มเอ็ม แกรมมี่ จำกัด (มหาชน),สารสนเทศศาสตร์,ดิจิทัลคอนเทนต์และสื่อ,กรุงเทพมหานคร,13.750928,100.466652
2088.0,บริษัท ซิซซา กรุ๊ป จำกัด จังหวัดภูเก็ต,สารสนเทศศาสตร์,ดิจิทัลคอนเทนต์และสื่อ,ภูเก็ต,7.885212,98.366796
2089.0,บริษัท เซ็นทรัลเทรดดิ้ง จำกัด,สารสนเทศศาสตร์,ดิจิทัลคอนเทนต์และสื่อ,กรุงเทพมหานคร,13.720283,100.493097
2090.0,บริษัท เซเว่นทีน สตูดิโอ จำกัด,สารสนเทศศาสตร์,ดิจิทัลคอนเทนต์และสื่อ,สงขลา,7.195145,100.441653
2091.0,บริษัท ดรีมเบส อินเตอร์แอ็คทีฟ จำกัด,สารสนเทศศาสตร์,ดิจิทัลคอนเทนต์และสื่อ,กรุงเทพมหานคร,13.785874,100.516665
2092.0,บริษัท ดีเอ็นเอ เมคเกอร์ จำกัด,สารสนเทศศาสตร์,ดิจิทัลคอนเทนต์และสื่อ,กรุงเทพมหานคร,13.733124,100.49889
2093.0,บริษัท เดอะ รีโคฟเวอรี่ แอดไวเซอร์ จำกัด,สารสนเทศศาสตร์,ดิจิทัลคอนเทนต์และสื่อ,กรุงเทพมหานคร,13.745751,100.507571
2094.0,บริษัท ไทย ออนไลน์ มีเดีย จำกัด,สารสนเทศศาสตร์,ดิจิทัลคอนเทนต์และสื่อ,กรุงเทพมหานคร,13.744043,100.475984
2095.0,บริษัท ไทยเบฟเวอเรจโลจิสติกส์ จำกัด,สารสนเทศศาสตร์,ดิจิทัลคอนเทนต์และสื่อ,กรุงเทพมหานคร,13.728885,100.470738
2096.0,บริษัท ธิงค์แลบ เท็คโนโลยี จำกัด,สารสนเทศศาสตร์,ดิจิทัลคอนเทนต์และสื่อ,กรุงเทพมหานคร,13.721756,100.517272
2097.0,บริษัท เนชั่น บรอดแคสติ้ง คอร์ปอเรชั่น จำกัด,สารสนเทศศาสตร์,ดิจิทัลคอนเทนต์และสื่อ,กรุงเทพมหานคร,13.737491,100.501136
2098.0,บริษัท เน็ตดีไซน์ ซอฟท์ จำกัด,สารสนเทศศาสตร์,ดิจิทัลคอนเทนต์และสื่อ,กรุงเทพมหานคร,13.727048,100.528566
2099.0,บริษัท เน็ตดีไซน์ โฮสต์ จำกัด,สารสนเทศศาสตร์,ดิจิทัลคอนเทนต์และสื่อ,กรุงเทพมหานคร,13.717669,100.509968
2100.0,บริษัท บียอนด์ กราฟิคส์ จำกัด,สารสนเทศศาสตร์,ดิจิทัลคอนเทนต์และสื่อ,ภูเก็ต,7.884223,98.38836
2101.0,บริษัท พระนครซอฟท์ จำกัด,สารสนเทศศาสตร์,ดิจิทัลคอนเทนต์และสื่อ,กรุงเทพมหานคร,13.755631,100.53743
2102.0,บริษัท พีไฟว์ โปรดักชั่น จำกัด,สารสนเทศศาสตร์,ดิจิทัลคอนเทนต์และสื่อ,กรุงเทพมหานคร,13.753568,100.541399
2103.0,บริษัท ไฟนอลพีช จำกัด,สารสนเทศศาสตร์,ดิจิทัลคอนเทนต์และสื่อ,กรุงเทพมหานคร,13.757237,100.536329
2104.0,บริษัท ภูเก็ตโซลูชั่น จำกัด,สารสนเทศศาสตร์,ดิจิทัลคอนเทนต์และสื่อ,ภูเก็ต,7.886802,98.39982
2105.0,บริษัท แม็กซิมั่ม เด็บ จำกัด,สารสนเทศศาสตร์,ดิจิทัลคอนเทนต์และสื่อ,กรุงเทพมหานคร,13.753955,100.508698
2106.0,บริษัท เยส เว็บ ดีไซต์ สตูดิโอ จำกัด,สารสนเทศศาสตร์,ดิจิทัลคอนเทนต์และสื่อ,กรุงเทพมหานคร,13.751683,100.464477
2107.0,บริษัท เยส เว็บ ดีไซน์ สตูดิโอ จำกัด,สารสนเทศศาสตร์,ดิจิทัลคอนเทนต์และสื่อ,กรุงเทพมหานคร,13.756971,100.507459
2108.0,บริษัท เยสเซอร์บอส จำกัด,สารสนเทศศาสตร์,ดิจิทัลคอนเทนต์และสื่อ,กรุงเทพมหานคร,13.727321,100.484677
2109.0,บริษัท วัชรพล จำกัด (หนังสือพิมพ์ไทยรัฐ),สารสนเทศศาสตร์,ดิจิทัลคอนเทนต์และสื่อ,กรุงเทพมหานคร,13.722679,100.489695
2110.0,บริษัท วันลิ้งค์ เทคโนโลยี จำกัด,สารสนเทศศาสตร์,ดิจิทัลคอนเทนต์และสื่อ,กรุงเทพมหานคร,13.766759,100.488186
2111.0,บริษัท อสมท จำกัด (มหาชน),สารสนเทศศาสตร์,ดิจิทัลคอนเทนต์และสื่อ,กรุงเทพมหานคร,13.743673,100.53243
2112.0,บริษัท อินเตอร์เนต บิซิเนส เน็ตเวอค จำกัด,สารสนเทศศาสตร์,ดิจิทัลคอนเทนต์และสื่อ,กรุงเทพมหานคร,13.792797,100.514293
2113.0,บริษัท เอ็มบ็อกซ์ มัลติมีเดีย จำกัด,สารสนเทศศาสตร์,ดิจิทัลคอนเทนต์และสื่อ,กรุงเทพมหานคร,13.760813,100.492833
2114.0,บริษัท เอไอแมน จำกัด,สารสนเทศศาสตร์,ดิจิทัลคอนเทนต์และสื่อ,กรุงเทพมหานคร,13.786802,100.522881
2115.0,บริษัท ไอโซเลชั่น ดีเวลลอป จำกัด,สารสนเทศศาสตร์,ดิจิทัลคอนเทนต์และสื่อ,ภูเก็ต,7.883791,98.369877
2116.0,บริษัท แฮชบีเอ็กซ์ โกลบอล จำกัด (บริษัท โวลซ์ เอนเนอร์จี จำกัด),สารสนเทศศาสตร์,ดิจิทัลคอนเทนต์และสื่อ,ชลบุรี,13.3698,100.95081
2117.0,บริษัท โฮมมาร์ท ช.โลหะกิจ จำกัด,สารสนเทศศาสตร์,ดิจิทัลคอนเทนต์และสื่อ,กระบี่,8.08945,98.884122
2118.0,มิวเซียมภูเก็ต,สารสนเทศศาสตร์,ดิจิทัลคอนเทนต์และสื่อ,ภูเก็ต,7.905021,98.428201
2119.0,โย่ว ภูเก็ต,สารสนเทศศาสตร์,ดิจิทัลคอนเทนต์และสื่อ,ภูเก็ต,7.875703,98.38793
2120.0,โรงพยาบาลวัฒนแพทย์ อ่าวนาง,สารสนเทศศาสตร์,ดิจิทัลคอนเทนต์และสื่อ,กระบี่,8.101092,98.910739
2121.0,โรงแรมเลอ เมอริเดียน เชียงราย รีสอร์ท,สารสนเทศศาสตร์,ดิจิทัลคอนเทนต์และสื่อ,เชียงราย,19.911354,99.840331
2122.0,ศูนย์ความเป็นเลิศด้านนวัตกรรมสารสนเทศ สำนักวิชาสารสนเทศศาสตร์ มหาวิทยาลัยวลัยลักษณ์,สารสนเทศศาสตร์,ดิจิทัลคอนเทนต์และสื่อ,นครศรีธรรมราช,8.468641,99.962776
2123.0,ศูนย์ส่งเสริมวัฒนธรรมและการกีฬา มหาวิทยาลัยวลัยลักษณ์,สารสนเทศศาสตร์,ดิจิทัลคอนเทนต์และสื่อ,นครศรีธรรมราช,8.448005,99.995663
2124.0,สถานีวิทยุกระจายเสียงแห่งประเทศไทยอำเภอทุ่งสง จังหวัดนครศรีธรรมราช,สารสนเทศศาสตร์,ดิจิทัลคอนเทนต์และสื่อ,นครศรีธรรมราช,8.466957,99.938905
2125.0,สถานีวิทยุโทรทัศน์แห่งประเทศไทย จ.สุราษฎร์ธานี (ช่อง 11),สารสนเทศศาสตร์,ดิจิทัลคอนเทนต์และสื่อ,สุราษฎร์ธานี,9.163945,99.35823
2126.0,สถาบันวิจัยดาราศาสตร์แห่งชาติ (องค์การมหาชน),สารสนเทศศาสตร์,ดิจิทัลคอนเทนต์และสื่อ,เชียงใหม่,18.77978,99.000151
2127.0,สโมสร บีจี ปทุม ยูไนเต็ด,สารสนเทศศาสตร์,ดิจิทัลคอนเทนต์และสื่อ,ปทุมธานี,14.002208,100.49797
2128.0,สโมสรฟุตบอลนครศรียูไนเต็ด,สารสนเทศศาสตร์,ดิจิทัลคอนเทนต์และสื่อ,กรุงเทพมหานคร,13.791401,100.524152
2129.0,ส่วนส่งเสริมและพัฒนานักศึกษา มหาวิทยาลัยวลัยลักษณ์,สารสนเทศศาสตร์,ดิจิทัลคอนเทนต์และสื่อ,นครศรีธรรมราช,8.441609,99.943355
2130.0,สำนักการเรียนรู้ตลอดชีวิตพระจอมเกล้าเจ้าคุณทหารลาดกระบัง,สารสนเทศศาสตร์,ดิจิทัลคอนเทนต์และสื่อ,กรุงเทพมหานคร,13.741821,100.490391
2131.0,สำนักงานประชาสัมพันธ์จังหวัดสุราษฎร์ธานี,สารสนเทศศาสตร์,ดิจิทัลคอนเทนต์และสื่อ,สุราษฎร์ธานี,9.148581,99.319078
2132.0,สำนักทรัพยากรการเรียนรู้คุณหญิงหลง อรรถกระวีสุนทร มหาวิทยาลัยสงขลานครินทร์,สารสนเทศศาสตร์,ดิจิทัลคอนเทนต์และสื่อ,สงขลา,7.186206,100.467441
2133.0,สำนักหอสมุด มหาวิทยาลัยขอนแก่น,สารสนเทศศาสตร์,ดิจิทัลคอนเทนต์และสื่อ,ขอนแก่น,16.410061,102.837731
2134.0,หอสมุดแห่งชาติเฉลิมพระเกียรติ สมเด็จพระนางเจ้าสิริกิติ์ พระบรมราชินีนาถ ตรัง,สารสนเทศศาสตร์,ดิจิทัลคอนเทนต์และสื่อ,ตรัง,7.590093,99.592956
2135.0,อุทยานการเรียนรู้เมืองนครศรีธรรมราช,สารสนเทศศาสตร์,ดิจิทัลคอนเทนต์และสื่อ,นครศรีธรรมราช,8.403325,99.988144
2136.0,อุุทยานสวนพฤกศาสตร์ มหาวิทยาลัยวลัยลักษณ์,สารสนเทศศาสตร์,ดิจิทัลคอนเทนต์และสื่อ,นครศรีธรรมราช,8.406922,99.966927
2137.0,จีทีสตูดิโอ ภูเก็ต,สารสนเทศศาสตร์,ดิจิทัลคอนเทนต์และสื่อ,ภูเก็ต,7.868744,98.368478
2138.0,บริษัท คลาวด์นายน์ เวิลด์วายด์ จำกัด (สำนักงานใหญ่),สารสนเทศศาสตร์,ดิจิทัลคอนเทนต์และสื่อ,กรุงเทพมหานคร,13.727045,100.470957
2139.0,บริษัท ซิงค์ สเตชั่น 59 จำกัด,สารสนเทศศาสตร์,ดิจิทัลคอนเทนต์และสื่อ,สมุทรปราการ,13.592084,100.642905
2140.0,บริษัท บัซซี่บีส์ จำกัด (Mediabuzz),สารสนเทศศาสตร์,ดิจิทัลคอนเทนต์และสื่อ,กรุงเทพมหานคร,13.785825,100.528335
2141.0,บริษัท มาสเตอร์ แอดไวส์เซอร์ จำกัด,สารสนเทศศาสตร์,ดิจิทัลคอนเทนต์และสื่อ,กรุงเทพมหานคร,13.791149,100.479726
2142.0,บริษัท วีอาร์ทวินส์ จำกัด,สารสนเทศศาสตร์,ดิจิทัลคอนเทนต์และสื่อ,กรุงเทพมหานคร,13.783532,100.51765
2143.0,บริษัท อินเตอร์เนชั่นแนล คอนเน็คเทรด จำกัด,สารสนเทศศาสตร์,ดิจิทัลคอนเทนต์และสื่อ,กรุงเทพมหานคร,13.753599,100.480693
2144.0,โรงแรมรอยัล ภูเก็ต ซิตี้,สารสนเทศศาสตร์,ดิจิทัลคอนเทนต์และสื่อ,ภูเก็ต,7.852509,98.410823
2145.0,สถานีวิทยุกระจายเสียงแห่งประเทศไทย จังหวัดภูเก็ต,สารสนเทศศาสตร์,ดิจิทัลคอนเทนต์และสื่อ,ภูเก็ต,7.879781,98.374658
2146.0,สถานีวิทยุโทรศัพท์แห่งประเทศไทยจังหวัดสงขลา,สารสนเทศศาสตร์,ดิจิทัลคอนเทนต์และสื่อ,สงขลา,7.16044,100.448754
2147.0,สภาวิชาชีพบัญชีในพระบรมราชูปถัมถ์,สารสนเทศศาสตร์,ดิจิทัลคอนเทนต์และสื่อ,กรุงเทพมหานคร,13.735834,100.471187
2148.0,สำนักหอสมุด มหาวิทยาลัยเทคโนโลยีพระจอมเกล้าธนบุรี,สารสนเทศศาสตร์,ดิจิทัลคอนเทนต์และสื่อ,กรุงเทพมหานคร,13.746713,100.490525
2149.0,สำนักหอสมุด มหาวิทยาลัยแม่โจ้,สารสนเทศศาสตร์,ดิจิทัลคอนเทนต์และสื่อ,กรุงเทพมหานคร,13.770818,100.5054
2150.0,อุทยานการเรียนรู้นครหาดใหญ่,สารสนเทศศาสตร์,ดิจิทัลคอนเทนต์และสื่อ,สงขลา,7.21137,100.471069
2151.0,อุทยานการเรียนรู้สุราษฎร์ธานี,สารสนเทศศาสตร์,ดิจิทัลคอนเทนต์และสื่อ,สุราษฎร์ธานี,9.119692,99.354831
2152.0,บริษัท กรุงเทพประกันชีวิต จํากัด (มหาชน) สาขานครศรีธรรมราช,สารสนเทศศาสตร์,ดิจิทัลคอนเทนต์และสื่อ,นครศรีธรรมราช,8.412108,99.942653
2153.0,บริษัท เอฟเอ็มเอฟ จำกัด,สารสนเทศศาสตร์,ดิจิทัลคอนเทนต์และสื่อ,กรุงเทพมหานคร,13.719235,100.507301
2154.0,บริษัท เอสเคที ฮอลิเดย์ จำกัด,สารสนเทศศาสตร์,ดิจิทัลคอนเทนต์และสื่อ,กรุงเทพมหานคร,13.779704,100.501305
2155.0,บริษัท ปูนซิเมนต์ไทย จำกัด (มหาชน),สารสนเทศศาสตร์,ดิจิทัลคอนเทนต์และสื่อ,กรุงเทพมหานคร,13.776762,100.540483
2156.0,บริษัท เบญจจินดา โฮลดิ้ง จำกัด,สารสนเทศศาสตร์,ดิจิทัลคอนเทนต์และสื่อ,กรุงเทพมหานคร,13.753022,100.493358
2157.0,บริษัท วิสต้า มาร์เกตติ๊ง (ไทยแลนด์) จำกัด,สารสนเทศศาสตร์,ดิจิทัลคอนเทนต์และสื่อ,กรุงเทพมหานคร,13.785489,100.516433
2158.0,บริษัท ใจรัก กรุ๊ป จำกัด,สารสนเทศศาสตร์,ดิจิทัลคอนเทนต์และสื่อ,กรุงเทพมหานคร,13.739087,100.467726
2159.0,โรงแรม ฮอลิเดย์ อินน์ รีสอร์ท สมุย บ่อผุด,สารสนเทศศาสตร์,ดิจิทัลคอนเทนต์และสื่อ,สุราษฎร์ธานี,9.110131,99.355098
2160.0,สหกรณ์ออมทรัพย์กรมชลประทาน จำกัด,สารสนเทศศาสตร์,ดิจิทัลคอนเทนต์และสื่อ,กรุงเทพมหานคร,13.730186,100.464084
2161.0,บริษัท คิวบิก กรุ๊ป จำกัด,สารสนเทศศาสตร์,ดิจิทัลคอนเทนต์และสื่อ,กรุงเทพมหานคร,13.786397,100.478051
2162.0,บริษัท เคฟแมน พรอพเพอร์ตี้ จำกัด,สารสนเทศศาสตร์,ดิจิทัลคอนเทนต์และสื่อ,กรุงเทพมหานคร,13.747246,100.477331
2163.0,บริษัท คอฟแมน อินเตอร์เนชั่นแนล จำกัด,สารสนเทศศาสตร์,ดิจิทัลคอนเทนต์และสื่อ,กรุงเทพมหานคร,13.782912,100.484606
2164.0,บริษัท ไฮเปอร์ แล็บ จำกัด,สารสนเทศศาสตร์,ดิจิทัลคอนเทนต์และสื่อ,กรุงเทพมหานคร,13.739566,100.5129
2165.0,บริษัท แซ่บหลาย โปรดักชั่น จำกัด,สารสนเทศศาสตร์,ดิจิทัลคอนเทนต์และสื่อ,กรุงเทพมหานคร,13.785475,100.532973
2166.0,บริษัท ยืนเดี่ยว จำกัด,สารสนเทศศาสตร์,ดิจิทัลคอนเทนต์และสื่อ,กรุงเทพมหานคร,13.720469,100.532549
2167.0,สถานีวิทยุกระจายเสียงแห่งประเทศไทย จังหวัดนครศรีธรรมราช,สารสนเทศศาสตร์,ดิจิทัลคอนเทนต์และสื่อ,นครศรีธรรมราช,8.427606,100.000024
2168.0,สำนักหอสมุด มหาวิทยาลัยเกษตรศาสตร์,สารสนเทศศาสตร์,ดิจิทัลคอนเทนต์และสื่อ,กรุงเทพมหานคร,13.75105,100.50188
2169.0,หน่วยนวัตกรรมเพื่อผู้บริโภคด้านผลิตภัณฑ์ สังกัดคณะเภสัชศาสตร์,สารสนเทศศาสตร์,ดิจิทัลคอนเทนต์และสื่อ,กรุงเทพมหานคร,13.771607,100.522347
2170.0,สำนักงานปลัด กระทรวงดิจิทัลเพื่อเศรษฐกิจและสังคม,สารสนเทศศาสตร์,ดิจิทัลคอนเทนต์และสื่อ,กรุงเทพมหานคร,13.79558,100.507458
2171.0,กรมชลประทาน,สารสนเทศศาสตร์,ดิจิทัลคอนเทนต์และสื่อ,กรุงเทพมหานคร,13.731932,100.523962
2172.0,หอสมุดและคลังความรู้ มหาวิทยาลัยมหิดล,สารสนเทศศาสตร์,ดิจิทัลคอนเทนต์และสื่อ,กรุงเทพมหานคร,13.785458,100.506291
2173.0,หอจดหมายเหตุพุทธทาส อินทปัญโญ,สารสนเทศศาสตร์,ดิจิทัลคอนเทนต์และสื่อ,กรุงเทพมหานคร,13.77456,100.498792
2174.0,โรงแรมธรรมรินทร์ ธนา,สารสนเทศศาสตร์,ดิจิทัลคอนเทนต์และสื่อ,ตรัง,7.545495,99.583605
2175.0,โรงแรม ฮอลิเดย์ สไตล์ อ่าวนาง บีช รีสอร์ท กระบี่,สารสนเทศศาสตร์,ดิจิทัลคอนเทนต์และสื่อ,กระบี่,8.063532,98.902067
2176.0,ซัมเมอร์คลินิก ภูเก็ต,สารสนเทศศาสตร์,ดิจิทัลคอนเทนต์และสื่อ,ภูเก็ต,7.87034,98.404064
2177.0,ศูนย์สหกิจศึกษาและพัฒนาอาชีพ มหาวิทยาลัยวลัยลักษณ์,สารสนเทศศาสตร์,ดิจิทัลคอนเทนต์และสื่อ,กรุงเทพมหานคร,13.72578,100.483166
2178.0,หน่วยนวัตกรรมเพื่อผู้บริโภคด้านผลิตภัณฑ์สุขภาพ คณะเภสัชศาสตร์ มหาวิทยาลัยสงขลานครินทร์,สารสนเทศศาสตร์,ดิจิทัลคอนเทนต์และสื่อ,สงขลา,7.170346,100.479987
2179.0,หอจดหมายเหตุแห่งชาติเฉลิมพระเกียรติสมเด็จพระนางเจ้าสิริกิติ์ พระบรมราชินีนาถ จังหวัดสงขลา,สารสนเทศศาสตร์,ดิจิทัลคอนเทนต์และสื่อ,สงขลา,7.169755,100.482335
2180.0,หอสมุดกลาง มหาวิทยาลัยหอการค้าไทย,สารสนเทศศาสตร์,ดิจิทัลคอนเทนต์และสื่อ,กรุงเทพมหานคร,13.757762,100.534303
2181.0,สำนักหอสมุดกลาง มหาวิทยาลัยศรีนครินทรวิโรฒ,สารสนเทศศาสตร์,ดิจิทัลคอนเทนต์และสื่อ,กรุงเทพมหานคร,13.767159,100.504576
2182.0,สำนักหอสมุด มหาวิทยาลัยทักษิณ วิทยาเขตสงขลา,สารสนเทศศาสตร์,ดิจิทัลคอนเทนต์และสื่อ,สงขลา,7.158583,100.510849
2183.0,ห้องสมุดมหาวิทยาลัยสงขลานครินทร์ วิทยาเขตตรัง,สารสนเทศศาสตร์,ดิจิทัลคอนเทนต์และสื่อ,ตรัง,7.533874,99.641769
2184.0,บริษัท ซิมโฟนี มิวสิค ช้อป จำกัด,สารสนเทศศาสตร์,ดิจิทัลคอนเทนต์และสื่อ,สุราษฎร์ธานี,9.142676,99.285508
2185.0,บริษัท ท๊อป โปรเฟสชั่นแนล แอนด์ ดีเวลลอปเมนต์ จำกัด,สารสนเทศศาสตร์,ดิจิทัลคอนเทนต์และสื่อ,ชลบุรี,13.36632,101.018633
2186.0,บริษัท ยิหวา ฮอลิเดย์ จำกัด,สารสนเทศศาสตร์,ดิจิทัลคอนเทนต์และสื่อ,กรุงเทพมหานคร,13.74605,100.52876
2187.0,บริษัท ห้องปฏิบัติการกลาง (ประเทศไทย) จำกัด สาขาสงขลา,วิทยาศาสตร์,วิทยาศาสตร์อาหารและนวัตกรรม,สงขลา,7.199221,100.514159
2188.0,บริษัท เอ็นเอสแอล ฟู้ดส์ จํากัด,วิทยาศาสตร์,วิทยาศาสตร์อาหารและนวัตกรรม,ชลบุรี,13.343281,100.976152
2189.0,บริษัท ฉั่วฮะเส็ง ฟู้ดโปรดักส์ จํากัด,วิทยาศาสตร์,วิทยาศาสตร์อาหารและนวัตกรรม,กรุงเทพมหานคร,13.716619,100.499878
2190.0,บริษัท โตโย ไซกัน (ประเทศไทย) จำกัด,วิทยาศาสตร์,วิทยาศาสตร์อาหารและนวัตกรรม,กรุงเทพมหานคร,13.769487,100.490736
2191.0,บริษัท ผลิตภัณฑ์อาหารเชฟช้อย (สาขา1),วิทยาศาสตร์,วิทยาศาสตร์อาหารและนวัตกรรม,นนทบุรี,13.863384,100.496916
2192.0,บริษัท โฟร์ ฟูดส์ จำกัด,วิทยาศาสตร์,วิทยาศาสตร์อาหารและนวัตกรรม,ปทุมธานี,14.040379,100.547036
2193.0,สถาบันค้นคว้าและพัฒนาผลิตผลทางการเกษตรและอุตสาหกรรมเกษตร,วิทยาศาสตร์,วิทยาศาสตร์อาหารและนวัตกรรม,กรุงเทพมหานคร,13.79395,100.475061
2194.0,"สถาบันอาหาร National food Institute ",วิทยาศาสตร์,วิทยาศาสตร์อาหารและนวัตกรรม,กรุงเทพมหานคร,13.786509,100.489383
2195.0,บริษัท ชุมพรอุตสาหกรรมน้ำมันปาล์ม จำกัด (มหาชน),วิทยาศาสตร์,วิทยาศาสตร์อาหารและนวัตกรรม,ชุมพร,10.522814,99.215773
2196.0,ศูนย์การแพทย์มหาวิทยาลัยวลัยลักษณ์,วิทยาศาสตร์,วิทยาศาสตร์อาหารและนวัตกรรม,นครศรีธรรมราช,8.449265,99.934641
2197.0,โรงพยาบาลองค์การบริหารส่วนจังหวัดภูเก็ต,วิทยาศาสตร์,วิทยาศาสตร์อาหารและนวัตกรรม,ภูเก็ต,7.851184,98.399113
2198.0,บริษัท ผลิตภัณฑ์อาหารกว้างไพศาล จำกัด (มหาชน),วิทยาศาสตร์,วิทยาศาสตร์อาหารและนวัตกรรม,ตรัง,7.537837,99.59905
2199.0,บริษัท สุราษฎร์ธานีเบเวอเรช จำกัด,วิทยาศาสตร์,วิทยาศาสตร์อาหารและนวัตกรรม,สุราษฎร์ธานี,9.117141,99.355034
2200.0,กองบริหารทรัพยากรบุคคล สำนักงานปลัดกระทรวงสาธารณสุข,สารสนเทศศาสตร์,นวัตกรรมสารสนเทศศาสตร์ทางการแพทย์,นนทบุรี,13.864078,100.500548
2201.0,โรงพยาบาลธรรมศาสตร์เฉลิมพระเกียรติ,สารสนเทศศาสตร์,นวัตกรรมสารสนเทศศาสตร์ทางการแพทย์,ปทุมธานี,14.023916,100.516595
2202.0,โรงพยาบาลธัญบุรี,สารสนเทศศาสตร์,นวัตกรรมสารสนเทศศาสตร์ทางการแพทย์,ปทุมธานี,14.054033,100.520696
2203.0,โรงพยาบาลบางปะกอก 9 อินเตอร์เนชั่นแนล,สารสนเทศศาสตร์,นวัตกรรมสารสนเทศศาสตร์ทางการแพทย์,กรุงเทพมหานคร,13.737679,100.476144
2204.0,โรงพยาบาลบ้านตาขุน,สารสนเทศศาสตร์,นวัตกรรมสารสนเทศศาสตร์ทางการแพทย์,สุราษฎร์ธานี,9.130532,99.327989
2205.0,โรงพยาบาลพญาไท พหลโยธิน,สารสนเทศศาสตร์,นวัตกรรมสารสนเทศศาสตร์ทางการแพทย์,กรุงเทพมหานคร,13.757404,100.50468
2206.0,โรงพยาบาลพระนั่งเกล้า,สารสนเทศศาสตร์,นวัตกรรมสารสนเทศศาสตร์ทางการแพทย์,นนทบุรี,13.833759,100.5077
2207.0,โรงพยาบาลพัทลุง,สารสนเทศศาสตร์,นวัตกรรมสารสนเทศศาสตร์ทางการแพทย์,พัทลุง,7.588493,100.144878
2208.0,โรงพยาบาลยันฮี,สารสนเทศศาสตร์,นวัตกรรมสารสนเทศศาสตร์ทางการแพทย์,กรุงเทพมหานคร,13.723516,100.489032
2209.0,โรงพยาบาลโรคผิวหนังเขตร้อนภาคใต้ จังหวัดตรัง กรมการแพทย์,สารสนเทศศาสตร์,นวัตกรรมสารสนเทศศาสตร์ทางการแพทย์,ตรัง,7.557131,99.589502
2210.0,โรงพยาบาลลานสกา,สารสนเทศศาสตร์,นวัตกรรมสารสนเทศศาสตร์ทางการแพทย์,นครศรีธรรมราช,8.431653,99.940128
2211.0,โรงพยาบาลวัฒนแพทย์ จังหวัดตรัง,สารสนเทศศาสตร์,นวัตกรรมสารสนเทศศาสตร์ทางการแพทย์,ตรัง,7.591382,99.614516
2212.0,โรงพยาบาลศิริราช ปิยมหาราชการุณย์,สารสนเทศศาสตร์,นวัตกรรมสารสนเทศศาสตร์ทางการแพทย์,กรุงเทพมหานคร,13.774978,100.468285
2213.0,โรงพยาบาลสงขลา ศูนย์คอมพิวเตอร์,สารสนเทศศาสตร์,นวัตกรรมสารสนเทศศาสตร์ทางการแพทย์,สงขลา,7.183421,100.471446
2214.0,โรงพยาบาลสตูล,สารสนเทศศาสตร์,นวัตกรรมสารสนเทศศาสตร์ทางการแพทย์,สตูล,6.662913,100.104655
2215.0,โรงพยาบาลหาดใหญ่,สารสนเทศศาสตร์,นวัตกรรมสารสนเทศศาสตร์ทางการแพทย์,สงขลา,7.1413,100.515819
2216.0,ศูนย์ความเป็นเลิศด้านสารสนเทศทางสุขภาพเพื่อชุมชน มหาวิทยาลัยเชียงใหม่,สารสนเทศศาสตร์,นวัตกรรมสารสนเทศศาสตร์ทางการแพทย์,เชียงใหม่,18.753451,98.968796
2217.0,สำนักงานสาธารณสุขจังหวัดสตูล,สารสนเทศศาสตร์,นวัตกรรมสารสนเทศศาสตร์ทางการแพทย์,สตูล,6.615696,100.082308
2218.0,ห้องปฏิบัติการเชื่อมต่อสมองกับคอมพิวเตอร์ คณะวิศวกรรมชีวการแพทย์ มหาวิทยาลัยมหิดล,สารสนเทศศาสตร์,นวัตกรรมสารสนเทศศาสตร์ทางการแพทย์,นครปฐม,13.842578,100.041056
2219.0,บริษัท กรีนไลน์ ซินเนอร์จี้ จำกัด,สารสนเทศศาสตร์,นวัตกรรมสารสนเทศศาสตร์ทางการแพทย์,กรุงเทพมหานคร,13.761335,100.509948
2220.0,โรงพยาบาลสมิติเวช สาขาศรีนครินทร์,สารสนเทศศาสตร์,นวัตกรรมสารสนเทศศาสตร์ทางการแพทย์,กรุงเทพมหานคร,13.784548,100.470924
2221.0,"Ever Medical Technology Co., Ltd.",สารสนเทศศาสตร์,นวัตกรรมสารสนเทศศาสตร์ทางการแพทย์,กรุงเทพมหานคร,13.754065,100.525831
2222.0,โรงพยาบาลนครพิงค์,สารสนเทศศาสตร์,นวัตกรรมสารสนเทศศาสตร์ทางการแพทย์,เชียงใหม่,18.792441,98.988464
2223.0,บริษัท แอนิเมทเต็ด สตอรี่บอร์ด (ประเทศไทย) จำกัด,สารสนเทศศาสตร์,เทคโนโลยีมัลติมีเดีย แอนิเมชันและเกม,กรุงเทพมหานคร,13.786523,100.490852
2224.0,บริษัท ดีบัซส์ จำกัด,สารสนเทศศาสตร์,เทคโนโลยีมัลติมีเดีย แอนิเมชันและเกม,กรุงเทพมหานคร,13.741465,100.472849
2225.0,บริษัท ยานนิกซ์ (ไทยแลนด์) จํากัด,สารสนเทศศาสตร์,เทคโนโลยีมัลติมีเดีย แอนิเมชันและเกม,กรุงเทพมหานคร,13.765912,100.514101
2226.0,True Axion Games,สารสนเทศศาสตร์,เทคโนโลยีมัลติมีเดีย แอนิเมชันและเกม,กรุงเทพมหานคร,13.783248,100.540097
2227.0,บริษัท กันตนา แอนนิเมชั่น สตูดิโอ จำกัด,สารสนเทศศาสตร์,เทคโนโลยีมัลติมีเดีย แอนิเมชันและเกม,กรุงเทพมหานคร,13.796092,100.530823
2228.0,"Yggdrazil Group Co., Ltd.",สารสนเทศศาสตร์,เทคโนโลยีมัลติมีเดีย แอนิเมชันและเกม,กรุงเทพมหานคร,13.793001,100.539331
2229.0,บริษัท เดอะมั้งค์ สตูดิโอ จำกัด,สารสนเทศศาสตร์,เทคโนโลยีมัลติมีเดีย แอนิเมชันและเกม,กรุงเทพมหานคร,13.755968,100.470471
2230.0,บริษัท อินเด็กซ์ ครีเอทีฟ วิลเลจ จำกัด (มหาชน),สารสนเทศศาสตร์,เทคโนโลยีมัลติมีเดีย แอนิเมชันและเกม,กรุงเทพมหานคร,13.74253,100.507364
2231.0,บริษัท อิเมจิแมกซ์ จำกัด,สารสนเทศศาสตร์,เทคโนโลยีมัลติมีเดีย แอนิเมชันและเกม,กรุงเทพมหานคร,13.770637,100.481609
2232.0,บริษัท แอนิเลเฟ่น สตูดิโอ จำกัด,สารสนเทศศาสตร์,เทคโนโลยีมัลติมีเดีย แอนิเมชันและเกม,กรุงเทพมหานคร,13.752217,100.50383
2233.0,นานามิ แอนิเมชั่น,สารสนเทศศาสตร์,เทคโนโลยีมัลติมีเดีย แอนิเมชันและเกม,กรุงเทพมหานคร,13.781835,100.491862
2234.0,บริษัท ทัช อะ โมเม้นท์ จำกัด,สารสนเทศศาสตร์,เทคโนโลยีมัลติมีเดีย แอนิเมชันและเกม,กรุงเทพมหานคร,13.755186,100.492445
2235.0,บริษัท เมนสตรีม จำกัด,สารสนเทศศาสตร์,เทคโนโลยีมัลติมีเดีย แอนิเมชันและเกม,กรุงเทพมหานคร,13.746047,100.476205
2236.0,บริษัท มีเดีย สตูดิโอ จำกัด,สารสนเทศศาสตร์,เทคโนโลยีมัลติมีเดีย แอนิเมชันและเกม,กรุงเทพมหานคร,13.729196,100.49293
2237.0,ห้างหุ้นส่วนจำกัด วี เวดดิ้ง แพลนเนอร์ แอนด์ โฟโต้กราฟ,สารสนเทศศาสตร์,เทคโนโลยีมัลติมีเดีย แอนิเมชันและเกม,สงขลา,7.195498,100.469954
2238.0,บริษัท จีเอสดี กราฟฟิก โซลูชั่น ดิจิตอล จำกัด,สารสนเทศศาสตร์,เทคโนโลยีมัลติมีเดีย แอนิเมชันและเกม,ภูเก็ต,7.855325,98.420384
2239.0,สมาคมสื่อชุมชนภาคใต้ จังหวัดนครศรีธรรมราช,สารสนเทศศาสตร์,เทคโนโลยีมัลติมีเดีย แอนิเมชันและเกม,นครศรีธรรมราช,8.401342,99.981646
2240.0,บริษัท เกมสแควร์ อินเตอร์แอคทีฟ จำกัด,สารสนเทศศาสตร์,เทคโนโลยีมัลติมีเดีย แอนิเมชันและเกม,กรุงเทพมหานคร,13.766933,100.52652
2241.0,บริษัท คิงฮาร์ตแอดเวอร์ไทซิ่ง จำกัด,สารสนเทศศาสตร์,เทคโนโลยีมัลติมีเดีย แอนิเมชันและเกม,กรุงเทพมหานคร,13.74541,100.522869
2242.0,บริษัท เมเจอร์ซีนีเพล็กซ์ กรุ๊ป จำกัด (มหาชน),สารสนเทศศาสตร์,เทคโนโลยีมัลติมีเดีย แอนิเมชันและเกม,กรุงเทพมหานคร,13.74348,100.494367
2243.0,บริษัท ทักซิโด้แคท สตูดิโอ จำกัด,สารสนเทศศาสตร์,เทคโนโลยีมัลติมีเดีย แอนิเมชันและเกม,กรุงเทพมหานคร,13.743726,100.511548
2244.0,บริษัท บิท เอ๊ก จำกัด,สารสนเทศศาสตร์,เทคโนโลยีมัลติมีเดีย แอนิเมชันและเกม,กรุงเทพมหานคร,13.743648,100.461939
2245.0,บริษัท โปรแกรมมิ่ง จำกัด,สารสนเทศศาสตร์,เทคโนโลยีมัลติมีเดีย แอนิเมชันและเกม,กรุงเทพมหานคร,13.783102,100.474718
2246.0,บริษัท ฟาร์มคิธ ดิจิเมชั่น จำกัด,สารสนเทศศาสตร์,เทคโนโลยีมัลติมีเดีย แอนิเมชันและเกม,กรุงเทพมหานคร,13.7523,100.524278
2247.0,บริษัท เมนสแตนด์ ครีเอเตอร์ (ประเทศไทย) จำกัด (สำนักงานใหญ่),สารสนเทศศาสตร์,เทคโนโลยีมัลติมีเดีย แอนิเมชันและเกม,กรุงเทพมหานคร,13.730896,100.538062
2248.0,บริษัท อีส โปรดักส์ชั่น สตูดิโอ จำกัด,สารสนเทศศาสตร์,เทคโนโลยีมัลติมีเดีย แอนิเมชันและเกม,กรุงเทพมหานคร,13.756693,100.499946
2249.0,ห้างหุ้นส่วน ดิน แอนิเมชั่น สตูดิโอ,สารสนเทศศาสตร์,เทคโนโลยีมัลติมีเดีย แอนิเมชันและเกม,กรุงเทพมหานคร,13.727317,100.498803
2250.0,อินเตอร์บูสเตอร์,สารสนเทศศาสตร์,เทคโนโลยีมัลติมีเดีย แอนิเมชันและเกม,กรุงเทพมหานคร,13.745597,100.469055
2251.0,โรงเรียนทุ่งสง,สารสนเทศศาสตร์,เทคโนโลยีมัลติมีเดีย แอนิเมชันและเกม,นครศรีธรรมราช,8.447846,99.933423
2252.0,บริษัท พลาสตีก จำกัด,สารสนเทศศาสตร์,เทคโนโลยีมัลติมีเดีย แอนิเมชันและเกม,กรุงเทพมหานคร,13.777143,100.522012
2253.0,บริษัท แฟทแคท จำกัด,สารสนเทศศาสตร์,เทคโนโลยีมัลติมีเดีย แอนิเมชันและเกม,กรุงเทพมหานคร,13.78738,100.528469
2254.0,บริษัท แวริซอฟท์ จำกัด,สารสนเทศศาสตร์,เทคโนโลยีมัลติมีเดีย แอนิเมชันและเกม,กรุงเทพมหานคร,13.778885,100.48918
2255.0,บริษัท ซีแอลเอ็กซ์ ไทย จำกัด,สารสนเทศศาสตร์,เทคโนโลยีมัลติมีเดีย แอนิเมชันและเกม,กรุงเทพมหานคร,13.751886,100.495003
2256.0,บริษัท โบเฮเมีย อินเตอร์แร็คทีฟ จำกัด,สารสนเทศศาสตร์,เทคโนโลยีมัลติมีเดีย แอนิเมชันและเกม,ชลบุรี,13.371752,100.966907
2257.0,ห้างหุ้นส่วนจำกัด เอ็นจอยบุ็ค,สารสนเทศศาสตร์,เทคโนโลยีมัลติมีเดีย แอนิเมชันและเกม,ปทุมธานี,14.034556,100.544155
2258.0,บริษัท อาร์ต คอมโบ สตูดิโอ จำกัด,สารสนเทศศาสตร์,เทคโนโลยีมัลติมีเดีย แอนิเมชันและเกม,กรุงเทพมหานคร,13.730128,100.535302
2259.0,Baccom - UK Accommodation Service - บริการหาที่พักที่อักกฤษแบบครบวงจร,สารสนเทศศาสตร์,เทคโนโลยีมัลติมีเดีย แอนิเมชันและเกม,กรุงเทพมหานคร,13.767184,100.538379
2260.0,บริษัท จีเอพี เทรดดิ้ง จำกัด,สารสนเทศศาสตร์,เทคโนโลยีมัลติมีเดีย แอนิเมชันและเกม,นครศรีธรรมราช,8.45527,99.945997
2261.0,บริษัท แชทสติ๊ค จำกัด,สารสนเทศศาสตร์,เทคโนโลยีมัลติมีเดีย แอนิเมชันและเกม,กรุงเทพมหานคร,13.777754,100.479545
2262.0,บริษัท ไซ สตูดิโอ จำกัด,สารสนเทศศาสตร์,เทคโนโลยีมัลติมีเดีย แอนิเมชันและเกม,นนทบุรี,13.843163,100.544676
2263.0,บริษัท พาวเวอร์ กาชา จำกัด,สารสนเทศศาสตร์,เทคโนโลยีมัลติมีเดีย แอนิเมชันและเกม,นครราชสีมา,14.962959,102.120595
2264.0,บริษัท ดิ วิชวล กรุงเทพ จำกัด,สารสนเทศศาสตร์,เทคโนโลยีมัลติมีเดีย แอนิเมชันและเกม,กรุงเทพมหานคร,13.770978,100.490804
2265.0,บริษัท ทีละเฟรม สตูดิโอ จำกัด,สารสนเทศศาสตร์,เทคโนโลยีมัลติมีเดีย แอนิเมชันและเกม,นนทบุรี,13.89215,100.550153
2266.0,บริษัท บอทแอนด์ไลฟ์ จํากัด,สารสนเทศศาสตร์,เทคโนโลยีมัลติมีเดีย แอนิเมชันและเกม,กรุงเทพมหานคร,13.756315,100.477596
2267.0,บริษัท ไซเทคเอเชีย โซลูชั่น จำกัด,สารสนเทศศาสตร์,เทคโนโลยีมัลติมีเดีย แอนิเมชันและเกม,กรุงเทพมหานคร,13.745035,100.52175
2268.0,Programme Chairperson Department of Communication,สารสนเทศศาสตร์,เทคโนโลยีมัลติมีเดีย แอนิเมชันและเกม,กรุงเทพมหานคร,13.721675,100.476714
2269.0,ศูนย์บริการการศึกษา มหาวิทยาลัยวลัยลักษณ์,สารสนเทศศาสตร์,เทคโนโลยีมัลติมีเดีย แอนิเมชันและเกม,กรุงเทพมหานคร,13.733755,100.480465
2270.0,วิทยาลัยเทคนิคสุราษฎร์ธานี,สารสนเทศศาสตร์,เทคโนโลยีมัลติมีเดีย แอนิเมชันและเกม,สุราษฎร์ธานี,9.174359,99.345259
2271.0,บริษัท เฟลิโคะ สตูดิโอ จำกัด,สารสนเทศศาสตร์,เทคโนโลยีมัลติมีเดีย แอนิเมชันและเกม,กรุงเทพมหานคร,13.745348,100.487025
2272.0,บริษัท อิ๊กลู สตูดิโอ จำกัด,สารสนเทศศาสตร์,เทคโนโลยีมัลติมีเดีย แอนิเมชันและเกม,กรุงเทพมหานคร,13.748421,100.510041
2273.0,บริษัท เอ ดรีม สตูดิโอ จำกัด,สารสนเทศศาสตร์,เทคโนโลยีมัลติมีเดีย แอนิเมชันและเกม,นนทบุรี,13.830897,100.525968
2274.0,สำนักการศึกษาและนวัตกรรมการเรียนรู้ มหาวิทยาลัยสงขลานครินทร์ วิทยาเขตหาดใหญ่,สารสนเทศศาสตร์,เทคโนโลยีมัลติมีเดีย แอนิเมชันและเกม,สงขลา,7.153675,100.510528
2275.0,"บริษัท ซีเมด เมดิคอล จำกัด (CMED Medical Co., Ltd.)",สารสนเทศศาสตร์,เทคโนโลยีมัลติมีเดีย แอนิเมชันและเกม,ปทุมธานี,14.058895,100.488061
2276.0,บริษัท ซีแอลเอ็กซ์ ไทย จำกัด สาขากรุงเทพมหานคร,สารสนเทศศาสตร์,เทคโนโลยีมัลติมีเดีย แอนิเมชันและเกม,กรุงเทพมหานคร,13.723594,100.466162
2277.0,บริษัท โทรคมนาคมแห่งชาติ จำกัด (มหาชน) จังหวัดยะลา,สารสนเทศศาสตร์,เทคโนโลยีมัลติมีเดีย แอนิเมชันและเกม,ยะลา,6.516537,101.282711
2278.0,บริษัท แบรนด์ธิงค์ จำกัด,สารสนเทศศาสตร์,เทคโนโลยีมัลติมีเดีย แอนิเมชันและเกม,กรุงเทพมหานคร,13.738058,100.49543
2279.0,บริษัท ยานนิกซ์ จํากัด,สารสนเทศศาสตร์,เทคโนโลยีมัลติมีเดีย แอนิเมชันและเกม,กรุงเทพมหานคร,13.782837,100.492764
2280.0,บริษัท เรเนเกด ฟิล์ม จำกัด (เทพลีลา),สารสนเทศศาสตร์,เทคโนโลยีมัลติมีเดีย แอนิเมชันและเกม,กรุงเทพมหานคร,13.751483,100.510811
2281.0,บริษัท โลละห้า จำกัด,สารสนเทศศาสตร์,เทคโนโลยีมัลติมีเดีย แอนิเมชันและเกม,กรุงเทพมหานคร,13.732325,100.490814
2282.0,มูลนิธิซีจีเอ็นทีวีไทย,สารสนเทศศาสตร์,เทคโนโลยีมัลติมีเดีย แอนิเมชันและเกม,กรุงเทพมหานคร,13.79033,100.471315
2283.0,ศาลแขวงทุ่งสง,สารสนเทศศาสตร์,เทคโนโลยีมัลติมีเดีย แอนิเมชันและเกม,นครศรีธรรมราช,8.414271,99.980682
2284.0,บริษัท สถาพรบุ๊คส์ จำกัด,สารสนเทศศาสตร์,เทคโนโลยีมัลติมีเดีย แอนิเมชันและเกม,กรุงเทพมหานคร,13.779143,100.507434
2285.0,บริษัท โกปี๊ 2001 จำกัด,สารสนเทศศาสตร์,เทคโนโลยีมัลติมีเดีย แอนิเมชันและเกม,นครศรีธรรมราช,8.455798,99.932623
2286.0,ศาลแขวงทุ่งสง,สารสนเทศศาสตร์,เทคโนโลยีมัลติมีเดีย แอนิเมชันและเกม,นครศรีธรรมราช,8.439269,99.941623
2287.0,บริษัท โทรคมนาคมแห่งชาติ จำกัด (มหาชน),สารสนเทศศาสตร์,เทคโนโลยีมัลติมีเดีย แอนิเมชันและเกม,ภูเก็ต,7.886475,98.395712
2288.0,บริษัท วิธิตา แอนิเมชั่น จำกัด,สารสนเทศศาสตร์,เทคโนโลยีมัลติมีเดีย แอนิเมชันและเกม,กรุงเทพมหานคร,13.771715,100.49659
2289.0,บริษัท เรเนเกด ฟิล์ม จำกัด,สารสนเทศศาสตร์,เทคโนโลยีมัลติมีเดีย แอนิเมชันและเกม,กรุงเทพมหานคร,13.739344,100.530631
2290.0,บริษัท บัซซี่บีส์ จำกัด,สารสนเทศศาสตร์,เทคโนโลยีมัลติมีเดีย แอนิเมชันและเกม,กรุงเทพมหานคร,13.771051,100.51976
2291.0,บริษัท ยานนิกซ์ จํากัด,สารสนเทศศาสตร์,เทคโนโลยีมัลติมีเดีย แอนิเมชันและเกม,กรุงเทพมหานคร,13.76307,100.466712
2292.0,องค์การกระจายเสียงและแพร่ภาพสาธารณะแห่งประเทศไทย ศูนย์ภูมิภาคหาดใหญ่,สารสนเทศศาสตร์,เทคโนโลยีมัลติมีเดีย แอนิเมชันและเกม,สงขลา,7.136495,100.494572
2293.0,บริษัท วายวีอาร์ จำกัด,สารสนเทศศาสตร์,เทคโนโลยีมัลติมีเดีย แอนิเมชันและเกม,ปทุมธานี,13.983977,100.555977
2294.0,บริษัท อธิยา แอดเวอร์ไทซิ่ง แอนด์ พริ้นติ้ง จำกัด,สารสนเทศศาสตร์,เทคโนโลยีมัลติมีเดีย แอนิเมชันและเกม,ประจวบคีรีขันธ์,11.818319,99.832625
2295.0,บริษัท อีสท์อินโนเวชั่น จำกัด,สารสนเทศศาสตร์,เทคโนโลยีมัลติมีเดีย แอนิเมชันและเกม,กรุงเทพมหานคร,13.795022,100.481463
2296.0,บริษัท เอสอาร์พี อี-เอ็นเนอร์ยี่ จำกัด,สารสนเทศศาสตร์,เทคโนโลยีมัลติมีเดีย แอนิเมชันและเกม,นครศรีธรรมราช,8.471207,100.001524
2297.0,สหกรณ์สุราษฎร์ธานี จำกัด,สารสนเทศศาสตร์,เทคโนโลยีมัลติมีเดีย แอนิเมชันและเกม,สุราษฎร์ธานี,9.123865,99.351409
2298.0,Nakhon Art Space,สารสนเทศศาสตร์,เทคโนโลยีมัลติมีเดีย แอนิเมชันและเกม,นครศรีธรรมราช,8.446761,99.950261
2299.0,บริษัท เซ็นเตอร์พ้อยท์ เอ็นเตอร์เทนเม้นท์ จำกัด,สารสนเทศศาสตร์,เทคโนโลยีมัลติมีเดีย แอนิเมชันและเกม,กรุงเทพมหานคร,13.747092,100.491207
2300.0,บริษัท บอร์น ทูบี ภูเก็ตเถียน จำกัด,สารสนเทศศาสตร์,เทคโนโลยีมัลติมีเดีย แอนิเมชันและเกม,ภูเก็ต,7.871253,98.374485
2301.0,บริษัท บิ๊กเบรน สตูดิโอ จำกัด,สารสนเทศศาสตร์,เทคโนโลยีมัลติมีเดีย แอนิเมชันและเกม,กรุงเทพมหานคร,13.741888,100.534852
2302.0,บริษัท วินเนสต์ บางกอก เฮลท์แคร์ จำกัด,สารสนเทศศาสตร์,เทคโนโลยีมัลติมีเดีย แอนิเมชันและเกม,กรุงเทพมหานคร,13.736122,100.526408
2303.0,บริษัท โกปี๊ 2001 จำกัด สาขาเซ็นทารา,สารสนเทศศาสตร์,เทคโนโลยีมัลติมีเดีย แอนิเมชันและเกม,นครศรีธรรมราช,8.433787,99.949633
2304.0,บริษัท ฮัลโหล ภูเก็ต เซอร์วิส จำกัด,สารสนเทศศาสตร์,เทคโนโลยีมัลติมีเดีย แอนิเมชันและเกม,ภูเก็ต,7.846135,98.376259
2305.0,บริษัท โทมิ เทค 24 จำกัด,สารสนเทศศาสตร์,เทคโนโลยีมัลติมีเดีย แอนิเมชันและเกม,กรุงเทพมหานคร,13.768749,100.528171
2306.0,บริษัท อินไซด์ โปรดักชั่นเฮาส์ จำกัด,สารสนเทศศาสตร์,เทคโนโลยีมัลติมีเดีย แอนิเมชันและเกม,กรุงเทพมหานคร,13.744051,100.515362
2307.0,ที่ว่าการปกครองอำเภอบางขัน,รัฐศาสตร์และนิติศาสตร์,รัฐประศาสนศาสตร์,นครศรีธรรมราช,8.43371,99.969397
2308.0,การไฟฟ้าส่วนภูมิภาคจังหวัดระนอง,สาธารณสุขศาสตร์,อาชีวอนามัย,ระนอง,9.913976,98.610824
2309.0,โรงแรม โฮม่า ภูเก็ต ทาวน์,สาธารณสุขศาสตร์,อาชีวอนามัย,ภูเก็ต,7.870262,98.399929
2310.0,บริษัท พริมา มารีน จำกัด (มหาชน),สาธารณสุขศาสตร์,อาชีวอนามัย,กรุงเทพมหานคร,13.754986,100.482012
2311.0,โรงแรม อันดารา รีสอร์ท เรสซิเด้นซ์,สาธารณสุขศาสตร์,อาชีวอนามัย,ภูเก็ต,7.905445,98.392644
2312.0,บริษัท ปตท. จำกัด (มหาชน) คลังปิโตรเลียมสุราษฎร์ธานี,สาธารณสุขศาสตร์,อาชีวอนามัย,สุราษฎร์ธานี,9.123325,99.359873
2313.0,โรงพยาบาลกระบี่,สาธารณสุขศาสตร์,อาชีวอนามัย,กระบี่,8.058612,98.914272
2314.0,โรงพยาบาลสิชล,สาธารณสุขศาสตร์,อาชีวอนามัย,นครศรีธรรมราช,8.424269,99.966387
2315.0,โรงแรม อ่าวนาง วิลล่า รีสอร์ท,สาธารณสุขศาสตร์,อาชีวอนามัย,กระบี่,8.058937,98.889144
,,,,กรุงเทพมหานคร,13.752756,100.520711
,,,,กรุงเทพมหานคร,13.767246,100.480412
,,,,กรุงเทพมหานคร,13.774371,100.4793
,,,,กรุงเทพมหานคร,13.763789,100.514178
,,,,กรุงเทพมหานคร,13.725038,100.485467
,,,,กรุงเทพมหานคร,13.793911,100.465376
,,,,กรุงเทพมหานคร,13.725607,100.525671
,,,,กรุงเทพมหานคร,13.758912,100.518478
,,,,กรุงเทพมหานคร,13.722411,100.479591
,,,,กรุงเทพมหานคร,13.74601,100.464567
,,,,กรุงเทพมหานคร,13.768709,100.520518
,,,,กรุงเทพมหานคร,13.738073,100.517701
,,,,กรุงเทพมหานคร,13.719379,100.526433
,,,,กรุงเทพมหานคร,13.750615,100.509752
,,,,กรุงเทพมหานคร,13.735039,100.471925
,,,,กรุงเทพมหานคร,13.730669,100.535883
,,,,กรุงเทพมหานคร,13.778349,100.529504
,,,,กรุงเทพมหานคร,13.773939,100.529668
,,,,กรุงเทพมหานคร,13.739282,100.54156
,,,,กรุงเทพมหานคร,13.726146,100.46975
,,,,กรุงเทพมหานคร,13.726162,100.469059
,,,,กรุงเทพมหานคร,13.745959,100.500804
,,,,กรุงเทพมหานคร,13.729308,100.490023
,,,,กรุงเทพมหานคร,13.755603,100.484227
,,,,กรุงเทพมหานคร,13.753749,100.491976
,,,,กรุงเทพมหานคร,13.791925,100.477401
,,,,กรุงเทพมหานคร,13.754833,100.480689
,,,,กรุงเทพมหานคร,13.774344,100.480784
,,,,กรุงเทพมหานคร,13.73855,100.522946
,,,,กรุงเทพมหานคร,13.764237,100.482109
,,,,กรุงเทพมหานคร,13.722479,100.529975
,,,,กรุงเทพมหานคร,13.736994,100.492747
,,,,กรุงเทพมหานคร,13.789595,100.502125
,,,,กรุงเทพมหานคร,13.728847,100.463084
,,,,กรุงเทพมหานคร,13.785337,100.496061
,,,,กรุงเทพมหานคร,13.778948,100.484131
,,,,กรุงเทพมหานคร,13.745239,100.47832
,,,,กรุงเทพมหานคร,13.737069,100.471916
,,,,กรุงเทพมหานคร,13.749473,100.485573
,,,,กรุงเทพมหานคร,13.76701,100.478983
,,,,กรุงเทพมหานคร,13.776175,100.474651
,,,,กรุงเทพมหานคร,13.747107,100.535422
,,,,กรุงเทพมหานคร,13.73829,100.530772
,,,,กรุงเทพมหานคร,13.767348,100.532546
,,,,กรุงเทพมหานคร,13.736638,100.461956
,,,,กรุงเทพมหานคร,13.779187,100.494794
,,,,กรุงเทพมหานคร,13.738845,100.476697
,,,,กรุงเทพมหานคร,13.72127,100.500062
,,,,กรุงเทพมหานคร,13.751366,100.531108
,,,,กรุงเทพมหานคร,13.796103,100.524636
,,,,กรุงเทพมหานคร,13.750083,100.493815
,,,,กรุงเทพมหานคร,13.788811,100.520562
,,,,กรุงเทพมหานคร,13.766471,100.474428
,,,,กรุงเทพมหานคร,13.729778,100.532172
,,,,กรุงเทพมหานคร,13.729463,100.527666
,,,,กรุงเทพมหานคร,13.776885,100.484515
,,,,กรุงเทพมหานคร,13.794019,100.540759
,,,,กรุงเทพมหานคร,13.736542,100.508413
,,,,กรุงเทพมหานคร,13.733919,100.481979
,,,,กรุงเทพมหานคร,13.720316,100.479265
,,,,กรุงเทพมหานคร,13.782345,100.529852
,,,,กรุงเทพมหานคร,13.746459,100.500682
,,,,กรุงเทพมหานคร,13.734268,100.529151
,,,,กรุงเทพมหานคร,13.784317,100.517625
,,,,กรุงเทพมหานคร,13.71918,100.517558
,,,,กรุงเทพมหานคร,13.726715,100.531684
,,,,กรุงเทพมหานคร,13.720673,100.537883
,,,,กรุงเทพมหานคร,13.74502,100.490196
,,,,กรุงเทพมหานคร,13.770195,100.477925
,,,,กรุงเทพมหานคร,13.744897,100.530389
,,,,กรุงเทพมหานคร,13.721102,100.500948
,,,,กรุงเทพมหานคร,13.774829,100.519103
,,,,กรุงเทพมหานคร,13.764519,100.473296
,,,,กรุงเทพมหานคร,13.751249,100.470354
,,,,กรุงเทพมหานคร,13.783142,100.477262
,,,,กรุงเทพมหานคร,13.738574,100.483987
,,,,กรุงเทพมหานคร,13.720411,100.529969
,,,,กรุงเทพมหานคร,13.781054,100.464124
,,,,กรุงเทพมหานคร,13.781795,100.479483
,,,,กรุงเทพมหานคร,13.769683,100.488939
,,,,กรุงเทพมหานคร,13.748166,100.520789
,,,,กรุงเทพมหานคร,13.784994,100.48304
,,,,กรุงเทพมหานคร,13.775215,100.483258
,,,,กรุงเทพมหานคร,13.768945,100.508938
,,,,กรุงเทพมหานคร,13.760081,100.479012
,,,,กรุงเทพมหานคร,13.78643,100.537766
,,,,กรุงเทพมหานคร,13.75432,100.484044
,,,,กรุงเทพมหานคร,13.790957,100.471284
,,,,กรุงเทพมหานคร,13.734614,100.488273
,,,,กรุงเทพมหานคร,13.737883,100.468833
,,,,กรุงเทพมหานคร,13.795188,100.539639
,,,,กรุงเทพมหานคร,13.74905,100.501878
,,,,กรุงเทพมหานคร,13.776008,100.463003
,,,,กรุงเทพมหานคร,13.778741,100.508569
,,,,กรุงเทพมหานคร,13.78826,100.508791
,,,,กรุงเทพมหานคร,13.791109,100.491649
,,,,กรุงเทพมหานคร,13.723565,100.495223
,,,,กรุงเทพมหานคร,13.787113,100.490686
,,,,กรุงเทพมหานคร,13.744318,100.463911
,,,,กรุงเทพมหานคร,13.745069,100.539239
,,,,กรุงเทพมหานคร,13.738199,100.486347
,,,,กรุงเทพมหานคร,13.757322,100.535444
,,,,กรุงเทพมหานคร,13.761326,100.525482
,,,,กรุงเทพมหานคร,13.754524,100.515149
,,,,กรุงเทพมหานคร,13.79322,100.48338
,,,,กรุงเทพมหานคร,13.740275,100.469422
,,,,กรุงเทพมหานคร,13.789226,100.514298
,,,,กรุงเทพมหานคร,13.766615,100.514723
,,,,กรุงเทพมหานคร,13.752904,100.49568
,,,,กรุงเทพมหานคร,13.768082,100.466916
,,,,กรุงเทพมหานคร,13.756006,100.52299
,,,,กรุงเทพมหานคร,13.769447,100.521847
,,,,กรุงเทพมหานคร,13.755282,100.535069
,,,,กรุงเทพมหานคร,13.736792,100.517329
,,,,กรุงเทพมหานคร,13.771409,100.496364
,,,,กรุงเทพมหานคร,13.731257,100.508394
,,,,กรุงเทพมหานคร,13.733162,100.533112
,,,,กรุงเทพมหานคร,13.743157,100.540138
,,,,กรุงเทพมหานคร,13.718992,100.518156
,,,,กรุงเทพมหานคร,13.718421,100.473528
,,,,กรุงเทพมหานคร,13.791585,100.534734
,,,,กรุงเทพมหานคร,13.79224,100.534359
,,,,กรุงเทพมหานคร,13.783491,100.536058
,,,,กรุงเทพมหานคร,13.795335,100.52193
,,,,กรุงเทพมหานคร,13.79042,100.499731
,,,,กรุงเทพมหานคร,13.780364,100.480504
,,,,กรุงเทพมหานคร,13.723557,100.49331
,,,,กรุงเทพมหานคร,13.749465,100.501452
,,,,กรุงเทพมหานคร,13.738054,100.535607
,,,,กรุงเทพมหานคร,13.721487,100.478013
,,,,กรุงเทพมหานคร,13.756867,100.521016
,,,,กรุงเทพมหานคร,13.795619,100.471895
,,,,กรุงเทพมหานคร,13.726033,100.492474
,,,,กรุงเทพมหานคร,13.758034,100.485103
,,,,กรุงเทพมหานคร,13.784245,100.490538
,,,,กรุงเทพมหานคร,13.769795,100.497076
,,,,กรุงเทพมหานคร,13.795421,100.480288
,,,,กรุงเทพมหานคร,13.741991,100.49748
,,,,กรุงเทพมหานคร,13.78055,100.484386
,,,,กรุงเทพมหานคร,13.716728,100.506027
,,,,กรุงเทพมหานคร,13.74765,100.468909
,,,,กรุงเทพมหานคร,13.795566,100.514009
,,,,กรุงเทพมหานคร,13.734886,100.5371
,,,,กรุงเทพมหานคร,13.767752,100.530866
,,,,กรุงเทพมหานคร,13.743377,100.4891
,,,,กรุงเทพมหานคร,13.746539,100.490636
,,,,กรุงเทพมหานคร,13.72112,100.517332
,,,,กรุงเทพมหานคร,13.721049,100.494331
,,,,กรุงเทพมหานคร,13.742505,100.508909
,,,,กรุงเทพมหานคร,13.785328,100.530954
,,,,กรุงเทพมหานคร,13.777504,100.468765
,,,,กรุงเทพมหานคร,13.74611,100.488305
,,,,กรุงเทพมหานคร,13.789769,100.462101
,,,,กรุงเทพมหานคร,13.771587,100.495216
,,,,กรุงเทพมหานคร,13.717324,100.521274
,,,,กรุงเทพมหานคร,13.732716,100.475645
,,,,กรุงเทพมหานคร,13.74354,100.480463
,,,,กรุงเทพมหานคร,13.792296,100.523767
,,,,กรุงเทพมหานคร,13.745714,100.535617
,,,,กรุงเทพมหานคร,13.772041,100.507883
,,,,กรุงเทพมหานคร,13.759086,100.517155
,,,,กรุงเทพมหานคร,13.723687,100.494156
,,,,กรุงเทพมหานคร,13.785912,100.463086
,,,,กรุงเทพมหานคร,13.75106,100.526749
,,,,กรุงเทพมหานคร,13.782007,100.493281
,,,,กรุงเทพมหานคร,13.788823,100.516976
,,,,กรุงเทพมหานคร,13.794388,100.541559
,,,,กรุงเทพมหานคร,13.787594,100.480518
,,,,กรุงเทพมหานคร,13.739942,100.465572
,,,,กรุงเทพมหานคร,13.746837,100.488058
,,,,กรุงเทพมหานคร,13.760029,100.471364
,,,,กรุงเทพมหานคร,13.739093,100.467481
,,,,กรุงเทพมหานคร,13.739983,100.48712
,,,,กรุงเทพมหานคร,13.783286,100.508754
,,,,กรุงเทพมหานคร,13.78968,100.498118
,,,,กรุงเทพมหานคร,13.729958,100.53453
,,,,กรุงเทพมหานคร,13.755937,100.47052
,,,,กรุงเทพมหานคร,13.748809,100.53642
,,,,กรุงเทพมหานคร,13.724138,100.46594
,,,,กรุงเทพมหานคร,13.732886,100.50662
,,,,กรุงเทพมหานคร,13.795965,100.518312
,,,,กรุงเทพมหานคร,13.720404,100.538396
,,,,กรุงเทพมหานคร,13.727341,100.540639
,,,,กรุงเทพมหานคร,13.738082,100.524581
,,,,กรุงเทพมหานคร,13.741542,100.535527
,,,,กรุงเทพมหานคร,13.79158,100.467985
,,,,กรุงเทพมหานคร,13.767714,100.541709
,,,,กรุงเทพมหานคร,13.764088,100.487433
,,,,กรุงเทพมหานคร,13.771955,100.506733
,,,,กรุงเทพมหานคร,13.724683,100.465235
,,,,กรุงเทพมหานคร,13.784472,100.51541
,,,,กรุงเทพมหานคร,13.732862,100.491554
,,,,กรุงเทพมหานคร,13.777085,100.508013
,,,,กรุงเทพมหานคร,13.754857,100.488677
,,,,กรุงเทพมหานคร,13.754613,100.519226
,,,,กรุงเทพมหานคร,13.765855,100.509972
,,,,กรุงเทพมหานคร,13.730766,100.536432
,,,,กรุงเทพมหานคร,13.770373,100.47427
,,,,กรุงเทพมหานคร,13.757309,100.488118
,,,,กรุงเทพมหานคร,13.78062,100.48808
,,,,กรุงเทพมหานคร,13.725898,100.498967
,,,,กรุงเทพมหานคร,13.71881,100.522451
,,,,กรุงเทพมหานคร,13.77932,100.525209
,,,,กรุงเทพมหานคร,13.78814,100.532483
,,,,กรุงเทพมหานคร,13.725242,100.501715
,,,,กรุงเทพมหานคร,13.76341,100.477129
,,,,กรุงเทพมหานคร,13.772898,100.48842
,,,,กรุงเทพมหานคร,13.789184,100.533138
,,,,กรุงเทพมหานคร,13.75719,100.525458
,,,,กรุงเทพมหานคร,13.753724,100.482161
,,,,กรุงเทพมหานคร,13.727038,100.509358
,,,,กรุงเทพมหานคร,13.766929,100.481986
,,,,กรุงเทพมหานคร,13.736095,100.541514
,,,,กรุงเทพมหานคร,13.725833,100.463846
,,,,กรุงเทพมหานคร,13.768213,100.511391
,,,,กรุงเทพมหานคร,13.731436,100.525659
,,,,กรุงเทพมหานคร,13.769416,100.526059
,,,,กรุงเทพมหานคร,13.739207,100.536022
,,,,กรุงเทพมหานคร,13.726759,100.485461
,,,,กรุงเทพมหานคร,13.732279,100.540443
,,,,กรุงเทพมหานคร,13.723201,100.484807
,,,,กรุงเทพมหานคร,13.791605,100.468295
,,,,กรุงเทพมหานคร,13.788497,100.540216
,,,,กรุงเทพมหานคร,13.753627,100.476545
,,,,กรุงเทพมหานคร,13.738792,100.531628
,,,,กรุงเทพมหานคร,13.752371,100.496323
,,,,กรุงเทพมหานคร,13.793468,100.515658
,,,,กรุงเทพมหานคร,13.734521,100.498474
,,,,กรุงเทพมหานคร,13.754208,100.503051
,,,,กรุงเทพมหานคร,13.716836,100.512477
,,,,กรุงเทพมหานคร,13.724107,100.535494
,,,,กรุงเทพมหานคร,13.75221,100.506183
,,,,กรุงเทพมหานคร,13.794384,100.484503
,,,,กรุงเทพมหานคร,13.726811,100.495376
,,,,กรุงเทพมหานคร,13.783487,100.528977
,,,,กรุงเทพมหานคร,13.742002,100.466022
,,,,กรุงเทพมหานคร,13.725555,100.524725
,,,,กรุงเทพมหานคร,13.780874,100.516148
,,,,กรุงเทพมหานคร,13.756336,100.515838
,,,,กรุงเทพมหานคร,13.734295,100.537413
,,,,กรุงเทพมหานคร,13.769407,100.522328
,,,,กรุงเทพมหานคร,13.777826,100.540415
,,,,กรุงเทพมหานคร,13.75423,100.513154
,,,,กรุงเทพมหานคร,13.735421,100.480938
,,,,กรุงเทพมหานคร,13.774143,100.536898
,,,,กรุงเทพมหานคร,13.796065,100.491407
,,,,กรุงเทพมหานคร,13.787617,100.509096
,,,,กรุงเทพมหานคร,13.796126,100.488042
,,,,กรุงเทพมหานคร,13.795729,100.490866
,,,,กรุงเทพมหานคร,13.738786,100.528328
,,,,กรุงเทพมหานคร,13.762814,100.515413
,,,,กรุงเทพมหานคร,13.741532,100.530446
,,,,กรุงเทพมหานคร,13.749317,100.523521
,,,,กรุงเทพมหานคร,13.762212,100.493438
,,,,กรุงเทพมหานคร,13.770135,100.515806
,,,,กรุงเทพมหานคร,13.777868,100.496485
,,,,กรุงเทพมหานคร,13.765408,100.518039
,,,,กรุงเทพมหานคร,13.727037,100.535943
,,,,กรุงเทพมหานคร,13.755535,100.48443
,,,,กรุงเทพมหานคร,13.751937,100.531648
,,,,กรุงเทพมหานคร,13.750997,100.52756
,,,,กรุงเทพมหานคร,13.73566,100.501594
,,,,กรุงเทพมหานคร,13.763517,100.496617
,,,,กรุงเทพมหานคร,13.754713,100.510556
,,,,กรุงเทพมหานคร,13.77309,100.523486
,,,,กรุงเทพมหานคร,13.736255,100.500658
,,,,กรุงเทพมหานคร,13.764692,100.521031
,,,,กรุงเทพมหานคร,13.753039,100.470565
,,,,กรุงเทพมหานคร,13.778556,100.507764
,,,,กรุงเทพมหานคร,13.732299,100.531096
,,,,กรุงเทพมหานคร,13.755607,100.486871
,,,,กรุงเทพมหานคร,13.767727,100.514671
,,,,กรุงเทพมหานคร,13.733586,100.490377
,,,,กรุงเทพมหานคร,13.760912,100.503563
,,,,กรุงเทพมหานคร,13.758377,100.519012
,,,,กรุงเทพมหานคร,13.78908,100.488836
,,,,กรุงเทพมหานคร,13.792891,100.541032
,,,,กรุงเทพมหานคร,13.737951,100.463747
,,,,กรุงเทพมหานคร,13.757277,100.484783
,,,,กรุงเทพมหานคร,13.761805,100.462808
,,,,กรุงเทพมหานคร,13.741565,100.505319
,,,,กรุงเทพมหานคร,13.770448,100.488333
,,,,กรุงเทพมหานคร,13.788382,100.465292
,,,,กรุงเทพมหานคร,13.740466,100.515988
,,,,กรุงเทพมหานคร,13.732912,100.533327
,,,,กรุงเทพมหานคร,13.773951,100.473434
,,,,กรุงเทพมหานคร,13.77404,100.531764
,,,,กรุงเทพมหานคร,13.75243,100.507414
,,,,กรุงเทพมหานคร,13.785877,100.523556
,,,,กรุงเทพมหานคร,13.71785,100.483522
,,,,กรุงเทพมหานคร,13.753978,100.491998
,,,,กรุงเทพมหานคร,13.78834,100.531312
,,,,กรุงเทพมหานคร,13.772187,100.527113
,,,,กรุงเทพมหานคร,13.774842,100.515779
,,,,กรุงเทพมหานคร,13.747606,100.534426
,,,,กรุงเทพมหานคร,13.778898,100.523806
,,,,กรุงเทพมหานคร,13.753347,100.4985
,,,,กรุงเทพมหานคร,13.721358,100.522162
,,,,กรุงเทพมหานคร,13.728724,100.534308
,,,,กรุงเทพมหานคร,13.734266,100.474464
,,,,กรุงเทพมหานคร,13.727814,100.537721
,,,,กรุงเทพมหานคร,13.738243,100.528974
,,,,กรุงเทพมหานคร,13.770944,100.532564
,,,,กรุงเทพมหานคร,13.761972,100.47974
,,,,กรุงเทพมหานคร,13.757946,100.536201
,,,,กรุงเทพมหานคร,13.785799,100.527081
,,,,กรุงเทพมหานคร,13.767375,100.487198
,,,,กรุงเทพมหานคร,13.743723,100.516178
,,,,กรุงเทพมหานคร,13.777824,100.476291
,,,,กรุงเทพมหานคร,13.729693,100.504911
,,,,กรุงเทพมหานคร,13.790573,100.50618
,,,,กรุงเทพมหานคร,13.762912,100.469648
,,,,กรุงเทพมหานคร,13.716948,100.470431
,,,,กรุงเทพมหานคร,13.795523,100.498895
,,,,กรุงเทพมหานคร,13.738246,100.516002
,,,,กรุงเทพมหานคร,13.742618,100.52273
,,,,กรุงเทพมหานคร,13.745446,100.504592
,,,,กรุงเทพมหานคร,13.75417,100.521588
,,,,กรุงเทพมหานคร,13.771091,100.523454
,,,,กรุงเทพมหานคร,13.788687,100.526625
,,,,กรุงเทพมหานคร,13.736785,100.540697
,,,,กรุงเทพมหานคร,13.791826,100.468271
,,,,กรุงเทพมหานคร,13.716969,100.533282
,,,,กรุงเทพมหานคร,13.750995,100.540321
,,,,กรุงเทพมหานคร,13.778429,100.488177
,,,,กรุงเทพมหานคร,13.742813,100.493652
,,,,กรุงเทพมหานคร,13.755161,100.488239
,,,,กรุงเทพมหานคร,13.771651,100.493224
,,,,กรุงเทพมหานคร,13.743183,100.471666
,,,,กรุงเทพมหานคร,13.742196,100.53376
,,,,กรุงเทพมหานคร,13.793934,100.509486
,,,,กรุงเทพมหานคร,13.779652,100.53693
,,,,กรุงเทพมหานคร,13.780534,100.508276
,,,,กรุงเทพมหานคร,13.755098,100.535392
,,,,กรุงเทพมหานคร,13.760144,100.537954
,,,,กรุงเทพมหานคร,13.733122,100.525805
,,,,กรุงเทพมหานคร,13.791436,100.506552
,,,,กรุงเทพมหานคร,13.743717,100.467263
,,,,กรุงเทพมหานคร,13.735149,100.53895
,,,,กรุงเทพมหานคร,13.749175,100.541447
,,,,กรุงเทพมหานคร,13.767383,100.519684
,,,,กรุงเทพมหานคร,13.726,100.519033
,,,,กรุงเทพมหานคร,13.742682,100.533974
,,,,กรุงเทพมหานคร,13.732441,100.482273
,,,,กรุงเทพมหานคร,13.767273,100.475971
,,,,กรุงเทพมหานคร,13.727707,100.480404
,,,,กรุงเทพมหานคร,13.78426,100.535072
,,,,กรุงเทพมหานคร,13.742732,100.503476
,,,,กรุงเทพมหานคร,13.764884,100.503621
,,,,กรุงเทพมหานคร,13.755712,100.507556
,,,,กรุงเทพมหานคร,13.777379,100.495093
,,,,กรุงเทพมหานคร,13.719134,100.471379
,,,,กรุงเทพมหานคร,13.768339,100.481239
,,,,กรุงเทพมหานคร,13.725284,100.512169
,,,,กรุงเทพมหานคร,13.765058,100.541158
,,,,กรุงเทพมหานคร,13.771843,100.508866
,,,,กรุงเทพมหานคร,13.729934,100.468898
,,,,กรุงเทพมหานคร,13.751908,100.478371
,,,,กรุงเทพมหานคร,13.784821,100.507302
,,,,กรุงเทพมหานคร,13.735113,100.513768
,,,,กรุงเทพมหานคร,13.782669,100.531816
,,,,กรุงเทพมหานคร,13.779942,100.540868
,,,,กรุงเทพมหานคร,13.752785,100.533637
,,,,กรุงเทพมหานคร,13.719059,100.533222
,,,,กรุงเทพมหานคร,13.738691,100.502718
,,,,กรุงเทพมหานคร,13.73368,100.539574
,,,,กรุงเทพมหานคร,13.780825,100.531698
,,,,กรุงเทพมหานคร,13.72092,100.476201
,,,,กรุงเทพมหานคร,13.743744,100.473834
,,,,กรุงเทพมหานคร,13.791167,100.533624
,,,,กรุงเทพมหานคร,13.723208,100.525765
,,,,กรุงเทพมหานคร,13.719386,100.472978
,,,,กรุงเทพมหานคร,13.733619,100.537928
,,,,กรุงเทพมหานคร,13.774515,100.499832
,,,,กรุงเทพมหานคร,13.733443,100.51033
,,,,กรุงเทพมหานคร,13.740548,100.523494
,,,,กรุงเทพมหานคร,13.752217,100.484371
,,,,กรุงเทพมหานคร,13.753613,100.503967
,,,,กรุงเทพมหานคร,13.761179,100.505601
,,,,กรุงเทพมหานคร,13.744308,100.533927
,,,,กรุงเทพมหานคร,13.768013,100.482817
,,,,กรุงเทพมหานคร,13.775204,100.489516
,,,,กรุงเทพมหานคร,13.718873,100.479712
,,,,กรุงเทพมหานคร,13.785303,100.495108
,,,,กรุงเทพมหานคร,13.732882,100.517939
,,,,กรุงเทพมหานคร,13.718094,100.504783
,,,,กรุงเทพมหานคร,13.785302,100.529781
,,,,กรุงเทพมหานคร,13.727365,100.495943
,,,,กรุงเทพมหานคร,13.750398,100.52006
,,,,กรุงเทพมหานคร,13.783267,100.473663
,,,,กรุงเทพมหานคร,13.770529,100.541185
,,,,กรุงเทพมหานคร,13.733698,100.483436
,,,,กรุงเทพมหานคร,13.741422,100.488886
,,,,กรุงเทพมหานคร,13.730068,100.537847
,,,,กรุงเทพมหานคร,13.787936,100.536699
,,,,กรุงเทพมหานคร,13.763089,100.474333
,,,,กรุงเทพมหานคร,13.759412,100.52163
,,,,กรุงเทพมหานคร,13.734636,100.491356
,,,,กรุงเทพมหานคร,13.747657,100.506571
,,,,กรุงเทพมหานคร,13.771068,100.476052
,,,,กรุงเทพมหานคร,13.766869,100.515891
,,,,กรุงเทพมหานคร,13.72318,100.496257
,,,,กรุงเทพมหานคร,13.723917,100.498873
,,,,กรุงเทพมหานคร,13.777863,100.465173
,,,,กรุงเทพมหานคร,13.766677,100.464699
,,,,กรุงเทพมหานคร,13.767066,100.50149
,,,,กรุงเทพมหานคร,13.758499,100.467981
,,,,กรุงเทพมหานคร,13.793892,100.517847
,,,,กรุงเทพมหานคร,13.757967,100.516679
,,,,กรุงเทพมหานคร,13.778122,100.513982
,,,,กรุงเทพมหานคร,13.719928,100.527206
,,,,กรุงเทพมหานคร,13.775899,100.477865
,,,,กรุงเทพมหานคร,13.750385,100.53066
,,,,กรุงเทพมหานคร,13.737858,100.480254
,,,,กรุงเทพมหานคร,13.739109,100.522188
,,,,กรุงเทพมหานคร,13.760017,100.466354
,,,,กรุงเทพมหานคร,13.76735,100.466844
,,,,กรุงเทพมหานคร,13.790689,100.492664
,,,,กรุงเทพมหานคร,13.791147,100.494951
,,,,กรุงเทพมหานคร,13.785303,100.485916
,,,,กรุงเทพมหานคร,13.791877,100.52393
,,,,กรุงเทพมหานคร,13.717041,100.505275
,,,,กรุงเทพมหานคร,13.789046,100.473712
,,,,กรุงเทพมหานคร,13.780305,100.502024
,,,,กรุงเทพมหานคร,13.729432,100.488822
,,,,กรุงเทพมหานคร,13.774299,100.469598
,,,,กรุงเทพมหานคร,13.770032,100.477701
,,,,กรุงเทพมหานคร,13.720966,100.512361
,,,,กรุงเทพมหานคร,13.737617,100.534166
,,,,กรุงเทพมหานคร,13.7171,100.539319
,,,,กรุงเทพมหานคร,13.765591,100.510431
,,,,กรุงเทพมหานคร,13.720643,100.509788
,,,,กรุงเทพมหานคร,13.778558,100.48022
,,,,กรุงเทพมหานคร,13.753606,100.517097
,,,,กรุงเทพมหานคร,13.776292,100.465644
,,,,กรุงเทพมหานคร,13.738013,100.470967
,,,,กรุงเทพมหานคร,13.782582,100.531112
,,,,กรุงเทพมหานคร,13.73839,100.466328
,,,,กรุงเทพมหานคร,13.719469,100.519409
,,,,กรุงเทพมหานคร,13.742436,100.532154
,,,,กรุงเทพมหานคร,13.78223,100.527349
,,,,กรุงเทพมหานคร,13.794613,100.531187
,,,,กรุงเทพมหานคร,13.728807,100.511613
,,,,กรุงเทพมหานคร,13.771302,100.464424
,,,,กรุงเทพมหานคร,13.753459,100.51224
,,,,กรุงเทพมหานคร,13.769364,100.506957
,,,,กรุงเทพมหานคร,13.790709,100.536232
,,,,กรุงเทพมหานคร,13.786016,100.491709
,,,,กรุงเทพมหานคร,13.764345,100.492425
,,,,กรุงเทพมหานคร,13.779565,100.487232
,,,,กรุงเทพมหานคร,13.727389,100.525063
,,,,กรุงเทพมหานคร,13.73722,100.478801
,,,,กรุงเทพมหานคร,13.7677,100.46701
,,,,กรุงเทพมหานคร,13.777429,100.510118
,,,,กรุงเทพมหานคร,13.786634,100.482485
,,,,กรุงเทพมหานคร,13.77251,100.537683
,,,,กรุงเทพมหานคร,13.773211,100.488718
,,,,กรุงเทพมหานคร,13.741449,100.521306
,,,,กรุงเทพมหานคร,13.722301,100.477482
,,,,กรุงเทพมหานคร,13.718815,100.510239
,,,,กรุงเทพมหานคร,13.738583,100.534727
,,,,กรุงเทพมหานคร,13.767734,100.525604
,,,,กรุงเทพมหานคร,13.784235,100.51487
,,,,กรุงเทพมหานคร,13.742587,100.477584
,,,,กรุงเทพมหานคร,13.737468,100.534449
,,,,กรุงเทพมหานคร,13.756608,100.486551
,,,,กรุงเทพมหานคร,13.721638,100.462061
,,,,กรุงเทพมหานคร,13.753786,100.463151
,,,,กรุงเทพมหานคร,13.771235,100.537018
,,,,กรุงเทพมหานคร,13.747336,100.476679
,,,,กรุงเทพมหานคร,13.783315,100.505541
,,,,กรุงเทพมหานคร,13.72685,100.514381
,,,,กรุงเทพมหานคร,13.789293,100.465092
,,,,กรุงเทพมหานคร,13.746624,100.4929
,,,,กรุงเทพมหานคร,13.782863,100.482042
,,,,กรุงเทพมหานคร,13.790621,100.483599
,,,,กรุงเทพมหานคร,13.729038,100.522123
,,,,กรุงเทพมหานคร,13.781839,100.512804
,,,,กรุงเทพมหานคร,13.738195,100.532479
,,,,กรุงเทพมหานคร,13.786109,100.53461
,,,,กรุงเทพมหานคร,13.795788,100.496542
,,,,กรุงเทพมหานคร,13.791581,100.539429
,,,,กรุงเทพมหานคร,13.73429,100.529809
,,,,กรุงเทพมหานคร,13.73557,100.512627
,,,,กรุงเทพมหานคร,13.741915,100.468946
,,,,กรุงเทพมหานคร,13.786943,100.524567
,,,,กรุงเทพมหานคร,13.795579,100.503161
,,,,กรุงเทพมหานคร,13.743351,100.515931
,,,,กรุงเทพมหานคร,13.781053,100.465781
,,,,กรุงเทพมหานคร,13.71988,100.502422
,,,,กรุงเทพมหานคร,13.760379,100.502754
,,,,กรุงเทพมหานคร,13.75187,100.495968
,,,,กรุงเทพมหานคร,13.786566,100.503681
,,,,กรุงเทพมหานคร,13.766635,100.486957
,,,,กรุงเทพมหานคร,13.718294,100.461869
,,,,กรุงเทพมหานคร,13.779704,100.507248
,,,,กรุงเทพมหานคร,13.758593,100.51259
,,,,กรุงเทพมหานคร,13.747826,100.474121
,,,,กรุงเทพมหานคร,13.742289,100.495219
,,,,กรุงเทพมหานคร,13.762435,100.535633
,,,,กรุงเทพมหานคร,13.757128,100.496592
,,,,กรุงเทพมหานคร,13.765418,100.483539
,,,,กรุงเทพมหานคร,13.747988,100.539142
,,,,กรุงเทพมหานคร,13.766771,100.471506
,,,,กรุงเทพมหานคร,13.756253,100.524842
,,,,กรุงเทพมหานคร,13.750747,100.462911
,,,,กรุงเทพมหานคร,13.735904,100.503197
,,,,กรุงเทพมหานคร,13.776707,100.464853
,,,,กรุงเทพมหานคร,13.751058,100.541515
,,,,กรุงเทพมหานคร,13.745033,100.521904
,,,,กรุงเทพมหานคร,13.74801,100.497957
,,,,กรุงเทพมหานคร,13.782833,100.507984
,,,,กรุงเทพมหานคร,13.764546,100.508807
,,,,กรุงเทพมหานคร,13.74986,100.513869
,,,,กรุงเทพมหานคร,13.746607,100.530818
,,,,กรุงเทพมหานคร,13.773744,100.499488
,,,,กรุงเทพมหานคร,13.770001,100.522564
,,,,กรุงเทพมหานคร,13.752758,100.462469
,,,,กรุงเทพมหานคร,13.781076,100.533237
,,,,กรุงเทพมหานคร,13.721879,100.512465
,,,,กรุงเทพมหานคร,13.726301,100.47919
,,,,กรุงเทพมหานคร,13.751588,100.501601
,,,,กรุงเทพมหานคร,13.749462,100.518287
,,,,กรุงเทพมหานคร,13.791572,100.529067
,,,,กรุงเทพมหานคร,13.790228,100.513773
,,,,กรุงเทพมหานคร,13.726759,100.462936
,,,,กรุงเทพมหานคร,13.731443,100.497226
,,,,กรุงเทพมหานคร,13.790578,100.481026
,,,,กรุงเทพมหานคร,13.774139,100.516355
,,,,กรุงเทพมหานคร,13.748709,100.528322
,,,,กรุงเทพมหานคร,13.742918,100.492037
,,,,กรุงเทพมหานคร,13.743605,100.537234
,,,,กรุงเทพมหานคร,13.79603,100.475009
,,,,กรุงเทพมหานคร,13.751639,100.484996
,,,,กรุงเทพมหานคร,13.756886,100.531336
,,,,กรุงเทพมหานคร,13.773759,100.519693
,,,,กรุงเทพมหานคร,13.777852,100.497282
,,,,กรุงเทพมหานคร,13.747392,100.470412
,,,,กรุงเทพมหานคร,13.772158,100.500088
,,,,กรุงเทพมหานคร,13.771694,100.51588
,,,,กรุงเทพมหานคร,13.77006,100.496892
,,,,กรุงเทพมหานคร,13.777363,100.473751
,,,,กรุงเทพมหานคร,13.723891,100.498442
,,,,กรุงเทพมหานคร,13.74244,100.468067
,,,,กรุงเทพมหานคร,13.734717,100.486938
,,,,กรุงเทพมหานคร,13.752676,100.474571
,,,,กรุงเทพมหานคร,13.751021,100.541513
,,,,กรุงเทพมหานคร,13.73507,100.481797
,,,,กรุงเทพมหานคร,13.735607,100.496904
,,,,กรุงเทพมหานคร,13.767792,100.494477
,,,,กรุงเทพมหานคร,13.743992,100.531922
,,,,กรุงเทพมหานคร,13.795042,100.475045
,,,,กรุงเทพมหานคร,13.764949,100.472624
,,,,กรุงเทพมหานคร,13.727886,100.488928
,,,,กรุงเทพมหานคร,13.720179,100.481846
,,,,กรุงเทพมหานคร,13.7571,100.50851
,,,,กรุงเทพมหานคร,13.742366,100.466815
,,,,กรุงเทพมหานคร,13.746373,100.484327
,,,,กรุงเทพมหานคร,13.742036,100.474456
,,,,กรุงเทพมหานคร,13.764114,100.49825
,,,,กรุงเทพมหานคร,13.73465,100.511423
,,,,กรุงเทพมหานคร,13.727568,100.534365
,,,,กรุงเทพมหานคร,13.776951,100.479873
,,,,กรุงเทพมหานคร,13.762977,100.502578
,,,,กรุงเทพมหานคร,13.728116,100.537665
,,,,กรุงเทพมหานคร,13.758398,100.49951
,,,,กรุงเทพมหานคร,13.755419,100.467863
,,,,กรุงเทพมหานคร,13.749067,100.466065
,,,,กรุงเทพมหานคร,13.762194,100.490817
,,,,กรุงเทพมหานคร,13.794248,100.49082
,,,,กรุงเทพมหานคร,13.718759,100.510125
,,,,กรุงเทพมหานคร,13.782522,100.491944
,,,,กรุงเทพมหานคร,13.739985,100.487068
,,,,กรุงเทพมหานคร,13.729707,100.531154
,,,,กรุงเทพมหานคร,13.761235,100.491296
,,,,กรุงเทพมหานคร,13.718198,100.523756
,,,,กรุงเทพมหานคร,13.794596,100.488146
,,,,กรุงเทพมหานคร,13.738487,100.474022
,,,,กรุงเทพมหานคร,13.784263,100.509474
,,,,กรุงเทพมหานคร,13.776925,100.499676
,,,,กรุงเทพมหานคร,13.743175,100.5411
,,,,กรุงเทพมหานคร,13.75576,100.477008
,,,,กรุงเทพมหานคร,13.750718,100.531561
,,,,กรุงเทพมหานคร,13.778947,100.53628
,,,,กรุงเทพมหานคร,13.75272,100.504297
,,,,กรุงเทพมหานคร,13.786809,100.502824
,,,,กรุงเทพมหานคร,13.784317,100.521315
,,,,กรุงเทพมหานคร,13.770651,100.517128
,,,,กรุงเทพมหานคร,13.780388,100.5184
,,,,กรุงเทพมหานคร,13.718482,100.53901
,,,,กรุงเทพมหานคร,13.794786,100.519966
,,,,กรุงเทพมหานคร,13.724117,100.541449
,,,,กรุงเทพมหานคร,13.755141,100.502301
,,,,กรุงเทพมหานคร,13.735326,100.472696
,,,,กรุงเทพมหานคร,13.743737,100.509137
,,,,กรุงเทพมหานคร,13.793541,100.532013
,,,,กรุงเทพมหานคร,13.779603,100.496322
,,,,กรุงเทพมหานคร,13.73052,100.463889
,,,,กรุงเทพมหานคร,13.792329,100.467859
,,,,กรุงเทพมหานคร,13.764469,100.530479
,,,,กรุงเทพมหานคร,13.764509,100.477565
,,,,กรุงเทพมหานคร,13.753737,100.521049
,,,,กรุงเทพมหานคร,13.750681,100.49756
,,,,กรุงเทพมหานคร,13.719606,100.481781
,,,,กรุงเทพมหานคร,13.791857,100.526752
,,,,กรุงเทพมหานคร,13.721941,100.470363
,,,,กรุงเทพมหานคร,13.717072,100.47519
,,,,กรุงเทพมหานคร,13.786772,100.464696
,,,,กรุงเทพมหานคร,13.750807,100.482717
,,,,กรุงเทพมหานคร,13.725803,100.464794
,,,,กรุงเทพมหานคร,13.769123,100.530553
,,,,กรุงเทพมหานคร,13.771682,100.480019
,,,,กรุงเทพมหานคร,13.763858,100.481599
,,,,กรุงเทพมหานคร,13.747268,100.536102
,,,,กรุงเทพมหานคร,13.787202,100.509354
,,,,กรุงเทพมหานคร,13.74041,100.51054
,,,,กรุงเทพมหานคร,13.745753,100.493329
,,,,กรุงเทพมหานคร,13.793267,100.536246
,,,,กรุงเทพมหานคร,13.721742,100.486042
,,,,กรุงเทพมหานคร,13.738743,100.517307
,,,,กรุงเทพมหานคร,13.741177,100.493143
,,,,กรุงเทพมหานคร,13.756015,100.522032
,,,,กรุงเทพมหานคร,13.769513,100.482573
,,,,กรุงเทพมหานคร,13.793077,100.511232
,,,,กรุงเทพมหานคร,13.748872,100.509491
,,,,กรุงเทพมหานคร,13.719683,100.508539
,,,,กรุงเทพมหานคร,13.784815,100.47413
,,,,กรุงเทพมหานคร,13.787585,100.534385
,,,,กรุงเทพมหานคร,13.737271,100.487025
,,,,กรุงเทพมหานคร,13.737724,100.478751
,,,,กรุงเทพมหานคร,13.743008,100.481892
,,,,กรุงเทพมหานคร,13.748224,100.494175
,,,,กรุงเทพมหานคร,13.753143,100.539882
,,,,กรุงเทพมหานคร,13.733796,100.509729
,,,,กรุงเทพมหานคร,13.79523,100.47775
,,,,กรุงเทพมหานคร,13.779884,100.492694
,,,,กรุงเทพมหานคร,13.756958,100.470263
,,,,กรุงเทพมหานคร,13.721917,100.513988
,,,,กรุงเทพมหานคร,13.762142,100.491494
,,,,กรุงเทพมหานคร,13.769305,100.469035
,,,,กรุงเทพมหานคร,13.750503,100.489647
,,,,กรุงเทพมหานคร,13.734685,100.510371
,,,,กรุงเทพมหานคร,13.792241,100.502194
,,,,กรุงเทพมหานคร,13.733994,100.468286
,,,,กรุงเทพมหานคร,13.721779,100.497512
,,,,กรุงเทพมหานคร,13.72181,100.47771
,,,,กรุงเทพมหานคร,13.725254,100.504277
,,,,กรุงเทพมหานคร,13.779645,100.530119
,,,,กรุงเทพมหานคร,13.787113,100.475033
,,,,กรุงเทพมหานคร,13.722836,100.531314
,,,,กรุงเทพมหานคร,13.750056,100.466155
,,,,กรุงเทพมหานคร,13.771347,100.477412
,,,,กรุงเทพมหานคร,13.740673,100.477455
,,,,กรุงเทพมหานคร,13.725991,100.489981
,,,,กรุงเทพมหานคร,13.775078,100.524837
,,,,กรุงเทพมหานคร,13.742055,100.499608
,,,,กรุงเทพมหานคร,13.753143,100.519778
,,,,กรุงเทพมหานคร,13.77135,100.48416
,,,,กรุงเทพมหานคร,13.782027,100.531147
,,,,กรุงเทพมหานคร,13.764576,100.522051
,,,,กรุงเทพมหานคร,13.774567,100.468363
,,,,กรุงเทพมหานคร,13.774558,100.49779
,,,,กรุงเทพมหานคร,13.724553,100.491517
,,,,กรุงเทพมหานคร,13.743797,100.524206
,,,,กรุงเทพมหานคร,13.759812,100.537094
,,,,กรุงเทพมหานคร,13.741908,100.475133
,,,,กรุงเทพมหานคร,13.791184,100.479188
,,,,กรุงเทพมหานคร,13.756985,100.534867
,,,,กรุงเทพมหานคร,13.724262,100.487906
,,,,กรุงเทพมหานคร,13.741467,100.498574
,,,,กรุงเทพมหานคร,13.762093,100.54048
,,,,กรุงเทพมหานคร,13.759293,100.501222
,,,,กรุงเทพมหานคร,13.747019,100.482077
,,,,กรุงเทพมหานคร,13.740548,100.463322
,,,,กรุงเทพมหานคร,13.749491,100.478551
,,,,กรุงเทพมหานคร,13.716419,100.539893
,,,,กรุงเทพมหานคร,13.760822,100.484326
,,,,กรุงเทพมหานคร,13.731789,100.539821
,,,,กรุงเทพมหานคร,13.743163,100.464378
,,,,กรุงเทพมหานคร,13.780664,100.493075
,,,,กรุงเทพมหานคร,13.731327,100.479491
,,,,กรุงเทพมหานคร,13.738037,100.511547
,,,,กรุงเทพมหานคร,13.72742,100.490006
,,,,กรุงเทพมหานคร,13.750687,100.471048
,,,,กรุงเทพมหานคร,13.769445,100.485758
,,,,กรุงเทพมหานคร,13.770122,100.51156
,,,,กรุงเทพมหานคร,13.777239,100.475715
,,,,กรุงเทพมหานคร,13.723893,100.463999
,,,,กรุงเทพมหานคร,13.731342,100.524372
,,,,กรุงเทพมหานคร,13.719981,100.503039
,,,,กรุงเทพมหานคร,13.774924,100.532998
,,,,กรุงเทพมหานคร,13.730794,100.465371
,,,,กรุงเทพมหานคร,13.755744,100.474969
,,,,กรุงเทพมหานคร,13.753397,100.531589
,,,,กรุงเทพมหานคร,13.761195,100.51196
,,,,กรุงเทพมหานคร,13.754649,100.531116
,,,,กรุงเทพมหานคร,13.743158,100.515279
,,,,กรุงเทพมหานคร,13.737791,100.53914
,,,,กรุงเทพมหานคร,13.749293,100.483962
,,,,กรุงเทพมหานคร,13.781614,100.504018
,,,,กรุงเทพมหานคร,13.77338,100.502622
,,,,กรุงเทพมหานคร,13.72443,100.525498
,,,,กรุงเทพมหานคร,13.75911,100.465077
,,,,กรุงเทพมหานคร,13.73432,100.472116
,,,,กรุงเทพมหานคร,13.765106,100.527404
,,,,กรุงเทพมหานคร,13.75974,100.475197
,,,,กรุงเทพมหานคร,13.73841,100.503897
,,,,กรุงเทพมหานคร,13.787352,100.532821
,,,,กรุงเทพมหานคร,13.776955,100.519999
,,,,กรุงเทพมหานคร,13.716317,100.467709
,,,,กรุงเทพมหานคร,13.750878,100.494511
,,,,กรุงเทพมหานคร,13.754933,100.488411
,,,,กรุงเทพมหานคร,13.779585,100.506675
,,,,กรุงเทพมหานคร,13.730227,100.462671
,,,,กรุงเทพมหานคร,13.791438,100.462044
,,,,กรุงเทพมหานคร,13.721385,100.49905
,,,,กรุงเทพมหานคร,13.73747,100.466715
,,,,กรุงเทพมหานคร,13.753858,100.528506
,,,,กรุงเทพมหานคร,13.725279,100.478465
,,,,กรุงเทพมหานคร,13.767155,100.512565
,,,,กรุงเทพมหานคร,13.724016,100.48916
,,,,กรุงเทพมหานคร,13.74074,100.49073
,,,,กรุงเทพมหานคร,13.718235,100.536208
,,,,กรุงเทพมหานคร,13.739511,100.489357
,,,,กรุงเทพมหานคร,13.78755,100.48084
,,,,กรุงเทพมหานคร,13.719711,100.512161
,,,,กรุงเทพมหานคร,13.786181,100.492528
,,,,กรุงเทพมหานคร,13.787579,100.509255
,,,,กรุงเทพมหานคร,13.760092,100.53336
,,,,กรุงเทพมหานคร,13.721392,100.539254
,,,,กรุงเทพมหานคร,13.779138,100.492102
,,,,กรุงเทพมหานคร,13.727859,100.521261
,,,,กรุงเทพมหานคร,13.755666,100.463181
,,,,กรุงเทพมหานคร,13.728513,100.537206
,,,,กรุงเทพมหานคร,13.71943,100.511346
,,,,กรุงเทพมหานคร,13.76428,100.539819
,,,,กรุงเทพมหานคร,13.722198,100.498391
,,,,กรุงเทพมหานคร,13.766856,100.527951
,,,,กรุงเทพมหานคร,13.75026,100.487882
,,,,กรุงเทพมหานคร,13.75852,100.524661
,,,,กรุงเทพมหานคร,13.752365,100.466436
,,,,กรุงเทพมหานคร,13.732612,100.502053
,,,,กรุงเทพมหานคร,13.747038,100.507394
,,,,กรุงเทพมหานคร,13.757873,100.535402
,,,,กรุงเทพมหานคร,13.723111,100.524011
,,,,กรุงเทพมหานคร,13.734477,100.490161
,,,,กรุงเทพมหานคร,13.77453,100.48181
,,,,กรุงเทพมหานคร,13.782222,100.509126
,,,,กรุงเทพมหานคร,13.756534,100.538832
,,,,กรุงเทพมหานคร,13.734837,100.504453
,,,,กรุงเทพมหานคร,13.767693,100.527051
,,,,กรุงเทพมหานคร,13.777655,100.486933
,,,,กรุงเทพมหานคร,13.775526,100.477763
,,,,กรุงเทพมหานคร,13.767315,100.524992
,,,,กรุงเทพมหานคร,13.753888,100.534127
,,,,กรุงเทพมหานคร,13.78619,100.498689
,,,,กรุงเทพมหานคร,13.760544,100.468794
,,,,กรุงเทพมหานคร,13.773896,100.519339
,,,,กรุงเทพมหานคร,13.777404,100.518235
,,,,กรุงเทพมหานคร,13.738616,100.539486
,,,,กรุงเทพมหานคร,13.73503,100.512388
,,,,กรุงเทพมหานคร,13.746951,100.53902
,,,,กรุงเทพมหานคร,13.788244,100.469651
,,,,กรุงเทพมหานคร,13.778284,100.488162
,,,,กรุงเทพมหานคร,13.782669,100.474222
,,,,กรุงเทพมหานคร,13.782864,100.462651
,,,,กรุงเทพมหานคร,13.73566,100.495526
,,,,กรุงเทพมหานคร,13.73669,100.516393
,,,,กรุงเทพมหานคร,13.776111,100.524975
,,,,กรุงเทพมหานคร,13.772532,100.532358
,,,,กรุงเทพมหานคร,13.743323,100.490919
,,,,กรุงเทพมหานคร,13.743057,100.500934
,,,,กรุงเทพมหานคร,13.726257,100.513059
,,,,กรุงเทพมหานคร,13.757397,100.538745
,,,,กรุงเทพมหานคร,13.743461,100.481158
,,,,กรุงเทพมหานคร,13.73496,100.468965
,,,,กรุงเทพมหานคร,13.719078,100.482026
,,,,กรุงเทพมหานคร,13.716416,100.468351
,,,,กรุงเทพมหานคร,13.759154,100.482652
,,,,กรุงเทพมหานคร,13.730313,100.524871
,,,,กรุงเทพมหานคร,13.795874,100.527132
,,,,กรุงเทพมหานคร,13.719656,100.528639
,,,,กรุงเทพมหานคร,13.784938,100.528943
,,,,กรุงเทพมหานคร,13.780677,100.469106
,,,,กรุงเทพมหานคร,13.743423,100.472912
,,,,กรุงเทพมหานคร,13.788331,100.485856
,,,,กรุงเทพมหานคร,13.717163,100.478672
,,,,กรุงเทพมหานคร,13.761859,100.530581
,,,,กรุงเทพมหานคร,13.789684,100.468613
,,,,กรุงเทพมหานคร,13.744849,100.50606
,,,,กรุงเทพมหานคร,13.740814,100.489033
,,,,กรุงเทพมหานคร,13.734612,100.536141
,,,,กรุงเทพมหานคร,13.735848,100.466298
,,,,กรุงเทพมหานคร,13.794491,100.518376
,,,,กรุงเทพมหานคร,13.739902,100.531623
,,,,กรุงเทพมหานคร,13.766897,100.488718
,,,,กรุงเทพมหานคร,13.783143,100.488558
,,,,กรุงเทพมหานคร,13.788146,100.52945
,,,,กรุงเทพมหานคร,13.733059,100.494174
,,,,กรุงเทพมหานคร,13.71764,100.478647
,,,,กรุงเทพมหานคร,13.751301,100.521237
,,,,กรุงเทพมหานคร,13.783457,100.468589
,,,,กรุงเทพมหานคร,13.722877,100.510652
,,,,กรุงเทพมหานคร,13.735235,100.515163
,,,,กรุงเทพมหานคร,13.716539,100.508963
,,,,กรุงเทพมหานคร,13.726804,100.471648
,,,,กรุงเทพมหานคร,13.772106,100.508735
,,,,กรุงเทพมหานคร,13.784951,100.527463
,,,,กรุงเทพมหานคร,13.736922,100.480027
,,,,กรุงเทพมหานคร,13.766598,100.475503
,,,,กรุงเทพมหานคร,13.729801,100.497624
,,,,กรุงเทพมหานคร,13.778785,100.492259
,,,,กรุงเทพมหานคร,13.78942,100.50043
,,,,กรุงเทพมหานคร,13.765455,100.495172
,,,,กรุงเทพมหานคร,13.735946,100.521377
,,,,กรุงเทพมหานคร,13.780931,100.472755
,,,,กรุงเทพมหานคร,13.787647,100.502573
,,,,กรุงเทพมหานคร,13.792416,100.484925
,,,,กรุงเทพมหานคร,13.783463,100.53527
,,,,กรุงเทพมหานคร,13.741245,100.526636
,,,,กรุงเทพมหานคร,13.760102,100.524101
,,,,กรุงเทพมหานคร,13.774578,100.49289
,,,,กรุงเทพมหานคร,13.786379,100.487467
,,,,กรุงเทพมหานคร,13.786619,100.496355
,,,,กรุงเทพมหานคร,13.722184,100.498881
,,,,กรุงเทพมหานคร,13.773059,100.473719
,,,,กรุงเทพมหานคร,13.778031,100.520914
,,,,กรุงเทพมหานคร,13.751471,100.48733
,,,,กรุงเทพมหานคร,13.783669,100.497457
,,,,กรุงเทพมหานคร,13.795359,100.509136
,,,,กรุงเทพมหานคร,13.790923,100.534761
,,,,กรุงเทพมหานคร,13.764268,100.508911
,,,,กรุงเทพมหานคร,13.75088,100.488509
,,,,กรุงเทพมหานคร,13.781782,100.506139
,,,,กรุงเทพมหานคร,13.735721,100.478597
,,,,กรุงเทพมหานคร,13.762545,100.468186
,,,,กรุงเทพมหานคร,13.781247,100.484251
,,,,กรุงเทพมหานคร,13.77604,100.50425
,,,,กรุงเทพมหานคร,13.794038,100.520016
,,,,กรุงเทพมหานคร,13.724131,100.511321
,,,,กรุงเทพมหานคร,13.737324,100.533604
,,,,กรุงเทพมหานคร,13.769538,100.491359
,,,,กรุงเทพมหานคร,13.750254,100.462763
,,,,กรุงเทพมหานคร,13.737292,100.466207
,,,,กรุงเทพมหานคร,13.759731,100.512881
,,,,กรุงเทพมหานคร,13.720057,100.529918
,,,,กรุงเทพมหานคร,13.783001,100.462993
,,,,กรุงเทพมหานคร,13.747632,100.481136
,,,,กรุงเทพมหานคร,13.779415,100.535439
,,,,กรุงเทพมหานคร,13.779692,100.487222
,,,,กรุงเทพมหานคร,13.794839,100.468515
,,,,กรุงเทพมหานคร,13.779007,100.480841
,,,,กรุงเทพมหานคร,13.788847,100.525341
,,,,กรุงเทพมหานคร,13.738658,100.53875
,,,,กรุงเทพมหานคร,13.743289,100.471748
,,,,กรุงเทพมหานคร,13.782072,100.496503
,,,,กรุงเทพมหานคร,13.724174,100.494224
,,,,กรุงเทพมหานคร,13.759822,100.465888
,,,,กรุงเทพมหานคร,13.734085,100.482885
,,,,กรุงเทพมหานคร,13.790006,100.519105
,,,,กรุงเทพมหานคร,13.743279,100.538375
,,,,กรุงเทพมหานคร,13.775371,100.464033
,,,,กรุงเทพมหานคร,13.751547,100.488034
,,,,กรุงเทพมหานคร,13.742143,100.522231
,,,,กรุงเทพมหานคร,13.735405,100.484372
,,,,กรุงเทพมหานคร,13.743094,100.523529
,,,,กรุงเทพมหานคร,13.766317,100.494456
,,,,กรุงเทพมหานคร,13.776628,100.473866
,,,,กรุงเทพมหานคร,13.727438,100.530292
,,,,กรุงเทพมหานคร,13.729104,100.477939
,,,,กรุงเทพมหานคร,13.761191,100.489549
,,,,กรุงเทพมหานคร,13.785418,100.512047
,,,,กรุงเทพมหานคร,13.742432,100.51259
,,,,กรุงเทพมหานคร,13.761551,100.485942
,,,,กรุงเทพมหานคร,13.784655,100.519775
,,,,กรุงเทพมหานคร,13.744706,100.534839
,,,,กรุงเทพมหานคร,13.776522,100.465317
,,,,กรุงเทพมหานคร,13.781308,100.484343
,,,,กรุงเทพมหานคร,13.748527,100.468478
,,,,กรุงเทพมหานคร,13.721532,100.505683
,,,,กรุงเทพมหานคร,13.792733,100.502602
,,,,กรุงเทพมหานคร,13.787246,100.508803
,,,,กรุงเทพมหานคร,13.734666,100.495028
,,,,กรุงเทพมหานคร,13.760213,100.46343
,,,,กรุงเทพมหานคร,13.752917,100.531856
,,,,กรุงเทพมหานคร,13.757804,100.524484
,,,,กรุงเทพมหานคร,13.730442,100.525875
,,,,กรุงเทพมหานคร,13.769182,100.529553
,,,,กรุงเทพมหานคร,13.723414,100.496763
,,,,กรุงเทพมหานคร,13.758944,100.481568
,,,,กรุงเทพมหานคร,13.766982,100.520317
,,,,กรุงเทพมหานคร,13.726782,100.477952
,,,,กรุงเทพมหานคร,13.757748,100.475706
,,,,กรุงเทพมหานคร,13.782735,100.505398
,,,,กรุงเทพมหานคร,13.718162,100.495947
,,,,กรุงเทพมหานคร,13.751119,100.480273
,,,,กรุงเทพมหานคร,13.727133,100.496179
,,,,กรุงเทพมหานคร,13.732229,100.47328
,,,,กรุงเทพมหานคร,13.74993,100.512718
,,,,กรุงเทพมหานคร,13.75627,100.470202
,,,,กรุงเทพมหานคร,13.754768,100.479084
,,,,กรุงเทพมหานคร,13.724082,100.520496
,,,,กรุงเทพมหานคร,13.767796,100.535576
,,,,กรุงเทพมหานคร,13.739616,100.471399
,,,,กรุงเทพมหานคร,13.731008,100.487469
,,,,กรุงเทพมหานคร,13.747177,100.515029
,,,,กรุงเทพมหานคร,13.781296,100.479151
,,,,กรุงเทพมหานคร,13.734585,100.503663
,,,,กรุงเทพมหานคร,13.748213,100.520399
,,,,กรุงเทพมหานคร,13.780221,100.48279
,,,,กรุงเทพมหานคร,13.79166,100.524445
,,,,กรุงเทพมหานคร,13.747427,100.528575
,,,,กรุงเทพมหานคร,13.77089,100.518048
,,,,กรุงเทพมหานคร,13.717006,100.467874
,,,,กรุงเทพมหานคร,13.791971,100.520213
,,,,กรุงเทพมหานคร,13.746354,100.511554
,,,,กรุงเทพมหานคร,13.759905,100.513641
,,,,กรุงเทพมหานคร,13.750578,100.508162
,,,,กรุงเทพมหานคร,13.742444,100.469876
,,,,กรุงเทพมหานคร,13.718498,100.539751
,,,,กรุงเทพมหานคร,13.721254,100.518525
,,,,กรุงเทพมหานคร,13.72652,100.491423
,,,,กรุงเทพมหานคร,13.781993,100.522049
,,,,กรุงเทพมหานคร,13.766388,100.519687
,,,,กรุงเทพมหานคร,13.786825,100.506373
,,,,กรุงเทพมหานคร,13.732787,100.477633
,,,,กรุงเทพมหานคร,13.771969,100.495399
,,,,กรุงเทพมหานคร,13.720206,100.499985
,,,,กรุงเทพมหานคร,13.716444,100.485971
,,,,กรุงเทพมหานคร,13.772246,100.465564
,,,,กรุงเทพมหานคร,13.726514,100.516602
,,,,กรุงเทพมหานคร,13.795284,100.53414
,,,,กรุงเทพมหานคร,13.763308,100.494766
,,,,กรุงเทพมหานคร,13.776898,100.466408
,,,,กรุงเทพมหานคร,13.795761,100.538449
,,,,กรุงเทพมหานคร,13.774597,100.533467
,,,,กรุงเทพมหานคร,13.760792,100.477732
,,,,กรุงเทพมหานคร,13.718907,100.476921
,,,,กรุงเทพมหานคร,13.759634,100.479485
,,,,กรุงเทพมหานคร,13.785069,100.47465
,,,,กรุงเทพมหานคร,13.793575,100.491542
,,,,กรุงเทพมหานคร,13.772824,100.507443
,,,,กรุงเทพมหานคร,13.75539,100.514173
,,,,กรุงเทพมหานคร,13.779956,100.529133
,,,,กรุงเทพมหานคร,13.739673,100.480229
,,,,กรุงเทพมหานคร,13.754492,100.488664
,,,,กรุงเทพมหานคร,13.794126,100.476096
,,,,กรุงเทพมหานคร,13.756094,100.518665
,,,,กรุงเทพมหานคร,13.796168,100.48798
,,,,กรุงเทพมหานคร,13.744312,100.494665
,,,,กรุงเทพมหานคร,13.779865,100.484607
,,,,กรุงเทพมหานคร,13.751679,100.462465
,,,,กรุงเทพมหานคร,13.771181,100.461875
,,,,กรุงเทพมหานคร,13.732669,100.522143
,,,,กรุงเทพมหานคร,13.795207,100.510214
,,,,กรุงเทพมหานคร,13.748206,100.525986
,,,,กรุงเทพมหานคร,13.757573,100.500913
,,,,กรุงเทพมหานคร,13.775829,100.472782
,,,,กรุงเทพมหานคร,13.749111,100.537723
,,,,กรุงเทพมหานคร,13.742943,100.498007
,,,,กรุงเทพมหานคร,13.732132,100.489773
,,,,กรุงเทพมหานคร,13.754772,100.521618
,,,,กรุงเทพมหานคร,13.753259,100.501321
,,,,กรุงเทพมหานคร,13.7926,100.497104
,,,,กรุงเทพมหานคร,13.762944,100.488159
,,,,กรุงเทพมหานคร,13.754421,100.480526
,,,,กรุงเทพมหานคร,13.740344,100.530016
,,,,กรุงเทพมหานคร,13.774401,100.490018
,,,,กรุงเทพมหานคร,13.758363,100.497379
,,,,กรุงเทพมหานคร,13.795329,100.519278
,,,,กรุงเทพมหานคร,13.777412,100.466004
,,,,กรุงเทพมหานคร,13.762101,100.541388
,,,,กรุงเทพมหานคร,13.738698,100.487088
,,,,กรุงเทพมหานคร,13.731103,100.461935
,,,,กรุงเทพมหานคร,13.766221,100.476348
,,,,กรุงเทพมหานคร,13.72129,100.527053
,,,,กรุงเทพมหานคร,13.723725,100.485767
,,,,กรุงเทพมหานคร,13.769198,100.487056
,,,,กรุงเทพมหานคร,13.733422,100.517433
,,,,กรุงเทพมหานคร,13.717125,100.500581
,,,,กรุงเทพมหานคร,13.76527,100.538416
,,,,กรุงเทพมหานคร,13.738133,100.516279
,,,,กรุงเทพมหานคร,13.761897,100.484081
,,,,กรุงเทพมหานคร,13.782643,100.467375
,,,,กรุงเทพมหานคร,13.764976,100.527213
,,,,กรุงเทพมหานคร,13.717643,100.501535
,,,,กรุงเทพมหานคร,13.737809,100.540425
,,,,กรุงเทพมหานคร,13.743703,100.523765
,,,,กรุงเทพมหานคร,13.776447,100.48068
,,,,กรุงเทพมหานคร,13.738972,100.481152
,,,,กรุงเทพมหานคร,13.737437,100.464992
,,,,กรุงเทพมหานคร,13.749882,100.46373
,,,,กรุงเทพมหานคร,13.735906,100.511226
,,,,กรุงเทพมหานคร,13.730306,100.497588
,,,,กรุงเทพมหานคร,13.742483,100.517567
,,,,กรุงเทพมหานคร,13.728301,100.510424
,,,,กรุงเทพมหานคร,13.792065,100.499465
,,,,กรุงเทพมหานคร,13.766133,100.483929
,,,,กรุงเทพมหานคร,13.775295,100.519347
,,,,กรุงเทพมหานคร,13.784351,100.529627
,,,,กรุงเทพมหานคร,13.767704,100.521734
,,,,กรุงเทพมหานคร,13.720722,100.539501
,,,,กรุงเทพมหานคร,13.739543,100.473459
,,,,กรุงเทพมหานคร,13.720162,100.525666
,,,,กรุงเทพมหานคร,13.735168,100.497583
,,,,กรุงเทพมหานคร,13.773032,100.466111
,,,,กรุงเทพมหานคร,13.764468,100.510066
,,,,กรุงเทพมหานคร,13.733767,100.487849
,,,,กรุงเทพมหานคร,13.748802,100.531921
,,,,กรุงเทพมหานคร,13.736099,100.526525
,,,,กรุงเทพมหานคร,13.756339,100.518791
,,,,กรุงเทพมหานคร,13.751754,100.518714
,,,,กรุงเทพมหานคร,13.738135,100.504227
,,,,กรุงเทพมหานคร,13.744008,100.487606
,,,,กรุงเทพมหานคร,13.758038,100.539489
,,,,กรุงเทพมหานคร,13.794563,100.528702
,,,,กรุงเทพมหานคร,13.775108,100.465174
,,,,กรุงเทพมหานคร,13.780657,100.50457
,,,,กรุงเทพมหานคร,13.789186,100.485493
,,,,กรุงเทพมหานคร,13.778204,100.538943
,,,,กรุงเทพมหานคร,13.771018,100.520935
,,,,กรุงเทพมหานคร,13.747527,100.471417
,,,,กรุงเทพมหานคร,13.781554,100.53523
,,,,กรุงเทพมหานคร,13.791055,100.508552
,,,,กรุงเทพมหานคร,13.791983,100.467347
,,,,กรุงเทพมหานคร,13.779873,100.536604
,,,,กรุงเทพมหานคร,13.748504,100.520246
,,,,กรุงเทพมหานคร,13.763904,100.488841
,,,,กรุงเทพมหานคร,13.748435,100.467316
,,,,กรุงเทพมหานคร,13.790976,100.527721
,,,,กรุงเทพมหานคร,13.742686,100.507877
,,,,กรุงเทพมหานคร,13.774693,100.540113
,,,,กรุงเทพมหานคร,13.764007,100.520887
,,,,กรุงเทพมหานคร,13.723801,100.492214
,,,,กรุงเทพมหานคร,13.730685,100.534428
,,,,กรุงเทพมหานคร,13.766287,100.467505
,,,,กรุงเทพมหานคร,13.795223,100.536305
,,,,กรุงเทพมหานคร,13.753849,100.53159
,,,,กรุงเทพมหานคร,13.757474,100.495501
,,,,กรุงเทพมหานคร,13.71791,100.515496
,,,,กรุงเทพมหานคร,13.720482,100.530335
,,,,กรุงเทพมหานคร,13.786267,100.515973
,,,,กรุงเทพมหานคร,13.763731,100.493782
,,,,กรุงเทพมหานคร,13.749942,100.493711
,,,,กรุงเทพมหานคร,13.739753,100.533742
,,,,กรุงเทพมหานคร,13.744545,100.516792
,,,,กรุงเทพมหานคร,13.72027,100.513859
,,,,กรุงเทพมหานคร,13.785277,100.46351
,,,,กรุงเทพมหานคร,13.729826,100.518167
,,,,กรุงเทพมหานคร,13.790243,100.531728
,,,,กรุงเทพมหานคร,13.727297,100.483971
,,,,กรุงเทพมหานคร,13.7342,100.507122
,,,,กรุงเทพมหานคร,13.788514,100.488133
,,,,กรุงเทพมหานคร,13.748639,100.531844
,,,,กรุงเทพมหานคร,13.767487,100.474788
,,,,กรุงเทพมหานคร,13.740531,100.487048
,,,,กรุงเทพมหานคร,13.779342,100.481764
,,,,กรุงเทพมหานคร,13.770478,100.523611
,,,,กรุงเทพมหานคร,13.743758,100.508194
,,,,กรุงเทพมหานคร,13.762343,100.522918
,,,,กรุงเทพมหานคร,13.731671,100.502168
,,,,กรุงเทพมหานคร,13.784867,100.512915
,,,,กรุงเทพมหานคร,13.79565,100.508884
,,,,กรุงเทพมหานคร,13.730102,100.491626
,,,,กรุงเทพมหานคร,13.785402,100.492377
,,,,กรุงเทพมหานคร,13.788508,100.517396
,,,,กรุงเทพมหานคร,13.78682,100.525864
,,,,กรุงเทพมหานคร,13.736475,100.465961
,,,,กรุงเทพมหานคร,13.779847,100.464769
,,,,กรุงเทพมหานคร,13.756337,100.462764
,,,,กรุงเทพมหานคร,13.757148,100.504339
,,,,กรุงเทพมหานคร,13.772622,100.516474
,,,,กรุงเทพมหานคร,13.779303,100.529774
,,,,กรุงเทพมหานคร,13.762995,100.489337
,,,,กรุงเทพมหานคร,13.774238,100.464154
,,,,กรุงเทพมหานคร,13.793284,100.483083
,,,,กรุงเทพมหานคร,13.756199,100.489142
,,,,กรุงเทพมหานคร,13.741584,100.509983
,,,,กรุงเทพมหานคร,13.742892,100.472313
,,,,กรุงเทพมหานคร,13.754499,100.487616
,,,,กรุงเทพมหานคร,13.786842,100.480358
,,,,กรุงเทพมหานคร,13.720617,100.539588
,,,,กรุงเทพมหานคร,13.786147,100.518885
,,,,กรุงเทพมหานคร,13.780774,100.481027
,,,,กรุงเทพมหานคร,13.719931,100.541744
,,,,กรุงเทพมหานคร,13.724763,100.51337
,,,,กรุงเทพมหานคร,13.721301,100.47865
,,,,กรุงเทพมหานคร,13.732694,100.485084
,,,,กรุงเทพมหานคร,13.759183,100.469951
,,,,กรุงเทพมหานคร,13.748097,100.482488
,,,,กรุงเทพมหานคร,13.781436,100.468536
,,,,กรุงเทพมหานคร,13.729901,100.471711
,,,,กรุงเทพมหานคร,13.78562,100.465358
,,,,กรุงเทพมหานคร,13.790408,100.533176
,,,,กรุงเทพมหานคร,13.753804,100.468916
,,,,กรุงเทพมหานคร,13.763502,100.52735
,,,,กรุงเทพมหานคร,13.725687,100.535401
,,,,กรุงเทพมหานคร,13.750492,100.496018
,,,,กรุงเทพมหานคร,13.732083,100.496028
,,,,กรุงเทพมหานคร,13.724386,100.525604
,,,,กรุงเทพมหานคร,13.771948,100.483598
,,,,กรุงเทพมหานคร,13.775954,100.533371
,,,,กรุงเทพมหานคร,13.732156,100.473842
,,,,กรุงเทพมหานคร,13.786588,100.489892
,,,,กรุงเทพมหานคร,13.735397,100.498047
,,,,กรุงเทพมหานคร,13.737956,100.466454
,,,,กรุงเทพมหานคร,13.784739,100.532571
,,,,กรุงเทพมหานคร,13.737574,100.512727
,,,,กรุงเทพมหานคร,13.725858,100.536794
,,,,กรุงเทพมหานคร,13.787099,100.475052
,,,,กรุงเทพมหานคร,13.724206,100.462903
,,,,กรุงเทพมหานคร,13.754954,100.474977
,,,,กรุงเทพมหานคร,13.792745,100.486143
,,,,กรุงเทพมหานคร,13.763431,100.537187
,,,,กรุงเทพมหานคร,13.773676,100.478732
,,,,กรุงเทพมหานคร,13.758202,100.484512
,,,,กรุงเทพมหานคร,13.775736,100.48865
,,,,กรุงเทพมหานคร,13.777144,100.539101
,,,,กรุงเทพมหานคร,13.736783,100.494409
,,,,กรุงเทพมหานคร,13.774904,100.49522
,,,,กรุงเทพมหานคร,13.743565,100.492019
,,,,กรุงเทพมหานคร,13.730997,100.513005
,,,,กรุงเทพมหานคร,13.745988,100.465042
,,,,กรุงเทพมหานคร,13.785893,100.473689
,,,,กรุงเทพมหานคร,13.740222,100.491079
,,,,กรุงเทพมหานคร,13.785701,100.517209
,,,,กรุงเทพมหานคร,13.778481,100.536519
,,,,กรุงเทพมหานคร,13.743921,100.472537
,,,,กรุงเทพมหานคร,13.730762,100.500353
,,,,กรุงเทพมหานคร,13.795374,100.481443
,,,,กรุงเทพมหานคร,13.731144,100.539051
,,,,กรุงเทพมหานคร,13.719127,100.467126
,,,,กรุงเทพมหานคร,13.795439,100.472663
,,,,กรุงเทพมหานคร,13.731586,100.49096
,,,,กรุงเทพมหานคร,13.722282,100.513094
,,,,กรุงเทพมหานคร,13.732922,100.505647
,,,,กรุงเทพมหานคร,13.74219,100.526239
,,,,กรุงเทพมหานคร,13.720817,100.517835
,,,,กรุงเทพมหานคร,13.721763,100.470784
,,,,กรุงเทพมหานคร,13.794446,100.507544
,,,,กรุงเทพมหานคร,13.738425,100.497512
,,,,กรุงเทพมหานคร,13.737991,100.475048
,,,,กรุงเทพมหานคร,13.721818,100.506521
,,,,กรุงเทพมหานคร,13.792145,100.497284
,,,,กรุงเทพมหานคร,13.776018,100.50856
,,,,กรุงเทพมหานคร,13.774874,100.533222
,,,,กรุงเทพมหานคร,13.736263,100.540086
,,,,กรุงเทพมหานคร,13.747768,100.493825
,,,,กรุงเทพมหานคร,13.749425,100.528265
,,,,กรุงเทพมหานคร,13.721264,100.471902
,,,,กรุงเทพมหานคร,13.766303,100.470409
,,,,กรุงเทพมหานคร,13.744578,100.534667
,,,,กรุงเทพมหานคร,13.758473,100.534643
,,,,กรุงเทพมหานคร,13.727265,100.503194
,,,,กรุงเทพมหานคร,13.77142,100.511472
,,,,กรุงเทพมหานคร,13.730863,100.536572
,,,,กรุงเทพมหานคร,13.786028,100.541224
,,,,กรุงเทพมหานคร,13.735139,100.521239
,,,,กรุงเทพมหานคร,13.77174,100.510578
,,,,กรุงเทพมหานคร,13.729206,100.510359
,,,,กรุงเทพมหานคร,13.756855,100.526644
,,,,กรุงเทพมหานคร,13.776083,100.534136
,,,,กรุงเทพมหานคร,13.773803,100.48251
,,,,กรุงเทพมหานคร,13.749032,100.476647
,,,,กรุงเทพมหานคร,13.735684,100.515235
,,,,กรุงเทพมหานคร,13.758947,100.484463
,,,,กรุงเทพมหานคร,13.73403,100.498595
,,,,กรุงเทพมหานคร,13.778229,100.485099
,,,,กรุงเทพมหานคร,13.748058,100.518217
,,,,กรุงเทพมหานคร,13.748042,100.521426
,,,,กรุงเทพมหานคร,13.752615,100.529715
,,,,กรุงเทพมหานคร,13.720317,100.480527
,,,,กรุงเทพมหานคร,13.724961,100.512344
,,,,กรุงเทพมหานคร,13.736546,100.465123
,,,,กรุงเทพมหานคร,13.745833,100.509903
,,,,กรุงเทพมหานคร,13.77155,100.465555
,,,,กรุงเทพมหานคร,13.788605,100.476254
,,,,กรุงเทพมหานคร,13.791664,100.51962
,,,,กรุงเทพมหานคร,13.765602,100.538551
,,,,กรุงเทพมหานคร,13.747557,100.468758
,,,,กรุงเทพมหานคร,13.724394,100.484478
,,,,กรุงเทพมหานคร,13.730409,100.485457
,,,,กรุงเทพมหานคร,13.771516,100.464185
,,,,กรุงเทพมหานคร,13.769431,100.520551
,,,,กรุงเทพมหานคร,13.726937,100.506334
,,,,กรุงเทพมหานคร,13.779141,100.517229
,,,,กรุงเทพมหานคร,13.751104,100.49373
,,,,กรุงเทพมหานคร,13.720225,100.472526
,,,,กรุงเทพมหานคร,13.773127,100.534893
,,,,กรุงเทพมหานคร,13.71689,100.533628
,,,,กรุงเทพมหานคร,13.776645,100.465709
,,,,กรุงเทพมหานคร,13.721354,100.513174
,,,,กรุงเทพมหานคร,13.765103,100.483718
,,,,กรุงเทพมหานคร,13.781417,100.538121
,,,,กรุงเทพมหานคร,13.72647,100.529746
,,,,กรุงเทพมหานคร,13.724315,100.497342
,,,,กรุงเทพมหานคร,13.737058,100.496362
,,,,กรุงเทพมหานคร,13.792751,100.484165
,,,,กรุงเทพมหานคร,13.786479,100.468224
,,,,กรุงเทพมหานคร,13.781916,100.484132
,,,,กรุงเทพมหานคร,13.785104,100.46536
,,,,กรุงเทพมหานคร,13.717576,100.485733
,,,,กรุงเทพมหานคร,13.794952,100.499
,,,,กรุงเทพมหานคร,13.745013,100.49858
,,,,กรุงเทพมหานคร,13.745613,100.52551
,,,,กรุงเทพมหานคร,13.789506,100.519746
,,,,กรุงเทพมหานคร,13.719347,100.50124
,,,,กรุงเทพมหานคร,13.772903,100.49601
,,,,กรุงเทพมหานคร,13.789175,100.511419
,,,,กรุงเทพมหานคร,13.783999,100.476524
,,,,กรุงเทพมหานคร,13.768437,100.470844
,,,,กรุงเทพมหานคร,13.726849,100.479172
,,,,กรุงเทพมหานคร,13.738297,100.537382
,,,,กรุงเทพมหานคร,13.760319,100.499297
,,,,กรุงเทพมหานคร,13.732776,100.484046
,,,,กรุงเทพมหานคร,13.790002,100.508954
,,,,กรุงเทพมหานคร,13.752516,100.484076
,,,,กรุงเทพมหานคร,13.73464,100.527986
,,,,กรุงเทพมหานคร,13.779035,100.474139
,,,,กรุงเทพมหานคร,13.781841,100.510573
,,,,กรุงเทพมหานคร,13.729404,100.538089
,,,,กรุงเทพมหานคร,13.73075,100.531924
,,,,กรุงเทพมหานคร,13.771818,100.48802
,,,,กรุงเทพมหานคร,13.748399,100.505792
,,,,กรุงเทพมหานคร,13.721122,100.501934
,,,,กรุงเทพมหานคร,13.760881,100.509239
,,,,กรุงเทพมหานคร,13.788053,100.4905
,,,,กรุงเทพมหานคร,13.730969,100.518237
,,,,กรุงเทพมหานคร,13.790182,100.509624
,,,,กรุงเทพมหานคร,13.765246,100.471259
,,,,กรุงเทพมหานคร,13.737426,100.486845
,,,,กรุงเทพมหานคร,13.75306,100.506131
,,,,กรุงเทพมหานคร,13.743646,100.472339
,,,,กรุงเทพมหานคร,13.793534,100.520604
,,,,กรุงเทพมหานคร,13.721464,100.505242
,,,,กรุงเทพมหานคร,13.722567,100.461909
,,,,กรุงเทพมหานคร,13.783481,100.530047
,,,,กรุงเทพมหานคร,13.774541,100.514506
,,,,กรุงเทพมหานคร,13.734856,100.488411
,,,,กรุงเทพมหานคร,13.762134,100.517752
,,,,กรุงเทพมหานคร,13.764433,100.485591
,,,,กรุงเทพมหานคร,13.780426,100.51283
,,,,กรุงเทพมหานคร,13.740845,100.488202
,,,,กรุงเทพมหานคร,13.785855,100.50168
,,,,กรุงเทพมหานคร,13.765928,100.473177
,,,,กรุงเทพมหานคร,13.792136,100.540073
,,,,กรุงเทพมหานคร,13.783369,100.538102
,,,,กรุงเทพมหานคร,13.733562,100.507925
,,,,กรุงเทพมหานคร,13.775033,100.494094
,,,,กรุงเทพมหานคร,13.754529,100.524615
,,,,กรุงเทพมหานคร,13.741963,100.522733
,,,,กรุงเทพมหานคร,13.793724,100.522263
,,,,กรุงเทพมหานคร,13.763583,100.524671
,,,,กรุงเทพมหานคร,13.732884,100.490638
,,,,กรุงเทพมหานคร,13.744348,100.462798
,,,,กรุงเทพมหานคร,13.793942,100.500971
,,,,กรุงเทพมหานคร,13.757234,100.47707
,,,,กรุงเทพมหานคร,13.722753,100.538677
,,,,กรุงเทพมหานคร,13.718596,100.472713
,,,,กรุงเทพมหานคร,13.776106,100.475768
,,,,กรุงเทพมหานคร,13.747747,100.470611
,,,,กรุงเทพมหานคร,13.763847,100.528823
,,,,กรุงเทพมหานคร,13.779408,100.489869
,,,,กรุงเทพมหานคร,13.746922,100.522863
,,,,กรุงเทพมหานคร,13.738744,100.477195
,,,,กรุงเทพมหานคร,13.781587,100.522776
,,,,กรุงเทพมหานคร,13.728162,100.52622
,,,,กรุงเทพมหานคร,13.721279,100.506571
,,,,กรุงเทพมหานคร,13.731477,100.541692
,,,,กรุงเทพมหานคร,13.744063,100.532666
,,,,กรุงเทพมหานคร,13.761176,100.466453
,,,,กรุงเทพมหานคร,13.787818,100.462702
,,,,กรุงเทพมหานคร,13.771564,100.478889
,,,,กรุงเทพมหานคร,13.746126,100.518617
,,,,กรุงเทพมหานคร,13.776082,100.486933
,,,,กรุงเทพมหานคร,13.748922,100.485135
,,,,กรุงเทพมหานคร,13.7741,100.530219
,,,,กรุงเทพมหานคร,13.754215,100.470207
,,,,กรุงเทพมหานคร,13.754711,100.491894
,,,,กรุงเทพมหานคร,13.788508,100.52088
,,,,กรุงเทพมหานคร,13.746881,100.49703
,,,,กรุงเทพมหานคร,13.783928,100.504103
,,,,กรุงเทพมหานคร,13.749511,100.507455
,,,,กรุงเทพมหานคร,13.753512,100.487684
,,,,กรุงเทพมหานคร,13.743399,100.484964
,,,,กรุงเทพมหานคร,13.794828,100.468073
,,,,กรุงเทพมหานคร,13.770696,100.500171
,,,,กรุงเทพมหานคร,13.740245,100.473277
,,,,กรุงเทพมหานคร,13.724878,100.510798
,,,,กรุงเทพมหานคร,13.717599,100.465031
,,,,กรุงเทพมหานคร,13.734096,100.501648
,,,,กรุงเทพมหานคร,13.763225,100.531939
,,,,กรุงเทพมหานคร,13.755684,100.505226
,,,,กรุงเทพมหานคร,13.726453,100.540491