NO.,COMPANYCODE,COMPANYNAME,PROVINCEID,ZIPCODE,PROVINCENAME
1,12013,ธนาคารเพื่อการเกษตรและสหกรณ์การเกษตร สาขาปัตตานี,94,94000,ปัตตานี
2,12012,บริษัท เค-เอเป็กซ์ (ประเทศไทย) จำกัด,10,10500,กรุงเทพมหานคร
3,12011,ศูนย์วิทยาศาสตร์การแพทย์ที่ 11 สุราษฎร์ธานี,84,84100,สุราษฎร์ธานี
4,12010,ด่านศุลกากรเกาะสมุย,84,84140,สุราษฎร์ธานี
5,12009,"Department of Applied Chemistry, The Univerisity of Osaka",116,,ญี่ปุ่น
6,12008,"Department of Safety Health and Environmental Engineering, National Kaohsiung University of Science and Technology (NKUST)",111,,ไต้หวัน
7,12007,สาขาวิชาวิศวกรรมคอมพิวเตอร์และปัญญาประดิษฐ์ สำนักวิชาวิศวกรรมศาสตร์ มหาวิทยาลัยวลัยลักษณ์,80,80161,นครศรีธรรมราช
8,12006,Institut Teknologi dan Pendidikan Markandeya Bali  (ITP Markandeya Bali),104,,อินโดนีเซีย
9,12005,บริษัท เอสพีซี คอสเมติก จำกัด,11,10540,สมุทรปราการ
10,12004,บริษัท เวิลด์เมดิก อินฟอร์เมชั่น แอนด์ เทคโนโลยี จำกัด,10,10230,กรุงเทพมหานคร
11,12003,บริษัท วอนเดอร์เกม จำกัด,10,10500,กรุงเทพมหานคร
12,12002,ร้านเสน่ห์จันทน์,10,10330,กรุงเทพมหานคร
13,12001,ร้านศรณ์ (Sorn),10,10110,กรุงเทพมหานคร
14,12000,บริษัท เอ็กซ์ตรีมไอทีโปรดักชั่น จำกัด,13,12150,ปทุมธานี
15,11999,โรงเรียนอนุบาลยะลา จังหวัดยะลา,95,95000,ยะลา
16,11998,สถาบันบัณฑิตนานาชาติมหาวิทยาลัยชิงหัว นครเซินเจิ้น,103,518055,จีน
17,11997,บริษัท สวนยางงานทวี จำกัด,83,83000,ภูเก็ต
18,11996,บริษัท แอมป์เวิร์ส ดิจิทัล จำกัด,10,,กรุงเทพมหานคร
19,11995,โรงเรียนบ้านแม่ที,90,90260,สงขลา
20,11994,โรงเรียนเทศบาล 5 (บ้านตลาดเก่า),95,95000,ยะลา
21,11993,โรงเรียนบ้านสุไหงโก-ลก,96,96120,นราธิวาส
22,11992,Universiti Pendidikan Sultan Idris (UPSI),107,35900,มาเลเซีย
23,11991,บริษัท สตูดิโอ ไฮฟ์ จำกัด,10,10320,กรุงเทพมหานคร
24,11990,"Independent Artist Management Co., Ltd.",10,10900,กรุงเทพมหานคร
25,11989,บริษัท เด็นโซ่ (ประเทศไทย) จำกัด สาขาบางประกง นิคมอมตะชลบุรี,20,20160,ชลบุรี
26,11988,องค์การบริหารส่วนตำบลหนองทะเล,81,81180,กระบี่
27,11987,กองยุทธศาสตร์และงบประมาณ เทศบาลตำบลตะบุลัน,94,94110,ปัตตานี
28,11986,บริษัท ดีซี คอนสทรัคชั่น จำกัด,84,84140,สุราษฎร์ธานี
29,11985,บริษัท โดรนอาคาเดมิค (ไทยแลนด์) จำกัด,12,11120,นนทบุรี
30,11984,บริษัท นครทนายความและบัญชี จำกัด,80,80000,นครศรีธรรมราช
31,11983,ห้างหุ้นส่วนจำกัดรุ่งอรุณ 2528,84,84330,สุราษฎร์ธานี
32,11982,บริษัท ดับเบิ้ล เอส โปรดักชั่น จำกัด,10,10220,กรุงเทพมหานคร
33,11981,บริษัท โอดี อินโนวาคอสเม็ก จำกัด,13,12170,ปทุมธานี
34,11980,บริษัท แกรนด์ อินเตอร์เซก จำกัด,11,10270,สมุทรปราการ
35,11979,บริษัท สไปร์ซซีดิสก์ จำกัด,10,10330,กรุงเทพมหานคร
36,11978,สำนักงานเทศบาลตำบลทุ่งตะไคร,86,86220,ชุมพร
37,11977,บริษัท แฮมแฮงค์ จำกัด,10,10230,กรุงเทพมหานคร
38,11976,บริษัท สไมล์ ไมเกรน จำกัด,50,50200,เชียงใหม่
39,11975,บริษัท พิกเซล่า ออฟฟิเชียล จำกัด,10,10400,กรุงเทพมหานคร
40,11974,Denso Crafting the Core สาขาที่ 4 สวนอุตสาหกรรมโรจนะ จังหวัดระยอง,21,21120,ระยอง
41,11973,Denso Crafting the Core สาขาที่ 3 สำโรง จังหวัดสมุทรปราการ,11,,สมุทรปราการ
42,11972,Denso Crafting the Core สาขาที่ 2 จังหวัดฉะเชิงเทรา,24,24180,ฉะเชิงเทรา
43,11971,Denso Crafting the Core สาขาที่ 1 นิคมอุตสาหกรรมอมตะ ซิตี้ ชลบุรี ,20,20160,ชลบุรี
44,11970,สตูดิโอ วิชวล แอสเซมบลี,10,10400,กรุงเทพมหานคร
45,11969,เทศบาลตำบลเทพกระษัตรี,83,83110,ภูเก็ต
46,11968,องค์การบริหารส่วนตำบลสระแก้ว,80,80160,นครศรีธรรมราช
47,11967,สำนักงานยุติธรรมจังหวัดเพชรบุรี กระทรวงยุติธรรม,76,16130,เพชรบุรี
48,11966,บริษัท มัสคีเทียร์ อีเว้นท์ จำกัด,10,10310,กรุงเทพมหานคร
49,11965,บริษัท สคูลดิโอ จำกัด,10,10330,กรุงเทพมหานคร
50,11964,"Kyouei Co., Ltd.",10,10310,กรุงเทพมหานคร
51,11963,MP Print Hatyai,90,90110,สงขลา
52,11962,บริษัท สวัสดี เวนเจอร์ส จำกัด,10,10210,กรุงเทพมหานคร
53,11961,ศูนย์เทคโนโลยีสารสนเทศและการสื่อสาร สำนักงานปลัดกระทรวงศึกษาธิการ,10,10300,กรุงเทพมหานคร
54,11960,บริษัท ยูนิกซ์เดฟ จำกัด,10,10400,กรุงเทพมหานคร
55,11959,บริษัท เอส เอส เอส แอนด์ พี เอ็นจิเนียริ่ง ซัพพลาย จำกัด (สำนักงานภูเก็ต),83,83110,ภูเก็ต
56,11958,บริษัท มูน คะตะลิสต์ จำกัด,50,,เชียงใหม่
57,11957,บริษัท อลิสสา โกลบอล จำกัด,10,10900,กรุงเทพมหานคร
58,11956,บริษัท เมตา มอนสเตอร์ จำกัด,10,10170,กรุงเทพมหานคร
59,11955,Musika Architect and Design,80,80330,นครศรีธรรมราช
60,11954,สำนักงานทรัพยากรทางทะเลและชายฝั่งที่ 1,21,21000,ระยอง
61,11953,Stage Fine The Real U,10,10240,กรุงเทพมหานคร
62,11952,บริษัท วี.ไลน์ซัพพลาย แอนด์ เซอร์วิส จำกัด,84,84330,สุราษฎร์ธานี
63,11951,แขวงทางหลวงนครศรีธรรมราชที่ 1,80,80000,นครศรีธรรมราช
64,11950,บริษัท ซันโกร ดีเวลลอปเปอร์ส (ประเทศไทย) จํากัด,20,20230,ชลบุรี
65,11949,สำนักงานที่ดินจังหวัดสตูล สาขาละงู,91,91110,สตูล
66,11948,สถานีตำรวจภูธรโคกขาม,74,74000,สมุทรสาคร
67,11947,โรงเรียนหาดใหญ่วิทยาลัยสมบูรณ์กุลกันยา,90,90110,สงขลา
68,11946,บริษัท อนิเมติกซ์ จำกัด,12,11000,นนทบุรี
69,11945,ที่ว่าการอำเภอป่าพะยอม,93,93210,พัทลุง
70,11944,สำนักงานวิทยทรัพยากร หอสมุดกลาง จุฬาลงกรณ์มหาวิทยาลัย,10,10330,กรุงเทพมหานคร
71,11943,สำนักกฎหมายธรรมสถิตเลิศ,90,90110,สงขลา
72,11942,บริษัท จัมโบ้ จั๊มพส์ จำกัด,10,,กรุงเทพมหานคร
73,11941,บริษัท แคทเธอร์พิลล่า (ประเทศไทย) จำกัด,21,21120,ระยอง
74,11940,บริษัท อาร์มสตรอง เทคโนโลยี จำกัด ,10,10220,กรุงเทพมหานคร
75,11939,KASIKORN Business-Technology Group,12,11120,นนทบุรี
76,11938,สำนักวิชาการบัญชีและการเงิน มหาวิทยาลัยวลัยลักษณ์,80,80161,นครศรีธรรมราช
77,11937,บริษัท เคพี คอมมิค สตูดิโอ จำกัด,10,10330,กรุงเทพมหานคร
78,11936,ไพโรจน์ ลอว์,90,90110,สงขลา
79,11935,บริษัท ภูมิใจนิเวศน์ จำกัด,11,10290,สมุทรปราการ
80,11934,บริษัท พิทักษ์ปาล์มออยส์ จำกัด,92,92150,ตรัง
81,11933,บริษัท โปรเกรส เอ็นจิเนียริ่ง คอนสตรัคชั่น จำกัด,13,12120,ปทุมธานี
82,11932,บริษัท ธนูเทพวิศวกรรม จำกัด,83,83110,ภูเก็ต
83,11931,บริษัท เวลดี คอนสตรัคชั่น จำกัด,83,83110,ภูเก็ต
84,11930,บริษัท พีเจ ปาล์มออยส์ จำกัด,85,85110,ระนอง
85,11929,เทศบาบตำบลขุนทะเล จังหวัดสุราษฎร์ธานี,84,84100,สุราษฎร์ธานี
86,11928,สถาบันสอนเทควันโด ฮับกิโด OYP Olympic,12,11120,นนทบุรี
87,11927,ที่ทำการปกครองอำเภอเมืองปัตตานี,94,94000,ปัตตานี
88,11926,บริษัท สติวเดนท์ เฟิร์ส จำกัด,90,90110,สงขลา
89,11925,โครงการศูนย์วิจัยวิทยาศาสตร์แห่งอนามคต สำนักวิชาวิทยาศาสตร์ มหาวิทยาลัยวลัยลักษณ์,80,80161,นครศรีธรรมราช
90,11924,"โรงงานผลิตครีม Pariyawit Laboratory Co., Ltd, (Thailand)",10,10210,กรุงเทพมหานคร
91,11923,บริษัท วิกโนลด์ ภูเก็ต จำกัด ,83,83000,ภูเก็ต
92,11922,บริษัท แพชชั่น อีเลฟเว่น จำกัด Villarreal Thailand Academy,10,,กรุงเทพมหานคร
93,11921,สโมสรฟุตบอล Samui United,84,84140,สุราษฎร์ธานี
94,11920,MyGym Phisanulok มายยิม พิษณุโลก,65,65000,พิษณุโลก
95,11919,บริษัท บีไอไอซี จำกัด (สำนักงานใหญ่),10,10800,กรุงเทพมหานคร
96,11918,มูลนิธิเพื่อสิทธิมนุษยชนและการพัฒนา,10,10310,กรุงเทพมหานคร
97,11917,ศรีวิชัยทนายความและการบัญชี,84,84000,สุราษฎร์ธานี
98,11916,บริษัท เวก้าเนเจอรัล จำกัด,11,10280,สมุทรปราการ
99,11915,บริษัท อั๊คโซ่ โนเบล เพ้นท์ส (ประเทศไทย) จำกัด สาขาชลบุรี,20,20110,ชลบุรี
100,11914,บริษัท โจ๊กเกอร์ จำกัด,11,10540,สมุทรปราการ
101,11913,ยูนิเวอร์ซัล มิวสิค ประเทศไทย จำกัด,10,10500,กรุงเทพมหานคร
102,11912,คิว เฮาท์ สตูดิโอ,84,84000,สุราษฎร์ธานี
103,11911,บริษัท มูฟฟ์ มีเดีย กรุ๊ป จำกัด,10,10120,กรุงเทพมหานคร
104,11910,บริษัท แอล แอนด์ เอช รีเทล แมเนจเมนท์ จำกัด (Terminal 21 Asok),10,10110,กรุงเทพมหานคร
105,11909,กรมพัฒนาสังคมและสวัสดิการ กระทรวงการพัฒนาสังคมและความมั่นคงของมนุษย์,10,10100,กรุงเทพมหานคร
106,11908,แอมเนสตี้ อินเตอร์เนชั่นแนล ประเทศไทย,10,10900,กรุงเทพมหานคร
107,11907,สำนักจัดหางานกรุงเทพมหานครพื้นที่ 3,10,10260,กรุงเทพมหานคร
108,11906,มูลนิธิเครือข่ายส่งเสริมคุณภาพชีวิตแรงงาน จังหวัดปทุมธานี,13,12140,ปทุมธานี
109,11905,สถานีตำรวจภูธรสิชล,80,80120,นครศรีธรรมราช
110,11904,สหกรณ์การเกษตรละงู จำกัด,91,91110,สตูล
111,11903,บริษัท วี บียอนด์ ดีเวลลอปเม้นท์ จำกัด (มหาชน),10,10120,กรุงเทพมหานคร
112,11902,สำนักทนายความ สำเริง รัตนพันธุ์ ,80,80110,นครศรีธรรมราช
113,11901,สำนักกฎหมายธีรธรรมทนายความ,80,80000,นครศรีธรรมราช
114,11900,สำนักอำนวยการประจำศาลจังหวัดสตูล,91,91000,สตูล
115,11899,สำนักงานกฎหมายผดุงเกียรติทนายความ,82,82110,พังงา
116,11898,ศาลอาญาคดีทุจริตและประพฤติชอบ ภาค 8,80,80000,นครศรีธรรมราช
117,11897,สำนักงานทนายความ ญ.ตุลยา,84,84000,สุราษฎร์ธานี
118,11896,ที่ว่าการอำเภอทุ่งใหญ่,80,80240,นครศรีธรรมราช
119,11895,บริษัท วีคอมมิคส์ จำกัด,10,10250,กรุงเทพมหานคร
120,11894,Oceanic Sport Hotel,83,83000,ภูเก็ต
121,11893,ทัศนาการ์เด้น ชลบุรี,20,20130,ชลบุรี
122,11892,Hoop Club Thailand,10,10170,กรุงเทพมหานคร
123,11891,Banvas Academy Basketball Club,10,10250,กรุงเทพมหานคร
124,11890,Star Pilates Bangkok - Yoka Fly and Pilates โยคะฟลาย พิลาทิส กรุงเทพ,10,10500,กรุงเทพมหานคร
125,11889,บริษัท สรรพสินค้าเซ็นทรัล จำกัด สาขาพระราม 9,10,10310,กรุงเทพมหานคร
126,11888,Ponsana Badminton Academy,10,10220,กรุงเทพมหานคร
127,11887,The Behind Sport Massage สาขาเกษตร-นวมินทร์,10,10230,กรุงเทพมหานคร
128,11886,ศูนย์ฝึกกีฬาแห่งชาติ มวลเหล็ก,19,18180,สระบุรี
129,11885,Soulfit Pilates,10,10310,กรุงเทพมหานคร
130,11884,สโมสารฟุตบอล Futera United,10,10310,กรุงเทพมหานคร
131,11883,Jetts 24 Hour Fitness สาขา SJ Infinite จตุจักร,10,10900,กรุงเทพมหานคร
132,11882,R-Mar Resort and Spa Patong Phuket,83,83150,ภูเก็ต
133,11881,ศาลจังหวัดนราธิวาส,96,96000,นราธิวาส
134,11880,สำนักงานกฎหมายฉัตรไชย สองเมือง,91,91000,สตูล
135,11879,สำนักงานกฎหมายเซ็นเตอร์ลอว์ เกาะสมุย,84,84140,สุราษฎร์ธานี
136,11878,สำนักงานกฎหมายนรินทร์กิจ,10,10240,กรุงเทพมหานคร
137,11877,สำนักงาน นครนิติธรรม ทนายความ,80,80000,นครศรีธรรมราช
138,11876,สถานีตำรวจภูธรปากพะยูน,93,93120,พัทลุง
139,11875,เทศบาลเมืองท่าศาลา,80,80160,นครศรีธรรมราช
140,11874,เทศบาลเมืองท่าขึ้น,80,80160,นครศรีธรรมราช
141,11873,"White Sand Beach Resort, Koh Samui",84,84310,สุราษฎร์ธานี
142,11872,บริษัท อีเอ ไบโอ อินโนเวชั่น จำกัด,21,21150,ระยอง
143,11871,สำนักงานคลังจังหวัดนราธิวาส,96,96000,นราธิวาส
144,11870,เทศบาลตำบลวัดประดู่,84,84000,สุราษฎร์ธานี
145,11869,โรงแรม โฮม สวีท ลากูน่า ภูเก็ต,83,83110,ภูเก็ต
146,11868,โรงแรม ไฮแอท รีเจนซี่ ภูเก็ต รีสอร์ท,83,83150,ภูเก็ต
147,11867,โรงแรม ศาลา ภูเก็ต ไม้ขาว บีช รีสอร์ท,83,83110,ภูเก็ต
148,11866,โรงแรม อมารี โวค กระบี่,81,81180,กระบี่
149,11865,บริษัท ตรี พิณ ธีร์ มหานทีปฐพี จำกัด ,50,50200,เชียงใหม่
150,11864,บริษัท นายน์ ดีกรี สตูดิโอ จำกัด ,83,83000,ภูเก็ต
151,11863,บริษัท ทีโมทีฟ สตูดิโอ จำกัด,10,10900,กรุงเทพมหานคร
152,11862,เอ็นเอช คอลเลคชั่น สมุย พีซ รีสอร์ท,84,,สุราษฎร์ธานี
153,11861,Wyndham Grand Bangsar Kuala Lumpur,107,58200,มาเลเซีย
154,11860,โรงแรม โอโซ่ ภูเก็ต,83,83100,ภูเก็ต
155,11859,โรงแรม แกรนด์ เมอร์เคียว กระบี่ อ่าวนาง,81,81180,กระบี่
156,11858,Veranda Resort Phuket - Autograph Collection,83,,ภูเก็ต
157,11857,"University of Santo Tomas, Faculty of Arts and Letters",125,1008,ฟิลิปปินส์
158,11856,"De La Salle University, Department of Literature, College of Liberal Arts",125,1004,ฟิลิปปินส์
159,11855,เครือโรงพยาบาลพญาไท-เปาโล ฝ่ายวิเคราะห์ระบบงาน,10,10400,กรุงเทพมหานคร
160,11854,บริษัท มายดีไซน์ แอสโซสิเอต จำกัด,12,11000,นนทบุรี
161,11853,ทีมวิจัยความหลากหลายและการใช้ประโยชน์จุลินทรีย์ ศูนย์ชีววัสดุประเทศไทย,13,12120,ปทุมธานี
162,11852,คาเฟ่ เดล มาร์ ภูเก็ต,83,83150,ภูเก็ต
163,11851,บริษัท เอสทีพี แอนด์ ไอ จำกัด (มหาชน),10,10110,กรุงเทพมหานคร
164,11850,สำนักงานสาธารณสุขจังหวัดพังงา,82,82000,พังงา
165,11849,"University of Antwerp, Department of Biomedical Sciences",142,,เบลเยียม 
166,11848,Tsinghua Shenzhen International Graduate School,103,,จีน
167,11847,บริษัท นรากร สตูดิโอ จำกัด,76,76000,เพชรบุรี
168,11846,บริษัท ศาฬาศิลป์ ดีเวลลอปเมนท์ จำกัด,10,10220,กรุงเทพมหานคร
169,11845,หลักสูตรวิศวกรรมไฟฟ้า สำนักวิชาวิศวกรรมศาสตร์และเทคโนโลยี มหาวิทยาลัยวลัยลักษณ์,80,80161,นครศรีธรรมราช
170,11844,บริษัท เดอะบิสซิเนส เอสอีโอ จำกัด (สำนักงานใหญ่),10,10250,กรุงเทพมหานคร
171,11843,บริษัท เอสวายเอ็ม เทคโนโลยี จำกัด (สำนักงานใหญ่),10,10230,กรุงเทพมหานคร
172,11842,หลักสูตรบริหารธุรกิจบัณฑิต สาขาการจัดการธุรกิจและการเงินยุคดิจิทัล สำนักวิชาการบัญชีและการเงิน มหาวิทยาลัยวลัยลักษณ์,80,80161,นครศรีธรรมราช
173,11841,โรงพยาบาลธนบุรีชุมพร,86,86000,ชุมพร
174,11840,บริษัท อิปัน จำกัด,81,81000,กระบี่
175,11839,บริษัท ฟาสท์บูล เทรดเดอร์ จำกัด,10,10250,กรุงเทพมหานคร
176,11838,ธนาคารพัฒนาวิสาหกิจขนาดกลางและขนาดย่อมแห่งประเทศไทย สาขาทุ่งสง,80,80110,นครศรีธรรมราช
177,11837,ที่ทำการไปรษณีย์จังหวัดกระบี่,81,81000,กระบี่
178,11836,บริษัท ซีพี แอ็กซ์ตร้า จำกัด (มหาชน) สาขาภูเก็ต,83,83000,ภูเก็ต
179,11835,บริษัท ทีทีเจปริ๊นติ้ง จำกัด,80,80160,นครศรีธรรมราช
180,11834,องค์การบริหารส่วนตำบลฉลอง,80,80120,นครศรีธรรมราช
181,11833,องค์การบริหารส่วนตำบลเปลี่ยน,80,80120,นครศรีธรรมราช
182,11832,บริษัท ดี แอพเมคเกอร์ จำกัด,10,10120,กรุงเทพมหานคร
183,11831,ศูนย์พิสูจน์หลักฐาน 9 (กลุ่มงานตรวจชีวิทยาและดีเอ็นเอ มหาวิทยาลัยสงขลานครินทร์),90,90110,สงขลา
184,11830,บียาเรอัล ไทยแลนด์ อคาเดมี่,10,10900,กรุงเทพมหานคร
185,11829,โรงแรม แอนดาซ วันแบงค็อก,10,10330,กรุงเทพมหานคร
186,11828,โรงแรมอีลิท สวีท ป่าตอง,83,83150,ภูเก็ต
187,11827,โรงแรม เจดับบลิว แมริออท ภูเก็ต ฉลอง เบย์ รีสอร์ท แอนด์ สปา,83,83000,ภูเก็ต
188,11826,บริษัท เอส ซี แมนเนจเมนท์ จำกัด สาขาท่าเรือ จังหวัดสงขลา,90,90280,สงขลา
189,11825,ศูนย์ขยายพันธุ์พืชที่ 4 จังหวัดนครศรีธรรมราช,80,80220,นครศรีธรรมราช
190,11824,เทศบาลตำบลบางนายสี,82,82110,พังงา
191,11823,บริษัท เอสพีซี อินเตอร์พรินท์ จำกัด,20,20000,ชลบุรี
192,11822,บริษัท เนเจอรัลบีช (ท่าศาลา) จำกัด,80,80160,นครศรีธรรมราช
193,11821,"LightBlue Environmental Consulting Co., Ltd.",10,10120,กรุงเทพมหานคร
194,11820,โรงเรียนวัดน้ำตก,80,80160,นครศรีธรรมราช
195,11819,โรงเรียนทุ่งใหญ่เฉลิมราชอนุสรณ์ รัชมังคลาภิเษก,80,80240,นครศรีธรรมราช
196,11818,"Arun Thai Cooking Co., Ltd.",10,10600,กรุงเทพมหานคร
197,11817,บริษัท พีทีที โกลบอล เคมิคอล จำกัด (มหาชน) Laboratory Service Center สาขา 9 จังหวัดระยอง,21,21150,ระยอง
198,11816,บริษัท ชารีอะห์ เอคเซอเลินซ์ จำกัด,90,90110,สงขลา
199,11815,ศูนย์ส่งเสริมและพัฒนานักศึกษา มหาวิทยาลัยวลัยลักษณ์,80,80160,นครศรีธรรมราช
200,11814,บริษัท โทรคมนาคมแห่งชาติ จำกัด (มหาชน) จังหวัดภูเก็ต,83,83130,ภูเก็ต
201,11813,สำนักวิชาสาธารณสุขศาสตร์ มหาวิทยาลัยวลัยลักษณ์,80,80161,นครศรีธรรมราช
202,11812,"Universitas 17 Agustus 1945 Surabaya (UNTAG SURABAYA), Public Relations Division",104,,อินโดนีเซีย
203,11811,บริษัท แมจิค แอทแทร็คชั่น จำกัด (พิพิธภัณฑ์มายากลหาดใหญ่),90,90110,สงขลา
204,11810,บริษัท เอทีเอ็ม โฮลดิ้ง จำกัด สาขาสงขลา,90,90000,สงขลา
205,11809,"College of Computing, Informatics and Mathematics, Universiti Teknologi MARA",107,,มาเลเซีย
206,11808,โรงพยาบาลหัวหิน,77,77110,ประจวบคีรีขันธ์
207,11807,โรงพยาบาลเกษมราษฎร์ ประชาชื่น,10,10800,กรุงเทพมหานคร
208,11806,โครงการการผลิตไก่ลิกอร์ครบวงจรเพื่อเพิ่มความมั่นคงทางอาชีพ สำนักวิชาเทคโนโลยีการเกษตรและอุตสาหกรรมอาหาร มหาวิทยาลัยวลัยลักษณ์,80,80160,นครศรีธรรมราช
209,11805,บริษัท พีเอชทีเอเอ ลีฟวิ่ง ดีไซน์ จำกัด,10,10400,กรุงเทพมหานคร
210,11804,บริษัท มิตรแท้ออโตเซลล์ จำกัด,84,84130,สุราษฎร์ธานี
211,11803,บริษัท เสี่ยวหยวนหยวน อินเตอร์เนชั่นแนล เทรดดิ้ง จำกัด,10,10260,กรุงเทพมหานคร
212,11802,เทศบาลตำบลขุนทะเล จังหวัดนครศรีธรรมราช,80,80230,นครศรีธรรมราช
213,11801,สำนักงานโยธาธิการและผังเมืองจังหวัดพัทลุง,93,93000,พัทลุง
214,11800,บริษัท 14 กรุ๊ป จำกัด,83,83000,ภูเก็ต
215,11799,บริษัท โมดิฟายโฮม จำกัด,81,81000,กระบี่
216,11798,บริษัท บีอาร์ค ประเทศไทย จำกัด,20,20150,ชลบุรี
217,11797,ภาควิชาเภสัชวิทยา คณะวิทยาศาสตร์ มหาวิทยาลัยมหิดล,10,10400,กรุงเทพมหานคร
218,11796,บริษัท อัญญา-1905 จำกัด (ร้านอัญญา ออเทนติกไทยคุยซีน),10,10200,กรุงเทพมหานคร
219,11795,สำนักงานทางหลวงชนบทที่ 13 (ฉะเชิงเทรา),24,24190,ฉะเชิงเทรา
220,11794,บริษัท สตูดิโอ เอ็มทีอาร์เอ็กซ์ จำกัด,10,10240,กรุงเทพมหานคร
221,11793,บริษัท ยูไนเต็ด ออฟชอร์ เอวิเอชั่น จำกัด,90,90000,สงขลา
222,11792,สมาคมกีฬาแห่งจังหวัดสุราษฎร์ธานี,84,84000,สุราษฎร์ธานี
223,11791,โรงเรียนสาธิตกระบี่,81,81000,กระบี่
224,11790,โรงแรมราชธานี สุราษฎร์ธานี,84,84000,สุราษฎร์ธานี
225,11789,โรงเรียนเมืองหลังสวน,86,86110,ชุมพร
226,11788,โรงเรียนน้ำผุด,92,92000,ตรัง
227,11787,ที่ทำการไปรษณีย์ลำดวน,32,32220,สุรินทร์
228,11786,"Sichuan Xinte Agriculture and Animal Husbandry Technology Co., Ltd.",103,,จีน
229,11785,"Issa Compass (Issa Systems Co.,Ltd.)",10,10110,กรุงเทพมหานคร
230,11784,Faculty of Business and Communication Universiti Malaysia Perlis,107,02600,มาเลเซีย
231,11783,Shih Chien University (USC),111,,ไต้หวัน
232,11782,บริษัท เอเวอร์ริช (ไทยแลนด์) จำกัด,20,20110,ชลบุรี
233,11781,ภาควิชาฟิสิกส์ คณะวิทยาศาสตร์ มหาวิทยาลัยเกษตรศาสตร์,10,10900,กรุงเทพมหานคร
234,11780,ภาควิชาฟิสิกส์ คณะวิทยาศาสตร์ มหาวิทยาลัยขอนแก่น,40,40002,ขอนแก่น
235,11779,ห้องปฏิบัติการฟิสิกส์วัสดุและนาโนเทคโนโลยี มหาวิทยาลัยสงขลานครินทร์,90,90110,สงขลา
236,11778,ภาควิชาเคมี คณะวิทยาศาตร์ มหาวิทยาลัยเชียงใหม่,50,50200,เชียงใหม่
237,11777,ภาควิชาวิศวกรรมและเทคโนโลยีเคมีชีวภาพ (ฺBCET) สถาบันเทคโนโลยีนานาชาติสิริธร (SIIT),13,12120,ปทุมธานี
238,11776,บริษัท วอท เดอะ ดัก จำกัด,10,10400,กรุงเทพมหานคร
239,11775,"Sichuan Xinte Animal Husbandry Technology Co., Ltd.",103,,จีน
240,11774,บริษัท ผลิตภัณฑ์และวัตถุก่อสร้าง จำกัด,10,10800,กรุงเทพมหานคร
241,11773,S2M Group,10,10110,กรุงเทพมหานคร
242,11772,บริษัท ระยองวิศวกรรมและซ่อมบำรุง จำกัด,10,10800,กรุงเทพมหานคร
243,11771,โรงเรียนวัดสว่างมนัส,86,86510,ชุมพร
244,11770,โรงเรียนสาธิตนากาวา และโรงเรียนยานากาวา ประเทศญี่ปุ่น,80,80000,นครศรีธรรมราช
245,11769,บริษัท ไทยนิตโชอิ จำกัด,11,10540,สมุทรปราการ
246,11768,บริษัท สเก็ตเชอร์ส (ไทยแลนด์) จำกัด,10,10120,กรุงเทพมหานคร
247,11767,บริษัท พี.อาร์.ซี. เทรดดิ้ง จำกัด,11,10560,สมุทรปราการ
248,11766,อาเธอร์ ภูเก็ต,83,83000,ภูเก็ต
249,11765,บริษัท แฮค แล็บ จำกัด,10,10260,กรุงเทพมหานคร
250,11764,ภาควิชาชีววิทยา คณะวิทยาศาสตร์ มหาวิทยาลัยเชียงใหม่,50,50200,เชียงใหม่
251,11763,บริษัท วิคตอรี ไจแอนท์ เทคโนโลยี (ประเทศไทย) จำกัด,14,13160,พระนครศรีอยุธยา
252,11762,โรงพยาบาลพิษณุเวช อุตรดิตถ์,53,53000,อุตรดิตถ์
253,11761,โรงพยาบาลยุพราชฉวาง,80,80150,นครศรีธรรมราช
254,11760,ที่ทำการไปรษณีย์เขาพนม,81,81140,กระบี่
255,11759,สมาคมการจัดการธุรกิจแห่งประเทศไทย,10,10310,กรุงเทพมหานคร
256,11758,คณะวิทยาศาสตร์ มหาวิทยาลัยอุบลราชธานี,34,34190,อุบลราชธานี
257,11757,บริษัท เคแอลเอ็น ซีพอร์ต จำกัด,20,20230,ชลบุรี
258,11756,ศูนย์ทรัพยากรคอมพิวเตอร์เพื่อการคำนวณขั้นสูง,13,12120,ปทุมธานี
259,11755,ธนาคารพัฒนาวิสาหกิจขนาดกลางและขนาดย่อมแห่งประเทศไทย สาขากระบี่,81,,กระบี่
260,11754,โรงแรม ชิ สมุย รีสอร์ท,84,84320,สุราษฎร์ธานี
261,11753,Okinawa Institute of Science and Technology,116,,ญี่ปุ่น
262,11752,โรงเรียนบ้านคลองหวายเล็ก,81,81130,กระบี่
263,11751,โรงเรียนตันหยงมัส,96,96130,นราธิวาส
264,11750,อุทยานแห่งชาติเขาปู่-เขาย่า,93,93190,พัทลุง
265,11749,บริษัท เวนเจอร์ จำกัด,10,10210,กรุงเทพมหานคร
266,11748,บริษัท ซีพีเอฟ (ประเทศไทย) จำกัด (มหาชน) โรงงานผลิตอาหารสัตว์บางนา,11,10540,สมุทรปราการ
267,11747,บริษัท บีแอลซีพี เพาเวอร์ จำกัด ,21,21150,ระยอง
268,11746,สำนักงานเทศบาลเมืองใหม่บางบัวทอง,12,11110,นนทบุรี
269,11745,เทศบาลตำบลคูเต่า,90,90110,สงขลา
270,11744,สถานีวิทยุโทรทัศน์แห่งประเทศไทย จังหวัดอุบลราชธานี,34,34000,อุบลราชธานี
271,11743,ศูนย์นวัตกรรมสมุนไพรครบวงจร มหาวิทยาลัยแม่ฟ้าหลวง,57,57100,เชียงราย
272,11742,บริษัท เมดีซ กรุ๊ป จำกัด (มหาชน),73,73220,นครปฐม
273,11741,"School of Chemical Science, Universiti Sains Malaysia (USM)",107,,มาเลเซีย
274,11740,บริษัท โมเดิร์นคอมพิวเตอร์ ซิสเต็ม จำกัด,86,86110,ชุมพร
275,11739,บริษัท กรีน เอ็นไว เอ็นจิเนียริ่ง จำกัด,84,84000,สุราษฎร์ธานี
276,11738,โรงแรม ถาวร บีช วิลเลจ รีสอร์ท แอนด์ สปา ภูเก็ต,83,83150,ภูเก็ต
277,11737,โรงแรม ถาวร ปาล์ม บีช รีสอร์ท ภูเก็ต,83,83100,ภูเก็ต
278,11736,บริษัท พิกเซ็ลลาร์ จำกัด,36,36000,ชัยภูมิ
279,11735,ศูนย์ความเป็นเลิศทางการแพทย์โรคพาร์กินสัน และกลุ่มโรคความเคลื่อนไหวผิดปกติ โรงพยาบาลจุฬาลงกรณ์ สภากาชาดไทย,10,10330,กรุงเทพมหานคร
280,11734,บริษัท เพอร์เฟค คอมพาเนียน กรุ๊ป จำกัด กรุงเทพมหานคร,10,10500,กรุงเทพมหานคร
281,11733,บริษัท บัสเอ็กซ์ (ประเทศไทย) จำกัด กรุงเทพมหานคร,10,10900,กรุงเทพมหานคร
282,11732,บริษัท อินเตอร์เนชันแนล อินโนเวชัน เซ็นเตอร์ จำกัด,10,10150,กรุงเทพมหานคร
283,11731,บริษัท ไทยซัมมิท โอโตโมทีฟ จำกัด จังหวัดระยอง,21,21140,ระยอง
284,11730,ด่านศุลกากรมุกดาหาร,49,49000,มุกดาหาร
285,11729,บริษัท เจริญโภคภัณฑ์อาหาร จำกัด (มหาชน) ศูนย์ธุรกิจไก่เนื้อเป็ดเนื้อครบวงจร,30,,นครราชสีมา
286,11728,MPT Travel Trip,10,,กรุงเทพมหานคร
287,11727,สำนักงานสาธารณสุขอำเภอช้างกลาง,80,80250,นครศรีธรรมราช
288,11726,โรงพยาบาลจุฬาภรณ์,10,10210,กรุงเทพมหานคร
289,11725,รีสอร์ท เดอ พาสคานี,77,77110,ประจวบคีรีขันธ์
290,11724,โรงเรียนบ้านห้วยไทร,80,80000,นครศรีธรรมราช
291,11723,บริษัท อินฟินีออน เทคโนโลยีส์ แมนูแฟคเชอริ่ง จำกัด,11,10560,สมุทรปราการ
292,11722,บริษัท ปตท.สำรวจและผลิตปิโตรเลียม จำกัด (มหาชน) โครงการฐานสนับสนุนการพัฒนาปิโตรเลียมจังหวัดระนอง,85,85000,ระนอง
293,11721,บริษัท เจอาร์ที แอคเคาท์ติ้ง จำกัด,80,80000,นครศรีธรรมราช
294,11720,ร้านชายน์กราฟฟิกภูเก็ต,83,83000,ภูเก็ต
295,11719,บริษัท เอส ซี แคริเออร์ จำกัด,20,20110,ชลบุรี
296,11718,บริษัท เอส ซี ออฟชอร์ เซอร์วิส จำกัด (เอสซีกรุ๊ปสงขลา),90,90280,สงขลา
297,11717,ส่วนอาคารสถานที่ มหาวิทยาลัยวลัยลัยลักษณ์,80,80161,นครศรีธรรมราช
298,11716,หลักสูตรวิศวกรรมโยธา สำนักวิชาวิศวกรรมศาสตร์และเทคโนโลยี มหาวิทยาลัยวลัยลักษณ์,80,80161,นครศรีธรรมราช
299,11715,บริษัท ซีเมด เมดิคอล จำกัด,13,12120,ปทุมธานี
300,11714,ศูนย์การค้าเซ็นทรัลสมุย (บริษัท เซ็นทรัลเวิลด์ จำกัด),84,84320,สุราษฎร์ธานี
301,11713,บริษัท เช้นจ์ 2561 จำกัด,10,10110,กรุงเทพมหานคร
302,11712,หลักสูตรวิทยาศาสตร์อาหารและนวัตกรรม สำนักวิชาเทคโนโลยีการเกษตรและอุตสาหกรรม มหาวิทยาลัยวลัยลักษณ์,80,80161,นครศรีธรรมราช
303,11711,บริษัท ซูโท้ไอเทค (ประเทศไทย) จำกัด,10,10510,กรุงเทพมหานคร
304,11710,ยักษ์ฟิตเนส สาขาจุฬา 6,10,10330,กรุงเทพมหานคร
305,11709,บริษัท บีเอซี กูร์เมท์ เฮ้าท์ จำกัด,10,10310,กรุงเทพมหานคร
306,11708,บริษัท ครัวการบินกรุงเทพ จำกัด,11,10540,สมุทรปราการ
307,11707,บริษัท เสียวหมี่ เทคโนโลยี (ประเทศไทย) จำกัด,10,10310,กรุงเทพมหานคร
308,11706,วิทยาลัยนานาชาติ มหาวิทยาลัยวลัยลักษณ์,80,80161,นครศรีธรรมราช
309,11705,บริษัท วิคตอรี ไจแอนท์ เทคโนโลยี (ประเทศไทย) จำกัด,14,13160,พระนครศรีอยุธยา
310,11704,บริษัท ยูนิไทย เซาท์เทิร์น จำกัด,83,83000,ภูเก็ต
311,11703,บริษัท พินพอยท์ อินโนเวชั่น จำกัด,84,84000,สุราษฎร์ธานี
312,11702,บริษัท วาลีโอ คอมฟอร์ท แอนด์ ไดร์ฟวิ่ง แอสซิสแทนซ์ ซิสเต็มส์ (ประเทศไทย) จำกัด,20,,ชลบุรี
313,11701,"Interdisciplinary Center for River Basin Environment (ICRE), University of Yamanashi",116,,ญี่ปุ่น
314,11700,Teluk Datai Resort Snd Bhd,107,07000,มาเลเซีย
315,11699,มักส์ แอนด์ มีเปิลส์ บอร์ดเกมคาเฟ่,10,10210,กรุงเทพมหานคร
316,11698,โรงเรียนบ้านวังหวาย,84,84290,สุราษฎร์ธานี
317,11697,บริษัท เมนททาบิลด์ จำกัด,10,10330,กรุงเทพมหานคร
318,11696,Loftel 22 Hotel,10,10100,กรุงเทพมหานคร
319,11695,โรงเรียน แฮปปี้ อิงลิช เลินนิ่ง สคูล,20,20000,ชลบุรี
320,11694,สถานีตำรวจภูธรเกาะนางคำ,93,93120,พัทลุง
321,11693,โรงเรียนมัธยมตากสินระยอง,21,21000,ระยอง
322,11692,โรงแรม ม็อกซี่ แบงคอก ราชประสงค์,10,10330,กรุงเทพมหานคร
323,11691,องค์การบริหารส่วนตำบลคุระ,82,82150,พังงา
324,11690,บริษัท นิปปอนเพนต์ (ประเทศไทย) จำกัด,20,20000,ชลบุรี
325,11689,บริษัท ไพซีซพิลาทิส จำกัด,10,10310,กรุงเทพมหานคร
326,11688,สำนักงานอัยการจังหวัดทุ่งสง,80,80110,นครศรีธรรมราช
327,11687,บริษัท เอ็มเอ็มเอสวีเอส กรุ๊ป โฮลดิ่ง จำกัด,90,90280,สงขลา
328,11686,บริษัท อิจิโกห์ อินดัสตรีส์ (ไทยแลนด์) จำกั,21,21140,ระยอง
329,11685,บริษัท ไท่ ซู่ กรุ๊ป อินเตอร์เนชั่นแนล เทรดดิ้ง จำกัด,86,86140,ชุมพร
330,11684,บริษัท ครัวการบินกรุงเทพเชียงใหม่ จำกัด,50,50200,เชียงใหม่
331,11683,สถานีวิทยุกระจายเสียงแห่งประเทศไทย จังหวัดกระบี่,81,81000,กระบี่
332,11682,ส่วนบริหารกิจการโทรทัศน์ ภาคใต้ จังหวัดนครศรีธรรมราช,80,80000,นครศรีธรรมราช
333,11681,สถานีวิทยุกระจายเสียงแห่งประเทศไทย จังหวัดระนอง,85,85000,ระนอง
334,11680,โรงแรม นิมมาน ไหม ดีไซน์ โฮเทล เชียงใหม่,50,50200,เชียงใหม่
335,11679,บริษัท ซันโวด้า ออโตโมทีฟ เอนเนอร์จี เทคโนโลยี (ประเทศไทย) จำกัด,20,20190,ชลบุรี
336,11678,สถานีวิทยุกระจายเสียงแห่งประเทศไทยจังหวัดชุมพร,86,86000,ชุมพร
337,11677,กลุ่มสื่อออนไลน์ สำนักงานประชาสัมพันธ์ที่ 5,84,84000,สุราษฎร์ธานี
338,11676,สถานีวิทยุกระจายเสียงแห่งประเทศไทยเพื่อการเรียนรู้และเตือนภัยภาคใต้,84,84000,สุราษฎร์ธานี
339,11675,ส่วนบริหารกิจโทรทัศน์ ภาคใต้ จังหวัดภูเก็ต,83,83000,ภูเก็ต
340,11674,สถานีวิทยุกระจายเสียงแห่งประเทศไทยอำเภอตะกั่วป่า จังหวัดพังงา,82,82110,พังงา
341,11673,บริษัท เอส ดับบลิว ที คอนสตรัคชั่น แอนด์ ซีวิล จำกัด,92,92000,ตรัง
342,11672,บริษัท วาลีโอ ออโตโมทีฟ (ประเทศไทย) จำกัด,21,21140,ระยอง
343,11671,National Kaohsiung University of Hospitality and Tourism,111,,ไต้หวัน
344,11670,ศูนย์วิจัยสมุทรศาสตร์ชายฝั่งและการเปลี่ยนแปลงสภาพภูมิอากาศ มหาวิทยาลัยสงขลานครินทร์,90,90110,สงขลา
345,11669,กองวิจัยผลิตภัณฑ์ธรรมชาติ ฝ่ายวิจัยพัฒนาและนวัตกรรม องค์การเภสัชกรรม,10,10400,กรุงเทพมหานคร
346,11668,ห้างหุ้นส่วนจำกัด วอนิกซ์,10,10160,กรุงเทพมหานคร
347,11667,สถานเอกอัครราชทูต ณ กรุงจาการ์ตา,104,12950,อินโดนีเซีย
348,11666,ที่ทำการไปรษณีย์ปะเหลียน,92,92120,ตรัง
349,11665,บริษัท คอนเควสท์ ทีม จำกัด,10,10210,กรุงเทพมหานคร
350,11664,บริษัท อินเตอร์เนชั่นแนล อินโนเวชั่น จำกัด (ในเครือบริษัทอุตสาหกรรมมิตรมงคล),10,10150,กรุงเทพมหานคร
351,11663,บริษัท บีเอสซี โปรดักชั่นส์ จำกัด,13,12000,ปทุมธานี
352,11662,บริษัท ยูกิ อุซางิ จำกัด,30,30000,นครราชสีมา
353,11661,บริษัท แอซไซน์ เดฟ จำกัด,10,10230,กรุงเทพมหานคร
354,11660,บริษัท บอทแอนด์ไลฟ์ จำกัด,10,10120,กรุงเทพมหานคร
355,11659,องค์การบริหารส่วนตำบลเขาแก้ว,80,80230,นครศรีธรรมราช
356,11658,บริษัท บีเค เนเจอร์ ทอรัส จำกัด,83,83120,ภูเก็ต
357,11657,บริษัท โอลิค (ประเทศไทย) จำกัด,14,13160,พระนครศรีอยุธยา
358,11656,บริษัท คิวบิก กรุ๊ป จำกัด,10,10120,กรุงเทพมหานคร
359,11655,บริษัท ลูกปลาฟาร์ม จำกัด,90,90180,สงขลา
360,11654,Get Well Fitness Krabi,81,81180,กระบี่
361,11653,คณะเภสัชศาสตร์ จุฬาลงกรณ์มหาวิทยาลัย,10,10330,กรุงเทพมหานคร
362,11652,บริษัท ซีอาร์ซี สปอร์ต จำกัด เซ็นทรัลเฟสติวัลเกาะสมุย,84,84320,สุราษฎร์ธานี
363,11651,โรงแรม บลูโซเทลสมาร์ท กระบี่,81,81180,กระบี่
364,11650,บริษัท เอ็น คอนส์ แอนด์ บิลท์ จำกัด,12,11120,นนทบุรี
365,11649,บริษัท เบญจจินดา โฮลดิ้ง จำกัด,10,10900,กรุงเทพมหานคร
366,11648,พิพิธภัณฑ์ธรรมชาติวิทยาเทพรัตนราชสุดาฯ อุทยานพฤกษศาสตร์ มหาวิทยาลัยวลัยลักษณ์,80,80161,นครศรีธรรมราช
367,11647,โรงแรม ซินนามอน เรสซิเดนท์,10,10900,กรุงเทพมหานคร
368,11646,บริษัท ดับบลิว.โอ.เอ. แอ๊ดเว่อไท้ซิ่ง จำกัด,12,11120,นนทบุรี
369,11645,โรงแรม เดวาภูเก็ต รีสอร์ท แอนด์ วิลล่า,83,83110,ภูเก็ต
370,11644,สถานีวิทยุโทรศัพท์แห่งประเทศไทยจังหวัดสงขลา,90,90110,สงขลา
371,11643,บริษัท โทเทิ่ลแอร์โซลูชั่นซิสเทม จำกัด,90,90250,สงขลา
372,11642,กองการต่างประเทศ กรมประชาสัมพันธ์,10,10400,กรุงเทพมหานคร
373,11641,สำนักงานพัชร์สิตาทนายความ,82,82000,พังงา
374,11640,บริษัท อินเซ็นทีฟ วัน จำกัด,10,10900,กรุงเทพมหานคร
375,11639,บริษัท แม็กฟิน จำกัด,96,96120,นราธิวาส
376,11638,บริษัท แอมคอร์ เฟล็กซิเบิ้ล กรุงเทพ จำกัด (มหาชน),11,10540,สมุทรปราการ
377,11637,บริษัท บูรพาคอนกรีต แอนด์ คอนสตรัคชั่น จำกัด,22,22120,จันทบุรี
378,11636,บริษัท เดอะปรินซิเปีย จำกัด,10,10220,กรุงเทพมหานคร
379,11635,University of Nuertingen-Geislingen (HfWU),126,72622,เยอรมัน
380,11634,บริษัท เอส.โอ.เอ็น. เอ็นจิเนียริ่ง จำกัด,96,96000,นราธิวาส
381,11633,บริษัท บวิค - ไทย จำกัด,12,11120,นนทบุรี
382,11632,บริษัท แชฟฟ์เลอร์ แมนูแฟคเจอริ่ง (ประเทศไทย) จำกัด,20,20110,ชลบุรี
383,11631,บริษัท มาสเตอร์ แอดไวส์เซอร์ จำกัด,10,10260,กรุงเทพมหานคร
384,11630,บริษัท เอสเคที ฮอลิเดย์ จำกัด,10,10120,กรุงเทพมหานคร
385,11629,บริษัท โรงพยาบาลนครธน จำกัด (มหาชน),10,10150,กรุงเทพมหานคร
386,11628,บริษัท อินไซน์ มีเดีย แล็ป จำกัด,10,10220,กรุงเทพมหานคร
387,11627,บริษัท อินโนลินโก จำกัด,20,20150,ชลบุรี
388,11626,บริษัท พริ้นท์ ฟอร์ เฟิร์ส จำกัด,74,74000,สมุทรสาคร
389,11625,โรงแรม ฟิชเชอร์แมนส์ ฮาร์เบอร์ เออร์เบิน รีสอร์ท ,83,83150,ภูเก็ต
390,11624,บริษัท รุ่งทิวา พร็อพเพอร์ตี้ จำกัด,90,90110,สงขลา
391,11623,บริษัท จัดหางาน อินเทิร์นชิฟส์ (ไทยแลนด์) จำกัด,10,10220,กรุงเทพมหานคร
392,11622,กองการเจ้าหน้าที่ กรมที่ดิน,10,10210,กรุงเทพมหานคร
393,11621,บริษัท อินจัด กรุ๊ป จำกัด,80,80000,นครศรีธรรมราช
394,11620,ที่ว่าการอำเภอพระแสง,84,84210,สุราษฎร์ธานี
395,11619,โรงพยาบาลสมิติเวช สาขาศรีนครินทร์,10,10250,กรุงเทพมหานคร
396,11618,บริษัท ไมเนอร์ ดีคิว จำกัด,10,10110,กรุงเทพมหานคร
397,11617,บริษัท ดีเค สตาร์ทอัพ จำกัด,80,80000,นครศรีธรรมราช
398,11616,บริษัท คาร์นิวัลเมจิก จำกัด,83,83150,ภูเก็ต
399,11615,บริษัท เคฟแมน พรอพเพอร์ตี้ จำกัด,10,10110,กรุงเทพมหานคร
400,11614,วูฟฟี่โกราวน์ สตูดิโอ,10,,กรุงเทพมหานคร
401,11613,บริษัท ไซมิส แอสเสท จำกัด (มหาชน),10,10400,กรุงเทพมหานคร
402,11612,บริษัท โพสเซฟี กรุ๊ป จำกัด (สำนักงานใหญ่),10,10400,กรุงเทพมหานคร
403,11611,บริษัท หลักทรัพย์ที่ปรึกษาการลงทุน โพรบิท แอดไวซอรี จำกัด,10,10330,กรุงเทพมหานคร
404,11610,บริษัท ใจรักษ์ กรุ๊ป จำกัด,10,10230,กรุงเทพมหานคร
405,11609,บริษัท อิมเมจแลนด์ จำกัด,10,10260,กรุงเทพมหานคร
406,11608,บริษัท เจแอลกรุ๊ป จำกัด,10,10250,กรุงเทพมหานคร
407,11607,โรงแรม กรุงศรีริเวอร์,14,13000,พระนครศรีอยุธยา
408,11606,โรงแรม เดอะ มาริน ภูเก็ต,83,83150,ภูเก็ต
409,11605,โครงการโกลเด้นท์ฮิลล์ วิลเลจ,90,90110,สงขลา
410,11604,บริษัท กรุงเทพประกันชีวิต จํากัด (มหาชน) สาขานครศรีธรรมราช,80,80000,นครศรีธรรมราช
411,11603,สหกรณ์ออมทรัพย์กรมชลประทาน จำกัด,10,10300,กรุงเทพมหานคร
412,11602,บริษัท รีโว่เมด กรุ๊ป จำกัด,12,11110,นนทบุรี
413,11601,บริษัท อนาเธอร์ ดอท จำกัด,10,10240,กรุงเทพมหานคร
414,11600,บริษัท อินดิโก้ เซ็นเตอร์ จำกัด,90,90110,สงขลา
415,11599,บริษัท ไมเนอร์ต้า เทคโนโลยี จำกัด,10,10220,กรุงเทพมหานคร
416,11598,"China National Building Material Group, Bangkok",10,,กรุงเทพมหานคร
417,11597,"Club Med Joyview Resort, Chaina",103,313304,จีน
418,11596,บริษัท พร็อพเพอร์ตี้ สเก๊าท์ มาร์เก็ตเพลส จำกัด,10,10110,กรุงเทพมหานคร
419,11595,Exchange to Germany,126,,เยอรมัน
420,11594,Vana Belle A Luxury Collection Resort Koh Samui (Bangkok Sale Office),10,,กรุงเทพมหานคร
421,11593,บริษัท ซินเทกอน เทคโนโลยี (ประเทศไทย) จำกัด,10,10260,กรุงเทพมหานคร
422,11592,บริษัท วาย ซี พี (ประเทศไทย) จำกัด,10,10330,กรุงเทพมหานคร
423,11591,บริษัท เอสคาแพลน จำกัด,10,10110,กรุงเทพมหานคร
424,11590,บริษัท มานาตัล จำกัด ,10,10330,กรุงเทพมหานคร
425,11589,บริษัท อินเทลลิเจ้นท์ ครีเอทีฟ แอนด์ มาร์เก็ตติ้ง จำกัด,10,10330,กรุงเทพมหานคร
426,11588,บริษัท เฉลิมศรี 2019 จำกัด,10,10240,กรุงเทพมหานคร
427,11587,คลินิกเวชศาสตร์การกีฬา วิทยาลัยวิทยาศาสตร์และเทคโนโลยีการกีฬา มหาวิทยาลัยมหิดล,73,73170,นครปฐม
428,11586,บริษัท แอดวานซ์ คอนแท็คเซ็นเตอร์ จำกัด,10,10400,กรุงเทพมหานคร
429,11585,Tuluk Datai Resorts Sdn Bhd,107,07000,มาเลเซีย
430,11584,บริษัท อามีน เรียลเอสเตท จำกัด,83,83110,ภูเก็ต
431,11583,บริษัท ไทยอีสเทิร์น อินโนเวชั่น จำกัด,20,20190,ชลบุรี
432,11582,บริษัท ไทม์ บรอดคาสท์ จำกัด (สำนักงานใหญ่),10,10900,กรุงเทพมหานคร
433,11581,บริษัท รีเลิร์น โซลูชั่น จำกัด,10,10330,กรุงเทพมหานคร
434,11580,โรงแรม เดอะ นาคา ภูเก็ต,83,83150,ภูเก็ต
435,11579,บริษัท เอ็ม บี เค จำกัด (มหาชน),10,10330,กรุงเทพมหานคร
436,11578,โรงแรมบ้านมณเฑียร (Montien House),84,84320,สุราษฎร์ธานี
437,11577,บริษัท พาวเวอร์ กาชา จำกัด (สำนักงานใหญ่),30,30000,นครราชสีมา
438,11576,บริษัท เอฟเอ็มเอฟ จำกัด,10,10250,กรุงเทพมหานคร
439,11575,บริษัท เคอรี่ สยามซีพอร์ต จำกัด,20,20230,ชลบุรี
440,11555,บริษัท เอสวีแอล คอร์ปปอเรชั่น จำกัด จังหวัดประจวบคีรีขันธ์,77,77140,ประจวบคีรีขันธ์
441,11552,-,102,,Aichi (Japan)
442,11551,-,102,,Aichi (Japan)
443,11550,-,102,,Aichi (Japan)
444,11549,-,102,,Aichi (Japan)
445,11548,-,102,,Aichi (Japan)
446,11547,-,102,,Aichi (Japan)
447,11546,-,102,,Aichi (Japan)
448,11545,-,102,,Aichi (Japan)
449,11544,-,102,,Aichi (Japan)
450,11543,-,102,,Aichi (Japan)
451,11542,-,102,,Aichi (Japan)
452,11541,-,102,,Aichi (Japan)
453,11540,-,102,,Aichi (Japan)
454,11539,-,102,,Aichi (Japan)
455,11538,-,102,,Aichi (Japan)
456,11537,-,102,,Aichi (Japan)
457,11536,-,102,,Aichi (Japan)
458,11535,-,102,,Aichi (Japan)
459,11534,-,102,,Aichi (Japan)
460,11533,-,102,,Aichi (Japan)
461,11532,-,102,,Aichi (Japan)
462,11531,-,102,,Aichi (Japan)
463,11530,-,102,,Aichi (Japan)
464,11529,-,102,,Aichi (Japan)
465,11528,-,102,,Aichi (Japan)
466,11527,-,102,,Aichi (Japan)
467,11526,-,102,,Aichi (Japan)
468,11525,-,102,,Aichi (Japan)
469,11524,-,102,,Aichi (Japan)
470,11523,-,102,,Aichi (Japan)
471,11522,-,102,,Aichi (Japan)
472,11521,-,102,,Aichi (Japan)
473,11520,-,102,,Aichi (Japan)
474,11519,-,102,,Aichi (Japan)
475,11518,-,102,,Aichi (Japan)
476,11517,-,102,,Aichi (Japan)
477,11516,-,102,,Aichi (Japan)
478,11515,-,102,,Aichi (Japan)
479,11514,-,102,,Aichi (Japan)
480,11513,-,102,,Aichi (Japan)
481,11512,-,102,,Aichi (Japan)
482,11511,-,102,,Aichi (Japan)
483,11510,-,102,,Aichi (Japan)
484,11509,-,102,,Aichi (Japan)
485,11508,-,102,,Aichi (Japan)
486,11507,-,102,,Aichi (Japan)
487,11506,-,102,,Aichi (Japan)
488,11505,-,102,,Aichi (Japan)
489,11504,-,102,,Aichi (Japan)
490,11503,-,102,,Aichi (Japan)
491,11502,-,102,,Aichi (Japan)
492,11501,-,102,,Aichi (Japan)
493,11500,-,102,,Aichi (Japan)
494,11499,-,102,,Aichi (Japan)
495,11498,-,102,,Aichi (Japan)
496,11497,-,102,,Aichi (Japan)
497,11496,,102,,Aichi (Japan)
498,11495,-,102,,Aichi (Japan)
499,11494,-,102,,Aichi (Japan)
500,11493,-,102,,Aichi (Japan)
501,11492,-,102,,Aichi (Japan)
502,11491,-,102,,Aichi (Japan)
503,11490,-,102,,Aichi (Japan)
504,11489,-,102,,Aichi (Japan)
505,11488,-,102,,Aichi (Japan)
506,11487,-,102,,Aichi (Japan)
507,11486,-,102,,Aichi (Japan)
508,11485,-,102,,Aichi (Japan)
509,11484,-,102,,Aichi (Japan)
510,11483,-,102,,Aichi (Japan)
511,11482,-,102,,Aichi (Japan)
512,11481,-,102,,Aichi (Japan)
513,11480,-,102,,Aichi (Japan)
514,11479,-,102,,Aichi (Japan)
515,11478,-,102,,Aichi (Japan)
516,11477,-,102,,Aichi (Japan)
517,11476,-,102,,Aichi (Japan)
518,11475,-,102,,Aichi (Japan)
519,11474,-,102,,Aichi (Japan)
520,11473,-,102,,Aichi (Japan)
521,11472,-,102,,Aichi (Japan)
522,11471,-,102,,Aichi (Japan)
523,11470,-,102,,Aichi (Japan)
524,11469,-,102,,Aichi (Japan)
525,11468,-,102,,Aichi (Japan)
526,11467,-,102,,Aichi (Japan)
527,11466,-,102,,Aichi (Japan)
528,11465,-,102,,Aichi (Japan)
529,11464,-,102,,Aichi (Japan)
530,11463,-,102,,Aichi (Japan)
531,11462,-,102,,Aichi (Japan)
532,11461,-,102,,Aichi (Japan)
533,11460,-,102,,Aichi (Japan)
534,11459,-,102,,Aichi (Japan)
535,11458,-,102,,Aichi (Japan)
536,11457,-,102,,Aichi (Japan)
537,11456,-,102,,Aichi (Japan)
538,11455,-,102,,Aichi (Japan)
539,11454,-,102,,Aichi (Japan)
540,11453,-,102,,Aichi (Japan)
541,11452,-,102,,Aichi (Japan)
542,11451,-,102,,Aichi (Japan)
543,11450,-,102,,Aichi (Japan)
544,11449,-,102,,Aichi (Japan)
545,11448,-,102,,Aichi (Japan)
546,11447,-,102,,Aichi (Japan)
547,11446,-,102,,Aichi (Japan)
548,11445,-,102,,Aichi (Japan)
549,11444,-,102,,Aichi (Japan)
550,11443,-,102,,Aichi (Japan)
551,11442,-,102,,Aichi (Japan)
552,11441,-,102,,Aichi (Japan)
553,11440,-,102,,Aichi (Japan)
554,11439,-,102,,Aichi (Japan)
555,11438,-,102,,Aichi (Japan)
556,11437,-,102,,Aichi (Japan)
557,11436,-,102,,Aichi (Japan)
558,11435,-,102,,Aichi (Japan)
559,11434,-,102,,Aichi (Japan)
560,11433,-,102,,Aichi (Japan)
561,11432,-,102,,Aichi (Japan)
562,11431,-,102,,Aichi (Japan)
563,11430,-,102,,Aichi (Japan)
564,11429,-,102,,Aichi (Japan)
565,11428,-,102,,Aichi (Japan)
566,11427,-,102,,Aichi (Japan)
567,11426,-,102,,Aichi (Japan)
568,11425,-,102,,Aichi (Japan)
569,11424,-,102,,Aichi (Japan)
570,11423,-,102,,Aichi (Japan)
571,11422,-,102,,Aichi (Japan)
572,11421,โรงเรียนเทศบาลวัดเสาธงทอง,80,80000,นครศรีธรรมราช
573,11420,โรงเรียนเทศบาลวัดท้าวโคตร,80, 80000,นครศรีธรรมราช
574,11419,โรงเรียนเทพศิรินทร์นครศรีธรรมราช (เฉลิมราชประชาอุทิศ),80,80000,นครศรีธรรมราช
575,11418,โรงเรียนร่อนพิบูลย์เกียรติวสุนธราภิวัฒก์,80,80130,นครศรีธรรมราช
576,11417,โรงเรียนท่านครญาณวโรภาสอุทิศ,80,80000,นครศรีธรรมราช
577,11416,โรงเรียนคงคาประชารักษ์,80,80160,นครศรีธรรมราช
578,11415,-,102,,Aichi (Japan)
579,11400,โรงพยาบาลพญาไท 2 แผนกความปลอดภัยอาชีวอนามัยและสิ่งแวดล้อม,10,10400,กรุงเทพมหานคร
580,11399,บริษัท เรย์โคล แอสฟัลท์ จำกัด,21,21180,ระยอง
581,11398,MMSVS-an UZMZ,10,10250,กรุงเทพมหานคร
582,11397,บริษัท เบอร์ลี่ ยุคเกอร์ เซลล็อกซ์ จำกัด,25,25140,ปราจีนบุรี
583,11396,บริษัท ซีโก้ ทราเวล จำกัด,10,10120,กรุงเทพมหานคร
584,11395,องค์การบริหารส่วนตำบลอินคีรี,80,80320,นครศรีธรรมราช
585,11394,บริษัท วิสต้า มาร์เกตติ๊ง (ไทยแลนด์) จำกัด,10,10900,กรุงเทพมหานคร
586,11393,บริษัท เจ.ดี.พูลส์ จำกัด (สำนักงานใหญ่),83,83110,ภูเก็ต
587,11392,บริษัท ซีเอช อิเจคชั่น จำกัด,74,74000,สมุทรสาคร
588,11391,Hungkuang University,111,433304,ไต้หวัน
589,11390,บริษัท ไทยน้ำทิพย์ คอร์ปอเรชั่น จำกัด สาขาหัวหมาก,10,10240,กรุงเทพมหานคร
590,11389,สำนักงานพัฒนาสังคมและความมั่นคงของมนุษย์จังหวัดกระบี่,81,81000,กระบี่
591,11388,แผนกผลิตเภสัชภัณฑ์ องค์การเภสัชกรรม,13,12110,ปทุมธานี
592,11387,ฟิตฮับ แอคทีฟคลับ,80,80000,นครศรีธรรมราช
593,11386,บริษัท ฟอร์ท คอร์ปอเรชั่น จำกัด (มหาชน) สำนักงานใหญ่,10,10400,กรุงเทพมหานคร
594,11385,บริษัท ไอบอทน้อย จำกัด,10,10170,กรุงเทพมหานคร
595,11384,บริษัท บัซซี่บีส์ จำกัด (Mediabuzz),10,10120,กรุงเทพมหานคร
596,11383,บริษัท ไทม์ คอนซัลติ้ง จำกัด,10,10330,กรุงเทพมหานคร
597,11382,บริษัท บลู 1976 จำกัด,83,83000,ภูเก็ต
598,11381,บริษัท เอเชีย เมเนจเมนต์ แอนด์ ดีไซน์ จำกัด,12,11000,นนทบุรี
599,11380,บริษัท เนเวอร์ลอง ดีไซน์ จำกัด,82,82210,พังงา
600,11379,บริษัท ครอมัลลอย (ประเทศไทย) จำกัด,13,12150,ปทุมธานี
601,11378,แผนกมาตรฐานการผลิต องค์การเภสัชกรรม (ธัญบุรี),13,12110,ปทุมธานี
602,11377,แผนกบำรุงรักษา 3 ฝ่ายเทคโนโลยีและวิศวกรรม องค์การเภสัชกรรม (ธัญบุรี),13,12110,ปทุมธานี
603,11376,"Open Education Group (Thailand) Co., Ltd.",10,10120,กรุงเทพมหานคร
604,11375,ธนาคารออมสิน ภาค 18,90,90000,สงขลา
605,11374,"Asean Study Center, University of Mataram, Indonesia",104,,อินโดนีเซีย
606,11373,โรงพยาบาลแมคคอร์มิค,50,50000,เชียงใหม่
607,11372,บริษัท ดิจิทัล ด๊อกเตอร์ จำกัด,83,83000,ภูเก็ต
608,11371,บริษัท ยักษ์ ย๊ากส์ จำกัด,90,90110,สงขลา
609,11370,ศาลอุทธรณ์,10,10900,กรุงเทพมหานคร
610,11369,บริษัท ไพร์ม โกลบอล แอสเสท จำกัด,83,83000,ภูเก็ต
611,11368,โรงแรม อันดามัน เอมเบรส ป่าตอง,83,83150,ภูเก็ต
612,11367,สาขาเวชศาสตร์การกีฬา ภาควิชาศัลยศาสตร์ออร์โธปิดิคส์ฯ คณะแพทยศาสตร์ศิริราชพยาบาล,10,10700,กรุงเทพมหานคร
613,11366,บริษัท ท่าฉาง กรีน เอ็นเนอร์ยี่ จำกัด (มหาชน),84,84150,สุราษฎร์ธานี
614,11365,สำนักงานประชาสัมพันธ์จังหวัดนครศรีธรรมราช,80,80000,นครศรีธรรมราช
615,11364,โรงแรมเรดิสัน เรด ภูเก็ต ป่าตอง,83,83150,ภูเก็ต
616,11363,ธนาคารเพื่อการเกษตรและสหกรณ์การเกษตร สาขาเซกา,38,43150,บึงกาฬ
617,11362,บริษัท บ้านสวนสาทร จำกัด,10,10120,กรุงเทพมหานคร
618,11361,บริษัท เอสพี เวลเนส แอนด์ อินโนเวชั่น จำกัด,10,10800,กรุงเทพมหานคร
619,11360,บริษัท ฝาจีบ จำกัด (มหาชน),13,12130,ปทุมธานี
620,11359,บริษัท เดอะ รอยัล ลอว์ แอนด์ บิซิเนส จำกัด,83,83120,ภูเก็ต
621,11358,โรงพยาบาลจักษุสุราษฎร์,84,84000,สุราษฎร์ธานี
622,11357,บริษัท นูโอเบลโล่ จำกัด,83,83110,ภูเก็ต
623,11356,บริษัท เบดร็อค อนาไลติกส์ จำกัด,10,10400,กรุงเทพมหานคร
624,11355,บริษัท อาร์วายโอไอไอ จำกัด,10,10400,กรุงเทพมหานคร
625,11354,ท่าอากาศยานนานาชาติภูเก็ต,83,83110,ภูเก็ต
626,11353,ศิริราช เอช โซลูชั่น ศูนย์สุขภาพเชิงป้องกันและบูรณาการสมดุลชีวิต,10,10600,กรุงเทพมหานคร
627,11352,โรงเรียนจงหัว,91,91000,สตูล
628,11351,โรงเรียนกำแพงวิทยา,91,91110,สตูล
629,11350,โรงเรียนบ้านควนนิมิต,84,84290,สุราษฎร์ธานี
630,11349,Pearl Hotel Phuket,83,83000,ภูเก็ต
631,11348,บริษัท เอ็มซีเค อินเตอร์เนชั่นแนล เทรดดิ้ง จำกัด,86,86110,ชุมพร
632,11347,โรงเรียนมัธยมพัชรกิติยาภา 3 สุราษฎร์ธานี,84,84100,สุราษฎร์ธานี
633,11346,บริษัท พีเอสยู อินโนเวทีฟ เอ็นจิเนียริ่ง จำกัด,90,90110,สงขลา
634,11345,โรงแรม บาบ๋าเฮ้าท์,83,83000,ภูเก็ต
635,11344,โรงเรียนสาธิตองค์การบริหารส่วนจังหวัด 1 (บ้านท่าเรือมิตรภาพที่ 30),80,80290,นครศรีธรรมราช
636,11343,บริษัท บีวายดี ออโต้ (ประเทศไทย) จำกัด,21,21180,ระยอง
637,11342,บริษัท เจริญโภคภัณฑ์อาหาร จำกัด (มหาชน) ศูนย์ธุรกิจสุกรป่าบอน,93,93170,พัทลุง
638,11341,บริษัท เอพีเอ็กซ์ โลจิสติกส์ โซลูชันส์ จำกัด,10,10120,กรุงเทพมหานคร
639,11340,บริษัท เทเลพอร์ต (ประเทศไทย) จำกัด (สายการบินแอร์เอเชียคาร์โก้ ท่าอากาศยานนานาชาติหาดใหญ่),90,90115,สงขลา
640,11339,ด่านตรวจคนเข้าเมืองท่าอากาศยานดอนเมือง กองบังคับการตรวจคนเข้าเมือง 2,10,10210,กรุงเทพมหานคร
641,11338,องค์การบริหารส่วนตำบลดินอุดม,81,81120,กระบี่
642,11337,โอกิลวี่ ประเทศไทย,10,10330,กรุงเทพมหานคร
643,11336,กลุ่มนิติพยาธิวิทยา กองนิติวิทยาศาสตร์บริการ สถาบันนิติวิทยาศาสตร์,10,10210,กรุงเทพมหานคร
644,11335,บริษัท แลนด์โก้ ฮักซ์ จํากัด,10,10150,กรุงเทพมหานคร
645,11334,โรงเรียนคัมภีร์วิทยา,95,95130,ยะลา
646,11333,บริษัท โทรีเซนไทย เอเยนต์ซีส์ จํากัด (มหาชน),10,10330,กรุงเทพมหานคร
647,11332,บริษัท บัตรกรุงไทย จํากัด (มหาชน),10,,กรุงเทพมหานคร
648,11331,บริษัท ไทยน้ำทิพย์ คอร์ปอเรชั่น จำกัด,10,10210,กรุงเทพมหานคร
649,11330,ห้างหุ้นส่วนจำกัด เอททีน-ทเว้นตี้โฟร์,84,84000,สุราษฎร์ธานี
650,11329,สำนักงานสภาเกษตรกร จังหวัดยะลา,95,95000,ยะลา
651,11328,บริษัท อันดามัน เดสทิเนชั่น จำกัด,83,83000,ภูเก็ต
652,11327,บริษัท โก บาย เดอะ กลอรี่ เวิลด์ไวด์ จำกัด,84,84320,สุราษฎร์ธานี
653,11326,ห้างหุ้นส่วนสามัญ เอกนครพาณิชย์,80,80000,นครศรีธรรมราช
654,11325,บริษัท วีแอนด์บี สเปเชียลลิสต์ จำกัด,90,90252,สงขลา
655,11324,โรงพยาบาลมิตรภาพสามัคคี (มูลนิธิท่งเซี่ยเซี่ยงตึ๊ง),90,90110,สงขลา
656,11323,"Internatiional Education School, Zhongnan University of Econnomics and Law (ZUEL)",103,430073,จีน
657,11322,บริษัท โพลีกอน ออฟฟิเชียล จำกัด,10,10400,กรุงเทพมหานคร
658,11321,สถาบันวิจัยเทคโนโลยีชีวภาพและวิศวกรรมพันธุศาสตร์ จุฬาลงกรณ์มหาวิทยาลัย,10,10330,กรุงเทพมหานคร
659,11320,กลุ่มตรวจพิสูจน์ทางเคมี กองตรวจพิสูจน์ทางวิทยาศาสตร์ สถาบันนิติวิทยาศาสตร์,13,12000,ปทุมธานี
660,11319,ภาควิชาเภสัชวิทยาและสรีรวิทยา คณะเภสัชศาสตร์ จุฬาลงกรมหาวิทยาลัย,10,10330,กรุงเทพมหานคร
661,11318,บริษัท ดีเอสวี แอร์ แอนด์ ซี จํากัด,10,10520,กรุงเทพมหานคร
662,11317,สถานเอกอัครราชทูต ณ กรุงอัสตานา,141,010000,สาธารณรัฐคาซัคสถาน
663,11316,บริษัท เอทีเอ็ม โฮลดิ้ง จำกัด,90,90110,สงขลา
664,11315,บริษัท ว.ไชยาอินเตอร์เนชั่นแนล จำกัด,10,10520,กรุงเทพมหานคร
665,11314,บริษัท ดับเบิลยูไอเอส ไบโอฟาร์ม จำกัด,11,10540,สมุทรปราการ
666,11313,สำนักงานกฎหมายกรกตและเพื่อน,84,84320,สุราษฎร์ธานี
667,11312,พิพิธภัณฑ์หนังตะลุงสุชาติ,80,80000,นครศรีธรรมราช
668,11311,บริษัท สมาร์ท แอนด์ ไบรท์ จำกัด,10,10240,กรุงเทพมหานคร
669,11310,บริษัท ก.ชัยแสง ดี.ซี. จำกัด,90,90110,สงขลา
670,11309,สำนักงานคณะกรรมการสิทธิมนุษยชนแห่งชาติพื้นที่ภาคใต้,90,90110,สงขลา
671,11308,สำนักงานแรงงานจังหวัดพัทลุง,93,93000,พัทลุง
672,11307,โรงพยาบาลนวมินทร์ 9,10,10510,กรุงเทพมหานคร
673,11306,กรมความร่วมมือระหว่างประเทศ กระทรวงการต่างประเทศ,10,10210,กรุงเทพมหานคร
674,11305,Wuhan Harvest International Hotel,103,,จีน
675,11304,บริษัท มีเดีย แอสโซซิเอตเต็ด จำกัด,10,10900,กรุงเทพมหานคร
676,11303,บริษัท ฐปกร เอ็นจิเนียริ่ง ซิสเต็ม จำกัด,83,83130,ภูเก็ต
677,11302,บริษัท ไซ สตูดิโอ จำกัด,12,11110,นนทบุรี
678,11301,บริษัท เฟฮู ดีไซน์ จำกัด,10,10240,กรุงเทพมหานคร
679,11300,บริษัท คอมแพ็ค อินเตอร์เนชั่นแนล (1994) จำกัด,76,76140,เพชรบุรี
680,11299,บริษัท ขยันการเกียรติ จำกัด,83,83120,ภูเก็ต
681,11298,บริษัท ศิริประภา เอ็นจิเนียริ่ง จำกัด,12,11120,นนทบุรี
682,11297,สถานีตำรวจภูธรเกาะพะงัน,84,84280,สุราษฎร์ธานี
683,11296,สมาคมบริษัทจัดการลงทุน (AIMC),10,10110,กรุงเทพมหานคร
684,11295,บริษัท สตูลอุตสาหกรรมน้ำมันปาล์ม จำกัด,91,911110,สตูล
685,11294,บริษัท ไร้ท์ รีแอคติเวชั่น จำกัด (มหาชน),21,21180,ระยอง
686,11293,ศาลแขวงสุราษฎร์ธานี,84,84100,สุราษฎร์ธานี
687,11292,เทศบาลตำบลทอนหงส์,80,80320,นครศรีธรรมราช
688,11291,องค์การบริหารส่วนตำบลสาคู จังหวัดภูเก็ต,83,83110,ภูเก็ต
689,11290,สำนักงานอัยการคุ้มครองสิทธิและช่วยเหลือทางกฎหมายและการบังคับคดีจังหวัดกระบี่,81,81000,กระบี่
690,11289,BDO in Thailand,10,10110,กรุงเทพมหานคร
691,11288,องค์การบริหารส่วนตำบลบางสัก,92,92110,ตรัง
692,11287,บริษัท ออลซีซันคิงดอม จำกัด (ฟาร์มโคนมออลซีซัน),90,90180,สงขลา
693,11286,ศาลแขวงกระบี่,81,81000,กระบี่
694,11285,บริษัท จีไอเอส กรุ๊ป จำกัด ,10,10120,กรุงเทพมหานคร
695,11284,บริษัท ไฮเปอร์ แล็บ จำกัด,10,10210,กรุงเทพมหานคร
696,11283,ที่ทำการองค์การบริหารส่วนตำบลแม่นางขาว,82,82150,พังงา
697,11282,สำนักงานเทศบาลตำบลหินตก,80,80350,นครศรีธรรมราช
698,11281,โรงแรม เอ็กซ์พลอร่า เกาะสมุย,84,84330,สุราษฎร์ธานี
699,11280,บริษัท เดอร์มาพรูฟ เอเชีย จำกัด,10,10310,กรุงเทพมหานคร
700,11279,บริษัท โฮมโปรดักส์ เซ็นเตอร์ จำกัด (มหาชน) สำนักงานใหญ่,12,11000,นนทบุรี
701,11278,บริษัท ซินโดรม เอ็กซ์ จำกัด,10,10260,กรุงเทพมหานคร
702,11277,กระทรวงการท่องเที่ยวและกีฬา (กกท) คลองหก,13,,ปทุมธานี
703,11276,สมาคมราชกรีฑาสโมสร,10,10330,กรุงเทพมหานคร
704,11275,สถาบันวิจัยสิ่งแวดล้อมเพื่อความยั่งยืน จุฬาลงกรณ์มหาวิทยาลัย,10,10330,กรุงเทพมหานคร
705,11274,เวิร์คเอ้าท์ ฟิตเนส แอนด์ มวยไทย,83,83000,ภูเก็ต
706,11273,ศูนย์เชี่ยวชาญเฉพาะทางด้านฟิสิกส์พลังงานสูงและฟิลิกส์ดาราศาสตร์ มหาวิทยาลัยเทคโนโลยีสุรนารี,30,30000,นครราชสีมา
707,11272,ไมอามี่ ซีวิว สตูล,91,91110,สตูล
708,11271,สโมสรฟุตบอลอุทัยธานี เอฟซี,61,,อุทัยธานี
709,11270,สโมสรฟุตบอลระยองเอฟซี,21,21000,ระยอง
710,11269,ศูนย์วิทยาศาสตร์เบทาโกร บริษัท เบทาโกร จำกัด (มหาชน),13,12120,ปทุมธานี
711,11268,สาขาวิชาจุลชีววิทยาทางการแพทย์ คณะแพทย์ศาสตร์ มหาวิทยาลัยขอนแก่น,40,40002,ขอนแก่น
712,11267,กองจัดการโลจิสติกส์ภาคใต้ การไฟฟ้าส่วนภูมิภาค,80,80000,นครศรีธรรมราช
713,11266,ห้างหุ้นส่วนจำกัด ลาภทักษิณ พลาสติก,80,80110,นครศรีธรรมราช
714,11265,,83,83110,ภูเก็ต
715,11264,บริษัท หลักทรัพย์ เคจีไอ  (ประเทศไทย) จำกัด (มหาชน),10,10330,กรุงเทพมหานคร
716,11263,Sport Tech Pro Thailand ,10,,กรุงเทพมหานคร
717,11262,Powerpump45 ศูนย์ทดสอบและพัฒนานักกีฬา ,10,10230,กรุงเทพมหานคร
718,11261,ธนาคารออมสิน สาขาลานสกา,80,80230,นครศรีธรรมราช
719,11260,บริษัท สมาร์ท ดิสทริบิวชั่น เซอร์วิส จำกัด ศูนย์กระจายสินค้าโลตัสสุราษฎร์ธานี,84,84130,สุราษฎร์ธานี
720,11259,บริษัท ไทยโตชิบาอุตสาหกรรม จำกัด,12,11000,นนทบุรี
721,11258,บริษัท เฟลิโคะ สตูดิโอ จำกัด,10,10500,กรุงเทพมหานคร
722,11257,บริษัท เจแปน ออล พาส จำกัด,10,10310,กรุงเทพมหานคร
723,11256,โรงแรม ตรีวนันดา,83,83110,ภูเก็ต
724,11255,บริษัท สปังกี้ ฟู้ด จำกัด,13,12120,ปทุมธานี
725,11254,บริษัท คอฟแมน อินเตอร์เนชั่นแนล จำกัด,10,10210,กรุงเทพมหานคร
726,11253,ห้างหุ้นส่วนจำกัด อัลฟ่า เฮลธ์ คลับ,83,83000,ภูเก็ต
727,11252,ธนาคารเพื่อการเกษตรและสหกรณ์การเกษตร สาขาสุราษฎร์ธานี,84,84000,สุราษฎร์ธานี
728,11251,อุทยานการเรียนรู้สุราษฎร์ธานี,84,84220,สุราษฎร์ธานี
729,11250,บริษัท กระบี่คอนสตรัคชั่น จำกัด,81,81000,กระบี่
730,11249,โรงเรียนวัดปากระวะ,80,80170,นครศรีธรรมราช
731,11248,โรงเรียนวัดโคกพิกุล,80,80170,นครศรีธรรมราช
732,11247,บริษัท สวนภูเก็ต 2011 จำกัด,83,83000,ภูเก็ต
733,11246,บริษัท วัน เลิฟ มิวสิค จำกัด,10,10110,กรุงเทพมหานคร
734,11245,ฟิตดี สเปซ รัชดา,10,10310,กรุงเทพมหานคร
735,11244,University of Santo Tomas,125,,ฟิลิปปินส์
736,11243,สำนักงานแรงงานจังหวัดตรัง,92,92000,ตรัง
737,11242,Wolf Wellness & Training,10,10110,กรุงเทพมหานคร
738,11241,IBiz Fitness Gym,80,80000,นครศรีธรรมราช
739,11240,Virgin Active Thailand (EmQuartier),10,10110,กรุงเทพมหานคร
740,11239,Young Blood Club,10,10600,กรุงเทพมหานคร
741,11238,Play Strong Performance Athletics,10,10170,กรุงเทพมหานคร
742,11237,The Balance Pilates,10,10110,กรุงเทพมหานคร
743,11236,Fitness Lifestyle Hatyai,90,90110,สงขลา
744,11235,Fitness Lifestyle Suratthani,84,84000,สุราษฎร์ธานี
745,11234,ห้างหุ้นส่วนจำกัด อัลฟ่า เฮลธ์ คลับ,83,83000,ภูเก็ต
746,11233,บริษัท ฟิตเนส แอนด์ ไลฟ์สไตส์ กรุ๊ป (ประเทศไทย) จำกัด (สาขา Marketplace Dusit),10,10300,กรุงเทพมหานคร
747,11232,บริษัท ฟิตเนส แอนด์ ไลฟ์สไตส์ กรุ๊ป (ประเทศไทย) จำกัด (สาขา The Fourth),73,73220,นครปฐม
748,11231,ยักษ์ฟิตเนส สาขาสุขุมวิท 101/1,10,10260,กรุงเทพมหานคร
749,11230,สโมสรฟุตบอล แพร่ ยูไนเต็ด,54,54000,แพร่
750,11229,สโมสรฟุตบอล เอ็สซีจี เมืองทอง ยูไนเต็ด,10,10230,กรุงเทพมหานคร
751,11228,สโมสรฟุตบอลทรูแบงค็อก ยูไนเต็ด,10,10310,กรุงเทพมหานคร
752,11227,สโมรสรแบดมินตันบ้านทองหยอด,10,10160,กรุงเทพมหานคร
753,11226,สโมสรฟุตบอลชัยนาท ฮอร์นบิล,18,17000,ชัยนาท
754,11225,"Department of Electrical Engineering, National Chung Cheng University, Taiwan",111,62102,ไต้หวัน
755,11224,สมาคมบริดจ์แห่งประเทศไทย,10,10240,กรุงเทพมหานคร
756,11223,สโมสรฟุตบอล เชียงใหม่ ยูไนเต็ด,50,50300,เชียงใหม่
757,11222,สถานกงสุลสาธารณรัฐเกาหลีประจำจังหวัดเชียงใหม่,50,50300,เชียงใหม่
758,11221,บริษัท เซ้าท์ไทม์ สตูดิโอ จำกัด,83,83000,ภูเก็ต
759,11220,บริษัท อ้าปากค้างสตูดิโอ จำกัด,13,12000,ปทุมธานี
760,11219,X-Sea Khanom Harbor Bay Resort,80,80210,นครศรีธรรมราช
761,11218,สำนักงานพาณิชย์จังหวัดพัทลุง,93,93000,พัทลุง
762,11217,องค์การบริหารส่วนตำบลอิปัน,84,84210,สุราษฎร์ธานี
763,11216,องค์การบริหารส่วนตำบลอ่าวนาง,81,81180,กระบี่
764,11215,ที่ว่าการอำเภอปะทิว,86,86160,ชุมพร
765,11214,รัฐสภาไทย,10,10300,กรุงเทพมหานคร
766,11213,บริษัท เริ่มใหม่ จำกัด,10,10220,กรุงเทพมหานคร
767,11212,ที่ว่าการอำเภอเมืองสตูล,91,91000,สตูล
768,11211,ที่ว่าการอำเภอบางสะพาน,77,77140,ประจวบคีรีขันธ์
769,11210,สำนักงานเทศบาลตำบลบ้านกรูด,77,77190,ประจวบคีรีขันธ์
770,11209,สถานีตำรวจภูธรหัวไทร,80,80170,นครศรีธรรมราช
771,11208,องค์การบริหารส่วนตำบลลำใหม่,95,95160,ยะลา
772,11207,บริษัท จอย แอนด์ คอยน์ คอร์ปอเรชั่น จำกัด,12,11000,นนทบุรี
773,11206,ภาควิชาเคมี คณะวิทยาศาสตร์ จุฬาลงกรณ์มหาวิทยาลัย,10,10330,กรุงเทพมหานคร
774,11205,บริษัท อมรินทร์ คอร์เปอเรชั่นส์ จำกัด (มหาชน),10,10170,กรุงเทพมหานคร
775,11204,บริษัท วอร์นเนอร์ มิวสิค (ประเทศไทย) จำกัด,10,10110,กรุงเทพมหานคร
776,11203,โรงเรียนอนุบาลมูลนิธิมัสยิดดารุลอิหซาน,10,10700,กรุงเทพมหานคร
777,11202,"College of Intelligen System Science and Engineering, Harbin Engineering University",103,150001,จีน
778,11201,โรงเรียนวัดประทุมทายการาม,80,80120,นครศรีธรรมราช
779,11200,บริษัท บี.อี.เอส. เอ็นเนอร์ยี่ รีซอสเซต จำกัด,90,90100,สงขลา
780,11199,บริษัท ซิงค์ สเตชั่น 59 จำกัด,11,10540,สมุทรปราการ
781,11198,เอ็นวายบีชคลับ,83,83110,ภูเก็ต
782,11197,บริษัท ยิหวา ฮอลิเดย์ จำกัด,10,10120,กรุงเทพมหานคร
783,11196,บริษัท เดอร์มา อินโนเวชั่น จำกัด,12,11120,นนทบุรี
784,11195,โรงแรม ทราย พีพี ไอแลนด์ วิลเลจ,81,81000,กระบี่
785,11194,บริษัท พีทีที เอ็มซีซี ไบโอเคม จำกัด จังหวัดระยอง,21,21130,ระยอง
786,11193,บริษัท ผลิตไฟฟ้าครบุรี จำกัด,30,30250,นครราชสีมา
787,11192,บริษัท เอสซีจี รูฟฟิ่ง จำกัด,80,80110,นครศรีธรรมราช
788,11191,บริษัท ทัทวิน จำกัด,90,90170,สงขลา
789,11190,บริษัท เอส.อาร์.แอล. เอ็นจิเนียริ่ง แอนด์ คอนสตรัคชั่น จำกัด,80,80110,นครศรีธรรมราช
790,11189,โรงเรียนสังข์ทอง,81,81130,กระบี่
791,11188,โรงเรียนเหนือคลองประชาบำรุง,81,81130,กระบี่
792,11187,"C.C.S. Engineering Tech Co., Ltd.",12,11140,นนทบุรี
793,11186,บริษัท ซี.ซี.เอส. แอดวานซ์ เทค จำกัด,12,11140,นนทบุรี
794,11185,บริษัท โรโบคลาวด์ จำกัด,74,74000,สมุทรสาคร
795,11184,สายการบินแอร์เอเชียคาร์โก้ ท่าอากาศยานนานาชาติหาดใหญ่,90,90110,สงขลา
796,11183,องค์การบริหารส่วนตำบลเสาเภา,80,80340,นครศรีธรรมราช
797,11182,เทศบาลตำบลร่อนพิบูลย์,80,80130,นครศรีธรรมราช
798,11181,แขวงทางหลวงชนบทชุมพร,86,86190,ชุมพร
799,11180,"Thai Takenaka Internatioal Co., Ltd.",10,10500,กรุงเทพมหานคร
800,11179,บริษัท เอเซีย พรีซิชั่น เอ.ที. จำกัด,20,20000,ชลบุรี
801,11178,บริษัท เอ็มพีซี ฟิวเจอร์ จำกัด สาขาลานกระบือ,62,62170,กำแพงเพชร
802,11177,"School of Languages, Literacies & Translation, Universiti  Sains Malaysia",107,11800,มาเลเซีย
803,11176,บัณฑิตวิทยาลัย มหาวิทยาลัยวลัยลักษณ์,80,80161,นครศรีธรรมราช
804,11175,SSS & P,83,83110,ภูเก็ต
805,11170,สำนักงานโยธาธิการและผังเมืองจังหวัดกระบี,81,81000,กระบี่
806,11169,ที่ว่าการอำเภอตะโหมด,93,93160,พัทลุง
807,11168,สถาบันมะเร็งแห่งชาติ,10,10400,กรุงเทพมหานคร
808,11167,Fit - D Space Sukhumvit 39,10,10110,กรุงเทพมหานคร
809,11166,ชมรมกีฬากรีฑา สมาคมกีฬาแห่งจังหวัดสุราษฎร์ธานี,84,84000,สุราษฎร์ธานี
810,11165,สำนักงานเทศบาลตำบลย่านตาขาว,92,92140,ตรัง
811,11164,บริษัท บ้านไฟฟ้า 62 จำกัด,12,11140,นนทบุรี
812,11163,ศูนย์ความเป็นเลิศการเรียนการสอน มหาวิทยาลัยวลัยลักษณ์,80,80160,นครศรีธรรมราช
813,11162,บริษัท ไทยเม็ททอล อลูมิเนียม จำกัด,11,10280,สมุทรปราการ
814,11161,บริษัท ออโต้ ซีเอส เอ็นจิเนียริ่ง จำกัด,20,20160,ชลบุรี
815,11160,บริษัท พรศิวะ 999 การก่อสร้าง จำกัด,84,84320,สุราษฎร์ธานี
816,11159,บริษัท ออโต้ ซีเอส เอ็นจิเนียริ่ง จำกัด,20,20160,ชลบุรี
817,11158,บริษัท เอคอนส์ เอ็นจิเนียริ่ง จำกัด,13,12000,ปทุมธานี
818,11157,สำนักงานทางหลวงที่ 16 กรมทางหลวง,80,80000,นครศรีธรรมราช
819,11156,สำนักงานโยธาธิการและผังเมืองจังหวัดชุมพร,86,86000,ชุมพร
820,11155,บริษัท อะแวร์ เทคโนโลยี โซลูชั่น จำกัด,10,10400,กรุงเทพมหานคร
821,11154,โรงเรียนเตรียมอุดมศึกษาพัฒนาการสุราษฎร์ธานี,84,84160,สุราษฎร์ธานี
822,11153,โรงพยาบาลวัฒนแพทย์ สมุย,84,84320,สุราษฎร์ธานี
823,11152,โรงแรมไอบิส สไตล์ กระบี่ อ่าวนาง,81,81180,กระบี่
824,11151,บริษัท วายูดูท รีสอร์ท (ไทยแลนด์ ) จำกัด,83,83150,ภูเก็ต
825,11150,โรงแรม ดินสอ รีสอร์ต แอนด์ วิลล่า ภูเก็ต,83,83150,ภูเก็ต
826,11149,บริษัท คิง เพาเวอร์ คอร์ปอเรชั่น จำกัด,10,10400,กรุงเทพมหานคร
827,11148,บริษัท ชำนาญทาง จำกัด,83,83130,ภูเก็ต
828,11147,บริษัท เดอะคอรัลรีฟ คาบาน่า จำกัด,83,83130,ภูเก็ต
829,11146,เดอะกันเอง,83,83130,ภูเก็ต
830,11145,Elite Suites By Bauman Residence ,83,83150,ภูเก็ต
831,11144,โรงแรมเซ็นทารา ไลฟ์ ละไม รีสอร์ท สมุย,84,84310,สุราษฎร์ธานี
832,11143,บริษัท เคเอ็มพี คอร์ปอเรชัน จำกัด (มหาชน),86,86110,ชุมพร
833,11142,ศูนย์สร้างทางสงขลา สำนักก่อสร้างทางที่ 2 กรมทางหลวง,90,90000,สงขลา
834,11141,บริษัท ไอ เดวา คอร์ปอเรชั่น จำกัด,12,11130,นนทบุรี
835,11140,บริษัท หลักทรัพย์ ดาโอ (ประเทศไทย) จำกัด (มหาชน),10,10330,กรุงเทพมหานคร
836,11139,บริษัท ฟอร์ด มอเตอร์ คัมปะนี (ประเทศไทย) จำกัด,21,21140,ระยอง
837,11138,บริษัท แคเรียร์ (ประเทศไทย) จำกัด,10,10260,กรุงเทพมหานคร
838,11137,บริษัท เอ็น.พี.โรโบติกส์ แอนด์ โซลูชั่น จำกัด (สำนักงานใหญ่),72,72410,สุพรรณบุรี
839,11136,โรงพยาบาลมหาราชนครศรีธรรมราช กลุ่มงานการพยาบาล,80,80000,นครศรีธรรมราช
840,11135,บริษัท แกลม สตูดิโอ จำกัด ,10,10240,กรุงเทพมหานคร
841,11134,บริษัท ไตรโหมดสตูดิโอ จำกัด,10,10120,กรุงเทพมหานคร
842,11133,ภาควิชาฟิสิกส์ คณะวิทยาศาสตร์ มหาวิทยาลัยมหิดล,10,10400,กรุงเทพมหานคร
843,11132,บริษัท สุภัทรที่ปรึกษาและพัฒนาธุรกิจ จำกัด,80,80000,นครศรีธรรมราช
844,11131,บริษัท พีทีที โกลบอล เคมิคอล จำกัด (มหาชน),10,10900,กรุงเทพมหานคร
845,11130,Board Game Academy,10,10600,กรุงเทพมหานคร
846,11129,ศูนย์ความเป็นเลิศด้านการเรียนการสอน มหาวิทยาลัยวลัยลักษณ์,80,80161,นครศรีธรรมราช
847,11128,บริษัท หัวหินแอสเส็ต จำกัด (บลูพอร์ตหัวหิน),77,77110,ประจวบคีรีขันธ์
848,11127,"Institute of Nano Electronic Engineering, University Malaysia Perlis",107,01000,มาเลเซีย
849,11126,พิสูจน์หลักฐานจังหวัดตรัง,92,92000,ตรัง
850,11125,"Faculty of Chemical Engineering and Technology, University Malaysia Perlis",107,02600,มาเลเซีย
851,11124,โรงเรียนอนุบาลตรัง,92,92000,ตรัง
852,11123,บริษัท ไอคอน ไอเดีย จำกัด,10,10310,กรุงเทพมหานคร
853,11122,"Department of Earth, Ocean and Atmospheric Science, Faculty of Science, UBC (Vancouver Campus)",118,,แคนาดา
854,11121,ศูนย์นวัตกรรมผลิตหัวเชื้อจุลินทรีย์เพื่ออุตสาหกรรม (ICPIM) สถาบันวิจัยวิทยาศาสตร์และเทคโนโลยีแห่งประเทศไทย,13,12120,ปทุมธานี
855,11120,สาขาวิทยาศาสตร์ชีวภาพ คณะวิทยาศาสตร์ มหาวิทยาลัยสงขลานครินทร์,90,90110,สงขลา
856,11119,ศูนย์สหกิจศึกษาและทวิภาคี เครือเบทาโกร,10,10210,กรุงเทพมหานคร
857,11118,โรงงานบริการนวัตกรรมอาหาร สถาบันวิจัยทางวิทยาศาสตร์และเทคโนโลยีแห่งประเทศไทย,13,12120,ปทุมธานี
858,11117,โรงพยาบาลสัตว์พนาลัย,12,11120,นนทบุรี
859,11116,บริษัท ซีอาร์ซี สปอร์ต จำกัด เซ็นทรัลเฟสติวัลภูเก็ต,83,83000,ภูเก็ต
860,11115,ห้องปฏิบัติการทีมวิจัยระบบวิศวกรรมขั้นสูง กลุ่มวิจัยการออกแบบเชิงวิศวกรรมและการคำนวณ ศูนย์เทคโนโลยีโลหะและวัสดุแห่งชาติ (MTEC),13,12120,ปทุมธานี
861,11114,University of Sherbrooke,118,,แคนาดา
862,11113,องค์การบริหารส่วนจังหวัดพัทลุง,93,93000,พัทลุง
863,11112,องค์การบริหารส่วนตำบลนาพรุ,80,80000,นครศรีธรรมราช
864,11111,สถานีวิทยุกระจายเสียงแห่งประเทศไทย จังหวัดตรัง,92,92000,ตรัง
865,11110,โรงเรียนวัดไทรงาม,92,92000,ตรัง
866,11109,โรงเรียนหนองทะเลวิทยา,81,81180,กระบี่
867,11108,โรงเรียนแสงทองวิทยา,90,90110,สงขลา
868,11107,โรงเรียนวัดหนองจิก,80,80180,นครศรีธรรมราช
869,11106,โรงเรียนเทศบาล 3 ท่าแดง,81,81000,กระบี่
870,11105,โรงเรียนสตรียะลา,95,95000,ยะลา
871,11104,โรงเรียนปัญญาวิทย์ จังหวัดตรัง,92,92000,ตรัง
872,11103,โรงเรียนอนุบาลไกรแก้ว,80,80240,นครศรีธรรมราช
873,11102,โรงเรียนละงูพิทยาคม,91,91110,สตูล
874,11101,เมเจอร์ซีนีเพล็กซ์ อีจีวี สาขาโลตัสสุราษฎร์ธานี,84,84000,สุราษฎร์ธานี
875,11100,บริษัท แอลตี้พลัส แคร์ จำกัด (Davinclinic ดวินคลินิก),10,10310,กรุงเทพมหานคร
876,11099,ธนาคารอิสลามแห่งประเทศไทย จังหวัดยะลา,95,95000,ยะลา
877,11098,ธนาคารออมสิน ศูนย์ควบคุมและบริหารหนี้เขตกระบี่,81,81000,กระบี่
878,11097,บริษัท เดอะไมเนอร์ ฟู้ด กรุ๊ป จำกัด (มหาชน),10,10110,กรุงเทพมหานคร
879,11096,อุทยานพฤกศาสตร์ มหาวิทยาลัยวลัยลักษณ์,80,80161,นครศรีธรรมราช
880,11095,"Dentsu (Thailand) Co., Ltd.",10,10500,กรุงเทพมหานคร
881,11094,โรงพยาบาลนครพิงค์,50,50180,เชียงใหม่
882,11093,บริษัท กรีนไลน์ ซินเนอร์จี้ จำกัด,10,10250,กรุงเทพมหานคร
883,11092,"Ever Medical Technology Co., Ltd.",10,10230,กรุงเทพมหานคร
884,11091,โรงพยาบาลเลิดสิน,10,10500,กรุงเทพมหานคร
885,11090,ศูนย์เชี่ยวชาญนวัตกรรมผลิตภัณฑ์สมุนไพร (ศนส.) สถาบันวิจัยวิทยาศาสตร์และเทคโนโลยีแห่งประเทศไทย,13,12120,ปทุมธานี
886,11089,ทีมวิจัยปฏิสัมพันธ์ของจุลินทรีย์ทางการเกษตร กลุ่มวิจัยเทคโนโลยีชีวภาพพืชและการจัดการแบบบูรณาการ,13,12120,ปทุมธานี
887,11088,องค์การพิพิธภัณฑ์วิทยาศาสตร์แห่งชาติ,13,12120,ปทุมธานี
888,11087,สำนักงานกฎหมายนิติสุข,83,83000,ภูเก็ต
889,11086,บริษัท เจเอบี ลอว์ เฮ้าส์ จำกัด,10,10240,กรุงเทพมหานคร
890,11085,บริษัท สำนักงานกฎหมาย เดอะเกรท จำกัด,10,10320,กรุงเทพมหานคร
891,11084,ธนาคารพัฒนาวิสาหกิจขนาดกลางและขนาดย่อม สาขาสุราษฎร์ธานี,84,84000,สุราษฎร์ธานี
892,11083,สำนักงานกฎหมายทนายหมัด,95,95150,ยะลา
893,11082,บริษัท ซีอาร์ซี ไทยวัสดุ จำกัด จังหวัดสมุทรปราการ,11,10540,สมุทรปราการ
894,11081,บริษัท ทีเอส อสังหาริมทรัพย์และกฎหมาย จำกัด,80,80000,นครศรีธรรมราช
895,11080,บริษัท คอนโทรล ดาต้า (ประเทศไทย) จำกัด,10,10120,กรุงเทพมหานคร
896,11079,บริษัท แฟนตาเซีย พลัส จำกัด,83,83110,ภูเก็ต
897,11078,สำนักงานศิลปวัฒนธรรมร่วมสมัย กระทรวงวัฒนธรรม,10,10310,กรุงเทพมหานคร
898,11077,โรงเรียนชุมชนวัดจันทาราม,84,84150,สุราษฎร์ธานี
899,11076,โรงเรียนชุมชนวัดสระแก้ว,80,80160,นครศรีธรรมราช
900,11075,วิทยาลัยสารพัดช่างนครศรีธรรมราช,80,80000,นครศรีธรรมราช
901,11074,บริษัท พิมกร ลอว์ จำกัด (สำนักงานทนายความ พิมกร),72,72000,สุพรรณบุรี
902,11073,สถานีตำรวจภูธรกระทุ่มแบน,74,74110,สมุทรสาคร
903,11072,สถานีตำรวจภูธรพนม,84,84250,สุราษฎร์ธานี
904,11071,สำนักงานทนายความชัยกฤษณ์  สิทธิพราหมณ์,84,84000,สุราษฎร์ธานี
905,11070,โรงเรียนเทศบาล 5 เทศบาลเมืองปัตตานี,94,94000,ปัตตานี
906,11069,โรงเรียนบันนังสตาวิทยา,95,95130,ยะลา
907,11068,สำนักงานเจ้าฟ้าทนายความ,81,81000,กระบี่
908,11067,โรงพยาบาลกรุงเทพสิริโรจน์,83,83000,ภูเก็ต
909,11066,บริษัท บลิ๊งค์ ดีไซน์ กรุ๊ป จำกัด,10,10120,กรุงเทพมหานคร
910,11065,สำนักงานอัยการสูงสุด อาคารถนนรัชดาภิเษก,10,10900,กรุงเทพมหานคร
911,11064,สำนักงานอัยการสูงสุด อาคารแจ้งวัฒนะ,10,10210,กรุงเทพมหานคร
912,11063,หน่วยนวัตกรรมเพื่อผู้บริโภคด้านผลิตภัณฑ์สุขภาพ คณะเภสัชศาสตร์ มหาวิทยาลัยสงขลานครินทร์,90,90110,สงขลา
913,11062,สถานีตำรวจภูธรเมืองปัตตานี,94,94000,ปัตตานี
914,11061,สถานีตำรวจภูธรท่าศาลา,80,80160,นครศรีธรรมราช
915,11060,สถานีตำรวจภูธรฉวาง,80,80150,นครศรีธรรมราช
916,11059,สำนักงานภัทรทนายความ,92,92000,ตรัง
917,11058,สำนักงานทนายความดำรงธรรม,95,95000,ยะลา
918,11057,บริษัท ร่อนพิบูลย์ ทนายความ จำกัด,80,80130,นครศรีธรรมราช
919,11056,บริษัท เราเอ็ล แลนด์ จำกัด,10,10310,กรุงเทพมหานคร
920,11055,ศาลจังหวัดตะกั่วป่า,82,82110,พังงา
921,11054,โรงเรียนบ้านต้นปรง,92,92220,ตรัง
922,11053,โรงเรียนบ้านห้วยหาร,80,80350,นครศรีธรรมราช
923,11052,โรงเรียนอนุบาลป่าบอน,93,93170,พัทลุง
924,11051,สำนักงานเขตพื้นที่การศึกษาประถมศึกษานครศรีธรรมราช เขต 2,80,80110,นครศรีธรรมราช
925,11050,โรงเรียนเทศบาล 6 (วัดตันตยาภิรม),92,92000,ตรัง
926,11049,กองบัญชาการช่วยรบที่ 4 ค่ายเทพสตรีศรีสุนทร,80,80310,นครศรีธรรมราช
927,11048,โรงเรียนสตรีสมุทรปราการ,11,10270,สมุทรปราการ
928,11047,บริษัท เอราวัณเคมีเกษตร จำกัด,10,10900,กรุงเทพมหานคร
929,11046,โรงพยาบาลกล้วยน้ำไท,10,10110,กรุงเทพมหานคร
930,11045,วิทยาลัยแพทย์ศาสตร์และการสาธารณสุข มหาวิทยาลัยอุบลราชธานี,34,34190,อุบลราชธานี
931,11044,บริษัท สุเทพฟาร์มสุราษฎร์ จำกัด,84,84130,สุราษฎร์ธานี
932,11043,ศูนย์ศึกษาการพัฒนาพิกุลทองอันเนื่องมาจากพระราชดำริ,96,96000,นราธิวาส
933,11042,บริษัท ไดกิ้นอินดัสทรีย์ (ประเทศไทย) จำกัด,20,20000,ชลบุรี
934,11041,บริษัท สำนักงานกฎหมายพีเค อินเตอร์เนชั่นแนล จำกัด,83,83130,ภูเก็ต
935,11040,บริษัท วีระยุทธ แอนด์ พาร์ทเนอร์ส จำกัด,12,11120,นนทบุรี
936,11039,ศาลอาญาพระโขนง,10,10260,กรุงเทพมหานคร
937,11038,สำนักงานทนายความ ฉลอง จิเลียง และเพื่อน,91,91000,สตูล
938,11037,สำนักงานกฎหมาย ธ.ก.ส.ประจำฝ่ายกิจการสาขาภาคใต้ตอนล่าง ฝ่ายบริหารคดีและบังคับคดี จ.สงขลา,90,90110,สงขลา
939,11036,สำนักงานบังคับคดีจังหวัดนครศรีธรรมราช สาขาปากพนัง,80,80140,นครศรีธรรมราช
940,11035,บริษัท สวนปาล์มพนมชัย จำกัด,84,84350,สุราษฎร์ธานี
941,11034,บริษัท พนากิจเกษตรกรรมและอุตสาหกรรม จำกัด,81,81170,กระบี่
942,11033,บริษัท คาร์กิลล์สยาม จำกัด จังหวัดกรุงเทพมหานคร,10,10330,กรุงเทพมหานคร
943,11032,ศูนย์ส่งเสริมเทคโนโลยีการเกษตรด้านอารักขาพืช จังหวัดสุราษฎร์ธานี,84,84130,สุราษฎร์ธานี
944,11031,"CES Engineering & Maintenance Co., Ltd.",90,90280,สงขลา
945,11030,บริษัท เกาะแต้วฟู้ดส์ จำกัด,90,90000,สงขลา
946,11029,บริษัท สปีดิชั่น ซิกม่า จำกัด (ท่าเรือคลองเตย กรุงเทพมหานคร),10,10110,กรุงเทพมหานคร
947,11028,บริษัท ปาร์ตี้สเปซดีไซน์ เอสซี จำกัด ,10,10110,กรุงเทพมหานคร
948,11027,บริษัท วิสัย เอไอ จำกัด,10,10900,กรุงเทพมหานคร
949,11026,BLOCKINVEST GROUP,83,83000,ภูเก็ต
950,11025,สำนักงานปลัด กระทรวงดิจิทัลเพื่อเศรษฐกิจและสังคม,10,10210,กรุงเทพมหานคร
951,11024,บริษัท ผลิตภัณฑ์อาหารเชฟช้อย (สาขา 1),12,11130,นนทบุรี
952,11023,บริษัท โฟร์ ฟูดส์ จำกัด,13,12150,ปทุมธานี
953,11022,ฟาร์มโชคชัย,30,30130,นครราชสีมา
954,11021,บริษัท ซีอาร์ซี สปอร์ต จำกัด (สาขาหาดใหญ่),90,90110,สงขลา
955,11020,RheinMain University of Applied Sciences,126,,เยอรมัน
956,11019,บริษัท คอมเซเว่น จำกัด (มหาชน),10,10260,กรุงเทพมหานคร
957,11018,บริษัท แอท สิริ ดีไซน์ จำกัด,83,83000,ภูเก็ต
958,11017,บริษัท อาร์ต อิน มายด์ กรุ๊ป จำกัด,90,90110,สงขลา
959,11016,บริษัท เซพพลิน จำกัด,90,90110,สงขลา
960,11015,บริษัท เซาท์ซัน ดีไซน์ จำกัด,90,90110,สงขลา
961,11014,บริษัท แอทไซน์ อาร์คิเทคท์ จำกัด,84,84000,สุราษฎร์ธานี
962,11013,บริษัท ลิระดีไซน์ คลับ จำกัด,12,11140,นนทบุรี
963,11012,บริษัท สถาปนิกเมนคอร์ส จำกัด,10,10400,กรุงเทพมหานคร
964,11011,บริษัท เอกอาร์คิเทค แอนด์ ดิเวลล๊อปเมนท์ จำกัด,84,84000,สุราษฎร์ธานี
965,11010,บริษัท ลาภิณเด็คคอร์ 19 จำกัด,90,90110,สงขลา
966,11009,บริษัท เอส-คิวบ์ ดีไซน์ จำกัด,10,10120,กรุงเทพมหานคร
967,11008,สถานีโทรทัศน์เพื่อการท่องเที่ยวและกีฬา (T-Sport 7),10,10240,กรุงเทพมหานคร
968,11007,บริษัท เด็นโซ่ อินเตอร์เนชั่นแนล เอเชีย จำกัด,11,10560,สมุทรปราการ
969,11006,บริษัท แพลน บี มีเดีย จำกัด (มหาชน),10,10400,กรุงเทพมหานคร
970,11005,บริษัท สเปซพลัส อาร์คิเทค จำกัด,90,90000,สงขลา
971,11004,บริษัท ท๊อป โปรเฟสชั่นแนล แอนด์ ดีเวลลอปเมนต์ จำกัด,20,20130,ชลบุรี
972,11003,-,102,,Aichi (Japan)
973,11002,โรงแรมหาดใหญ่เมอร์ริเดียน,90,90110,สงขลา
974,11001,-,102,,Aichi (Japan)
975,11000,ห้างหุ้นส่วนจำกัด ตรีดี อาคิเทค แอนด์ เอนจิเนียริ่ง,50,50200,เชียงใหม่
976,10999,บริษัท พศ.สถาปนิก จำกัด,83,83110,ภูเก็ต
977,10998,บริษัท จั่นอาร์คิเทค จำกัด,10,10400,กรุงเทพมหานคร
978,10997,บริษัท กอปรฝัน จำกัด,10,10230,กรุงเทพมหานคร
979,10996,บริษัท สถาปนิก 49 จำกัด,10,10110,กรุงเทพมหานคร
980,10995,บริษัท วอร์คิเทค จำกัด,10,10900,กรุงเทพมหานคร
981,10994,-,102,,Aichi (Japan)
982,10993,บริษัท สตูดิโอ อาร์คิเทค อรรถสิทธิ์ ศรีขุนทด จำกัด,84,84320,สุราษฎร์ธานี
983,10992,บริษัท แวสแล็บ จำกัด,10,10260,กรุงเทพมหานคร
984,10991,บริษัท โฟลสเปช จำกัด,90,90110,สงขลา
985,10990,บริษัท เฌอเมคเกอร์ สตูดิโอ จำกัด,50,50200,เชียงใหม่
986,10989,บริษัท เอสเอสดับเบิลยู แอนด์ แอสโซซิเอทส์ จำกัด,10,10700,กรุงเทพมหานคร
987,10988,โรงเรียนบ้านทุ่ง,81,81140,กระบี่
988,10987,ศูนย์นวัตกรรมและเทคโนโลยีดิจิทัล สำนักวิทยบริการและเทคโนโลยีสารสนเทศ มหาวิทยาลัยราชภัฏสุราษฎร์ธานี,84,84100,สุราษฎร์ธานี
989,10986,บริษัท สยาม เอ็กซ์เพรส โลจิสติกส์ 2023 จำกัด,11,10540,สมุทรปราการ
990,10985,ธนาคารเพื่อการเกษตรและสหกรณ์การเกษตร สาขาบ้านนาเดิม,84,84240,สุราษฎร์ธานี
991,10984,บริษัท ออนไลน์แอสเซ็ท จำกัด,10,10310,กรุงเทพมหานคร
992,10983,โรงพยาบาลศูนย์การแพทย์ มหาวิทยาลัยวลัยลักษณ์ แผนกการเงินและเวชระเบียน,80,80160,นครศรีธรรมราช
993,10982,โรงเรียนอนุบาลรามเดชา,81,81110,กระบี่
994,10981,บริษัท วีอาร์ทวินส์ จำกัด,10,10330,กรุงเทพมหานคร
995,10980,บริษัท บายวิสต้า จำกัด,84,84140,สุราษฎร์ธานี
996,10979,สำนักงานเทศบาลเมืองสิงหนคร,90,90280,สงขลา
997,10978,บริษัท เอสอาร์พี อี-เอ็นเนอร์ยี่ จำกัด,80,80000,นครศรีธรรมราช
998,10977,บริษัท วายวีอาร์ จำกัด,13,12130,ปทุมธานี
999,10976,บริษัท ซิมโฟนี มิวสิค ช้อป จำกัด,84,84000,สุราษฎร์ธานี
1000,10975,สำนักงานคณบดี สำนักวิชาการบัญชีและการเงิน มหาวิทยาลัยวลัยลักษณ์,80,80161,นครศรีธรรมราช
1001,10960,โรงแรมบาวแมนเรสซิเด้นซ์,83,83150,ภูเก็ต
1002,10959,บริษัท พัฒนาการโลหะกิจ จำกัด,80,80000,นครศรีธรรมราช
1003,10958,อีเอ อีดียู ดีไซน์,15,14120,อ่างทอง
1004,10957,บริษัท โลละห้า จำกัด,10,10900,กรุงเทพมหานคร
1005,10956,บริษัท อธิยา แอดเวอร์ไทซิ่ง แอนด์ พริ้นติ้ง จำกัด,77,77110,ประจวบคีรีขันธ์
1006,10955,ศาลแขวงทุ่งสง,80,80110,นครศรีธรรมราช
1007,10954,บริษัท เอส ซี แมนเนจเมนท์ จำกัด,10,10260,กรุงเทพมหานคร
1008,10953,บริษัท เวลเนส เอเชีย จำกัด,10,10230,กรุงเทพมหานคร
1009,10952,บริษัท โทมิ เทค 24 จำกัด ,10,10400,กรุงเทพมหานคร
1010,10951,บริษัท โกซอฟท์ (ประเทศไทย) จำกัด จังหวัดนนทบุรี,12,11120,นนทบุรี
1011,10950,โรงพยาบาลเจริญกรุงประชารักษ์,10,10120,กรุงเทพมหานคร
1012,10949,บริษัท สยาม โอเชี่ยน เวิร์ล กรุงเทพ จำกัด,10,10330,กรุงเทพมหานคร
1013,10948,ห้างหุ้นส่วนจำกัด บลิส อีเวนส์ (ไทยแลนด์) เกาะสมุย,84,84140,สุราษฎร์ธานี
1014,10947,บริษัท บีดีโอ ภูเก็ต จำกัด,83,83000,ภูเก็ต
1015,10946,ที่ทำการไปรษณีย์ขนอม,80,80210,นครศรีธรรมราช
1016,10945,บริษัท โทรคมนาคมแห่งชาติ จำกัด (มหาชน) จังหวัดยะลา,95,95000,ยะลา
1017,10944,บริษัท วินเนสต์ บางกอก เฮลท์แคร์ จำกัด,10,10230,กรุงเทพมหานคร
1018,10943,ซัมเมอร์คลินิก ภูเก็ต,83,83000,ภูเก็ต
1019,10942,โรงแรม คาลิมา รีสอร์ท แอนด์ สปา ภูเก็ต,83,83150,ภูเก็ต
1020,10941,บริษัท อาฟเตอร์ ยู จำกัด (มหาชน),10,10250,กรุงเทพมหานคร
1021,10940,บริษัท ออฟฟิศเมท (ประเทศไทย) จำกัด,10,10500,กรุงเทพมหานคร
1022,10939,สำนักงานสาธารณสุขจังหวัดชุมพร,86,86000,ชุมพร
1023,10938,ที่ว่าการอำเภอจุฬาภรณ์,80,80130,นครศรีธรรมราช
1024,10937,บริษัท เบลตัน อินดัสเตรียล (ประเทศไทย) จำกัด จังหวัดพระนครศรีอยุธยา,14,13210,พระนครศรีอยุธยา
1025,10936,บริษัท คูเรีย แล็บ จำกัด,10,10110,กรุงเทพมหานคร
1026,10935,บริษัท โกปี๊ 2001 จำกัด สาขาเซ็นทารา,80,80000,นครศรีธรรมราช
1027,10934,บริษัท โฟร์ พี กรุ๊ป (ไทยแลนด์) จำกัด,10,10120,กรุงเทพมหานคร
1028,10933,บริษัท เบส.บีเคเคโซลูชั่น จำกัด,10,10260,กรุงเทพมหานคร
1029,10932,บริษัท สถาพรบุ๊คส์ จำกัด,10,10220,กรุงเทพมหานคร
1030,10931,บริษัท แชทสติ๊ค จำกัด,10,10160,กรุงเทพมหานคร
1031,10930,บริษัท บอร์น ทูบี ภูเก็ตเถียน จำกัด,83,83000,ภูเก็ต
1032,10929,บริษัท บีเทคทรีดี จำกัด,10,10150,กรุงเทพมหานคร
1033,10928,โรงแรม อโนน่า บีชฟรอนต์ ภูเก็ต รีสอร์ท,83,83150,ภูเก็ต
1034,10927,มูลนิธิซีจีเอ็นทีวีไทย,10,10400,กรุงเทพมหานคร
1035,10926,บริษัท จีจีซี เคทิส ไบโออินดัสเทรียล จำกัด,60,60140,นครสวรรค์
1036,10925,บริษัท ไทยออยล์ จำกัด (มหาชน),20,20230,ชลบุรี
1037,10924,บริษัท เรเนเกด ฟิล์ม จำกัด (เทพลีลา),10,10312,กรุงเทพมหานคร
1038,10923,เทศบาลตำบลทุ่งหลวง,84,84190,สุราษฎร์ธานี
1039,10922,โรงแรม สวิสโซเทล กรุงเทพ รัชดา,10,10320,กรุงเทพมหานคร
1040,10921,บริษัท บีวาย ชีวิลเอ็นจิเนียริ่ง ดีไซน์ แอนด์ คอนเซาท์แตนท์ จำกัด,11,10270,สมุทรปราการ
1041,10920,สำนักงานสิ่งแวดล้อมและควบคุมมลพิษที่ 14 (สุราษฎร์ธานี),84,84000,สุราษฎร์ธานี
1042,10919,บริษัท เก็ตออนเทคโนโลยี จำกัด,10,10900,กรุงเทพมหานคร
1043,10918,บริษัท เนียร์ โค้ด จำกัด,80,80000,นครศรีธรรมราช
1044,10917,โรงเรียนเทศบาลเชิงทะเล (ตันติวิท),83,83110,ภูเก็ต
1045,10916,โรงแรม อันดารา รีสอร์ท เรสซิเด้นซ์,83,83150,ภูเก็ต
1046,10915,โรงแรม อ่าวนาง วิลล่า รีสอร์ท,81,81180,กระบี่
1047,10914,บริษัท ว้าว อันดามัน จำกัด จังหวัดภูเก็ต,83,83000,ภูเก็ต
1048,10913,โรงแรม การ์รียา ท้องทราย เบย์ สมุย,84,84320,สุราษฎร์ธานี
1049,10912,บริษัท มาสเตอร์ สไตล์ จำกัด (มหาชน),10,10300,กรุงเทพมหานคร
1050,10911,บริษัท ฟลอยด์ จำกัด (มหาชน),12,11140,นนทบุรี
1051,10910,ศูนย์บริการตรวจสอบและรับรองมาตรฐาน คณะวิทยาศาสตร์ มหาวิทยาลัยสงขลานครินทร์,90,90110,สงขลา
1052,10909,บริษัท เคลย์ สเตชั่น จำกัด,10,10220,กรุงเทพมหานคร
1053,10908,ศูนย์ความเป็นเลิศด้านนวัตกรรมสารสนเทศ มหาวิทยาลัยวลัยลักษณ์,80,80161,นครศรีธรรมราช
1054,10907,บริษัท แพลนนิ่ง เอ็นจิเนียริ่ง ดีเวลล็อปเมนท์ จำกัด,11,10540,สมุทรปราการ
1055,10906,บริษัท นทีชัย จำกัด,84,84180,สุราษฎร์ธานี
1056,10905,ที่ว่าการอำเภอเมืองระนอง,85,85000,ระนอง
1057,10904,บริษัท อุตสาหกรรมการบิน จำกัด,10,10210,กรุงเทพมหานคร
1058,10903,บริษัท สยามมัลติคอน จำกัด,10,10250,กรุงเทพมหานคร
1059,10902,บริษัท เอ.เบสท์ อินเตอร์ โปรดักส์ จำกัด,10,10150,กรุงเทพมหานคร
1060,10901,โรงแรม เอ้าท์ริกเกอร์ เขาหลัก บีช รีสอร์ท ,82,82190,พังงา
1061,10900,ศาลอาญา,10,10900,กรุงเทพมหานคร
1062,10899,องค์การกระจายเสียงและแพร่ภาพสาธารณะแห่งประเทศไทย ศูนย์ภูมิภาคหาดใหญ่,90,90110,สงขลา
1063,10898,Good Daddy (ผู้ใหญ่ใจดี),10,10220,กรุงเทพมหานคร
1064,10897,สหกรณ์สุราษฎร์ธานี จำกัด,84,84130,สุราษฎร์ธานี
1065,10896,สำนักงานพัฒนาสังคมและความมั่นคงของมนุษย์ จังหวัดนนทบุรี,12,11000,นนทบุรี
1066,10895,ฟิตดี พญาไท สเปซ ,10,10400,กรุงเทพมหานคร
1067,10894,เรือนจำจังหวัดสงขลา,90,90000,สงขลา
1068,10893,บริษัท คิว แอนด์ อี อินเตอร์เนชั่นแนล จำกัด,13,12150,ปทุมธานี
1069,10892,ที่ทำการปกครองจังหวัดสระบุรี,19,18000,สระบุรี
1070,10891,บริษัท กราฟโฟ้ ดีไซน์ จำกัด,83,83000,ภูเก็ต
1071,10890,สำนักงานจังหวัดนราธิวาส ,96,96000 ,นราธิวาส
1072,10889,บริษัท บัซซี่บีส์ จำกัด,10,10310,กรุงเทพมหานคร
1073,10888,บริษัท โค้ชไทย คอร์ปอเรชั่น จำกัด,10,10230,กรุงเทพมหานคร
1074,10887,เทศบาลตำบลเกาะเพชร,80,80170,นครศรีธรรมราช
1075,10886,บริษัท น้ำตาลครบุรี จำกัด (มหาชน),30,30250,นครราชสีมา
1076,10885,บริษัท บิทคับ ออนไลน์ จำกัด,10,10110,กรุงเทพมหานคร
1077,10884,ที่ว่าการอำเภอวิภาวดี,84,84370,สุราษฎร์ธานี
1078,10883,บริษัท ฮัลโหล ภูเก็ต เซอร์วิส จำกัด,83,83000,ภูเก็ต
1079,10882,ห้องปฏิบัติการเพาะเลี้ยงเลี้ยงเซลล์และพันธุวิศวกรรมเนื้อเยื่อ สถาบันวิทยาการสุขภาพ มหาวิทยาลัยวลัยลักษณ์ ,80,80160,นครศรีธรรมราช
1080,10881,บริษัท ดาร์ค อาร์มี่ สตูดิโอ จำกัด,10,10140,กรุงเทพมหานคร
1081,10880,บริษัท ซีแอลเอ็กซ์ ไทย จำกัด สาขากรุงเทพมหานคร,10,10110,กรุงเทพมหานคร
1082,10879,บริษัท เอจี คอนสตรัคชั่น ภูเก็ต จำกัด,83,83110,ภูเก็ต
1083,10878,Nakhon Art Space,80,80000,นครศรีธรรมราช
1084,10877,บริษัท อีสท์อินโนเวชั่น จำกัด,10,10250,กรุงเทพมหานคร
1085,10876,บริษัท ไทยรับเทค จำกัด,11,74000,สมุทรปราการ
1086,10875,บริษัท ซีอาร์ซี สปอร์ต จำกัด (เครือเซ็นทรัล รีเทล คอร์ปอเรชั่น) สาขาเซ็นทรัลเวิลด์,10,10330,กรุงเทพมหานคร
1087,10874,บริษัท นีโอ แฟคทอรี่ จำกัด,13,12150,ปทุมธานี
1088,10873,สำนักงานที่ดินจังหวัดนครศรีธรรมราช สาขาท่าศาลา,80,80160,นครศรีธรรมราช
1089,10872,บริษัท พริมา มารีน จำกัด (มหาชน),10,10260,กรุงเทพมหานคร
1090,10871,บริษัท ไทย บรอดคาสติ้ง จำกัด,13,12000,ปทุมธานี
1091,10870,บริษัท อีเลคตริคคอล โปรเจคท์ จำกัด,83,83110,ภูเก็ต
1092,10869,บริษัท ปั้ง ปั้ง ทัวร์ จำกัด,83,83130,ภูเก็ต
1093,10868,ห้างหุ้นส่วนจำกัด ทรัพย์นคร,93,93160,พัทลุง
1094,10867,บริษัท ดิ วิชวล กรุงเทพ จำกัด,10,10500,กรุงเทพมหานคร
1095,10866,สำนักงานเทศบาลตำบลฉวาง,80,80150,นครศรีธรรมราช
1096,10865,บริษัท ธาร์ณัส จำกัด,10,10210,กรุงเทพมหานคร
1097,10864,โรงเรียนสวรรค์วิทยาคาร,96,96150,นราธิวาส
1098,10863,บริษัท บีดีโอ แอดไวเซอรี่ เซอร์วิสเซส จำกัด,10,10110,กรุงเทพมหานคร
1099,10862,ร้านศักดิ์ศรีโฆษณา,80,80000,นครศรีธรรมราช
1100,10861,สำนักงานเทศบาลตำบลเนินสันติ,86,86140,ชุมพร
1101,10860,บริษัท เวอร์เบิล จำกัด,90,,สงขลา
1102,10859,บริษัท ทีละเฟรม สตูดิโอ จำกัด,12,11000,นนทบุรี
1103,10858,บริษัท ดิจิตอล ดอกเตอร์ จำกัด,83,83000,ภูเก็ต
1104,10857,บริษัท ฐานิดา ก่อสร้าง จำกัด,11,10270,สมุทรปราการ
1105,10856,บริษัท เสริมสงวนก่อสร้าง จำกัด จังหวัดกระบี่,81,81130,กระบี่
1106,10855,บริษัท เซ็นเตอร์พ้อยท์ เอ็นเตอร์เทนเม้นท์ จำกัด,10,10260,กรุงเทพมหานคร
1107,10854,โรงเรียนพิมพ์มณี,80,80320,นครศรีธรรมราช
1108,10853,บริษัท จินเล่อ มีเดีย เวิร์ค จำกัด,10,10120,กรุงเทพมหานคร
1109,10852,บริษัท เวิร์คพอยท์ เอ็นเทอร์เทนเมนท์ จำกัด (มหาชน) ,13,12000,ปทุมธานี
1110,10851,ธนาคารเพื่อการเกษตรและสหกรณ์การเกษตร สาขาทวดทอง,80,80000,นครศรีธรรมราช
1111,10850,โรงแรมมิลลิเนียม รีสอร์ท ป่าตอง ภูเก็ต,83,83150,ภูเก็ต
1112,10849,สำนักงานทรัพยากรธรรมชาติและสิ่งแวดล้อมจังหวัดสุราษฎร์ธานี,84,84000,สุราษฎร์ธานี
1113,10848,สำนักกฎหมายเนติศุภชีวิน,80,80110,นครศรีธรรมราช
1114,10847,บริษัท สโมสรฟุตบอล พีที ประจวบ เอฟซี จำกัด,77,77000,ประจวบคีรีขันธ์
1115,10846,สำนักงานอัยการคุ้มครองสิทธิและช่วยเหลือทางกฎหมายและการบังคับคดีจังหวัดตรัง,92,92000,ตรัง
1116,10845,ศูนย์กีฬารามาธิบดี มหาวิทยาลัยมหิดล,10,10400,กรุงเทพมหานคร
1117,10844,คณะแพทยศาสตร์ ศิริราชพยาบาล มหาวิทยาลัยมหิดล ภาควิชาศัลยศาสตร์ออร์โธปิดิกส์และกายภาพบำบัด แผนกเวชศาสตร์การกีฬา,10,10700,กรุงเทพมหานคร
1118,10843,สมาคมกีฬาจักรยานแห่งประเทศไทยในพระบรมราชูปถัมภ์,10,10240,กรุงเทพมหานคร
1119,10842,บริษัท บีเคเอฟ แอโรสเปซ จำกัด,74,74110,สมุทรสาคร
1120,10841,บริษัท ทีพีเอล เอ็ดดูเคชั่น (ประเทศไทย) จำกัด,10,10330,กรุงเทพมหานคร
1121,10840,บริษัท ซันเท็ค คอนสตรัคชั่น จำกัด,10,10110,กรุงเทพมหานคร
1122,10839,Garrya Tongsai Bay Samui,84,84320,สุราษฎร์ธานี
1123,10838,บริษัท ภูเก็ตสแควร์ จำกัด (โรงแรม M Social Phuket),83,83150,ภูเก็ต
1124,10837,มูลนิธิเอ็นไลฟ,10,10250,กรุงเทพมหานคร
1125,10836,บริษัท อีเอ็มเอส เอ็นจิเนียริ่ง จำกัด,83,83110,ภูเก็ต
1126,10835,บริษัท วธูธร จำกัด,13,12000,ปทุมธานี
1127,10834,บริษัท อนาล็อก ดีไวเซส (ประเทศไทย) จำกัด,20,20000,ชลบุรี
1128,10833,บริษัท สยามอาร์สตรองค์ จำกัด,10,10160,กรุงเทพมหานคร
1129,10832,ภาควิชาพฤกษศาสตร์ คณะวิทยาศาสตร์ มหาวิทยาลัยมหิดล,10,10400,กรุงเทพมหานคร
1130,10831,"Zamil Steel Buildings Vietnam Co., Ltd.",115,,เวียดนาม
1131,10830,เดอะ ดอว์น เวลเนส เซ็นเตอร์ แอนด์ รีแฮบ,50,50340,เชียงใหม่
1132,10829,สำนักวัฒนธรรม กีฬา และการท่องเที่ยว กรุงเทพมหานคร,10,10400,กรุงเทพมหานคร
1133,10828,สมายล์ สมุย ทัวร์,84,84320,สุราษฎร์ธานี
1134,10827,บริษัท อะยูยา คอนซัลแตนท์ จำกัด,94,94000,ปัตตานี
1135,10826,สถานีตำรวจท่องเที่ยวเกาะสมุย,84,84320,สุราษฎร์ธานี
1136,10825,โรงแรม เซเลส สมุย,84,84320,สุราษฎร์ธานี
1137,10824,โรงแรม พาร์ค ไฮแอท เซี่ยงไฮ้,103,200120,จีน
1138,10823,บริษัท อินเตอร์คอสเพ็ด (ประเทศไทย) จำกัด,10,10310,กรุงเทพมหานคร
1139,10822,บริษัท โนวิเทธ กรุ้ป จำกัด,10,10210,กรุงเทพมหานคร
1140,10821,สำนักงานกองทุนสนับสนุนการเสร้างเสริมสุขภาพ (สสส.),10,10120,กรุงเทพมหานคร
1141,10820,บริษัท เอเชีย ไบโอแมส จำกัด (มหาชน),10,10150,กรุงเทพมหานคร
1142,10819,บริษัท ไปรษณีย์ไทย ดิสทริบิวชั่น จํากัด สาขาสุราษฎร์ธานี,84,84000,สุราษฎร์ธานี
1143,10818,บริษัท ที เอ็ม วาย แอคเคาท์ติ้ง แมเนจเมนท์ จำกัด,10,10110,กรุงเทพมหานคร
1144,10817,ที่ทำการไปรษณีย์จังหวัดตรัง,92,92000,ตรัง
1145,10816,บริษัท เจเค สตูดิโอ จำกัด,50,50180,เชียงใหม่
1146,10815,บริษัท ดีมีเตอร์ ไอซีที จำกัด,10,10120,กรุงเทพมหานคร
1147,10814,บริษัท เมนูก้าไทย จำกัด,13,12120,ปทุมธานี
1148,10813,ธนาคารเพื่อการเกษตรและสหกรณ์การเกษตร สาขาระนอง,85,85000,ระนอง
1149,10812,สำนักงานคณบดีสำนักวิชาครุศาสตร์ มหาวิทยาลัยวลัยลักษณ์,80,80161,นครศรีธรรมราช
1150,10811,โรงแรม อนันตรา เวเคชั่น คลับ ไม้ขาว ภูเก็ต,83,83110,ภูเก็ต
1151,10810,ศาลอาญาธนบุรี,10,10150,กรุงเทพมหานคร
1152,10809,บริษัท ดีไนน์ โซลูชั่น เอ็นจิเนียริ่ง จำกัด,10,10310,กรุงเทพมหานคร
1153,10808,บริษัท เอซีซีแอล โซลูชั่นส์ จำกัด,90,90230,สงขลา
1154,10807,สำนักงานเกษตรและสหกรณ์จังหวัดสุราษฎร์ธานี,84,84000,สุราษฎร์ธานี
1155,10806,คลังพัสดุ ส่วนอาคารสถานที่ มหาวิทยาลัยวลัยลักษณ์,80,80161,นครศรีธรรมราช
1156,10805,ภาควิชานิติเวชศาสตร์และพิษวิทยา คณะแพทยศาสตร์ มหาวิทยาลัยสงขลานครินทร์,90,90110,สงขลา
1157,10804,สำนักงานเจ้าท่าภูมิภาคสาขาตรัง,92,92110,ตรัง
1158,10803,บริษัท จูเวไนล์ จำกัด,10,10240,กรุงเทพมหานคร
1159,10802,โรงแรม อมารี กรุงเทพฯ,10,10400,กรุงเทพมหานคร
1160,10801,บริษัท คลาวด์นายน์ เวิลด์วายด์ จำกัด (สำนักงานใหญ่),10,10310,กรุงเทพมหานคร
1161,10800,บริษัท ยืนเดี่ยว จำกัด,10,10230,กรุงเทพมหานคร
1162,10799,บริษัท อาร์ ไอ เอส จำกัด,10,10500,กรุงเทพมหานคร
1163,10798,บริษัท แพคกิ้งไลน์ จำกัด,74,74000,สมุทรสาคร
1164,10797,Avista Grand Phuket Karon,83,83100,ภูเก็ต
1165,10796,บริษัท ครัวการบินกรุงเทพภูเก็ต จำกัด,83,83110,ภูเก็ต
1166,10795,บริษัท ครัวการบินกรุงเทพสมุย จำกัด ,84,84320,สุราษฎร์ธานี
1167,10794,,10,10110,กรุงเทพมหานคร
1168,10793,โรงพยาบาลรามคำแหง,10,10240,กรุงเทพมหานคร
1169,10792,สโมสรฟุตบอลมหาวิทยาลัยนอร์ทกรุงเทพ,13,12130,ปทุมธานี
1170,10791,สมาคมกีฬาวอลเลย์บอลแห่งประเทศไทย,10,10240,กรุงเทพมหานคร
1171,10790,วินด์แฮม การ์เด้น ในทอน ภูเก็ต,83,83110,ภูเก็ต
1172,10789,บริษัท หลักทรัพย์ พาย จำกัด (มหาชน),10,10330,กรุงเทพมหานคร
1173,10788,โรงแรม ฮอลิเดย์ สไตล์ อ่าวนาง บีช รีสอร์ท กระบี่,81,81180,กระบี่
1174,10787,สำนักงานสาธารณสุขจังหวัดสตูล,91,91000,สตูล
1175,10786,บริษัท เคมิท กรุ๊ป จำกัด,12,11120,นนทบุรี
1176,10785,องค์การบริหารส่วนจังหวัดชุมพร,86,,ชุมพร
1177,10784,สถานีตำรวจภูธรนครศรีธรรมราช,80,80000,นครศรีธรรมราช
1178,10783,Hiwwhee Official,10,,กรุงเทพมหานคร
1179,10782,ที่ทำการปกครองจังหวัดสตูล,91,91000,สตูล
1180,10781,สถานีตำรวจภูธรไชยา,84,84110,สุราษฎร์ธานี
1181,10780,บริษัท ฟอสเตอร์ เอ็นจิเนียริ่ง จำกัด ,10,10510,กรุงเทพมหานคร
1182,10779,บริษัท โซไอเดีย จำกัด,10,10310,กรุงเทพมหานคร
1183,10778,Jetts Fitness Thailand,10,10220,กรุงเทพมหานคร
1184,10777,โรงเรียนด่านช้างวิทยา,72,72180,สุพรรณบุรี
1185,10776,เวิร์คเอ้าท์ ฟิตเนส แอนด์ มวยไทย,83,83000,ภูเก็ต
1186,10775,โรงเรียนกีฬาจังหวัดสุพรรณบุรี,72,72000,สุพรรณบุรี
1187,10760,Virgin Active สยามดิสคัฟเวอรี่,10,10330,กรุงเทพมหานคร
1188,10759,University Sains Malaysia,107,,มาเลเซีย
1189,10758,บริษัท ไอ เอ็ดดูเคชั่น จำกัด,10,10900,กรุงเทพมหานคร
1190,10757,บริษัท อัพไรท์ ซิมมูเลชั่น จำกัด,11,10540,สมุทรปราการ
1191,10756,"Archroma Textile Efficts (Thailand) Co., Ltd.",74,74000,สมุทรสาคร
1192,10755,บริษัท ขั้นเทพ การช่าง จำกัด,11,,สมุทรปราการ
1193,10754,บริษัท ฮันนี่คอร์ปอเรชั่น จำกัด,74,74000,สมุทรสาคร
1194,10753,โรงแรม ดีวาน่า พลาซ่า ภูเก็ต ป่าตอง,83,83150,ภูเก็ต
1195,10752,สำนักงานข่าวกรองแห่งชาติ,10,10300,กรุงเทพมหานคร
1196,10751,บริษัท แก๊ก อินเตอร์เนชั่นแนล จำกัด,10,10170,กรุงเทพมหานคร
1197,10750,บริษัท แพลน บี อีเลฟเว้น จำกัด,10,10400,กรุงเทพมหานคร
1198,10749,ที่ว่าการอำเภอฉวาง จังหวัดนครศรีธรรมราช,80,80150,นครศรีธรรมราช
1199,10748,ที่ว่าการอำเภอวังวิเศษ,92,92220,ตรัง
1200,10747,กองการต่างประเทศ สำนักงานปลัดกระทรวงการพัฒนาสังคมและความมั่นคงของมนุษย์,10,10100,กรุงเทพมหานคร
1201,10746,บริษัท อินทนิล ลอว์ กรุ๊ป จำกัด,84,,สุราษฎร์ธานี
1202,10745,บริษัท เอ็มไลน์ เอ็นจิเนียริ่ง จำกัด,10,10220,กรุงเทพมหานคร
1203,10744,ที่ว่าการอำเภอควนโดน,91,91160,สตูล
1204,10743,ที่ว่าการอำเภอดอนสัก,84,84220,สุราษฎร์ธานี
1205,10742,บริษัท สยามเทคโนโลยีอุตสากรรม จำกัด,13,12140,ปทุมธานี
1206,10741,มูลนิธิช่วยเหลือเด็กประเทศไทย (Save the children),94,94000,ปัตตานี
1207,10740,สถานีตำรวจภูธรกะทู้,83,83120,ภูเก็ต
1208,10739,โรงแรม แกรนด์ทาวเวอร์อินน์ พระราม 6,10,10400,กรุงเทพมหานคร
1209,10738,สำนักงานเทศบาลตำบลบางสวรรค์,84,84210,สุราษฎร์ธานี
1210,10737,ศาลากลางจังหวัดนราธิวาส (แห่งที่ 2),96,,นราธิวาส
1211,10736,สำนักงานเทศบาลตำบลห้วยยอด,92,92130,ตรัง
1212,10735,ที่ว่าการอำเภอลำทับ,81,81190,กระบี่
1213,10734,องค์การบริหารส่วนตำบลควนกรด,80,80110,นครศรีธรรมราช
1214,10733,บริษัท เจมส์โฮม พร๊อพเพอร์ตี้ จำกัด,80,89160,นครศรีธรรมราช
1215,10732,โรงเรียนชุมชนบ้านนาวา,80,80250,นครศรีธรรมราช
1216,10731,โรงเรียนจิตประชาราษฎร์,84,84260,สุราษฎร์ธานี
1217,10730,องค์การบริหารส่วนตำบลปริก,90,,สงขลา
1218,10729,เทศบาลตำบลท่าแค,93,93000,พัทลุง
1219,10728,สำนักงานเทศบาลตำบลท่าแซะ,86,86140,ชุมพร
1220,10727,Harian Disway,104,,อินโดนีเซีย
1221,10726,เรือนจำทุ่งสง,80,80110,นครศรีธรรมราช
1222,10725,Phuket Elephant Sanctuary Village (ปางช้างนพรัตน์),83,83120,ภูเก็ต
1223,10724,"Nicetrip Excustion Co., Ltd.",10,,กรุงเทพมหานคร
1224,10723,Avista Hideaway Phuket Patong M Gallery,83,83150,ภูเก็ต
1225,10722,มูลนิธิเครือข่ายส่งเสริมคุณภาพชีวิตแรงงาน ,74,74000,สมุทรสาคร
1226,10721,บริษัท ซี.อี.เอ็ม เทคโนโลยี (ไทยแลนด์) จำกัด,73,73210,นครปฐม
1227,10720,สำนักงานเทศบาลเมืองสุไหงโกลก,96,96120,นราธิวาส
1228,10719,เทศบาลตำบลปากน้ำชุมพร,86,86150,ชุมพร
1229,10718,สำนักงานสาธารณสุขจังหวัดนราธิวาส,96,96000,นราธิวาส
1230,10717,โรงพยาบาลพังงา,82,82000,พังงา
1231,10716,สำนักงานสาธารณสุขอำเภอนบพิตำ,80,80160,นครศรีธรรมราช
1232,10715,ที่ว่าการอำเภอโคกโพธิ์,94,94120,ปัตตานี
1233,10714,บริษัท ดู เดย์ ดรีม จำกัด (มหาชน),10,10240,กรุงเทพมหานคร
1234,10713,บริษัท เคนยากุ (ประเทศไทย) จำกัด,10,10310,กรุงเทพมหานคร
1235,10712,โรงเรียนเทศบาลบ้านนาเหนือ,80,80110,นครศรีธรรมราช
1236,10711,สำนักงานเทศบาลตำบลพะวง,90,90100,สงขลา
1237,10710,โรงเรียนบ้านจันดี,80,80250,นครศรีธรรมราช
1238,10709,โรงเรียนชะอวดวิทยาคาร,80,80180,นครศรีธรรมราช
1239,10708,ศาลจังหวัดชุมพร,86,86000,ชุมพร
1240,10707,Hard Rock Hotel Pattaya,20,20150,ชลบุรี
1241,10706,สำนักงานป้องกันและบรรเทาสาธารณะภัยจังหวัดชุมพร,86,86000,ชุมพร
1242,10705,สถานีตำรวจท่องเที่ยว 1 กองกำกับการ 3 กรมบังคับการ ตำรวจท่องเที่ยว 2 (ตำรวจท่องเที่ยวพิษณุโลก),65,65000,พิษณุโลก
1243,10704,ศูนย์ราชการจังหวัดสระบุรี,19,18000,สระบุรี
1244,10703,ศาลเยาวชนและครอบครัวจังหวัดปทุมธานี,13,12110,ปทุมธานี
1245,10702,-,102,,Aichi (Japan)
1246,10701,WPT Engineering,83,83000,ภูเก็ต
1247,10700,บริษัท เวล คอนสตรัคชั่น แอนด์ เซอร์วิส จำกัด,11,10280,สมุทรปราการ
1248,10699,โรงแรม อวานี เฉวง สมุย โฮเทล แอนด์ บีชคลับ,84,84320,สุราษฎร์ธานี
1249,10698,ด่านศุลกากรสะเดา,90,90320,สงขลา
1250,10697,ศาลแขวงตรัง,92,92000,ตรัง
1251,10696,สำนักงานกฎหมายกีรนันท์ บุญชูวงค์ ทนายความ,80,80240,นครศรีธรรมราช
1252,10695,กองบังคับการตรวจคนเข้าเมือง 3,10,10210,กรุงเทพมหานคร
1253,10694,Ogilvy Thailand,10,10330,กรุงเทพมหานคร
1254,10693,บริษัท ทีวีพูล กรุ๊ป จำกัด ,10,10240,กรุงเทพมหานคร
1255,10692,บริษัท ที-เรค เอ็นเตอร์เทนเมนท์ จำกัด,10,10240,กรุงเทพมหานคร
1256,10691,ที่ว่าการอำเภอทุ่งยางแดง,94,94140,ปัตตานี
1257,10690,ที่ทำการปกครองอำเภอคลองหอยโข่ง,90,90230,สงขลา
1258,10689,สำนักงานคณะกรรมการการเลือกตั้ง,10,10210,กรุงเทพมหานคร
1259,10688,สำนักงานกฎหมาย นคร อินเตอร์ ลอว์ แอนด์ คอนซัลแทนต์ จำกัด,80,80000,นครศรีธรรมราช
1260,10687,โรงแรม โฮม่า ภูเก็ต ทาวน์,83,83000,ภูเก็ต
1261,10686,วิทยาลัยการอาชีพพรหมคีรี,80,80320,นครศรีธรรมราช
1262,10685,สำนักงานอัยการคุ้มครองสิทธิและช่วยเหลือทางกฎหมายและการบังคับคดีจังหวัดภูเก็ต,83,83000,ภูเก็ต
1263,10684,หลักธรรมทนายความ,80,80000,นครศรีธรรมราช
1264,10683,สถานีตำรวจภูธรเมืองยะลา,95,95000,ยะลา
1265,10682,กรมองค์การระหว่างประเทศ กระทรวงการต่างประเทศ,10,10400,กรุงเทพมหานคร
1266,10681,ศาลแขวงภูเก็ต,83,83000,ภูเก็ต
1267,10680,บริษัท สรรเพชร ทนายความ และเพื่อน จำกัด,82,82000,พังงา
1268,10679,บริษัท 22 คอนซัลเต้นท์ แอนด์ แมเนจเม้นท์ จำกัด,10,10510,กรุงเทพมหานคร
1269,10678,บริษัท แกรนด์ซีโอ เอ็นจิเนียริ่ง จำกัด,10,10530,กรุงเทพมหานคร
1270,10677,โรงแรม เอ็นเอช โบ๊ทลากูน ภูเก็ต รีสอร์ท,83,83000,ภูเก็ต
1271,10676,บริษัท เอ ซี คอนสตรัคชัน จำกัด,10,10170,กรุงเทพมหานคร
1272,10675,บริษัท แทนเจนต์ เอ็นจิเนียริ่ง จำกัด,26,26110,นครนายก
1273,10674,โรงแรม ฮอลิเดย์ อินน์ รีสอร์ท ภูเก็ต สุรินทร์ บีช,83,83110,ภูเก็ต
1274,10673,โรงแรม ฮอลิเดย์ อินน์ รีสอร์ท ภูเก็ต กะรน บีช,83,83100,ภูเก็ต
1275,10672,โครงการชลประทานพัทลุง,93,93000,พัทลุง
1276,10671,ส่วนพัสดุ มหาวิทยาลัยวลัยลักษณ์,80,80161,นครศรีธรรมราช
1277,10670,บริษัท ดี-ท็อปส์ เอ็นจิเนียริ่ง แอนด์ ซัพพลาย จำกัด,83,83000,ภูเก็ต
1278,10669,บริษัท บ้านสุธาทิพย์ จำกัด,90,90110,สงขลา
1279,10668,บริษัท 7 มกรา พลัส จำกัด,10,10420,กรุงเทพมหานคร
1280,10667,Agensi Pekerjaan Find Talent Sdn Bhd,107,47810,มาเลเซีย
1281,10666,โรงแรมอวานีพลัส สมุย รีสอร์ท,84,84140,สุราษฎร์ธานี
1282,10665,บริษัท ศรีตรังแอโกรอินดัสทรี จำกัด (มหาชน) สาขาชุมพร,86,86210,ชุมพร
1283,10664,บริษัท กรีนอินโนเวชั่น แอนด์ แมนเทนแนนซ์ จำกัด,80,,นครศรีธรรมราช
1284,10663,,83,83150,ภูเก็ต
1285,10662,โรงแรม เขาหลัก แมริออท รีสอร์ท แอนด์ สปา,82,82190,พังงา
1286,10661,บริษัท มิลลิเมด บีเอฟเอส จำกัด,57,57210,เชียงราย
1287,10660,บริษัท ไซเทคเอเชีย โซลูชั่น จำกัด,10,10110,กรุงเทพมหานคร
1288,10659,ดีว่าคลินิก,80,80000,นครศรีธรรมราช
1289,10658,ธนาคาร ทิสโก้ จำกัด มหาชน,80,80000,นครศรีธรรมราช
1290,10657,องค์การเภสัชกรรม (ธัญบุรี),13,12110,ปทุมธานี
1291,10656,บริษัท ซัน-เฮิร์บ ไทย ไชนีส แมนูแฟคเจอริ่ง จำกัด,13,12000,ปทุมธานี
1292,10655,โรงพยาบาลโรคผิวหนังเขตร้อนภาคใต้ จังหวัดตรัง กรมการแพทย์,92,92000,ตรัง
1293,10654,บริษัท ฉลองอุตสาหกรรมน้ำยางข้น จำกัด,90,90130,สงขลา
1294,10653,บริษัท แอล.เอ. เดอร์มาเทค จำกัด,10,10160,กรุงเทพมหานคร
1295,10652,ศูนย์วิจัยความเป็นเลิศระบบนำส่งยา คณะเภสัชศาสตร์ มหาวิทยาลัยสงขลานครินทร์,90,90110,สงขลา
1296,10651,บริษัท พีเอสเอส อินเตอร์เทรด จำกัด,10,10230,กรุงเทพมหานคร
1297,10650,สถาบันวิจัยโลหะและวัสดุ จุฬาลงกรณ์มหาวิทยาลัย,10,10330,กรุงเทพมหานคร
1298,10649,บริษัท ทรัสตี้โปรเจคแมเนจเมนต์ จำกัด ,10,10310,กรุงเทพมหานคร
1299,10648,บริษัท เทพไทย โปรดัคท์ จำกัด,90,90310,สงขลา
1300,10647,ธนาคารเพื่อการเกษตรและสหกรณ์การเกษตร สาขาเกาะสมุย,84,84140,สุราษฎร์ธานี
1301,10646,สำนักงานสหกรณ์จังหวัดตรัง,92,92000,ตรัง
1302,10645,บริษัท ไทยเชื้อเพลิงการบิน จำกัด,11,10540,สมุทรปราการ
1303,10644,บริษัท ไทย เมโทรโลยี จำกัด,10,10210,กรุงเทพมหานคร
1304,10643,บริษัท โอสถสภา จำกัด (มหาชน),10,10240,กรุงเทพมหานคร
1305,10642,Symphony music and art school,84,84000,สุราษฎร์ธานี
1306,10641,บริษัท นีโอ คอร์ปอเรท จำกัด (มหาชน),10,10260,กรุงเทพมหานคร
1307,10640,บริษัท โกไฟว์ จำกัด,10,10110,กรุงเทพมหานคร
1308,10639,สำนักงานทางหลวงชนบทที่ 12 (สงขลา) กรมทางหลวงชนบท,90,90110,สงขลา
1309,10638,บริษัท แน็ชเชอรัลรับเบอร์เธร็ด จำกัด,20,20270,ชลบุรี
1310,10637,ธนาคารเพื่อการเกษตรและสหกรณ์การเกษตร สาขาบ้านแพ้ว,74,74120,สมุทรสาคร
1311,10636,บริษัท เอ็มเบรลล่า ฟิล์ม จำกัด,10,10260,กรุงเทพมหานคร
1312,10635,ห้างหุ้นส่วนจำกัด รูทแล็บ,43,43000,หนองคาย
1313,10634,บริษัท อันดา ซี เทลส์ จำกัด,81,81180,กระบี่
1314,10633,Manita Wedding,12,11120,นนทบุรี
1315,10632,บริษัท บางกอก ริเวียร่า จำกัด (Khana Yacht Charter - เช่าเรือ ยอร์ช กรุงเทพ),12,11110,นนทบุรี
1316,10631,โรงแรมอมัน นายเลิศ กรุงเทพฯ,10,10330,กรุงเทพมหานคร
1317,10630,บริษัท อินเทอร์เน็ตประเทศไทย จำกัด (มหาชน) สาขาหาดใหญ่,90,90110,สงขลา
1318,10629,บริษัท โปรอัลฟ่า โซลูชั่น (ประเทศไทย) จำกัด,83,83000,ภูเก็ต
1319,10628,สำนักงานพัฒนาธุรกรรมทางอิเล็กทรอนิกส์ (ETDA),10,10210,กรุงเทพมหานคร
1320,10627,บริษัท ยูนิเวนเจอร์ จำกัด (มหาชน),10,10330,กรุงเทพมหานคร
1321,10626,บริษัท โลแดช (ไทยแลนด์) จำกัด,10,10210,กรุงเทพมหานคร
1322,10625,บริษัท ต้นคิดสถาปนิก จำกัด,90,90110,สงขลา
1323,10624,บริษัท ลานนาเกษตรอุตสาหกรรม จำกัด,50,50140,เชียงใหม่
1324,10623,บริษัท เพิร์ล เวเคชั่น จำกัด,10,10120,กรุงเทพมหานคร
1325,10622,บริษัท บลูบิค วัลแคน จำกัด,10,10900,กรุงเทพมหานคร
1326,10621,บริษัท สยามพิวรรธน์ จำกัด,10,10330,กรุงเทพมหานคร
1327,10620,ธนาคาร ไอซีบีซี (ไทย) จำกัด (มหาชน),10,10110,กรุงเทพมหานคร
1328,10619,Primo - Enterprise Loyalty Platform,10,10500,กรุงเทพมหานคร
1329,10618,บริษัท แปงไม้ จำกัด,10,10160,กรุงเทพมหานคร
1330,10617,การไฟฟ้าส่วนภูมิภาคอำเภอคลองท่อม,81,81120,กระบี่
1331,10616,โรงไฟฟ้าทุ่งสังกรีน จำกัด,80,80240,นครศรีธรรมราช
1332,10615,การไฟฟ้าส่วนภูมิภาคสาขาอำเภอบ้านตาขุน,84,84230,สุราษฎร์ธานี
1333,10614,บริษัท เซ็นทรัลพัฒนา จำกัด (มหาชน) จังหวัดภูเก็ต,83,83000,ภูเก็ต
1334,10613,บริษัท โบทานิก้า ลักซูรี่ ภูเก็ต จำกัด,83,83110,ภูเก็ต
1335,10612,บริษัท ทูเบอร์ จำกัด,90,90110,สงขลา
1336,10611,บริษัท ซัน เมดิคอล โปรแอคทีฟ แคร์ จำกัด,10,10510,กรุงเทพมหานคร
1337,10610,บริษัท จีเอพี เทรดดิ้ง จำกัด,80,80000,นครศรีธรรมราช
1338,10609,สำนักงานป้องกันควบคุมโรคที่ 11 จังหวัดนครศรีธรรมราช,80,80000,นครศรีธรรมราช
1339,10608,บริษัท โกลบอล อินสไปร์ แลบบอราทอรีส์ จำกัด,11,10290,สมุทรปราการ
1340,10607,"Rovomed (Thailand) Co., Ltd.",12,11110,นนทบุรี
1341,10606,บริษัท สกิน อินทิเมท จำกัด,12,11130,นนทบุรี
1342,10605,บริษัท ไลฟ์ พลัส ฟาร์มาซูติคอล จำกัด,11,10540,สมุทรปราการ
1343,10604,บริษัท อินโนวาเฮลท์ จำกัด,13,12110,ปทุมธานี
1344,10603,บริษัท เดอร์มา เฮลท์ จำกัด,12,11120,นนทบุรี
1345,10602,บริษัท เอสวีเอส อินโนเทค จำกัด,10,10210,กรุงเทพมหานคร
1346,10601,บริษัท แอร์โรคลาส จำกัด,21,21180,ระยอง
1347,10600,บริษัท เท็กซ์โฟกัส จำกัด,13,12160,ปทุมธานี
1348,10599,บริษัท อาร์ วี คอนเน็กซ์ จำกัด,13,12120,ปทุมธานี
1349,10598,"AICOR HP CO.,LTD",10,10310,กรุงเทพมหานคร
1350,10597,"House of Soap (Thailand) Co., Ltd.",10,,กรุงเทพมหานคร
1351,10596,บริษัท เบลตัน อินดัสเตรียล (ประเทศไทย) จำกัด จังหวัดปทุมธานี,13,12120,ปทุมธานี
1352,10595,"Amita Technology (Thailand) Co., Ltd.",24,24130,ฉะเชิงเทรา
1353,10594,หน่วยวิจัยพลังงานยั่งยืนและวัสดุสีเขียว คณะวิทยาศาสตร์ มหาวิทยาลัยมหิดล วิทยาเขตศาลายา,73,73170,นครปฐม
1354,10593,โรงแรม รอยัล ออคิด เชอราตัน ริเวอร์ไซด์ โฮเทล แบงค็อก,10,10500,กรุงเทพมหานคร
1355,10592,บริษัท เวสสุ คอลลาบอเรชั่น จำกัด,10,10330,กรุงเทพมหานคร
1356,10591,โรงแรม วารานา กระบี่,81,81000,กระบี่
1357,10590,บริษัท สถาปนิกชุมชนและสิ่งแวดล้อม อาศรมศิลป์ จำกัด,10,10150,กรุงเทพมหานคร
1358,10589,หลักสูตรเทคโนโลยีชีวภาพโมเลกุลและชีวสารสนเทศ สาขาวิทยาศาสตร์ชีวภาพ คณะวิทยาศาสตร์ มหาวิทยาลัยสงขลานครินทร์,90,90112,สงขลา
1359,10588,บริษัท โมโนเทลโล จำกัด,10,10400,กรุงเทพมหานคร
1360,10587,บริษัท สถาปนิก วิน วรวรรณ จำกัด,10,10330,กรุงเทพมหานคร
1361,10586,บริษัท ฟอร์ไมก้า (ประเทศไทย) จำกัด,11,10130,สมุทรปราการ
1362,10585,โรงพยาบาลละแม,86,86170,ชุมพร
1363,10584,กรรมาธิการสถาปนิกทักษิณ สมาคมสถาปนิกสยาม ในพระบรมราชูปถัมภ์,90,90110,สงขลา
1364,10583,บริษัท เออาร์คิเทค จำกัด,10,10240,กรุงเทพมหานคร
1365,10582,บริษัท ราม แอสโซซิเอทส์ จำกัด,90,90110,สงขลา
1366,10581,บริษัท เอ็นพีพีเอ็น ดีไซน์ แอนด์ รีเสิร์ช จำกัด,10,10520,กรุงเทพมหานคร
1367,10580,บริษัท ทรูธ มารีไทม์ เซอร์วิสเซส จำกัด จังหวัดสงขลา,90,90000,สงขลา
1368,10579,บริษัท ชนาลัย ฮิลล์ไซด์ รีสอร์ท จำกัด,83,83100,ภูเก็ต
1369,10578,โรงแรม อนันตรา เกาะยาวใหญ่ รีสอร์ท แอนด์ วิลล่าส์,82,82160,พังงา
1370,10577,โรงแรม เอ้าท์ริกเกอร์ สุรินทร์ บีช รีสอร์ท,83,83110,ภูเก็ต
1371,10576,โรงพยาบาลพญาไท พหลโยธิน,10,10400,กรุงเทพมหานคร
1372,10575,บริษัท โกลบอล มารีน เทค จำกัด,83,83000,ภูเก็ต
1373,10574,บริษัท เมเจอร์ซีนีเพล็กซ์ กรุ้ป จำกัด (มหาชน) เดอะมอล บางกะปิ,10,10900,กรุงเทพมหานคร
1374,10573,พาลา คาเฟ่ พิซซ่า แอนด์ พาสต้า,80,80161,นครศรีธรรมราช
1375,10572,ตำรวจภูธรจังหวัดนครศรีธรรมราช,80,80000,นครศรีธรรมราช
1376,10571,บริษัท นอร์ม สเปซ จำกัด,80,80000,นครศรีธรรมราช
1377,10570,หลักสูตรภาษาอังกฤษ สำนักวิชาครุศาสตร์และศิลปศาสตร์ มหาวิทยาลัยวลัยลักษณ์,80,80161,นครศรีธรรมราช
1378,10569,พิลาสเตอร์ สตูดิโอ ดีไซน์,10,10220,กรุงเทพมหานคร
1379,10568,บริษัท พี.เอ็ม. ดีไซน์ จำกัด,90,90110,สงขลา
1380,10567,กองประเมินผลกระทบต่อสุขภาพ กรมอนามัย,12,11000,นนทบุรี
1381,10566,ห้างหุ้นส่วนจำกัด 3ดี แอททีเรีย,90,90110,สงขลา
1382,10565,บริษัท 168 ทูบีดีไซต์ จำกัด,12,11120,นนทบุรี
1383,10564,บริษัท กรีนบ๊อกซ์ ดีไซน์ จำกัด,10,10900,กรุงเทพมหานคร
1384,10563,บริษัท ออราเคิลอาคิเทค จำกัด,83,83000,ภูเก็ต
1385,10562,บริษัท เอชพีเอ็น กรุ๊ป โฮลดิ้งส์ จำกัด,13,12140,ปทุมธานี
1386,10561,บริษัท พี-เฟอร์ เดกคอร์เรท จำกัด ,10,10310,กรุงเทพมหานคร
1387,10560,บริษัท วาร์ป สตูดิโอ จำกัด,10,10120,กรุงเทพมหานคร
1388,10559,องค์การบริหารส่วนตำบลกลาย,80,80160,นครศรีธรรมราช
1389,10558,บริษัท ดั๊ค ไรเดอร์ส ดีเวลลอปเมนท์ จำกัด,11,10540,สมุทรปราการ
1390,10557,"Maxma Game Studio Co., Ltd.",10,10400,กรุงเทพมหานคร
1391,10556,Rubsarb Production,10,10220,กรุงเทพมหานคร
1392,10555,สำนักงานขนส่งจังหวัดสุราษฎร์ธานี,84,84000,สุราษฎร์ธานี
1393,10554,,10,10220,กรุงเทพมหานคร
1394,10553,บริษัท ธิงค์แท็งค์เทค จำกัด,83,83110,ภูเก็ต
1395,10552,บริษัท เอ.ไอ.เอ็ม. สยาม จำกัด,12,11150,นนทบุรี
1396,10551,โรงแรม วินด์แฮม แกรนด์ ในหาน บีช ภูเก็ต,83,83110,ภูเก็ต
1397,10550,บริษัท คอมมูนิตี้ ดีเวลล๊อปเมนท์ จำกัด,10,10900,กรุงเทพมหานคร
1398,10549,สำนักงานจัดหางานจังหวัดกระบี่,81,81000,กระบี่
1399,10548,บริษัท อิม เอ็ดดูเคชั่น จำกัด,90,90110,สงขลา
1400,10547,บริษัท เอสิก พลัส จำกัด,10,10150,กรุงเทพมหานคร
1401,10546,บริษัท โรบินสัน จำกัด (มหาชน),83,83110,ภูเก็ต
1402,10545,บริษัท ดุสิต ฟู้ดส์ จำกัด,10,10330,กรุงเทพมหานคร
1403,10544,บริษัท ตัวบรรจงเต็มบรรทัด จำกัด,10,10230,กรุงเทพมหานคร
1404,10543,บริษัท สมศรีการ์เมนท์ จำกัด,10,10160,กรุงเทพมหานคร
1405,10542,บริษัท เดอะไซ จำกัด,10,10310,กรุงเทพมหานคร
1406,10541,บริษัท หยางหมิง ไลน์ (ประเทศไทย) จำกัด,10,10310,กรุงเทพมหานคร
1407,10540,บริษัท พีรพัฒน์เทคโนโลยี จำกัด (มหาชน) สาขาเกาะสมุย,84,84320,สุราษฎร์ธานี
1408,10539,บริษัท พีรพัฒน์เทคโนโลยี จำกัด (มหาชน) กรุงเทพมหานคร,10,10310,กรุงเทพมหานคร
1409,10538,กองสารนิเทศ สำนักงานตำรวจแห่งชาติ,10,10330,กรุงเทพมหานคร
1410,10537,โรงเรียนสวัสดิ์บวร,90,90110,สงขลา
1411,10536,บริษัท เอสเอฟเอส เอวิเอชั่น จำกัด จังหวัดสงขลา,90,90000,สงขลา
1412,10535,กลุ่มวิจัยวัสดุตอบสนองและเซ็นเซอร์ระดับนาโน ทีมวิจัยวินิจฉัยระดับนาโน ศูนย์นาโนเทคโนโลยีแห่งชาติ,13,12120,ปทุมธานี
1413,10534,โรงเรียนเวียงสระ,84,84190,สุราษฎร์ธานี
1414,10533,โรงเรียนเตรียมอุดมศึกษาพัฒนาการนนทบุรี,12,11000,นนทบุรี
1415,10532,บริษัท เซ็นทรัลพัฒนา จำกัด (มหาชน) สาขาเวสต์เกต,12,11140,นนทบุรี
1416,10531,บริษัท เอชจีที อินดัสเทรียล จำกัด,24,24130,ฉะเชิงเทรา
1417,10530,โรงเรียนสาธิตมหาวิทยาลัยราชภัฏนครศรีธรรมราช,80,80280,นครศรีธรรมราช
1418,10529,บริษัท บางจาก คอร์ปอเรชั่น จำกัด (มหาชน),10,10260,กรุงเทพมหานคร
1419,10528,บริษัท สยามไบโอไซเอนซ์ จำกัด,10,10330,กรุงเทพมหานคร
1420,10527,บริษัท ไอ.พี.วัน จำกัด,10,10240,กรุงเทพมหานคร
1421,10526,โรงเรียนศรียาภัย,86,86000,ชุมพร
1422,10525,บริษัท ปูนซิเมนต์ไทย จำกัด (มหาชน),10,10800,กรุงเทพมหานคร
1423,10524,บริษัท ไทยปาร์คเกอร์ไรซิ่ง จำกัด,11,10280,สมุทรปราการ
1424,10523,สาขาวิชาชีววิทยา สำนักวิชาวิทยาศาสตร์  มหาวิทยาลัยวลัยลักษณ์,80,80161,นครศรีธรรมราช
1425,10522,ภาควิชาพฤกษศาสตร์  คณะวิทยาศาสตร์  มหาวิทยาลัยเกษตรศาสตร์,10,10900,กรุงเทพมหานคร
1426,10521,บริษัท โบ๋เหวิน จำกัด,57,57140,เชียงราย
1427,10520,โรงเรียนบ้านบางม่วง,82,82110,พังงา
1428,10519,สำนักงานวัฒนธรรมจังหวัดพังงา,82,82000,พังงา
1429,10518,โรงเรียนบ้านควนทอง (ประชาอุทิศ),80,80210,นครศรีธรรมราช
1430,10517,โรงเรียนบ้านท่าน้อย,80,80210,นครศรีธรรมราช
1431,10516,องค์การบริหารส่วนตำบลสวนแตง,86,86170,ชุมพร
1432,10515,บริษัท บางกอกไอแลนด์ จำกัด,10,10700,กรุงเทพมหานคร
1433,10514,ศูนย์บริหารจัดการทรัพยากรป่าชายเลนนครศรีธรรมราช,80,80000,นครศรีธรรมราช
1434,10513,บริษัท อาร์ต คอมโบ สตูดิโอ จำกัด,10,10230,กรุงเทพมหานคร
1435,10512,โรงเรียนสายบุรีอิสลามวิทยา,94,94110,ปัตตานี
1436,10511,Baccom - UK Accommodation Service - บริการหาที่พักที่อักกฤษแบบครบวงจร,10,10260,กรุงเทพมหานคร
1437,10510,ส่วนส่งเสริมและพัฒนานักศึกษา มหาวิทยาลัยวลัยลักษณ์,80,80160,นครศรีธรรมราช
1438,10509,ที่ว่าการอำเภอคลองหลวง,13,12120,ปทุมธานี
1439,10508,บริษัท ไทยยูเนี่ยน กรุ๊ป จำกัด (มหาชน),74,74000,สมุทรสาคร
1440,10507,มูลนิธินิเวศวิถี,84,84000,สุราษฎร์ธานี
1441,10506,การไฟฟ้าส่วนภูมิภาคสาขาสิงหนคร,90,90280,สงขลา
1442,10505,บริษัท โปรฟิเซี่ยน เอ็นจิเนียริ่ง จำกัด,90,90250,สงขลา
1443,10504,พันธ์ทิพย์ มวยไทย,83,83110,ภูเก็ต
1444,10503,โรงเรียนกันตังพิทยากร,92,92110,ตรัง
1445,10502,สำนักการเรียนรู้ตลอดชีวิตพระจอมเกล้าเจ้าคุณทหารลาดกระบัง,10,10520,กรุงเทพมหานคร
1446,10501,โรงเรียนเทศบาล 1 บ้านกระบี่น้อย,81,81000,กระบี่
1447,10500,โรงเรียนบ้านลำทับ,81,81190,กระบี่
1448,10499,โรงเรียนเมืองปัตตานี,94,94000,ปัตตานี
1449,10498,โรงเรียนบ้านรามัน,95,95140,ยะลา
1450,10497,บริษัท ไอดีล แอนด์ มาเวลลัส เท็น จำกัด,11,10540,สมุทรปราการ
1451,10496,สถาบันภาษาศาสตร์และวัฒนธรรมศึกษาราชนครินทร์ มหาวิทยาลัยเกษตรศาสตร์,10,10900,กรุงเทพมหานคร
1452,10495,โรงเรียนบ้านพรุจำปา,83,83110,ภูเก็ต
1453,10494,โรงเรียนวัดหาดส้มแป้น,85,85000,ระนอง
1454,10493,โรงเรียนสาธิตเทศบาลวัดเพชรจริก,80,80000,นครศรีธรรมราช
1455,10492,โรงเรียนถลางพระนางสร้าง,83,83110,ภูเก็ต
1456,10491,โรงเรียนเทศบาลวัดภูผาภิมุข,93,93000,พัทลุง
1457,10490,ศูนย์นวัตกรรมและบริการนิติวิทยาศาสตร์  มหาวิทยาลัยสงขลานครินทร์,90,90110,สงขลา
1458,10489,โรงเรียนบ้านควนดิน,94,94170,ปัตตานี
1459,10488,โรงเรียนวัดนากุน,80,80160,นครศรีธรรมราช
1460,10487,ที่ทำการองค์การบริหารส่วนตำบลเขาทะลุ,86,86130,ชุมพร
1461,10486,วิทยาลัยนาฏศิลปนครศรีธรรมราช,80,80000,นครศรีธรรมราช
1462,10485,พิสูจน์หลักฐานจังหวัดเพชรบุรี,76,76000,เพชรบุรี
1463,10484,บริษัท โอสถ อินเตอร์ แลบบอราทอรี่ส์ จำกัด (OSI),20,20230,ชลบุรี
1464,10483,บริษัท ฮวาน มารีน่า ภูเก็ต จำกัด (โรงแรม เดอะ มารีน่า ภูเก็ต),83,83150,ภูเก็ต
1465,10482,ศูนย์ขยายพันธุ์พืชที่ 2 จังหวัดตรัง,92,92000,ตรัง
1466,10481,บริษัท บีบีจีไอ ไบโอดีเซล จำกัด,14,13160,พระนครศรีอยุธยา
1467,10480,Mission To The Moon,10,10250,กรุงเทพมหานคร
1468,10479,บริษัท งานทวีพี่น้อง จำกัด,83,83000,ภูเก็ต
1469,10478,โรงแรม คอร์ทยาร์ด บาย แมริออท ภูเก็ต ป่าตอง บีช รีสอร์ท,83,83150,ภูเก็ต
1470,10477,โรงพยาบาลพระแสง,84,84210,สุราษฎร์ธานี
1471,10476,โรงแรม บางแสน เฮอริเทจ,20,20130,ชลบุรี
1472,10475,ศูนย์การแพทย์ปัญญานันทภิกขุ ชลประทาน มหาวิทยาลัยศรีนครินทรวิโรฒ,12,11120,นนทบุรี
1473,10474,กองบริหารทรัพยากรบุคคล สำนักงานปลัดกระทรวงสาธารณสุข,12,11000,นนทบุรี
1474,10473,โรงพยาบาลบางปะกอก 9 อินเตอร์เนชั่นแนล,10,10150,กรุงเทพมหานคร
1475,10472,โรงพยาบาลบ้านตาขุน,84,84230,สุราษฎร์ธานี
1476,10471,โรงพยาบาลกรุงเทพ,10,10310,กรุงเทพมหานคร
1477,10470,ห้องปฏิบัติการเชื่อมต่อสมองกับคอมพิวเตอร์ คณะวิศวกรรมชีวการแพทย์ มหาวิทยาลัยมหิดล ,73,73170,นครปฐม
1478,10469,บริษัท ซีอาร์ซี ไทวัสดุ สาขานครศรีธรรมราช,80,80000,นครศรีธรรมราช
1479,10468,บริษัท อันดาเทค จำกัด,90,90110,สงขลา
1480,10467,สำนักงานพัฒนาชุมชนจังหวัดพังงา,82,82000,พังงา
1481,10466,โรงพยาบาลเปาโล เกษตร,10,10900,กรุงเทพมหานคร
1482,10465,สถาบันวิจัยดาราศาสตร์แห่งชาติ (องค์การมหาชน),50,50180,เชียงใหม่
1483,10464,Yole,107,58200,มาเลเซีย
1484,10463,บริษัท สมอทองหาดใหญ่ จำกัด,90,90110,สงขลา
1485,10462,บริษัท มะลิภัทร จำกัด,83,83110,ภูเก็ต
1486,10461,บริษัท จีบีวาย ดิจิทัล เทค จำกัด,84,84000,สุราษฎร์ธานี
1487,10460,มิวเซียมภูเก็ต,83,83000,ภูเก็ต
1488,10459,บริษัท สุพรีม เอสเตท จำกัด,80,80000,นครศรีธรรมราช
1489,10458,บริษัท แมรี่ แอนด์ แดรี่ โปรดักส์ จำกัด,30,30130,นครราชสีมา
1490,10457,บริษัท ดิสโก้โปรดักส์ฟู้ดส์ จำกัด,90,90110,สงขลา
1491,10456,Dairy Home,30,30320,นครราชสีมา
1492,10455,บริษัท เจ้าสัว ฟู้ดส์ อินดัสทรี จำกัด (มหาชน),30,30000,นครราชสีมา
1493,10454,บริษัท บางกอกอินเตอร์ฟู้ดส์ จำกัด,73,73160,นครปฐม
1494,10453,บริษัท ฉั่ว ฮะเส้ง ฟู้ด โปรดักส์ จำกัด,73,73210,นครปฐม
1495,10452,บริษัท เอ็น เอส ที ฟู้ด อินกรีเดียนท์ จำกัด,73,73110,นครปฐม
1496,10451,บริษัท ยูโรเปี้ยนฟู้ด จำกัด (มหาชน),25,25140,ปราจีนบุรี
1497,10450,บริษัท โบว์เบเกอรี่เฮ้าส์ จำกัด,10,10140,กรุงเทพมหานคร
1498,10449,บริษัท เมคอิทแฮพเพ้น จำกัด,10,10160,กรุงเทพมหานคร
1499,10448,ห้างหุ้นส่วนจำกัด สันติมีชัย,10,10310,กรุงเทพมหานคร
1500,10447,Studio Wabi Sabi,10,10310,กรุงเทพมหานคร
1501,10446,บริษัท โอฮาน่า โปรดักชั่น จำกัด,13,12120,ปทุมธานี
1502,10445,บริษัท มาริษา เดอะ แพลนเนอร์ จำกัด,10,10210,กรุงเทพมหานคร
1503,10444,บริษัท จอกว้างฟิล์ม จำกัด,10,10160,กรุงเทพมหานคร
1504,10443,วิทยาลัยอาชีวศึกษาภาวนาโพธิคุณ,84,84140,สุราษฎร์ธานี
1505,10442,สำนักงานวิจัยพัฒนาการอารักขาพืช กรมวิชาการเกษตร (กลุ่มงานวิทยาไมโคร),10,10900,กรุงเทพมหานคร
1506,10441,การยางแห่งประเทศไทย สาขาละงู,91,91110,สตูล
1507,10440,บริษัท แสงสวรรค์ปาล์มน้ำมันและอุตสาหกรรม จำกัด,84,84120,สุราษฎร์ธานี
1508,10439,สำนักงานเกษตรอำเภอหลังสวน,86,86180,ชุมพร
1509,10438,ศูนย์วิจัยและพัฒนาการเกษตรยะลา,95,90500,ยะลา
1510,10437,กองวิจัยพัฒนาเมล็ดพันธุ์พืช กรมวิชาการเกษตร,10,10900,กรุงเทพมหานคร
1511,10436,สภาทนายความในพระบรมราชูปถัมป์,10,10220,กรุงเทพมหานคร
1512,10435,สถาบันอนุญาโตตุลาการ THAC,10,10110,กรุงเทพมหานคร
1513,10434,บริษัท สัตยามานะ จำกัด,10,91000,กรุงเทพมหานคร
1514,10433,บริษัท ไพรมัส จำกัด,10,10400,กรุงเทพมหานคร
1515,10432,"Faculty of Medicine and Health Sciences, Universiti Putra Malaysia",107,43400,มาเลเซีย
1516,10431,"Real Soluplus Co., Ltd.",20,20110,ชลบุรี
1517,10430,บริษัท ยูเอสอี.โฟล-ไลน์ จํากัด,13,12160,ปทุมธานี
1518,10429,บริษัท ไทยแอดวานซ์เซ็นเตอร์ จำกัด,14,13160,พระนครศรีอยุธยา
1519,10428,บริษัท ซินเนอร์ไจซ์ โปรไวด์ เซอร์วิส จำกัด,12,11110,นนทบุรี
1520,10427,บริษัท ฮันคิว ฮันชิน เอ็กซ์เพลส (ประเทศไทย) จำกัด,10,10330,กรุงเทพมหานคร
1521,10426,ร้านพรการไฟฟ้า,81,81150,กระบี่
1522,10425,Rudy Technology,10,10800,กรุงเทพมหานคร
1523,10424,บริษัท คาเมเลี่ยน โปรดักชั่น จำกัด,84,84140,สุราษฎร์ธานี
1524,10423,ส่วนบริการกลาง  มหาวิทยาลัยวลัยลักษณ์,80,80160,นครศรีธรรมราช
1525,10422,หลักสูตรเทคโนโลยีสารสนเทศและนวัตกรรมดิจิท้ล สำนักวิชาสารสนเทศศาสตร์ มหาวิทยาลัยวลัยลักษณ์,80,80160,นครศรีธรรมราช
1526,10421,บริษัท ซีอาร์ซี ไทวัสดุ จำกัด สาขาสุราษฎร์ธานี,84,84290,สุราษฎร์ธานี
1527,10420,โรงพยาบาลรัษฎา,92,92160,ตรัง
1528,10419,โรงแรม อินเตอร์คอนติเนนตัล กรุงเทพ,10,10330,กรุงเทพมหานคร
1529,10418,บริษัท คาร์กิลล์สยาม จำกัด โรงงานนครปฐม,73,73000,นครปฐม
1530,10417,ฟิต ฟอร์เอเวอร์ ฟิตเนส (สาขาพัฒนาการ),10,10250,กรุงเทพมหานคร
1531,10416,สาขาเวชศาสตร์การกีฬา ภาควิชาศัลยศาสตร์ออร์โธปิดิคน์และกายภาพบำบัด คณะแพทยศาสตร์ศิริราชพยาบาล มหาวิทยาลัยมหิดล,10,10700,กรุงเทพมหานคร
1532,10415,บริษัท บิวติเพล็กซ์ จำกัด,10,10900,กรุงเทพมหานคร
1533,10414,บริษัท ซีพี แอ็กซ์ตร้า จำกัด (มหาชน) สาขานครศรีธรรมราช,80,80000,นครศรีธรรมราช
1534,10413,โรงแรม ไร่เลย์ วิลเลจ รีสอร์ท แอนด์ สปา กระบี่,81,81000,กระบี่
1535,10412,บริษัท อีโธส เอ็นเนอร์จี (ประเทศไทย) จำกัด,21,21150,ระยอง
1536,10411,สำนักงานเขตพื้นที่การศึกษาประถมศึกษานครศรีธรรมราช เขต 1,80,80000,นครศรีธรรมราช
1537,10410,Faculty of Civil Engineering Technology (FKTK) Universiti Malaysia Perlis,107,02600,มาเลเซีย
1538,10409,บริษัท แอดวานซ์ เทคโนเคม จำกัด,90,90100,สงขลา
1539,10408,บริษัท เอส.เค. โพลีเมอร์ จำกัด,10,10150,กรุงเทพมหานคร
1540,10407,สำนักงานก่อสร้างชลประทานขนาดใหญ่ที่ 15,84,84150,สุราษฎร์ธานี
1541,10406,บริษัท ชิล มีเดีย จำกัด,10,10400,กรุงเทพมหานคร
1542,10405,Faculty of Electronic Engineering & Technology (FKTEN) Universiti Malaysia Perlis,107,02600,มาเลเซีย
1543,10404,Harbin Engineering University,103,150001,จีน
1544,10403,สำนักงานสาธารณสุขจังหวัดลำปาง,52,52000,ลำปาง
1545,10402,เทศบาลตำบลกำแพงเพชร,90,90180,สงขลา
1546,10401,บริษัท ฟาร์มคิธ ดิจิเมชั่น จำกัด,10,10230,กรุงเทพมหานคร
1547,10400,บริษัท เอ็ดไวซอรี่ จำกัด,10,10260,กรุงเทพมหานคร
1548,10399,บริษัท เทเลอินโฟ มีเดีย จำกัด (มหาชน),10,10400,กรุงเทพมหานคร
1549,10398,โรงพยาบาลจุฬารัตน์ 9 แอร์พอร์ต,10,10540,กรุงเทพมหานคร
1550,10397,Total Fire Stopping PTY LTD,106,2210,ออสเตรเลีย
1551,10396,บริษัท โปรแกรมมิ่ง จำกัด,10,10400,กรุงเทพมหานคร
1552,10395,สำนักการศึกษาและนวัตกรรมการเรียนรู้ มหาวิทยาลัยสงขลานครินทร์ วิทยาเขตหาดใหญ่,90,90110,สงขลา
1553,10394,บริษัท แอปอินทัช จำกัด,10,10160,กรุงเทพมหานคร
1554,10393,บริษัท คาร์ดิแนล เฮลท์ 222 (ประเทศไทย) จำกัด,21,21140,ระยอง
1555,10392,หลักสูตรอินโดนีเซีย-มาเลเซียศึกษาเพื่องานระหว่างประเทศ คณะมนุษยศาสตร์และสังคมศาสตร์ มหาวิทยาลัยราชภัฎสงขลา,90,90000,สงขลา
1556,10391,บริษัท เอ็มอีทรานส์ จำกัด,11,10560,สมุทรปราการ
1557,10390,ศาลจังหวัดเวียงสระ,84,84190,สุราษฎร์ธานี
1558,10389,บริษัท เอ็นซีเอ็นเอ กรุ๊ป จำกัด,11,10270,สมุทรปราการ
1559,10388,บริษัท วี.อาร์. สหบัญชีกรุ๊ป จำกัด,10,10100,กรุงเทพมหานคร
1560,10387,บริษัท เบอร์เกอร์ (ประเทศไทย) จำกัด,10,10110,กรุงเทพมหานคร
1561,10386,บริษัท ไอโซเลชั่น ดีเวลลอป จำกัด,83,83000,ภูเก็ต
1562,10385,ห้างหุ้นส่วนจำกัด เอ็นจอยบุ็ค,13,10150,ปทุมธานี
1563,10384,บริษัท ที.แอล.เอช. เอ็นจีเนียริ่ง จำกัด,11,10270,สมุทรปราการ
1564,10383,บริษัท พระนครซอฟท์ จำกัด,10,10310,กรุงเทพมหานคร
1565,10382,บริษัท บุ๊คสเคป จำกัด,10,10400,กรุงเทพมหานคร
1566,10381,บริษัท ทีดิกเซาท์ จำกัด,90,90110,สงขลา
1567,10380,โรงแรม ชาเทรียม แกรนด์ กรุงเทพ,10,10400,กรุงเทพมหานคร
1568,10379,โย่ว ภูเก็ต,83,83000,ภูเก็ต
1569,10378,"Changhua Christian Hospital, Changhua, Taiwan, ROC",111,,ไต้หวัน
1570,10377,โรงพยาบาลเฉลิมพระเกียรติสมเด็จพระเทพรัตนราชสุดาฯ สยามบรมราชกุมารี ระยอง,21,21150,ระยอง
1571,10376,บริษัท เอสที ดีไซน์ มาร์เก็ตติ้ง ออนไลน์ จำกัด,10,10250,กรุงเทพมหานคร
1572,10375,บริษัท ขอบสนาม จำกัด,10,10230,กรุงเทพมหานคร
1573,10370,บริษัท พีไฟว์ โปรดักชั่น จำกัด,10,10220,กรุงเทพมหานคร
1574,10369,งานบริหารจัดการและการบริการอาชีวอนามัย คณะแพทยศาสตร์ โรงพยาบาลศรีนครินทร์,40,40002,ขอนแก่น
1575,10368,สโมสร บีจี ปทุม ยูไนเต็ด,13,12130,ปทุมธานี
1576,10367,สถาบันพลาสติก,10,10110,กรุงเทพมหานคร
1577,10366,บริษัท ข้าว ซี.พี. จำกัด (โรงงานข้าววังแดง),14,13130,พระนครศรีอยุธยา
1578,10365,อินเตอร์บูสเตอร์,10,10330,กรุงเทพมหานคร
1579,10364,โรงพยาบาลวิรัชศิลป์,86,86000,ชุมพร
1580,10363,จีทีสตูดิโอ ภูเก็ต,83,83000,ภูเก็ต
1581,10362,มูลนิธินิเวศวิถี,84,84000,สุราษฎร์ธานี
1582,10361,บริษัท เคเท็ค คอนซัลแตนท์ แอนด์ เอนจิเนียริ่ง จำกัด,83,83000,ภูเก็ต
1583,10360,ห้างหุ้นส่วนจำกัด ทักษิณโรจน์ วิศวกรรม,90,90110,สงขลา
1584,10359,บริษัท คิสรา จำกัด,10,10900,กรุงเทพมหานคร
1585,10358,บริษัท ซีอาร์ซี สปอร์ต จำกัด (เครือเซ็นทรัล รีเทล คอร์ปอเรชั่น),10,10500,กรุงเทพมหานคร
1586,10357,กองแผนงาน กรมที่ดิน,10,10210,กรุงเทพมหานคร
1587,10356,บริษัท อีเวนต์แฟลร์ จำกัด,12,11110,นนทบุรี
1588,10355,บริษัท สมุยดีไซน์ 2012 จำกัด,84,84320,สุราษฎร์ธานี
1589,10354,ศูนย์ wellness center โรงพยาบาลท่าศาลา ,80,80161,นครศรีธรรมราช
1590,10353,,90,90100,สงขลา
1591,10352,บริษัท ยู. อาร์. เคมีคอล จำกัด,10,10120,กรุงเทพมหานคร
1592,10351,บริษัท อนันต์ พลาสติก พริ้นติ้ง จำกัด,11,10290,สมุทรปราการ
1593,10350,หน่วยความร่วมมือการวิจัยทางด้านวิทยาศาสตร์ชีวภาพและเทคโนโลยีชีวภาพแห่งชาติมหาวิทยาลัยมหิดลและมหาวิทยาลัยโอซาก้า คณะวิทยาศาสตร์ มหาวิทยาลัยมหิดล,10,10400,กรุงเทพมหานคร
1594,10349,บริษัท บริการภาคพื้น ท่าอากาศยานไทย จำกัด (ท่าอากาศยานภูเก็ต),83,83110,ภูเก็ต
1595,10348,โรงเรียนเทศบาลวัดศรีทวี,80,80000,นครศรีธรรมราช
1596,10347,งานอาชีวอนามัย ความปลอดภัยและสิ่งแวดล้อม โรงพยาบาลรามาธิบดี,10,10400,กรุงเทพมหานคร
1597,10346,ศูนย์อาชีวอนามัยและสร้างเสริมสุขภาพบุคลากร โรงพยาบาลจุฬาลงกรณ์,10,10330,กรุงเทพมหานคร
1598,10345,บริษัท คูลทเวนตี้เอท สตูดิโอ จำกัด,12,11130,นนทบุรี
1599,10344,บริษัท ดูคาติ มอเตอร์ (ประเทศไทย) จำกัด,21,21140,ระยอง
1600,10343,บริษัท ซีพีเอฟไอทีเซ็นเตอร์ จำกัด,10,10500,กรุงเทพมหานคร
1601,10342,Fit 2 Fly Studio,10,10312,กรุงเทพมหานคร
1602,10341,บริษัท สมุย สามมิตร จำกัด,84,84330,สุราษฎร์ธานี
1603,10340,สำนักงานศาลปกครอง,10,10210,กรุงเทพมหานคร
1604,10339,บริษัท เวสเทิร์น ดิจิตอล สตอเรจ เทคโนโลยีส์ (ประเทศไทย) จำกัด จังหวัดปราจีนบุรี,25,25140,ปราจีนบุรี
1605,10338,โรงแรม ไทยไฟท์ สมุย,84,84310,สุราษฎร์ธานี
1606,10337,บริษัท เอสทีพร็อพเพอร์ตี้ (99) จำกัด,91,91150,สตูล
1607,10336,บริษัท เอ็กซ์ตร้า คอนสตรัคชั่นแอนด์ดีไซน์ จำกัด,84,84320,สุราษฎร์ธานี
1608,10335,บริษัท ฟอร์ท อีเอ็มเอส จำกัด,73,73210,นครปฐม
1609,10334,บริษัท อีสอินโนเวชั่น จำกัด,10,10250,กรุงเทพมหานคร
1610,10333,บริษัท พรีโมเวิร์ล จำกัด,10,10500,กรุงเทพมหานคร
1611,10332,สำนักงานพัฒนาชุมชนอำเภอพรหมคีรี,80,80320,นครศรีธรรมราช
1612,10331,บริษัท บั้งไฟล้านมีเดีย จำกัด (ชีวิตติดรีวิว),10,10310,กรุงเทพมหานคร
1613,10330,บริษัท อาร์คิเทคเชอแรล เอ็นจิเนียริ่ง 49 (ภูเก็ต) จำกัด,83,83000,ภูเก็ต
1614,10329,โรงเรียนกีฬาเทศบาลเมืองทุ่งสง,80,80110,นครศรีธรรมราช
1615,10328,โรงแรม มีเลีย ภูเก็ต ไม้ขาว,83,83110,ภูเก็ต
1616,10327,บริษัท ภูเก็ตไนน์ จำกัด,83,83130,ภูเก็ต
1617,10326,บริษัท อินเตอร์เอเชียโลจิสติกส์ จำกัด,90,90120,สงขลา
1618,10325,"National Chung Cheng University, College of Engineering",111,62102,ไต้หวัน
1619,10324,บริษัท วสี จำกัด,83,83110,ภูเก็ต
1620,10323,บริษัท จัสลอว์ แอนด์ คอนซัลท์ จำกัด จังหวัดภูเก็ต,83,83120,ภูเก็ต
1621,10322,บริษัท ว้าว อันดามัน จำกัด,82,82210,พังงา
1622,10321,ศูนย์วิจัยและพัฒนาการเพาะเลี้ยงสัตว์น้ำชายฝั่งกระบี่,81,81000,กระบี่
1623,10320,ศาลเยาวชนและครอบครัวจังหวัดนครศรีธรรมราช,80,80330,นครศรีธรรมราช
1624,10319,หลักสูตรการจัดการการท่องเที่ยวและการบริการ สำนักวิชาการจัดการ มหาวิทยาลัยวลัยลักษณ์,80,80161,นครศรีธรรมราช
1625,10318,บริษัท บลูบิค วัลแคน จำกัด,10,10900,กรุงเทพมหานคร
1626,10317,ห้างหุ้นส่วนจำกัด พี. แลนด์,80,80000,นครศรีธรรมราช
1627,10316,สำนักวิชาสถาปัตยกรรมศาสตร์และการออกแบบ  มหาวิทยาลัยวลัยลักษณ์,80,80161,นครศรีธรรมราช
1628,10315,สถานีตำรวจท่องเที่ยวพัทยา,20,20150,ชลบุรี
1629,10314,โรงแรม อมาธารา เวลเลย์เชอร์ รีสอร์ท,83,83000,ภูเก็ต
1630,10313,หลักสูตรเศรษฐศาสตร์ สำนักวิชาการบัญชีและการเงิน มหาวิทยาลัยวลัยลักษณ์,80,80161,นครศรีธรรมราช
1631,10312,บริษัท บริหารสินทรัพย์ กรุงเทพพาณิชย์ จำกัด (มหาชน) สำนักงานนครปฐม,73,73000,นครปฐม
1632,10311,ธนาคารเพื่อการเกษตรและสหกรณ์การเกษตร สาขาพะโต๊ะ,86,86180,ชุมพร
1633,10310,บริษัท คอนสตรัคชั่น ไลนส์ จำกัด,10,10220,กรุงเทพมหานคร
1634,10309,กองพัฒนาแหล่งน้ำ 1 กรมทรัพยากรน้ำ,10,10400,กรุงเทพมหานคร
1635,10308,บริษัท เรโซแนค ออโตโมทีฟ โปรดักส์ (ประเทศไทย) จำกัด,21,21140,ระยอง
1636,10307,บริษัท แฮชบีเอ็กซ์ โกลบอล จำกัด (บริษัท โวลซ์ เอนเนอร์จี จำกัด),20,20140,ชลบุรี
1637,10306,บริษัท แฮปปี้ มอนเตอร์ เฮ้าส์ จำกัด,10,10110,กรุงเทพมหานคร
1638,10305,บริษัท โพสเซฟี่ กรุ๊ป จำกัด (ไทย ออปโป้),10,10400,กรุงเทพมหานคร
1639,10304,โรงพยาบาลธัญบุรี,13,12110,ปทุมธานี
1640,10303,ท่าอากาศยานอุบลราชธานี,34,34000,อุบลราชธานี
1641,10302,บริษัท ธุย เดสติเนชั่น เอ็กซ์พีเรียนเซส (ประเทศไทย) จำกัด,10,10400,กรุงเทพมหานคร
1642,10301,Metadee Concept Hotel,83,83100,ภูเก็ต
1643,10300,บริษัท กานดา ดิจิทัล จำกัด,10,10250,กรุงเทพมหานคร
1644,10299,Universitas Brawijaya,104,65145,อินโดนีเซีย
1645,10298,โรงเรียนวัดเขาปูน,80,80320,นครศรีธรรมราช
1646,10297,บริษัท ซีพีแอล อินเตอร์ - โลจิสติกส์ จำกัด,10,10240,กรุงเทพมหานคร
1647,10296,บริษัท เอไอแมน จำกัด,10,10240,กรุงเทพมหานคร
1648,10295,บริษัท เดอะ รีโคฟเวอรี่ แอดไวเซอร์ จำกัด,10,10210,กรุงเทพมหานคร
1649,10294,โรงแรม อวิสต้า แกรนด์ ภูเก็ต กะรน เอ็ม แกลเลอรี,83,83100,ภูเก็ต
1650,10293,ห้างหุ้นส่วนจำกัด ชัยอะไหล่,80,80000,นครศรีธรรมราช
1651,10292,สโมสร ฟุตบอลสงขลา เอฟซี,90,90110,สงขลา
1652,10291,บริษัท อินเตอร์เมดิคอล จำกัด ,10,10250,กรุงเทพมหานคร
1653,10290,บริษัท หมิงหยาง อินเตอร์เนชั่นแนล เทรดดิ้ง จำกัด,86,86130,ชุมพร
1654,10289,บริษัท โฮมมาร์ท ช.โลหะกิจ จำกัด,81,81000,กระบี่
1655,10288,,13,12130,ปทุมธานี
1656,10287,บริษัท ด็อปปิโอ เทค จำกัด,10,10400,กรุงเทพมหานคร
1657,10286,สำนักงานทรัพยากรทางทะเลและชายฝั่งที่ 5,90,90100,สงขลา
1658,10285,ศูนย์ความเป็นเลิศด้านวัสดุเชิงฟังก์ชันและนาโนเทคโนโลยี มหาวิทยาลัยวลัยลักษณ์,80,80160,นครศรีธรรมราช
1659,10284,โรงเรียนกีฬาจังหวัดนครศรีธรรมราช,80,80110,นครศรีธรรมราช
1660,10283,โรงแรม ทวินปาล์ม มอนท์เอซัวร์,83,83150,ภูเก็ต
1661,10282,บริษัท ผลิตไฟฟ้า จำกัด (มหาชน) (โรงไฟฟ้าน้ำเทิน สาธารณรัฐประชาธิปไตยประชาชนลาว),120,,สาธารณรัฐประชาธิปไตยประชาชนลาว
1662,10281,บริษัท เอก-ชัยดิสทริบิวชั่นซิสเทม จำกัด (เทสโกโลตัสคุ้มค่า สาขาจันดี),80,80250,นครศรีธรรมราช
1663,10280,สำนักงานสาธารณสุขจังหวัดปทุมธานี,13,12000,ปทุมธานี
1664,10279,ฟิต ฟอร์เอเวอร์ ฟิตเนส (สาขารังสิต),13,12130,ปทุมธานี
1665,10278,บริษัท อินเตอร์ เมคเกอร์ จำกัด,90,90110,สงขลา
1666,10277,บริษัท ธนาปาล์มโปรดักส์ จำกัด,84,84150,สุราษฎร์ธานี
1667,10276,บริษัท ฟอร์แคร์ อินโน จํากัด,10,10510,กรุงเทพมหานคร
1668,10275,บริษัท อินเตอร์เนชั่นแนลโพรเจคแอดมินิสเตรชั่น จำกัด (InterPAC),10,10400,กรุงเทพมหานคร
1669,10274,บริษัท ไอ-เทล คอร์ปอเรชั่น จำกัด (มหาชน),90,90100,สงขลา
1670,10273,โรงเรียนธนาคารออมสิน,77,77230,ประจวบคีรีขันธ์
1671,10272,โรงเรียนหลังสวนเทศบาลอุปถัมภ์,86,86110,ชุมพร
1672,10271,โรงเรียนภูบดินทร์พิทยาลัย,86,86110,ชุมพร
1673,10270,โรงเรียนตันติวัตร,80,80110,นครศรีธรรมราช
1674,10269,กองบังคับการตำรวจภูธรจังหวัดภูเก็ต,83,83000,ภูเก็ต
1675,10268,บริษัท อิตาเลียนไทย ดีเวล๊อปเมนต์ จำกัด (มหาชน) จังหวัดชลบุรี,20,20150,ชลบุรี
1676,10267,บริษัท ทีอาร์ซี คอนสตรัคชั่น จำกัด (มหาชน),10,10220,กรุงเทพมหานคร
1677,10266,เงือกทองทัวร์,90,90110,สงขลา
1678,10265,องค์การบริหารส่วนตำบลสี่ขีด,80,80120,นครศรีธรรมราช
1679,10264,Little Lot,10,10110,กรุงเทพมหานคร
1680,10263,ห้างหุ้นส่วน ดิน แอนิเมชั่น สตูดิโอ,10,10330,กรุงเทพมหานคร
1681,10262,Tower Tactic Games,10,10400,กรุงเทพมหานคร
1682,10261,โรงเรียนกาญจนภิเษกวิทยาลัย กระบี่,81,81120,กระบี่
1683,10260,สายการบินเอมิเรตส์,83,83110,ภูเก็ต
1684,10259,Fit Forever Fitness Rangsit,13,12130,ปทุมธานี
1685,10258,เวดดิ้งโซน สตูดิโอ,84,84000,สุราษฎร์ธานี
1686,10257,บริษัท ไทยวา จำกัด (มหาชน),10,10120,กรุงเทพมหานคร
1687,10256,บริษัท ทักษิณอุตสาหกรรมน้ำมันปาล์ม (1993) จำกัด,84,84130,สุราษฎร์ธานี
1688,10255,บริษัท จิตตะ ดอท คอม จำกัด,10,10900,กรุงเทพมหานคร
1689,10254,บริษัท โทรคมนาคมแห่งชาติ จำกัด (มหาชน) ส่วนขายและบริการลูกค้าสงขลา,90,90110,สงขลา
1690,10253,ที่ทำการไปรษณีย์หนองจิก,94,94170,ปัตตานี
1691,10252,ภูนาวา รีสอร์ท,83,83100,ภูเก็ต
1692,10251,โรงพยาบาลลานสกา,80,80230,นครศรีธรรมราช
1693,10250,บริษัท กรีน ลาเท็กซ์ จำกัด,13,12120,ปทุมธานี
1694,10249,ศูนย์วิจัยทรัพยากรทางทะเลและชายฝั่งอ่าวไทยตอนบน,74,74000,สมุทรสาคร
1695,10248,โรงแรมฮิลตัน พัทยา,20,20260,ชลบุรี
1696,10247,บริษัท สุเลมาน จำกัด,83,83000,ภูเก็ต
1697,10246,บริษัท บาดาโร ยอชท์ เซลส์ จำกัด,83,83000,ภูเก็ต
1698,10245,สวนน้ำอันดามันดา ภูเก็ต,83,83120,ภูเก็ต
1699,10244,บริษัท โปรทา จำกัด (Realme),10,10400,กรุงเทพมหานคร
1700,10243,บริษัท ฤทธา จำกัด,10,10520,กรุงเทพมหานคร
1701,10242,สโมสรฟุตบอลหญิงชลบุรีเอฟซี,20,20000,ชลบุรี
1702,10241,สำนักงานชลประทานที่ 16 กรมชลประทาน กระทรวงฯเกษตรและสหกรณ์ ,90,90110,สงขลา
1703,10240,"Owning Paradise Co., Ltd.",83,83100,ภูเก็ต
1704,10239,บริษัท อควาวอล์ค (ประเทศไทย) จำกัด ,83,83000,ภูเก็ต
1705,10238,อนันตรารีเวอร์ไซต์,10,10600,กรุงเทพมหานคร
1706,10237,อนันตรากรุงเทพสยาม,10,10330,กรุงเทพมหานคร
1707,10236,วอลดอร์ฟ แอสโทเรีย กรุงเทพ ,10,10330,กรุงเทพมหานคร
1708,10235,ร้าน HEH ,83,,ภูเก็ต
1709,10227,โรงแรมดับเบิ้ลยู กรุงเทพฯ (W Bangkok),10,10500,กรุงเทพมหานคร
1710,10226,The Okura Prestige Bangkok,10,10330,กรุงเทพมหานคร
1711,10225,Sindhorn Kempinski Hotel Bangkok ,10,10330,กรุงเทพมหานคร
1712,10224,The wayo cafe & restaurant ,80,,นครศรีธรรมราช
1713,10223,Parima Hotel Trang  ,92,,ตรัง
1714,10222,Lion’s Tale Trang   ,92,,ตรัง
1715,10221,L'Ar&#244;me by the sea,83,83150,ภูเก็ต
1716,10220,"Kantary 304 Hotel, Prachinburi   ",25,25140,ปราจีนบุรี
1717,10219,Inter continental Pattaya Resort,20,20150,ชลบุรี
1718,10218,Hyatt Regency Hua Hin ,77,77110,ประจวบคีรีขันธ์
1719,10217,Four Seasons Hotel Bangkok at Chao Phraya River ,10,10120,กรุงเทพมหานคร
1720,10216,Courtyard by Marriott North Pattaya      ,20,20150,ชลบุรี
1721,10215,CHATRIUM HOTEL RIVERSIDE BANGKOK,10,10120,กรุงเทพมหานคร
1722,10214,Arbour Hotel and Residence Pattaya        ,20,20150,ชลบุรี
1723,10213,บริษัท คอนทิเน็กท์ จำกัด,81,,กระบี่
1724,10212,ธนาคารเพื่อการเกษตรและสหกรณ์การเกษตร สาขาควนขนุน,93,93110,พัทลุง
1725,10211,สายการบินไทยแอร์เวย์,11,10540,สมุทรปราการ
1726,10210,สำนักงานอัยการภาค 9,90,90000,สงขลา
1727,10209,ศาลอาญากรุงเทพใต้,10,10120,กรุงเทพมหานคร
1728,10208,ที่ว่าการอำเภอเชียรใหญ่,80,80190,นครศรีธรรมราช
1729,10207,สถานีตำรวจภูธรอำเภอชะอำ,76,76120,เพชรบุรี
1730,10206,สำนักงานกฎหมายทนายชนะ,90,,สงขลา
1731,10205,ที่ว่าการอำเภอสิงหนคร,90,90280,สงขลา
1732,10204,โรงเรียนเทศบาล 2 บ้านมลายูบางกอก,95,95000,ยะลา
1733,10203,กองวิจัยและประกันคุณภาพ โรงงานเภสัชกรรมทหาร,10,10110,กรุงเทพมหานคร
1734,10202,กลุ่มวิจัยวัตถุดิบทางเภสัชกรรม สถาบันวิจัยและพัฒนา องค์การเภสัชกรรม,10,10400,กรุงเทพมหานคร
1735,10201,บริษัท นิติเสรีธรรม จำกัด,10,10230,กรุงเทพมหานคร
1736,10200,สำนักงานเทศบาลตำบลเกาะยาวใหญ่,82,82160,พังงา
1737,10199,สำนักงานอัยการจังหวัดสงขลา,90,90000,สงขลา
1738,10198,สถานีตำรวจภูธรจังหวัดพัทลุง,93,93000,พัทลุง
1739,10197,โรงเรียนเบญจมราชูทิศจังหวัดปัตตานี,94,94000,ปัตตานี
1740,10196,สถานเอกอัครราชทูตไทย ณ เวียงจันทร์,120,,สาธารณรัฐประชาธิปไตยประชาชนลาว
1741,10195,สำนักงานอัยการคุ้มครองสิทธิช่วยเหลือทางกฎหมายและการบังคับพัทลุง,93,93000,พัทลุง
1742,10194,สถานีตำรวจภูธรบ่อผุด,84,,สุราษฎร์ธานี
1743,10193,สำนักงานอัยการจังหวัดระนอง,85,85000,ระนอง
1744,10192,บริษัท ถิรไทย จำกัด (มหาชน),11,10280,สมุทรปราการ
1745,10191,เทศบาลเมืองกำแพงเพชร จังหวัดสงขลา,90,90180,สงขลา
1746,10190,สำนักจัดการที่ดินของรัฐ กรมที่ดิน,10,10210,กรุงเทพมหานคร
1747,10189,โรงพยาบาลกระบี่นครินทร์ อินเตอร์เนชั่นแนล,81,81000,กระบี่
1748,10188,กรมส่งเสริมการปกครองท้องถิ่น,10,10300,กรุงเทพมหานคร
1749,10187,Zeavola Resort,81,81210,กระบี่
1750,10186,บริษัท เซาท์ เอ็นจิเนียริ่ง แอนด์ เทคโนโลยี จำกัด,12,11130,นนทบุรี
1751,10185,บริษัท อินเตอร์เซีย จำกัด,74,74000,สมุทรสาคร
1752,10184,สำนักงานปลัด องค์การบริหารส่วนจังหวัดนครศรีธรรมราช,80,80000,นครศรีธรรมราช
1753,10183,ที่ว่าการอำเภอป่าบอน,93,93170,พัทลุง
1754,10182,สำนักงานวิเชียรทนายความ,84,84000,สุราษฎร์ธานี
1755,10181,สำนักงาน พรหมสุวรรณ ทนายความและธุรกิจ,10,10900,กรุงเทพมหานคร
1756,10180,โรงเรียนบ้านคู,93,,พัทลุง
1757,10179,โรงเรียนบ้านหาดงาม,84,84320,สุราษฎร์ธานี
1758,10178,โรงเรียนสุวรรณวงศ์,90,90110,สงขลา
1759,10177,โรงเรียนสายน้ำทิพย์,10,10110,กรุงเทพมหานคร
1760,10176,โรงเรียนวัดทางพูน,80,80290,นครศรีธรรมราช
1761,10175,สถาบันการต่างประเทศเทวะวงศ์วโรปการ,10,10210,กรุงเทพมหานคร
1762,10174,สำนักงานปลัดกระทรวงยุติธรรม,10,10210,กรุงเทพมหานคร
1763,10173,ที่ทำการปกครองจังหวัดสุราษฎร์ธานี,84,84000,สุราษฎร์ธานี
1764,10172,สำนักงานเลขาธิการสภาผู้แทนราษฎร,10,10300,กรุงเทพมหานคร
1765,10171,บริษัท เด็กดี อินเตอร์แอคทีฟ จำกัด,10,10500,กรุงเทพมหานคร
1766,10170,บริษัท เอ็มไอทีเอช อีสปอร์ต จำกัด,10,,กรุงเทพมหานคร
1767,10169,บริษัท ทิปปิ้ง พ้อยท์ โซลูชั่น จำกัด,10,10310,กรุงเทพมหานคร
1768,10168,บริษัท ซาติ สตูดิโอ จำกัด,10,10260,กรุงเทพมหานคร
1769,10167,บริษัท เอพีเอ็น 2014 จำกัด,10,10150,กรุงเทพมหานคร
1770,10166,ที่ว่าการอำเภอถลาง,83,83110,ภูเก็ต
1771,10165,ที่ว่าการอำเภอเมืองนราธิวาส,96,96000,นราธิวาส
1772,10164,ที่ว่าการอำเภอปากพนัง,80,80140,นครศรีธรรมราช
1773,10163,ที่ว่าการอำเภอชะอวด,80,80180,นครศรีธรรมราช
1774,10162,ที่ทำการปกครองอำเภอพิปูน,80,80270,นครศรีธรรมราช
1775,10161,โรงเรียนบ้านปลายเส,80,80260,นครศรีธรรมราช
1776,10160,ศาลจังหวัดหัวหิน,77,77110,ประจวบคีรีขันธ์
1777,10159,ศูนย์บริหารจัดการด่านตรวจประมงเขต 10 (พังงา),82,82210,พังงา
1778,10158,สโมสรฟุตบอลหญิงพระนคร,10,10700,กรุงเทพมหานคร
1779,10157,โรงเรียนวัดแร่ราษฎร์สุทัศน์,80,80130,นครศรีธรรมราช
1780,10156,โรงเรียนเกาะสมุย,84,84140,สุราษฎร์ธานี
1781,10155,โรงเรียนกระบุรี,85,85110,ระนอง
1782,10154,โรงเรียนทีปังกรวิทยาพัฒน์ (ทวีวัฒนา) ในพระราชูปถัมภ์ฯ,10,10170,กรุงเทพมหานคร
1783,10153,โรงเรียนเทศบาล 1 (ถนนภูผาภักดี),96,96000,นราธิวาส
1784,10152,โรงเรียนบ้านห้วยยูง,80,80000,นครศรีธรรมราช
1785,10151,โรงเรียนปากจั่นวิทยา,85,85110,ระนอง
1786,10150,โรงเรียนบ้านแม่โมกข์,84,84160,สุราษฎร์ธานี
1787,10149,บริษัท ออมนี่เรส จำกัด,10,,กรุงเทพมหานคร
1788,10148,โรงเรียนบ้านชะอวด,80,80180,นครศรีธรรมราช
1789,10147,บริษัท วินซี คอนสตรัคชั่น จำกัด,10,10900,กรุงเทพมหานคร
1790,10146,โรงแรม ทวินปาล์ม มอนท์เอซัวร์,83,83150,ภูเก็ต
1791,10145,บริษัท โคเทคนา อินสเปคชัน (ประเทศไทย) จำกัด ,10,10260,กรุงเทพมหานคร
1792,10144,สภาทนายความภาค 8,80,80110,นครศรีธรรมราช
1793,10143,สำนักงานอัยการจังหวัดไชยา,84,84100,สุราษฎร์ธานี
1794,10142,โรงเรียนวิเชียรชม,90,90000,สงขลา
1795,10141,บริษัท ออลเน็กซ์ (ประเทศไทย) จำกัด,11,57250,สมุทรปราการ
1796,10140,สำนักงานราชบัณฑิตยสภา,10,10300,กรุงเทพมหานคร
1797,10139,โรงเรียนนานาชาติฟินน์เวย์ ภูเก็ต,83,83000,ภูเก็ต
1798,10138,บริษัท ทูเวย์ เรดิโอ คอมมูนิเคชั่น จำกัด,10,10240,กรุงเทพมหานคร
1799,10137,ห้องปฏิบัติการทางการแพทย์ โรงพยาบาลศูนย์การแพทย์มหาวิทยาลัยวลัยลักษณ์,80,80160,นครศรีธรรมราช
1800,10136,สถานีวิทยุกระจายเสียงแห่งประเทศไทย จังหวัดขอนแก่น,40,40000,ขอนแก่น
1801,10135,บริษัท เอ็กโก เอ็นจิเนียนิ่ง แอนด์ เซอร์วิส จำกัด,21,21150,ระยอง
1802,10134,บริษัท โตโยไซกัน (ประเทศไทย) จำกัด ,14,13210,พระนครศรีอยุธยา
1803,10133,สำนักงานทางหลวงที่ 18 สงขลา,90,90000,สงขลา
1804,10132,,10,10220,กรุงเทพมหานคร
1805,10131,เดซติเนชั่น รีสอร์ท ภูเก็ต สุรินทร์ บีช,83,83110,ภูเก็ต
1806,10130,โรงแรม เดซติเนชั่น รีสอร์ท ภูเก็ต กะรน บีช,83,83100,ภูเก็ต
1807,10129,โรงแรม ศุภาลัย ซีนิค เบย์ รีสอร์ท แอนด์ สปา,83,83110,ภูเก็ต
1808,10128,บริษัท มิว เอ็นจิเนียริ่ง ซิสเท็ม จำกัด,83,83000,ภูเก็ต
1809,10127,การไฟฟ้าส่วนภูมิภาค สาขาย่อยอำเภอหาดสำราญ,92,92120,ตรัง
1810,10126,บริษัท ทีทีซีแอล จำกัด (มหาชน),10,10110,กรุงเทพมหานคร
1811,10125,บริษัท เอ็นเนอร์จี้ ออโทเมชั่น จำกัด,12,11110,นนทบุรี
1812,10124,บริษัท เจมินี เทค จำกัด,74,74000,สมุทรสาคร
1813,10123,บริษัท ที.พี.เอฟ.ซี. อินเตอร์เนชั่นแนล จำกัด,10,10130,กรุงเทพมหานคร
1814,10122,บริษัท ทิพวัฒน์ คอร์ปอเรชั่น จำกัด,16,15170,ลพบุรี
1815,10121,บริษัท บางกอกชีทเม็ททัล จำกัด (มหาชน),11,10130,สมุทรปราการ
1816,10120,เขื่อนบางลาง จังหวัดยะลา,95,95130,ยะลา
1817,10119,บริษัท เอส.จี. แลนด์ จำกัด,10,10330,กรุงเทพมหานคร
1818,10118,การกีฬาแห่งประเทศไทย,10,10240,กรุงเทพมหานคร
1819,10117,กลุ่มพัฒนาสมรรถภาพทางกาย สำนักวิทยาศาสตร์การกีฬา กรมพลศึกษา,10,10330,กรุงเทพมหานคร
1820,10116,สำนักงานการกีฬาแห่งประเทศไทย ภาค 5 จังหวัดเชียงใหม่,50,50180,เชียงใหม่
1821,10115,สำนักงานการกีฬาแห่งประเทศไทย ภาค 4 จังหวัดสงขลา,90,90250,สงขลา
1822,10114,สำนักงานการกีฬาแห่งประเทศไทย ภาค 3 จังหวัดนครราชสีมา,30,30000,นครราชสีมา
1823,10113,มหาลัยเทคโนโลยีสุรนารี (Sport complex),30,30000,นครราชสีมา
1824,10112,Jetts Fitness Thailand,10,,กรุงเทพมหานคร
1825,10111,U Active Fitness Club,80,80160,นครศรีธรรมราช
1826,10110,ฟิตเนส เฟิร์ทส,10,,กรุงเทพมหานคร
1827,10109,Virgin Active Thailand จังหวัดเชียงใหม่,50,50000,เชียงใหม่
1828,10108,สมาคมกีฬาว่ายน้ำแห่งประเทศไทย,10,10240,กรุงเทพมหานคร
1829,10107,สมาคม กรีฑาแห่งประเทศไทย ในพระบรมราชูปถัมภ์,13,,ปทุมธานี
1830,10106,สมาคม กีฬาลอนเทนนิส แห่งประเทศไทย ในพระบรมราชูปถัมภ์,12,11120,นนทบุรี
1831,10105,สโมสร บาสเกตบอลไฮเทค ,10,10140,กรุงเทพมหานคร
1832,10104,สโมสรฟุตบอล นครราชสีมา มาสด้า เอฟซี,30,30000,นครราชสีมา
1833,10103,สโมสร ฟุตบอลภูเก็ต เอฟซี,83,,ภูเก็ต
1834,10102,สโมสร ฟุตบอลสงขลายูไนเต็ด,90,,สงขลา
1835,10101,สโมสร ฟุตบอลกระบี่ เอฟซี,81,,กระบี่
1836,10100,สโมสร ฟุตบอลนครศรีฯ ซิตี้,80,,นครศรีธรรมราช
1837,10099,สโมสร ฟุตบอลสุพรรณบุรี เอฟซี,72,72000,สุพรรณบุรี
1838,10098,สโมสรชลบุรี เอฟซี อคาเดมี,20,20170,ชลบุรี
1839,10097,สโมสร ฟุตบอลการท่าเรือ เอฟซี,10,,กรุงเทพมหานคร
1840,10096,สโมสร ฟุตบอลบุรีรัมย์ ยูไนเต็ด,31,,บุรีรัมย์
1841,10095,ศูนย์การแพทย์กาญจนาภิเษก มหาวิทยาลัยมหิดล,73,73170,นครปฐม
1842,10035,บริษัท เอ็ม เอฟ อี ซี จำกัด (มหาชน),10,10900,กรุงเทพมหานคร
1843,10017,ไลน์แมนวงใน,10,10110,กรุงเทพมหานคร
1844,10015,บริษัท ไอเมซเมกเกอร์ จำกัด,50,50230,เชียงใหม่
1845,9996,บริษัท นิว ฮอร์ตัน หัวหิน จำกัด,77,77110,ประจวบคีรีขันธ์
1846,9995,บริษัท ทรีพี อีเว้นท์ จำกัด,77,77110,ประจวบคีรีขันธ์
1847,9979,สำนักงานธนารักษ์พื้นที่ชุมพร,86,86000,ชุมพร
1848,9978,โรงพยาบาลพระราม 9,10,10310,กรุงเทพมหานคร
1849,9977,สำนักงานสรรพสามิตพื้นที่ยะลา,95,95000,ยะลา
1850,9976,ตรวจคนเข้าเมืองจังหวัดยะลา,95,95000,ยะลา
1851,9975,โรงแรม ชีวาศรม  หัวหิน,77,77110,ประจวบคีรีขันธ์
1852,9955,การยางแห่งประเทศไทย สาขาท่าศาลา,80,80160,นครศรีธรรมราช
1853,9936,สำนักงานคลังจังหวัดนนทบุรี,12,11000,นนทบุรี
1854,9935,สำนักเลขาธิการนายกรัฐมนตรี,10,10300,กรุงเทพมหานคร
1855,9915,Day and Night Phuket,83,83000,ภูเก็ต
1856,9900,บริษัท อินโดรามา โพลีเอสเตอร์ อินดัสตรี้ส์ จำกัด (มหาชน),21,21150,ระยอง
1857,9899,บริษัท คอนติเนนทอล ไทร์ส (ประเทศไทย) จำกัด,21,21140,ระยอง
1858,9898,บริษัท อีลาสโตมิกซ์ (ประเทศไทย) จำกัด,21,21140,ระยอง
1859,9897,บริษัท โฟคัซ แมนูแฟคเจอริ่ง จำกัด,13,12120,ปทุมธานี
1860,9896,บริษัท ซียูอีแอล จำกัด,20,20230,ชลบุรี
1861,9895,บริษัท ทีโอเอ เพ้นท์ (ประเทศไทย) จำกัด,11,10540,สมุทรปราการ
1862,9894,บริษัท เอ็ชเอ็มซี โปลีเมอส์ จำกัด,10,10120,กรุงเทพมหานคร
1863,9893,บริษัท ปตท.สำรวจและผลิตปิโตรเลียมจำกัด (มหาชน),10,10900,กรุงเทพมหานคร
1864,9892,"Essilor Manufacturing (Thailand) Co.,Ltd. (Essilor Group)",10,10520,กรุงเทพมหานคร
1865,9891,"TOA-Dovechem Industries Co., Ltd.",11,10540,สมุทรปราการ
1866,9890,บริษัท เอเชีย จีโอเทคนิคัล อินสตรูเมนท์ จำกัด,10,10230,กรุงเทพมหานคร
1867,9889,สำนักงานชลประทานที่ 14 กรมชลประทาน กระทรวงเกษตรและสหกรณ์,77,77120,ประจวบคีรีขันธ์
1868,9888,โครงการก่อสร้างถนนสาย พท.4004 กลุ่มงานทางในเขตชนบท สำนักก่อสร้างทาง กรมทางหลวงชนบท,93,93130,พัทลุง
1869,9887,บริษัท สมุย ควอลิตี้ บิ้วท์ จำกัด,84,84310,สุราษฎร์ธานี
1870,9886,บริษัท ศรีตรัง ไอบีซี จำกัด,90,90110,สงขลา
1871,9885,บริษัท ที ซี ซี เทคโนโลยี จำกัด,10,10500,กรุงเทพมหานคร
1872,9884,โรงพยาบาลธัญญบุรี,13,12110,ปทุมธานี
1873,9883,โรงแรมเมอเวนพิค มิธ โฮเทล ป่าตอง ภูเก็ต,83,83150,ภูเก็ต
1874,9882,บริษัท ทรัพย์แสนดีการบัญชี จำกัด,12,11140,นนทบุรี
1875,9881,บริษัท บีบิ๊กทรี จำกัด,10,10250,กรุงเทพมหานคร
1876,9880,บริษัท ซี เอส การบัญชี จำกัด,10,10240,กรุงเทพมหานคร
1877,9879,บริษัท อัญชนา แอ๊คเคานท์ แอนด์ ออดิท จำกัด,12,11120,นนทบุรี
1878,9878,บริษัท ฮอนด้า ออโตโมบิล (ประเทศไทย) จำกัด จังหวัดพระนครศรีอยุธยา,14,13210,พระนครศรีอยุธยา
1879,9877,บริษัท ฮอนด้า ออโตโมบิล (ประเทศไทย) จำกัด จังหวัดปราจีนบุรี,25,25140,ปราจีนบุรี
1880,9876,ศูนย์วิจัยและนวัตกรรมอาหารสัตว์ CPF,20,20220,ชลบุรี
1881,9875,บริษัท บางกอก แทรเวล คลับ,10,10900,กรุงเทพมหานคร
1882,9874,บริษัท บางกอก แอร์ทัวร์ (1988) จำกัด,10,10330,กรุงเทพมหานคร
1883,9873,บริษัท โฟคัซ แมนูแฟคเจอริ่ง จำกัด,10,12120,กรุงเทพมหานคร
1884,9872,บริษัท เอ็ม.อี.เอส.ไอ. วิศวกรรม,12,11000,นนทบุรี
1885,9871,บริษัท เยส เว็บ ดีไซต์ สตูดิโอ จำกัด,10,10300,กรุงเทพมหานคร
1886,9870,บริษัท โซนิค อินเตอร์เฟรท จำกัด (มหาชน) สาขาคลองเตย,10,10110,กรุงเทพมหานคร
1887,9869,บริษัท เพอร์เฟค คอมพาเนียน กรุ๊ป จำกัด สาขาหาดใหญ่,90,90250,สงขลา
1888,9868,บริษัท ฟอร์เวิร์ด แล็บส์ จำกัด,10,10900,กรุงเทพมหานคร
1889,9867,"Institute of Plant Science and Resources (IPSR), Okayama University",116,,ญี่ปุ่น
1890,9866,บริษัท ควอลิตี้ พลัส ไบโอเมดเทค จำกัด,10,10210,กรุงเทพมหานคร
1891,9865,ที่ทำการไปรษณีย์บ้านส้อง,84,84190,สุราษฎร์ธานี
1892,9864,ทักษิณฟาร์ม,90,90110,สงขลา
1893,9863,"Depart of Physics, Aristotle University of Thessaloniki",140,,กรีซ
1894,9862,"Department of Basic and Applied Sciences of Engineering, Sapienza University",139,00161,อิตาลี
1895,9861,ภาควิชาวิทยาศาสตร์  มหาวิทยาลัยขอนแก่น,40,40150,ขอนแก่น
1896,9860,วิทยาลัยวิศวกรรมสังคีต  สถาบันเทคโนโลยีพระจอมเกล้าเจ้าคุณทหารลาดกระบัง,10,10520,กรุงเทพมหานคร
1897,9859,Choice Medical Group,117,92308,สหรัฐอเมริกา
1898,9858,บริษัท ซุปเปอร์ เอนเนอร์ยี่ คอร์เปอเรชั่น จำกัด (มหาชน),10,10260,กรุงเทพมหานคร
1899,9857,บริษัท เอ็มพี แอพคอน โอเปอร์เรชั่น จำกัด,10,10260,กรุงเทพมหานคร
1900,9856,การรถไฟฟ้าขนส่งมวลชนแห่งประเทศไทย,10,10320,กรุงเทพมหานคร
1901,9855,โรงเรียนศรีธรรมราชศึกษา English Program,80,80000,นครศรีธรรมราช
1902,9854,หลักสูตรนิเทศศาสตร์ สำนักวิชาสารสนเทศศาสตร์ มหาวิทยาลัยวลัยลักษณ์,80,80161,นครศรีธรรมราช
1903,9853,โรงแรม คาราเพซ หัวหิน,77,77110,ประจวบคีรีขันธ์
1904,9852,"Centre for Marine & Coastal Studies (CEMACS), University Sains Malaysia",107,11800,มาเลเซีย
1905,9851,บริษัท บีเคเคไลฟ์สไตล์ ทราเวล เอ็กซ์เปิร์ท จำกัด,10,10400,กรุงเทพมหานคร
1906,9850,บริษัท สมาร์ทเตอร์ เอ็นเนอร์ยี่ โซลูชั่น จำกัด,83,83120,ภูเก็ต
1907,9849,บริษัท ลูเมนตั้ม อินเตอร์เนชั่นแนล (ประเทศไทย) จำกัด,13,12120,ปทุมธานี
1908,9848,บริษัท ดีลอินเวส จำกัด,10,10210,กรุงเทพมหานคร
1909,9847,โรงแรม เมดิสัน แอนด์ โค,80,80160,นครศรีธรรมราช
1910,9846,บริษัท น็อสทอลเจีย ดีไซน์ จำกัด,90,90110,สงขลา
1911,9845,บริษัท การันตี สุดโปรด จำกัด,10,10240,กรุงเทพมหานคร
1912,9844,บริษัท ชูเกียรติ จีดับบลิว นคร จำกัด (สำนักงานใหญ่),80,80000,นครศรีธรรมราช
1913,9843,บริษัท ปกรณ์และเพื่อน จำกัด,80,80000,นครศรีธรรมราช
1914,9842,บริษัท บิวเทรี่ยม จำกัด,10,10330,กรุงเทพมหานคร
1915,9841,บริษัท ไอ แอม ออม อาร์คิเทค จำกัด ,83,83120,ภูเก็ต
1916,9840,บริษัท โลโคโมทีฟ ดีไซน์ จำกัด,83,83000,ภูเก็ต
1917,9839,บริษัท พัชระ อรณิชา สถาปัตย์ จำกัด,12,11000,นนทบุรี
1918,9838,บริษัท จูน เซคิโน อาร์ดิเทคต์ แอนด์ ดีไซน์ จำกัด ,10,10250,กรุงเทพมหานคร
1919,9837,บริษัท อีโค่ อาร์คิเทค จำกัด (สาขากรุงเทพ),10,10310,กรุงเทพมหานคร
1920,9836,บริษัท วอลลาเซีย จำกัด,10,10240,กรุงเทพมหานคร
1921,9835,บริษัท แพลนนิ่ง แอนด์ แม๊ปปิ้ง คอนเซาแทนต์ จำกัด ,90,90110,สงขลา
1922,9834,บริษัท ดีพลัส อินเตอร์เทรด จำกัด,10,10120,กรุงเทพมหานคร
1923,9833,สาขาวิชาเคมี สำนักวิชาวิทยาศาสตร์ มหาวิทยาลัยเทคโนโลยีสุรนารี,30,30000,นครราชสีมา
1924,9832,บริษัท เอส.บี ดีไซต์ สแควร์ จำกัด,83,83000,ภูเก็ต
1925,9831,ส.เมืองคอน,80,80000,นครศรีธรรมราช
1926,9830,บริษัท จุรีทับทิมสยาม จำกัด,80,80140,นครศรีธรรมราช
1927,9829,บริษัท เพอเฟกท์ เทรนนิ่ง กรุ๊ป จำกัด,12,11110,นนทบุรี
1928,9828,บริษัท ไอดีล วัน จำกัด,12,11120,นนทบุรี
1929,9827,ห้างหุ้นส่วนกระบี่สถาปัตย์,81,81000,กระบี่
1930,9826,ศูนย์ความเป็นเลิศด้านไม้และวัสดุชีวภาพ มหาวิทยาลัยวลัยลักษณ์,80,80161,นครศรีธรรมราช
1931,9825,บริษัท ทรัพย์เปอร์ จำกัด,90,90110,สงขลา
1932,9824,บริษัท เค.เอ็น. คอร์เปอเรชั่น จำกัด,40,40000,ขอนแก่น
1933,9823,โรงพยาบาลยันฮี,10,10700,กรุงเทพมหานคร
1934,9822,ศูนย์การแพทย์ปฐมภูมิและการแพทย์ทางเลือก - จอมทอง โรงพยาบาลตำรวจ,10,10150,กรุงเทพมหานคร
1935,9821,"Meeidea Multisoftware Co., Ltd.",12,11140,นนทบุรี
1936,9820,บริษัท ครีเอท ทู มีเดีย จำกัด,12,11110,นนทบุรี
1937,9819,บริษัท เอที ครีเอทีฟ จำกัด,11,10130,สมุทรปราการ
1938,9818,บริษัท คลาสเอ็กซ์โค จำกัด,10,,กรุงเทพมหานคร
1939,9817,"Siam2Design Co., Ltd.",10,10700,กรุงเทพมหานคร
1940,9816,บริษัท สร้างสรรค์สื่อเพื่อการเรียนรู้ (สสร.) จำกัด,10,10800,กรุงเทพมหานคร
1941,9815,สตูดิโอ เอสเอ็มแอล,80,80000,นครศรีธรรมราช
1942,9814,บริษัท บอลลี่ ดีไซต์ จำกัด,10,10240,กรุงเทพมหานคร
1943,9813,ห้างหุ้นส่วนจำกัด ฟอร์แปลนกรุ๊ป,80,80000,นครศรีธรรมราช
1944,9812,บริษัท ไอ วิว ดีไซต์ สตูดิโอ จำกัด,10,10250,กรุงเทพมหานคร
1945,9811,บริษัท สถาปนิก 49 (ภูเก็ต) จำกัด,83,83000,ภูเก็ต
1946,9810,บริษัท เอ็มสเปซ จำกัด,10,10310,กรุงเทพมหานคร
1947,9809,บริษัท โอเรียนเตล แกลลอรี่ส์ จำกัด (สำนักงานใหญ่),84,84320,สุราษฎร์ธานี
1948,9808,บริษัท 9ดี สถาปนิก จำกัด,83,83000,ภูเก็ต
1949,9807,บริษัท นูเซ็น จำกัด,83,83130,ภูเก็ต
1950,9806,บริษัท อันดามัน แอสเซท โซลูชั่น จำกัด,83,83110,ภูเก็ต
1951,9805,บริษัท วีอาร์คอนซัลแตนท์ แอนด์ เซอร์วิส จำกัด,10,10500,กรุงเทพมหานคร
1952,9804,บริษัท สารมาศ ดีเวลลอปเม้นท์ จำกัด,81,81000,กระบี่
1953,9803,บริษัท เอส.บี.เฟอร์นิเจอร์เฮ้าส์ จำกัด,12,11120,นนทบุรี
1954,9802,บริษัท ซิซซา กรุ๊ป จำกัด,10,10110,กรุงเทพมหานคร
1955,9801,บริษัท ชมพรภัณฑ์ เมทัลชีท จำกัด,80,80000,นครศรีธรรมราช
1956,9800,บริษัท เอ็กซ์เพรส ดาต้า จำกัด,83,83000,ภูเก็ต
1957,9799,บริษัท ดม กรุ๊ป จำกัด,10,10240,กรุงเทพมหานคร
1958,9798,บริษัท สถาปนิกพอดี จำกัด,10,10110,กรุงเทพมหานคร
1959,9797,บริษัท ไทย ออนไลน์ มีเดีย จำกัด,10,10310,กรุงเทพมหานคร
1960,9796,บริษัท ไดนามิค ตรวจสอบบัญชีและภาษี จำกัด,80,80000,นครศรีธรรมราช
1961,9795,บริษัท สวย แมเนจเม้นท์ จำกัด,83,83110,ภูเก็ต
1962,9794,บริษัท เจพี อาร์คิเท็คส์ จำกัด,83,83000,ภูเก็ต
1963,9793,บริษัท ไอเดีย บ๊อกซ์ ภูเก็ต จำกัด,83,83000,ภูเก็ต
1964,9792,บริษัท เอส.โอ.เอส อาร์คิเทคส์ จำกัด,50,50200,เชียงใหม่
1965,9791,บริษัท สตูดิโอ มิติ จำกัด,10,10230,กรุงเทพมหานคร
1966,9790,บริษัท พีคฌาน จำกัด,12,11130,นนทบุรี
1967,9789,บริษัท นัมเบอร์วันแลนด์ จำกัด,10,10250,กรุงเทพมหานคร
1968,9788,โรงแรม ฮิลตัน การ์เดน อินน์ ภูเก็ต บางเทา,83,83110,ภูเก็ต
1969,9787,อมาธารา เวลเนส รีสอร์ท,83,83000,ภูเก็ต
1970,9786,บริษัท สรรพสินค้าเซ็นทรัล จำกัด (สำนักงานใหญ่),10,10330,กรุงเทพมหานคร
1971,9785,My Bangkok Restaurant,106,2232,ออสเตรเลีย
1972,9784,บริษัท นัมเบอร์ทเวลฟท จำกัด,83,83000,ภูเก็ต
1973,9783,บริษัท อาร์คิเทคท์ วันวัน จำกัด,83,83120,ภูเก็ต
1974,9782,บริษัท ออร์คิดจ๊อบ ดอท คอม จำกัด,10,10310,กรุงเทพมหานคร
1975,9781,บริษัท เงินเทอร์โบ จำกัด,12,11120,นนทบุรี
1976,9780,สำนักงาน พี เจ การบัญชี,84,84000,สุราษฎร์ธานี
1977,9779,บริษัท แฮปปี้เชฟ (ประเทศไทย) จำกัด,14,13160,พระนครศรีอยุธยา
1978,9778,สำนักงานเทศบาลตำบลโพธิ์เสด็จ,80,80000,นครศรีธรรมราช
1979,9777,บริษัท ปกิต้า จำกัด,83,83120,ภูเก็ต
1980,9776,โรงเรียนหงษ์เจริญวิทยาคม,86,86140,ชุมพร
1981,9775,โรงเรียนราชประชานุเคราะห์ 42 จังหวัดสตูล,91,91140,สตูล
1982,9774,ภูเก็ต บลูทรี,83,83110,ภูเก็ต
1983,9773,บริษัท แมคคีย์ฟู้ด เซอร์วิสเซส (ประเทศไทย) จำกัด,11,10570,สมุทรปราการ
1984,9772,บริษัท เอสเอ็ม.ทีเอช คอนสตรักชั่น จำกัด (สถาปนิกมุสลิมเพื่อชุมชน),91,91160,สตูล
1985,9771,บริษัท ซันสวีท จำกัด (มหาชน),50,50120,เชียงใหม่
1986,9770,สถาบันค้นคว้าและพัฒนาผลิตภัณฑ์อาหาร มหาวิทยาลัยเกษตรศาสตร์,10,10900,กรุงเทพมหานคร
1987,9769,ศูนย์วิจัยและนวัตกรรมอาหารสัตว์ บริษัท ซีพีเอฟ (ประเทศไทย) จำกัด (มหาชน),20,20220,ชลบุรี
1988,9768,ห้างหุ้นส่วนจำกัด โฮมเบส คอนสตรัคชั่น,84,84330,สุราษฎร์ธานี
1989,9767,จิรพัฒน์ ฟาร์ม,90,90110,สงขลา
1990,9766,บริษัท อาซาว่า อาร์คิเทค จำกัด,80,80000,นครศรีธรรมราช
1991,9765,โรงแรม อวานี พลัส เขาหลัก รีสอร์ท,82,82190,พังงา
1992,9764,โรงแรม คลับเมด ภูเก็ต,83,83100,ภูเก็ต
1993,9763,บริษัท หัวหิน น่าอยู่,77,77110,ประจวบคีรีขันธ์
1994,9762,โรงพยาบาลศิริราช ปิยมหาราชการุณย์,10,10700,กรุงเทพมหานคร
1995,9761,สำนักวิชาเภสัชศาสตร์ มหาวิทยาลัยวลัยลักษณ์,80,80161,นครศรีธรรมราช
1996,9760,สำนักงานเกษตรอำเภอลานสกา,80,80230,นครศรีธรรมราช
1997,9759,ศูนย์ส่งเสริมเทคโนโลยีการเกษตรด้านอารักขาพืช จังหวัดสงขลา,90,90110,สงขลา
1998,9758,บริษัท ไร่โชติวรรณ จำกัด,20,2000,ชลบุรี
1999,9757,ภาควิชาโรคพืช คณะเกษตรศาสตร์ มหาวิทยาลัยเกษตรศาสตร์,10,10900,กรุงเทพมหานคร
2000,9756,สอนศิริ ฟาร์มควายไทย,25,25150,ปราจีนบุรี
2001,9755,"Foreign Worker Employment Agency Ta & Artwork Co., Ltd.",80,80000,นครศรีธรรมราช
2002,9754,บริษัท เจแอลโฮม จำกัด,10,10230,กรุงเทพมหานคร
2003,9753,บริษัท ไฮโปธีสีส จำกัด,10,10260,กรุงเทพมหานคร
2004,9752,Razin Architechts Sdn. Bhd.,107,81200,มาเลเซีย
2005,9751,บริษัท ลูน่า มารีน จำกัด,83,83000,ภูเก็ต
2006,9750,บริษัท อีฟ แอนด์ บอย จำกัด,10,10330,กรุงเทพมหานคร
2007,9749,บริษัท สยามเฮลท์ กรุ๊ป จำกัด,10,10170,กรุงเทพมหานคร
2008,9748,บริษัท ไมเนอร์ คอเปอร์เรชั่น จำกัด (มหาชน) Smart Kids,10,10110,กรุงเทพมหานคร
2009,9747,บริษัท ชนิดา เพ็ทช็อป จำกัด,80,80000,นครศรีธรรมราช
2010,9746,อุทยานการเรียนรู้นราธิวาส,96,96000,นราธิวาส
2011,9745,บริษัท เดอะ คอฟฟี คลับ (ประเทศไทย) จำกัด,10,10110,กรุงเทพมหานคร
2012,9744,บริษัท ฮอนด้า เอ็นจิเนียริ่ง เอเชี่ยน,20,20000,ชลบุรี
2013,9743,บริษัท เบิร์ด อาย วิว เน็ตเวิร์ค จำกัด,10,10240,กรุงเทพมหานคร
2014,9742,บริษัท เดซติเนชั่น รีสอร์ท จำกัด (Novotel Phuket Karon Beach),10,10110,กรุงเทพมหานคร
2015,9741,สถานีตำรวจภูธรนบพิตำ,80,80160,นครศรีธรรมราช
2016,9740,สถานีตํารวจภูธรเมืองสุราษฎร์ธานี,84,84000,สุราษฎร์ธานี
2017,9739,โรงแรม ฮอลิเดย์ อินน์ รีสอร์ท กระบี่ อ่าวนางบีช,81,81180,กระบี่
2018,9738,บริษัท ที - ที เซฟตี้ เซลล์แอนด์เซอร์วิส จำกัด,90,90110,สงขลา
2019,9737,บริษัท ดิจิทโซล จำกัด,10,10110,กรุงเทพมหานคร
2020,9736,สาขาวิชาการท่องเที่ยวและโปรเชฟ สำนักวิชาการจัดการ มหาวิทยาลัยวลัยลักษณ์,80,80161,นครศรีธรรมราช
2021,9735,สำนักวิชาพหุภาษาและการศึกษาทั่วไป มหาวิทยาลัยวลัยลักษณ์,80,80161,นครศรีธรรมราช
2022,9734,บริษัท เบเคอร์ แอนด์ แม็คเค็นซี่ จำกัด,10,10500,กรุงเทพมหานคร
2023,9733,TR Hamzah & Yeawg Sdn Bhd,107,68000,มาเลเซีย
2024,9732,"TCL Electronics (Thailand) Co., Ltd.",10,,กรุงเทพมหานคร
2025,9731,Sansiri Public Company Limited,10,,กรุงเทพมหานคร
2026,9730,Optiwise (https://www.optiwise.io/about-optiwise),10,,กรุงเทพมหานคร
2027,9729,"SI. com (Thailand) Co., Ltd.",10,,กรุงเทพมหานคร
2028,9728,"CHOCO CARD ENTERPRISE CO., LTD.",10,,กรุงเทพมหานคร
2029,9727,"Qualityplus Creation Co., Ltd.",10,,กรุงเทพมหานคร
2030,9726,"THAITANIUM BEVERAGE CO., LTD.",10,,กรุงเทพมหานคร
2031,9725,"SmoothGraph Connect Co., Ltd.",10,,กรุงเทพมหานคร
2032,9724,"Bonduba And Ningki United Co., Ltd.",10,,กรุงเทพมหานคร
2033,9723,"TeC e-Business Center Co., Ltd.",10,,กรุงเทพมหานคร
2034,9722,"Jaspal Co., Ltd.",10,,กรุงเทพมหานคร
2035,9721,"Shobshop Media Co., Ltd.",10,,กรุงเทพมหานคร
2036,9720,PRTR (Hair Fashion Company),10,,กรุงเทพมหานคร
2037,9719,Central Retail Corporation (CRC Talent Acquisition),10,,กรุงเทพมหานคร
2038,9718,THE BALANCE PILATES BKK,10,,กรุงเทพมหานคร
2039,9717,บี.ลั๊ค.กี้. (Belucky) ,10,,กรุงเทพมหานคร
2040,9716,โนว์อาร์ เลิร์นนิ่ง ,12,,นนทบุรี
2041,9715,Patom Organic Living,10,,กรุงเทพมหานคร
2042,9714,Concept clinic,10,,กรุงเทพมหานคร
2043,9713,โรงพยาบาลวัฒนแพทย์ อ่าวนาง ,81,81180,กระบี่
2044,9712,อุุทยานสวนพฤกศาสตร์ มหาวิทยาลัยวลัยลักษณ์,80,80161,นครศรีธรรมราช
2045,9711,อาร์เอ็น คอสเมติกส์ กรุ๊ป,10,,กรุงเทพมหานคร
2046,9710,Content Shifu,10,,กรุงเทพมหานคร
2047,9709,Arktic,10,,กรุงเทพมหานคร
2048,9708,Alist ,10,,กรุงเทพมหานคร
2049,9707,บริษัท ดีเอฟเอกซ์ไทย,77,,ประจวบคีรีขันธ์
2050,9706,Bigbear plus+,11,,สมุทรปราการ
2051,9705,Ragnar Corporation,10,,กรุงเทพมหานคร
2052,9704,คัฟฟ่า คอฟฟี่เม็คเกอร์,12,,นนทบุรี
2053,9703,CAVOK,10,,กรุงเทพมหานคร
2054,9702,เก่ง พระราม9 (ขายรถมือสอง),10,,กรุงเทพมหานคร
2055,9701,ค่ายมวยขุนศึก,81,,กระบี่
2056,9700,แพเพชรปิยะ นครศรีธรรมราช,80,,นครศรีธรรมราช
2057,9699,บริษัท เด็กดี อินเตอร์แอคทีฟ จำกัด,10,10500,กรุงเทพมหานคร
2058,9698,บริษัท เอเชียน สแตนเลย์ อินเตอร์เนชั่นแนล จำกัด,13,12140,ปทุมธานี
2059,9697,ธนาคารเพื่อการเกษตรและสหกรณ์การเกษตร สาขาสมุทรสาคร,74,74000,สมุทรสาคร
2060,9696,โรงแรม เธียรี่,11,10270,สมุทรปราการ
2061,9695,ห้องปฏิบัติการเพาะเลี้ยงเซลล์และวิศวกรรมเนื้อเยื่อ มหาวิทยาลัยวลัยลักษณ์,80,80161,นครศรีธรรมราช
2062,9694,โรงแรม ฮอลิเดย์ อินน์ วานา นาวา หัวหิน,77,77110,ประจวบคีรีขันธ์
2063,9693,"FACULTY OF ECONOMIC AND BUSINESS, UNIVERSITY OF PEMBANGUNAN NASIONAL “VETERAN” JAKARTA",104,12450,อินโดนีเซีย
2064,9692,สำนักงานโยธาธิการและผังเมืองจังหวัดสงขลา,90,90000,สงขลา
2065,9691,โรงแรม เรดิสัน รีสอร์ท แอนด์ สวีท ภูเก็ต,83,83150,ภูเก็ต
2066,9690,โรงเรียนเทศบาลบ้านคลองภาษี,92,92110,ตรัง
2067,9689,สำนักงานศุลกากรภาคที่ 4,90,90100,สงขลา
2068,9688,Loews Hotel Universal Resort,117,,สหรัฐอเมริกา
2069,9687,บริษัท ไทย - สวีดิช แอสเซมบลีย์ จำกัด,11,10570,สมุทรปราการ
2070,9686,บริษัท สเปเชียลตี้ อินโนเวชั่น จำกัด,11,10540,สมุทรปราการ
2071,9685,บริษัท ศรีตรังแอโกรอินดัสทรี จำกัด (มหาชน) สุราษฎร์ธานี,84,84000,สุราษฎร์ธานี
2072,9684,บริษัท สยามมิชลิน จำกัด (โรงงานสยามมิชลินหาดใหญ่),90,90110,สงขลา
2073,9683,Faculty of Civil Engineering Technology Universiti Malaysia Perlis,107,02600,มาเลเซีย
2074,9682,บริษัท ธนาพัฒน์ พร๊อพเพอร์ตี้ ดิเวลล็อปเมนท์ จำกัด (มหาชน),10,10900,กรุงเทพมหานคร
2075,9681,ห้องปฏิบัติการวิจัยพลาสมาและคลื่นแม่เหล็กไฟฟ้า มหาวิทยาลัยวลัยลักษณ์ ,80,80161,นครศรีธรรมราช
2076,9680,สำนักงานการท่องเที่ยวและกีฬาจังหวัดพระนครศรีอยุธยา,14,13000,พระนครศรีอยุธยา
2077,9679,บริษัท เซ็นทรัล เรสตอรองส์ กรุ๊ป จำกัด,10,10500,กรุงเทพมหานคร
2078,9678,บริษัท แซนด์ ซี จำกัด,81,81000,กระบี่
2079,9677,บริษัท พลาสตีก จำกัด,10,10150,กรุงเทพมหานคร
2080,9676,บริษัท ดีแคทลอน (ประเทศไทย) จำกัด,11,10540,สมุทรปราการ
2081,9675,บริษัท ไลน์ ทรานสปอร์ต จำกัด,77,77140,ประจวบคีรีขันธ์
2082,9674,บริษัท ไซโน โลจิสติกส์ คอร์ปอเรชั่น จำกัด (มหาชน),10,10120,กรุงเทพมหานคร
2083,9673,สำนักงานอัยการภาค 8,84,84000,สุราษฎร์ธานี
2084,9672,สำนักงานส่งเสริมการปกครองท้องถิ่นอำเภอเมืองปัตตานี,94,94000,ปัตตานี
2085,9671,บริษัท ทวินเฟลม จำกัด,10,10220,กรุงเทพมหานคร
2086,9670,บริษัท เซ็นทรัล กรุ๊ป ออนไลน์ จำกัด,10,10500,กรุงเทพมหานคร
2087,9669,บริษัท โมโน เน็กซ์ จำกัด (มหาชน),12,11120,นนทบุรี
2088,9668,The People Online Publisher,10,10900,กรุงเทพมหานคร
2089,9667,บริษัท ไอเมซเมกเกอร์ จำกัด,50,50000,เชียงใหม่
2090,9666,บริษัท ตัวการใหญ่ จำกัด,10,10170,กรุงเทพมหานคร
2091,9665,บริษัท ไดมอนด์ ฮันเตอร์ส จำกัด,10,10110,กรุงเทพมหานคร
2092,9664,ทีมวิจัยนาโนเทคโนโลยีเพื่อสิ่งแวดล้อม ศูนย์นาโนเทคโนโลยีแห่งชาติ (นาโนเทค),13,12120,ปทุมธานี
2093,9663,บริษัท บ้านชายนันท์ จำกัด,44,44130,มหาสารคาม
2094,9662,ศูนย์วิเคราะห์สินเชื่อเขต 26 ธนาคารพัฒนาวิสาหกิจขนาดกลางและขนาดย่อมแห่งประเทศไทย สาขานครศรีธรรมราช,80,80000,นครศรีธรรมราช
2095,9661,บริษัท เพชรศรีวิชัย เอ็นเตอร์ไพรส์ จำกัด (มหาชน),84,84000,สุราษฎร์ธานี
2096,9660,บริษัท เดอะ ซีเคร็ต ฟาร์ม จำกัด,10,10310,กรุงเทพมหานคร
2097,9659,ห้างหุ้นส่วนจำกัด เบ๊บ เฮ้าส์,80,11140,นครศรีธรรมราช
2098,9658,บริษัท โทสโปรดักชั่น สตูดิโอ จำกัด,80,80000,นครศรีธรรมราช
2099,9657,สำนักงานจัดหางานกรุงเทพมหานครพื้นที่ 10,10,10900,กรุงเทพมหานคร
2100,9656,ยองชางคลินิก,10,10310,กรุงเทพมหานคร
2101,9655,บริษัท ไนน์เพจเจส อินโนเวชั่น จำกัด,10,10240,กรุงเทพมหานคร
2102,9654,"Faurecia & Summit Interior Systems (Thailand) Co., Ltd.",21,21140,ระยอง
2103,9653,บริษัท โมโน โปรดักชั่น จำกัด,12,11120,นนทบุรี
2104,9652,บริษัท ดังภูมิ จำกัด,10,10230,กรุงเทพมหานคร
2105,9651,บริษัท เคเท็นโกลบอลคอนเทนต์ จำกัด,10,10900,กรุงเทพมหานคร
2106,9650,บริษัท ซีพี ออลล์ จำกัด (มหาชน) สำนักงานอาคารธาราสาทร แจ้งวัฒนะ,12,11120,นนทบุรี
2107,9649,บริษัท จีเอ็มเอ็ม โอ ช้อปปิ้ง จำกัด,10,10310,กรุงเทพมหานคร
2108,9648,สำนักวิชานิติศาสตร์  มหาวิทยาลัยวลัยลักษณ์,80,80160,นครศรีธรรมราช
2109,9647,"ILCT Co., Ltd., Thailand",10,,กรุงเทพมหานคร
2110,9646,"Medtronic (Thailand) Co., Ltd.",10,10330,กรุงเทพมหานคร
2111,9645,Mavioglu & Alkan Law Office,138,,ตุรกี
2112,9644,"Sabo's Lawyers, Papua New Guinea",136,121,ปาปัวนิวกินี
2113,9643,บริษัท เค ไลน์ โลจิสติคส์ (ประเทศไทย) จำกัด,10,10500,กรุงเทพมหานคร
2114,9642,บริษัท อะกาลิโกโมทีฟ จำกัด,12,11000,นนทบุรี
2115,9641,บริษัท โซนิค อินเตอร์เฟรท จำกัด (มหาชน),11,10540,สมุทรปราการ
2116,9640,บริษัท กิตติภูมิ พาราวู๊ด จำกัด,80,80160,นครศรีธรรมราช
2117,9639,บริษัท สุนทรรักษ์ขนส่ง จำกัด,90,90230,สงขลา
2118,9638,ห้างหุ้นส่วนจำกัด ฐาปนา เฮาส์ซิ่ง ควอลิตี้,90,90110,สงขลา
2119,9637,โรงแรม เซ็นทารา รีเซิร์ฟ สมุย,84,84320,สุราษฎร์ธานี
2120,9636,บริษัท สงขลา เอฟซี จำกัด,90,90110,สงขลา
2121,9635,บริษัท ออกซิเจนเรียลเอสเตท จำกัด,90,90110,สงขลา
2122,9634,การไฟฟ้าส่วนภูมิภาคจังหวัดยะลา,95,95000,ยะลา
2123,9633,180 แชงชัวรี,58,58130,แม่ฮ่องสอน
2124,9632,สำนักงานปลัดกระทรวงการพัฒนาสังคมและความมั่นคงของมนุษย์,10,10100,กรุงเทพมหานคร
2125,9631,สถาบันราชประชาสมาสัย,11,10130,สมุทรปราการ
2126,9630,บริษัท บัสเอ็กซ์ ประเทศไทย จำกัด จังหวัดภูเก็ต,83,83000,ภูเก็ต
2127,9629,บริษัท ลินฟ้อกซ์ เอ็ม โลจิสติกส์ (ประเทศไทย) จำกัด สาขาฉะเชิงเทรา,24,24000,ฉะเชิงเทรา
2128,9628,โรงแรม กระบี่ซิตี้ ซีวิว,81,81000,กระบี่
2129,9627,โรงแรม ดิโอลด์ ภูเก็ต,83,83100,ภูเก็ต
2130,9626,China Railway Design Corporation Limited,30,30130,นครราชสีมา
2131,9625,บริษัท เอส ซี กรุ๊ป จำกัด,10,10260,กรุงเทพมหานคร
2132,9624,โรงแรม คิมป์ตัน มาลัย กรุงเทพ,10,10330,กรุงเทพมหานคร
2133,9623,วินด์แฮม แกรนด์ ในหาน บีช ภูเก็ต,83,83130,ภูเก็ต
2134,9622,บาบา บีช คลับ หัวหิน,76,76120,เพชรบุรี
2135,9621,บริษัท คอร์ เทคโนโลยี คอนซัลแต้นส์ จำกัด,12,11000,นนทบุรี
2136,9620,บริษัท เคทเรียลเอสเตท จำกัด,10,10600,กรุงเทพมหานคร
2137,9619,โรงแรม ฮอลิเดย์ อินน์ รีสอร์ท สมุย บ่อผุด,84,84320,สุราษฎร์ธานี
2138,9618,บริษัท พีทีที เอ็มซีซี ไบโอเคม จำกัด,10,10900,กรุงเทพมหานคร
2139,9617,"Advocacy Forum, Nepal",124,,เนปาล
2140,9616,"Department of Legal Services Office of Attorney General, Bhutan",137,,ภูฏาน
2141,9615,Express Freight Management Ltd.,136,,ปาปัวนิวกินี
2142,9614,โรงเรียนเทศบาลเมืองปากพูน,80,80000,นครศรีธรรมราช
2143,9613,สถาบันปี่พาทย์มอญ ส.อนุรักษ์ไทย,74,74110,สมุทรสาคร
2144,9612,โรงแรม อนันตรา สามเหลี่ยมทองคำ แคมป์ช้าง แอนด์ รีสอร์ท,57,57150,เชียงราย
2145,9611,สถานเอกอัครราชทูต ณ กรุงสตอกโฮม,135,,สวีเดน
2146,9610,บริษัท สกิลเลน เอดูเคชัน จำกัด,10,10500,กรุงเทพมหานคร
2147,9609,บริษัท ดับบลิวเอฟพีจีคาร์โก้ จำกัด,11,10540,สมุทรปราการ
2148,9608,นาวากีเทล ดีไซน์ โฮเทล,80,80000,นครศรีธรรมราช
2149,9607,บริษัท เตชภัช จำกัด (Elite Event Thailand),84,84320,สุราษฎร์ธานี
2150,9606,บริษัท ถาวรอุตสาหกรรมยางพารา (1982) จำกัด,90,90120,สงขลา
2151,9605,บริษัท อะเซนด์ จำกัด,10,10260,กรุงเทพมหานคร
2152,9604,ทุยบลูมายเขาหลัก,82,82220,พังงา
2153,9603,บริษัท เมดดิไซน์ เซ็นเตอร์ จำกัด,10,10210,กรุงเทพมหานคร
2154,9602,บริษัท อี-เกต จำกัด,10,10700,กรุงเทพมหานคร
2155,9601,บริษัท ซี.เอ. อินโฟ มีเดีย จำกัด,10,10210,กรุงเทพมหานคร
2156,9600,บริษัท เอเบิ้ลเน็ต จำกัด (สำนักงานใหญ่),90,90110,สงขลา
2157,9599,บริษัท ไอแอพพ์เทคโนโลยี จำกัด,13,12120,ปทุมธานี
2158,9598,โรงเรียนบ้านท่าชะมวง,91,91110,สตูล
2159,9597,บริษัท สรรพสินค้าเซ็นทรัล จำกัด สาขาเวสต์เกต,12,11140,นนทบุรี
2160,9596,บริษัท ฉัตรพิทักษ์ จำกัด,84,84000,สุราษฎร์ธานี
2161,9595,บริษัท ศรีจันทร์สหโอสถ จำกัด,10,10250,กรุงเทพมหานคร
2162,9594,บริษัท ยูเนี่ยนนคร จำกัด,80,80000,นครศรีธรรมราช
2163,9593,บริษัท ชาร์ป อินเตอร์เชนจ์ จำกัด,22,22000,จันทบุรี
2164,9592,บริษัท คัฟ อินเตอร์เทรด(ไทยแลนด์) จำกัด,80,80110,นครศรีธรรมราช
2165,9591,บริษัท นิ่มซี่เส็งขนส่ง 1988 จำกัด,50,50000,เชียงใหม่
2166,9590,บริษัท ธรรมรักษ์ ออโตพาร์ท จำกัด,24,24150,ฉะเชิงเทรา
2167,9589,บริษัท กรุงไทย-แอกซ่า ประกันชีวิต จำกัด (มหาชน) สำนักงานตัวแทน พชรภัทร อชิรญานนท์,10,10220,กรุงเทพมหานคร
2168,9588,บริษัท ซิลลิค ฟาร์มา จำกัด (คลังสินค้า) ,11,10540,สมุทรปราการ
2169,9587,โรงแรม เลอ เมอริเดียน เขาหลัก รีสอร์ท แอนด์ สปา,82,82110,พังงา
2170,9586,ร้านอร่อยดี สาขาไทวัสดุบางพลี ,11,10540,สมุทรปราการ
2171,9585,สำนักงานกฎหมาย ทนายความนิกร ผ่านสอน,31,31000,บุรีรัมย์
2172,9584,การท่องเที่ยวแห่งประเทศไทย สำนักงานพระนครศรีอยุธยา,14,13000,พระนครศรีอยุธยา
2173,9583,โรงแรม ลากูน่า แกรนด์ โฮเทล แอนด์ สปา สงขลา,90,90100,สงขลา
2174,9582,บริษัท จีเนียสต์ซอฟท์ จำกัด,10,10500,กรุงเทพมหานคร
2175,9581,ห้างหุ้นส่วนจำกัด พีพี.ดีไซน์แอนด์คอนสตรัคชั่น ,84,84260,สุราษฎร์ธานี
2176,9580,สำนักงานทะเบียนธุรกิจนำเที่ยวและมัคคุเทศก์สาขาภาคใต้เขต 2 (จังหวัดภูเก็ต),83,83000,ภูเก็ต
2177,9579,โรงเรียนวัดสองแพรก,84,84350,สุราษฎร์ธานี
2178,9578,องค์การบริหารส่วนตำบลละอาย,80,80250,นครศรีธรรมราช
2179,9577,ศาลจังหวัดนนทบุรี,12,11000,นนทบุรี
2180,9576,คอร์ทยาร์ด บาย แมริออท ภูเก็ตทาวน์ ,83,83000,ภูเก็ต
2181,9575,โรงเรียนบ้านพิตำ,80,80160,นครศรีธรรมราช
2182,9574,บริษัท คิวบ์ ซอฟท์เทค จำกัด ,10,10500,กรุงเทพมหานคร
2183,9573,ที่ว่าการอำเภอเขาชัยสน จังหวัดพัทลุง,93,93130,พัทลุง
2184,9572,บริษัท เจ มาร์ท จำกัด (มหาชน),10,10240,กรุงเทพมหานคร
2185,9571,บริษัท แคปปิตอล จี ดีเวลลอปเมนท์ จำกัด,10,10510,กรุงเทพมหานคร
2186,9570,บริษัทหลักทรัพย์ฟิลลิป (ประเทศไทย) จำกัด (มหาชน),10,10500,กรุงเทพมหานคร
2187,9569,บริษัทหลักทรัพย์ กรุงไทย ซีมิโก้ จำกัด,10,10500,กรุงเทพมหานคร
2188,9568,บริษัท เอสแม็กซ์ โปรดักชัน จำกัด ,13,12120,ปทุมธานี
2189,9567,โรงเรียนบ้านปากเชียร,80,80190,นครศรีธรรมราช
2190,9566,โรงเรียนเทศบาล 3 (วิมุกตายนวิทยา),96,96120,นราธิวาส
2191,9565,สถานีตำรวจภูธรเกาะกลาง,81,81120,กระบี่
2192,9564,ที่ว่าการอำเภอพระแสง,84,84210,สุราษฎร์ธานี
2193,9563,โรงเรียนนบพิตำวิทยา,80,80160,นครศรีธรรมราช
2194,9562,โรงเรียนเทศบาลวัดศาลามีชัย,80,80000,นครศรีธรรมราช
2195,9561,บริษัท ไทยเมเดนชา จำกัด,10,10900,กรุงเทพมหานคร
2196,9560,สำนักงานทนายความนันทวุฒิ  วุฒิจันทร์,84,84000,สุราษฎร์ธานี
2197,9559,โรงเรียนเทศบาลเมืองท่าข้าม 1,84,84130,สุราษฎร์ธานี
2198,9558,สำนักงานอัยการจังหวัดเพชรบูรณ์,67,67000,เพชรบูรณ์
2199,9557,โรงเรียนบ้านหนองจูด,81,81190,กระบี่
2200,9556,ส่วนอำนวยการและสารบรรณ มหาวิทยาลัยวลัยลักษณ์,80,80160,นครศรีธรรมราช
2201,9555,โรงเรียนอนุบาลนราธิวาส,96,96000,นราธิวาส
2202,9554,โรงเรียนบ้านท่านุ่น,81,81130,กระบี่
2203,9553,โรงแรม พีพีฮอลิเดย์ รีสอร์ท,81,81000,กระบี่
2204,9552,สำนักงานบังคับคดีจังหวัดภูเก็ต,83,83000,ภูเก็ต
2205,9551,บริษัท กฎหมายนิติทัศน์ จำกัด,80,80000,นครศรีธรรมราช
2206,9550,บริษัท กัลย์ดิษฐ์ แอดไวซอรี่ เซอร์วิสเซส จำกัด,10,10900,กรุงเทพมหานคร
2207,9549,บริษัท 13ทีเอช อินเตอร์เนชั่นแนล มีเดีย จำกัด,50,50100,เชียงใหม่
2208,9548,บริษัท ดี เอช แอล ซัพพลายเชน (ประเทศไทย) จํากัด (คลังสินค้าสุราษฎร์ธานี),84,84130,สุราษฎร์ธานี
2209,9547,ศาลมณฑลทหารบกที่ 42 ค่ายเสนาณรงค์,90,90112,สงขลา
2210,9546,บริษัท ดี.วาย.แท็กซ์ ออดิท จำกัด,80,80000,นครศรีธรรมราช
2211,9545,โรงเรียนองค์การบริหารส่วนจังหวัดสุราษฎร์ธานี 2 (บ้านดอนเกลี้ยง),84,84100,สุราษฎร์ธานี
2212,9544,บริษัท บี ทรี เทคโนโลยี จำกัด,10,10310,กรุงเทพมหานคร
2213,9543,โรงแรมทรายลากูน่าภูเก็ต (บริษัท ลากูน่าภูเก็ตคลับ จำกัด),83,83110,ภูเก็ต
2214,9542,บริษัท เอเซียสตีลทรานสปอร์ท (1999) จำกัด,21,21180,ระยอง
2215,9541,Digital Media Lab,10,10110,กรุงเทพมหานคร
2216,9540,Cloud Colours,10,10900,กรุงเทพมหานคร
2217,9539,Real Bangkok,10,10230,กรุงเทพมหานคร
2218,9538,ศูนย์ความเป็นเลิศด้านสารสนเทศทางสุขภาพเพื่อชุมชน มหาวิทยาลัยเชียงใหม่,50,50200,เชียงใหม่
2219,9537,บริษัท คูโบต้าพัทลุงจักรกล จำกัด,93,93000,พัทลุง
2220,9536,บริษัท สยามเหรียญฮง จำกัด,13,12140,ปทุมธานี
2221,9535,บริษัท บิท เอ๊ก จำกัด,10,10500,กรุงเทพมหานคร
2222,9534,หจก.  อรัญญาและเพื่อนการบัญชี,94,94000,ปัตตานี
2223,9533,โรงแรม มาย บีช รีสอร์ต ,83,83000,ภูเก็ต
2224,9532,บริษัท ชุมพรการบัญชีและภาษีอากร จำกัด,86,86130,ชุมพร
2225,9531,บริษัท เอ็มเอสซี สิทธิผล จำกัด,10,10240,กรุงเทพมหานคร
2226,9530,บริษัท ทรีซิกซ์ตี้ ซัพพลายเชน จำกัด,10,10310,กรุงเทพมหานคร
2227,9529,ศูนย์วิจัยเฉพาะทางสหวิทยาการนวัตกรรมข้อมูลสำหรับการแพทย์ทางเลือก วิทยาลัยสหวิทยาการ มหาวิทยาลัยธรรมศาสตร์,13,12120,ปทุมธานี
2228,9528,ศูนย์นวัตกรรมอาหารเบทาโกร,13,12120 ,ปทุมธานี
2229,9527,"University of Alaska Fairbanks, International Arctic Research Center",117,,สหรัฐอเมริกา
2230,9526,"Kumamoto University, Department of Chemistry, Faculty of Advanced Science and Technology",116,,ญี่ปุ่น
2231,9525,ศูนย์วิจัยระบบอัตโนมัติอัจฉริยะ คณะวิศวกรรมศาสตร์ มหาวิทยาลัยสงขลานครินทร์,90,90112,สงขลา
2232,9524,โรงแรม สมายล์ ล้านนา,50,50100,เชียงใหม่
2233,9523,บริษํท ซีอีเกิ้ลทัวร์ จำกัด,81,81000,กระบี่
2234,9522,บริษัท คริสตัล รีเสิร์ช จำกัด,80,80000,นครศรีธรรมราช
2235,9521,สาขาฟิสิกส์ สำนักวิชาวิทยาศาสตร์ มหาวิทยาลัยเทคโนโลยีสุรนารี,30,30000,นครราชสีมา
2236,9520,ศูนย์ความเป็นเลิศด้านวิทยาศาสตร์ข้อมูลเพื่อวิทยาการสุขภาพ มหาวิทยาลัยวลัยลักษณ์,80,80160,นครศรีธรรมราช
2237,9519,โรงแรมบ้านคีริน,82,82000,พังงา
2238,9518,เทศบาลตำบลศาลาด่าน,81,81150,กระบี่
2239,9517,ร้าน เดย์ แอนด์ ไนท์ ภูเก็ต,83,83000,ภูเก็ต
2240,9516,Universiti Sultan Zainal Abidin (UniSZA),107,21300,มาเลเซีย
2241,9515,บริษัท ฮาโล แอคเคาท์ จำกัด,10,10600,กรุงเทพมหานคร
2242,9514,ศูนย์ส่งเสริมวัฒนธรรมและการกีฬา มหาวิทยาลัยวลัยลักษณ์,80,80161,นครศรีธรรมราช
2243,9513,บริษัท บ้านอันณ์ แอคเค้าติ้ง แอนด์ บิสสิเนส จำกัด,84,84320,สุราษฎร์ธานี
2244,9512,S Cube Design,10,10110,กรุงเทพมหานคร
2245,9511,Morpher Design Studio,10,,กรุงเทพมหานคร
2246,9510,"Bangkok Air Catering Phuket Co., Ltd.",83,83110,ภูเก็ต
2247,9509,บริษัท สยามธรรมนนท์ จำกัด,10,10220,กรุงเทพมหานคร
2248,9508,สถาบันมาตรวิทยาแห่งชาติ,13,12120,ปทุมธานี
2249,9507,บริษัท ชิล ทอล์ค จำกัด,12,11110,นนทบุรี
2250,9506,โรงแรมเมอเวนพิค สุขุมวิท 15 แบงค็อก,10,10110,กรุงเทพมหานคร
2251,9505,บริษัท น็อตทอลเจีย ดีไซน์ จำกัด,90,90110,สงขลา
2252,9504,สถานีตำรวจภูธรเมืองสงขลา,90,90000,สงขลา
2253,9503,"Juslaws & Consult Co., Ltd.",10,10110,กรุงเทพมหานคร
2254,9502,โรงแรม ดิ โอเชียนิค สปอร์ทเทล,83,83000,ภูเก็ต
2255,9501,บริษัท อาร์ เอ็น พี เอ็กซ์เพรส จำกัด,10,10520,กรุงเทพมหานคร
2256,9500,โรงไฟฟ้าพระนครเหนือ การไฟฟ้าฝ่ายผลิตแห่งประเทศไทย,12,11130,นนทบุรี
2257,9499,สำนักงานการท่องเที่ยวและกีฬาจังหวัดชุมพร,86,86000,ชุมพร
2258,9498,,102,,Aichi (Japan)
2259,9497,บริษัท เครดิตฟองซิเอร์ เอสเบ จำกัด,10,10400,กรุงเทพมหานคร
2260,9496,บริษัท ท่าเรือประจวบ จำกัด,77,77140,ประจวบคีรีขันธ์
2261,9495,บริษัท รูฟดีไซน์ แอนด์ แมเนจเม้นท์ จำกัด,83,83130,ภูเก็ต
2262,9494,บริษัท สมุยกรีน คอทเทจส์ จำกัด,84,84310,สุราษฎร์ธานี
2263,9493,"Wish Internship Co., Ltd.",10,10310,กรุงเทพมหานคร
2264,9492,บริษัท นีโอ สตูดิโอ ดีไซน์ แอนด์ ดีเวลลอปเม้นท์ จำกัด,84,84310,สุราษฎร์ธานี
2265,9491,บริษัท เจทีเอส (ภูเก็ต) จำกัด,83,83000,ภูเก็ต
2266,9490,บริษัท กราวิเทคไทย (ไทยแลนด์) จำกัด,13,12120,ปทุมธานี
2267,9489,บริษัท เยส เว็บ ดีไซน์ สตูดิโอ จำกัด,10,10110,กรุงเทพมหานคร
2268,9488,บริษัท เซเว่นมารีน จำกัด,83,83130,ภูเก็ต
2269,9487,Digital Media Lab ,10,10110,กรุงเทพมหานคร
2270,9486,Cloud Colours,10,10900,กรุงเทพมหานคร
2271,9485,Real Bangkok ,10,10230,กรุงเทพมหานคร
2272,9484,The University of Alaska Fairbanks,117,,สหรัฐอเมริกา
2273,9483,"College of Arts and Letters, University of Teledo",117,,สหรัฐอเมริกา
2274,9482,Kurokami South Campus,116,,ญี่ปุ่น
2275,9481,ภาควิชาวิทยาศาสตร์ทางทะเล คณะวิทยาศาสตร์ จุฬาลงกรณ์มหาวิทยาลัย,10,10330,กรุงเทพมหานคร
2276,9480,สาขาวิชาวิทยาศาสตร์กายภาพ คณะวิทยาศาสตร์ มหาวิทยาลัยสงขลานครินทร์,90,90110,สงขลา
2277,9479,ภาควิชาเคมี คณะวิทยาศาสตร์ สถาบันเทคโนโลยีพระจอมเกล้าเจ้าคุณทหารลาดกระบัง,10,10520,กรุงเทพมหานคร
2278,9478,โรงเรียนเมืองกระบี่,81,81000,กระบี่
2279,9477,พิสูจน์หลักฐานจังหวัดกระบี่,81,81000,กระบี่
2280,9476,ศูนย์เทคโนโลยี ไมโครอิเล็กทรอนิกส์ (TMEC),24,24000,ฉะเชิงเทรา
2281,9475,บริษัท ขิงแดง จำกัด,81,81000,กระบี่
2282,9474,โรงแรม เอลิส โฮเทล สงขลา,90,90000,สงขลา
2283,9473,ศูนย์สารสนเทศและนวัตกรรมข้อมูลศิริราช (SiData+) คณะแพทย์ศาสตร์ศิริราชพยาบาล มหาวิทยาลัยมหิดล,10,10700,กรุงเทพมหานคร
2284,9472,ศูนย์พิสูจน์หลักฐาน 9,90,90110,สงขลา
2285,9471,บริษัท พัทยาเอวิเอชั่น จำกัด,12,11120,นนทบุรี
2286,9470,Bangsaen Pumptrack,20,20130,ชลบุรี
2287,9469,"BTL Bangkok Terminal Logistics Co., Ltd.",43,43000,หนองคาย
2288,9468,ธนาคารเพื่อการเกษตรและสหกรณ์การเกษตร สาขายะลา,95,95000,ยะลา
2289,9467,บริษัท ทีวีไดเร็ค จำกัด (มหาชน) ,10,10220,กรุงเทพมหานคร
2290,9466,โรงพยาบาลศิครินทร์หาดใหญ่,90,90110,สงขลา
2291,9465,ธนาคารออมสิน สาขานาหลวง,80,80000,นครศรีธรรมราช
2292,9464,บริษัท โมเดิร์นไลฟ์ เรียลเอสเตท จำกัด,84,84190,สุราษฎร์ธานี
2293,9463,บริษัท วอลลูม แมททริกส์ สตูดิโอ จำกัด,10,10120,กรุงเทพมหานคร
2294,9462,บริษัท นอกชานออกแบบและตกแต่ง จำกัด,83,83000,ภูเก็ต
2295,9461,ศูนย์วิจัยทรัพยากรทางทะเลและชายฝั่งอ่าวไทยตอนล่าง,90,90100,สงขลา
2296,9460,บริษัท ปิโตรพลัส จำกัด,84,84130,สุราษฎร์ธานี
2297,9459,โรงแรมบ้านในสวนรีสอร์ท,80,80130,นครศรีธรรมราช
2298,9458,การไฟฟ้านครหลวงเขตบางใหญ่,12,11140,นนทบุรี
2299,9457,ศูนย์ความเป็นเลิศด้านชีวมวลและปาล์มน้ำมัน มหาวิทยาลัยวลัยลักษณ์,80,80161,นครศรีธรรมราช
2300,9456,บริษัท ซิสเท็ม ดีไซน์ เซอร์วิส จำกัด,83,83110,ภูเก็ต
2301,9455,บริษัท เร็กเอ็กซ์ อินโนเวชั่น จำกัด,10,10400,กรุงเทพมหานคร
2302,9454,-,102,,Aichi (Japan)
2303,9453,บริษัท แซด.คูโรดา (ไทยแลนด์) จำกัด นิคมนวนครสูงเนิน นครราชสีมา,30,,นครราชสีมา
2304,9452,โรงแรม แกรนด์ เมอร์เคียว เขาหลัก บางสัก,82,82190,พังงา
2305,9451,บริษัท อินเตอร์แอคชั่นดีไซน์สตูดิโอ จำกัด,10,10250,กรุงเทพมหานคร
2306,9450,ที่ทำการอำเภอปะเหลียน,92,92120,ตรัง
2307,9449,โรงพยาบาลสิชล,80,80120,นครศรีธรรมราช
2308,9448,บริษัท ดีเอสพีเอ็กซ์ กรุ๊ป จำกัด,12,11000,นนทบุรี
2309,9447,โรงพยาบาลธรรมศาสตร์เฉลิมพระเกียรติ,13,12120,ปทุมธานี
2310,9446,โรงพยาบาลพรหมคีรี,80,80320,นครศรีธรรมราช
2311,9445,พิสูจน์หลักฐานจังหวัดนครศรีธรรมราช,80,80000,นครศรีธรรมราช
2312,9444,บริษัท เวสเทิร์น ดิจิตอล สตอเรจ เทคโนโลยีส์ (ประเทศไทย) จำกัด,14,13160,พระนครศรีอยุธยา
2313,9443,ธนาคารเพื่อการเกษตรและสหกรณ์การเกษตร สาขาพุนพิน,84,84130,สุราษฎร์ธานี
2314,9442,ศูนย์พัฒนาประมงพื้นที่ลุ่มน้ำปากพนังอันเนื่องมาจากพระราชดำริ,80,80370,นครศรีธรรมราช
2315,9441,ห้างหุ้นส่วนจำกัด กระบี่พืชผล,81,81000,กระบี่
2316,9440,บริษัท ไทยมารีน เอ็กซ์คลูซีฟ โวยาจ จำกัด,83,83000,ภูเก็ต
2317,9439,สถานีตำรวจท่องเที่ยว 1 กองกำกับการ 2 กองบังคับการท่องเที่ยว 2 กองบัญชาการตำรวจท่องเที่ยว,50,50200,เชียงใหม่
2318,9438,บริษัท เซเว่นทีน สตูดิโอ จำกัด,90,90110,สงขลา
2319,9437,สำนักงานการท่องเที่ยวและกีฬาจังหวัดพัทลุง,93,93000,พัทลุง
2320,9436,บริษัท ทริพเพิลทู ดีไซน์ สตูดิโอ จำกัด,83,83110,ภูเก็ต
2321,9435,บริษัท ธัมอาร์คิเทคส์ จำกัด,83,83000,ภูเก็ต
2322,9415,สถานีตำรวจท่องเที่ยว 2 กองกำกับการ 2 กองบังคับการตำรวจท่องเที่ยว 3,85,85000,ระนอง
2323,9395,เกาะเต่ารีแล็กซ์ฟรีด้อมบีช รีสอร์ท,84,84360,สุราษฎร์ธานี
2324,9376,"Chomchobgroup Co.,Ltd.",10,10500,กรุงเทพมหานคร
2325,9375,สำนักวิชารัฐศาสตร์และนิติศาสตร์ มหาวิทยาลัยวลัยลักษณ์,80,80160,นครศรีธรรมราช
2326,9362,"Maincourse Architect Co., Ltd.",10,10400,กรุงเทพมหานคร
2327,9361,"Abalance Interior Design Co., Ltd.",10,10120,กรุงเทพมหานคร
2328,9360,บริษัท รักลูก เอ็ดดูเท็กซ์ จำกัด,10,10800,กรุงเทพมหานคร
2329,9359,"Studio Locomotive Co., Ltd.",83,83000,ภูเก็ต
2330,9358,บริษัท สถาปนิก ไอดิน จำกัด ,10,10400,กรุงเทพมหานคร
2331,9357,บริษัท บางกอกเดย์ กรุ๊ป จำกัด,12,11130,นนทบุรี
2332,9356,บริษัท ไวเฟรม ดีไซน์ สตูดิโอ จำกัด,10,10220,กรุงเทพมหานคร
2333,9355,บริษัท อีโค่ อาร์คิเทค จำกัด (สาขาภูเก็ต),83,83000 ,ภูเก็ต
2334,9354,"Oracle Architects Co., Ltd.",83,83110,ภูเก็ต
2335,9353,"Shangri-La Golden Sands, Penang",107,11100,มาเลเซีย
2336,9352,PARKROYAL Penang Resort,107,111000,มาเลเซีย
2337,9351,Angsana Teluk Bahang,107,,มาเลเซีย
2338,9350,G Hotel Kelawai,107,10250,มาเลเซีย
2339,9349,Hard Rock Hotel Penang,107,111000,มาเลเซีย
2340,9348,"Shangri-La Rasa Sayang, Penang",107,111000,มาเลเซีย
2341,9347,Bayview Beach Resort Penang,107,11100,มาเลเซีย
2342,9346,DoubleTree Resort by Hilton Penang,107,11100,มาเลเซีย
2343,9345,บริษัท เสริมสงวนก่อสร้าง จำกัด จังหวัดพังงา,82,82190,พังงา
2344,9344,สำนักงานสาธารณสุขจังหวัดตรัง,92,92000,ตรัง
2345,9343,โรงเรียนทีปราษฎร์พิทยา,84,84320,สุราษฎร์ธานี
2346,9342,บริษัท ซีอีเอสอี 2 (ไทยแลนด์) จำกัด,10,10520,กรุงเทพมหานคร
2347,9341,สายการบินไทยแอร์เวย์ ฝ่ายบริการลานจอด D2,11,10540,สมุทรปราการ
2348,9340,ท่าอากาศยานนานาชาติสุราษฎร์ธานี,84,84130,สุราษฎร์ธานี
2349,9339,อุทยานแห่งชาติแม่วงก์,62,62120,กำแพงเพชร
2350,9338,โรงแรม โซเนวา คีรี เกาะกูด,23,23000,ตราด
2351,9337,ศูนย์พิสูจน์หลักฐาน 8,84,84130,สุราษฎร์ธานี
2352,9336,สถานีตำรวจท่องเที่ยวหัวหิน (19ไร่),77,77110,ประจวบคีรีขันธ์
2353,9335,บริษัท เฮ็ดมีเดีย (ไทยแลนด์) จำกัด,84,84000,สุราษฎร์ธานี
2354,9334,สำนักงานทะเบียนธุรกิจนำเที่ยวและมัคคุเทศก์ สาขาภาคใต้ เขต 1 จังหวัดสุราษฎร์ธานี,84,84000,สุราษฎร์ธานี
2355,9333,บริษัท ผลิตไฟฟ้าและน้ำเย็น จำกัด (DCAP),11,10540,สมุทรปราการ
2356,9332,สำนักงานบัญชีเพอร์เฟค แอคเคาท์ติ้ง จำกัด,90,90110,สงขลา
2357,9331,บริษัท ที.เค. การบัญชีและกฎหมาย จำกัด,84,84000,สุราษฎร์ธานี
2358,9330,บริษัท เอส.อี.พี. เวิร์ลไวด์ จำกัด,82,94150,พังงา
2359,9329,ตรวจคนเข้าเมืองจังหวัดสุราษฎร์ธานี (เกาะพงัน),84,84360,สุราษฎร์ธานี
2360,9328,บริษัท โยธาทิพย์ เอนเตอร์ไพรซ์ จำกัด,90,90310,สงขลา
2361,9327,ท่าอากาศยานนานาชาติสมุย,84,84320,สุราษฎร์ธานี
2362,9326,สำนักงานการท่องเที่ยวและกีฬาจังหวัดสุราษฎร์ธานี,84,84000,สุราษฎร์ธานี
2363,9325,บริษัท ทิป ทอป เดสติเนชั่น จำกัด,83,83000,ภูเก็ต
2364,9324,ที่ทำการปกครองอำเภอพรหมคีรี,80,80320,นครศรีธรรมราช
2365,9323,โรงเรียนวรพัฒน์,90,90110,สงขลา
2366,9322,สำนักงานเอไอเอคุณศึกษาวดี,83,83000,ภูเก็ต
2367,9321,Andaman Cannacia Resort and Spa,83,83100,ภูเก็ต
2368,9320,Namaka Resort Kamala,83,83150,ภูเก็ต
2369,9319,ธนาคารเพื่อการเกษตรและสหกรณ์การเกษตร สาขาปลายพระยา,81,81160,กระบี่
2370,9318,บริษัท เอ ดรีม สตูดิโอ จำกัด,12,11000,นนทบุรี
2371,9317,ห้างหุ้นส่วนจำกัดโชคบัญชาการโยธา,80,80130,นครศรีธรรมราช
2372,9316,บริษัท พี.ซี. มารีน (1992) จำกัด,84,84000,สุราษฎร์ธานี
2373,9315,สำนักงานพลังงานจังหวัดสุราษฎร์ธานี,84,84000,สุราษฎร์ธานี
2374,9314,สำนักงานพาณิชย์จังหวัดสงขลา กลุ่มงานทะเบียนธุรกิจ,90,90110,สงขลา
2375,9313,สำนักงานสรรพสามิตพื้นที่ยะลา,95,95000,ยะลา
2376,9312,สำนักงานเทศบาลตำบลรือเสาะ,96,96150,นราธิวาส
2377,9311,สำนักงานเทศบาลตำบลบ้านนา,90,90130,สงขลา
2378,9310,หอการค้าจังหวัดเชียงใหม่,50,50000,เชียงใหม่
2379,9309,สหกรณ์ออมทรัพย์ครู นครศรีธรรมราช,80,80000,นครศรีธรรมราช
2380,9308,ศูนย์บริหารจัดการทรัพยากรป่าชายเลนจังหวัดปัตตานี,94,94150,ปัตตานี
2381,9307,โรงเรียนอนุบาลกระบี่,81,81000,กระบี่
2382,9306,โรงแรม ภูคีตา ภูเก็ต,83,83000,ภูเก็ต
2383,9305,บริษัท เอ.พี.เค. เฟอร์นิชิ่งพาราวู้ด จำกัด,90,90110,สงขลา
2384,9304,โรงเรียนเทศบาลปากพนัง 2,80,80140,นครศรีธรรมราช
2385,9303,โรงเรียนอนุบาลเทศบาลตำบลท้ายเหมือง (ประชาชนร่วมใจ),82,82120,พังงา
2386,9302,โรงพยาบาลสมเด็จพระบรมราชินีนาถ ณ อำเภอนาทวี จังหวัดสงขลา,90,90160,สงขลา
2387,9301,ศูนย์ความเป็นเลิศทางด้านพลาสมา และคลื่นแม่เหล็กไฟฟ้า มหาวิทยาลัยวลัยลักษณ์,80,80160,นครศรีธรรมราช
2388,9300,บริษัท ณัฐนารา โซเชียล เอ็นเตอร์ไพรส์ จำกัด,10,10520,กรุงเทพมหานคร
2389,9299,บริษัท สำนักงานกฏหมายอดุลย์ ส่งเสริมสกุล จำกัด,80,80000 ,นครศรีธรรมราช
2390,9298,โบทานิก้า ลักชูรี วิลลา,83,83110,ภูเก็ต
2391,9297,โรงแรม อวานี เกาะลันตา กระบี่ รีสอร์ท,81,81150,กระบี่
2392,9296,โรงแรม อวานี อ่าวนาง คลิฟฟ์ กระบี่ รีสอร์ท,81,81180,กระบี่
2393,9295,สถานกงสุลอินโดนีเซียประจำจังหวัดสงขลา,90,90000,สงขลา
2394,9294,สำนักบริหารพื้นที่อนุรักษ์ที่ 4,84,84000,สุราษฎร์ธานี
2395,9293,บริษัท รับเบอร์แลนด์โปรดักส์ จำกัด,90,90230,สงขลา
2396,9292,บริษัท ชิปป๊อป จำกัด,10,10400,กรุงเทพมหานคร
2397,9291,สำนักงานคลังเขต 8,84,84100,สุราษฎร์ธานี
2398,9290,บริษัท บีทีอี จำกัด,13,12150,ปทุมธานี
2399,9289,บริษัท เมกก้าวู้ด จำกัด,92,92190,ตรัง
2400,9288,โรงเรียนอรุณประดิษฐ,76,76000,เพชรบุรี
2401,9287,บริษัท นานมี จำกัด,10,10500,กรุงเทพมหานคร
2402,9286,โรงเรียนสุราษฎร์พิทยา 2,84,84000,สุราษฎร์ธานี
2403,9285,โรงเรียนสอนภาษาคิดเอเบิ้ลนครศรีธรรมราช,80,80000,นครศรีธรรมราช
2404,9284,ช้างม่อยเฮ้าส์ ลิตเติ้ลวิลเลจ,50,50300,เชียงใหม่
2405,9283,บริษัท คาร์กิลล์สยาม จำกัด โรงงานพิษณุโลก,65,65000,พิษณุโลก
2406,9282,กองบังคับการตำรวจท่องเที่ยว 3,84,84130,สุราษฎร์ธานี
2407,9281,สำนักงานตรวจบัญชีสหกรณ์สุราษฏร์ธานี,84,84130,สุราษฎร์ธานี
2408,9280,บริษัท ดับบลิว เอส แอคเคาท์ แอนด์ ออดิท จำกัด,10,10230,กรุงเทพมหานคร
2409,9279,สาขาคณิตศาสตร์ สำนักวิชาวิทยาศาสตร์ มหาวิทยาลัยวลัยลักษณ์,80,80161,นครศรีธรรมราช
2410,9278,บริษัท สเตพไวส์ เอ็นเนอร์ยี่ แมเนจเม้นท์ จำกัด (โรงไฟฟ้าสตูล กรีน เพาเวอร์),91,91130,สตูล
2411,9277,บริษัท ซีออยล์ จำกัด (มหาชน),90,90280,สงขลา
2412,9276,บริษัท ไทร์ โมลด์ (ประเทศไทย) จำกัด,20,20160,ชลบุรี
2413,9275,สำนักงานป้องกันควบคุมโรคที่ 12 จังหวัดสงขลา,90,90000,สงขลา
2414,9274,บริษัท อีสเทิร์น ซันไซน์ เอ็ดดูเคชั่น จำกัด,10,10400,กรุงเทพมหานคร
2415,9273,วิทยาลัยสัตวแพทยศาสตร์อัครราชกุมารี  มหาวิทยาลัยวลัยลักษณ์,80,80160,นครศรีธรรมราช
2416,9272,การไฟฟ้าฝ่ายผลิตแห่งประเทศไทย สำนักงานไทรน้อย,12,11150,นนทบุรี
2417,9271,สำนักงานปลัดกระทรวงทรัพยากรธรรมชาติและสิ่งแวดล้อม,10,10400,กรุงเทพมหานคร
2418,9270,โรงพยาบาลกาญจนดิษฐ์,84,84160,สุราษฎร์ธานี
2419,9269,โรงพยาบาลร่อนพิบูลย์,80,80130,นครศรีธรรมราช
2420,9268,โรงแรม คิมป์ตัน คีตาเล สมุย,84,84320,สุราษฎร์ธานี
2421,9267,บริษัท เอสซีบี เทคเอกซ์ จํากัด,10,10900,กรุงเทพมหานคร
2422,9266,บริษัท โซนี่ ดีไวซ์ เทคโนโลยี ประเทศไทย จำกัด โรงงานบางกระดี,13,12000 ,ปทุมธานี
2423,9265,โรงแรม สิชล คาบาน่าบีช รีสอร์ท,80,80120,นครศรีธรรมราช
2424,9264,บริษัท เซี๊ยบเทค (ประเทศไทย) จำกัด,90,90280,สงขลา
2425,9263,โรงแรม เมอเวนพิค รีสอร์ท บางเทาบีช ภูเก็ต,83,83110,ภูเก็ต
2426,9262,สถานีตำรวจทางหลวง 3 กองกำกับการ 7 กองบังคับการตำรวจทางหลวง ,90,90110,สงขลา
2427,9261,บริษัท ซีแพนเนล จำกัด (มหาชน),20,20220,ชลบุรี
2428,9260,วิทยาลัยเทคนิคพังงา,82,82000,พังงา
2429,9259,บริษัท ฟู้ดอโมเม้นท์ จำกัด,10,10170,กรุงเทพมหานคร
2430,9258,บริษัท พีรพัฒน์เทคโนโลยี จำกัด (มหาชน) สำนักงานภูเก็ต,83,83130,ภูเก็ต
2431,9257,ศูนย์พัฒนาและประเมินคุณภาพการให้บริการอาชีวเวชกรรมและเวชกรรมสิ่งแวดล้อม,11,10130,สมุทรปราการ
2432,9256,บริษัท สกิลพาวเวอร์ เซอร์วิส (ประเทศไทย) จำกัด,90,90110,สงขลา
2433,9255,การไฟฟ้าส่วนภูมิภาคจังหวัดปัตตานี,94,94000,ปัตตานี
2434,9254,บริษัท โซนี่ เทคโนโลยี ประเทศไทย จำกัด สำนักงานใหญ่,20,20000,ชลบุรี
2435,9253,บริษัท ยามาฮ่ามอเตอร์ พาร์ท แมนูแฟคเจอริ่ง (ประเทศไทย) จำกัด,20,20000,ชลบุรี
2436,9252,บริษัท อินเตอร์เนชั่นแนล เอ็นจิเนียริ่ง คอนซัลแต้นส์ จำกัด ,10,10110,กรุงเทพมหานคร
2437,9251,สำนักงานสาธารณสุขจังหวัดนราธิวาส,96,96000,นราธิวาส
2438,9250,บริษัท เอสเอ็นพี เปเปอร์ จำกัด,12,11140,นนทบุรี
2439,9249,บริษัท ไตรโฟเลียม จำกัด,83,83100,ภูเก็ต
2440,9248,บริษัท ปาล์มทองคำ จำกัด,84,84210,สุราษฎร์ธานี
2441,9247,สำนักงานทางหลวงชนบทที่ 12 แขวงทางหลวงชนบทสงขลา,90,90110,สงขลา
2442,9246,บริษัท แอพคอน โอเปอร์เรชั่นส์ แอนด์ เมนเทนแนนซ์ จำกัด,10,10260,กรุงเทพมหานคร
2443,9245,องค์การบริหารส่วนจังหวัดระนอง,85,85000,ระนอง
2444,9244,สำนักงานการท่องเที่ยวและกีฬาจังหวัดระยอง,21,21000,ระยอง
2445,9243,บริษัท อีบีซิม จำกัด,80,80160,นครศรีธรรมราช
2446,9242,บริษัท สำนักงานบัญชีเพอร์เฟค แอคเคาน์ จำกัด,10,10240,กรุงเทพมหานคร
2447,9241,ศูนย์วิจัยทรัพยากรทางทะเลและชายฝั่งทะเลอันดามันตอนล่าง,92,92150,ตรัง
2448,9240,สำนักงานสาธารณสุขจังหวัดสงขลา,90,90000,สงขลา
2449,9239,บริษัท สตรีม ไอ.ที. คอลซัลติ้ง จำกัด,10,10120,กรุงเทพมหานคร
2450,9238,สำนักงานการท่องเที่ยวและกีฬาจังหวัดนราธิวาส,96,96000,นราธิวาส
2451,9237,บริษัท ซีพีแรม จำกัด จังหวัดสุราษฎร์ธานี,84,84130,สุราษฎร์ธานี
2452,9236,สำนักวิทยบริการและเทคโนโลยีสารสนเทศ  มหาวิทยาลัยราชภัฏนครศรีธรรมราช,80,80280,นครศรีธรรมราช
2453,9235,การไฟฟ้าส่วนภูมิภาคอำเภอถลาง จังหวัดภูเก็ต,83,83110,ภูเก็ต
2454,9234,สำนักงานอิศรา,10,10300,กรุงเทพมหานคร
2455,9233,บริษัท ปัตตานีกรีน เพาเวอร์ จำกัด,94,94170,ปัตตานี
2456,9232,บริษัท ทีซีจี การบัญชี จำกัด,10,10240,กรุงเทพมหานคร
2457,9231,บริษัท หาดใหญ่ไพบูลย์วงศ์ จำกัด,90,90110,สงขลา
2458,9230,วีรันดา ไฮ รีสอร์ท เชียงใหม่ - เอ็มแกเลอรี่,50,50230,เชียงใหม่
2459,9229,Kimpton Koh Samui,84,84320,สุราษฎร์ธานี
2460,9228,Phayam Lodge,85,85000,ระนอง
2461,9227,โรงพยาบาลธนบุรี ทุ่งสง,80,80110,นครศรีธรรมราช
2462,9226,บริษัท รักษาความปลอดภัย ยืนยงสงขลา 99 จำกัด,80,80000,นครศรีธรรมราช
2463,9225,โรงแรม ไฮแอท รีเจนซี่ เกาะสมุย,84,84320,สุราษฎร์ธานี
2464,9224,บริษัท เอ็ม.ซี.เอส. สตีล จำกัด (มหาชน),14,13290,พระนครศรีอยุธยา
2465,9223,ศูนย์สาธิตและพัฒนานวัตกรรมเกษตรเทิดพระเกียรติ ร.9,80,80161,นครศรีธรรมราช
2466,9222,สำนักงานจังหวัดลำพูน,51,51000,ลำพูน
2467,9221,บริษัท ทรู แอกซิออล อินเตอร์แอคทีฟ จำกัด,10,10310,กรุงเทพมหานคร
2468,9220,บริษัท วู้ดดี้ เวิลด์ จำกัด,10,10110,กรุงเทพมหานคร
2469,9219,บริษัท เอที โปร กรุ๊ป จำกัด,65,65000,พิษณุโลก
2470,9218,บริษัท รดา ริชเนส จำกัด,12,11100,นนทบุรี
2471,9217,บริษัท เรือนำเที่ยวทางอันดามัน จำกัด (Sea Angel),83,83000,ภูเก็ต
2472,9216,บริษัท วอยซ์ทีวี จำกัด,10,10400,กรุงเทพมหานคร
2473,9215,สํานักงานคลังจังหวัดนราธิวาส,96,96000,นราธิวาส
2474,9214,บริษัท รถเช่านครศรีธรรมราช จำกัด,80,80000,นครศรีธรรมราช
2475,9213,บริษัท อิเลคทรอนิคส์ เอ็กซ์ตรีม จำกัด (สำนักงานใหญ่),12,11000,นนทบุรี
2476,9212,สำนักงานเทศบาลนครนครศรีธรรมราช ฝ่ายการเงินและบัญชี สำนักการประปา,80,80000,นครศรีธรรมราช
2477,9211,สายการบินไทยไลอ้อนแอร์ ท่าอากาศยานขอนแก่น,40,40000,ขอนแก่น
2478,9210,บริษัท สิชล ดินเนอร์ ครุยส์ จำกัด,80,80120,นครศรีธรรมราช
2479,9209,สหกรณ์อิสลามอิบนูอัฟฟาน จำกัด สาขาโคกโพธิ์,94,94120,ปัตตานี
2480,9208,องค์การบริหารส่วนตำบลนาเตย,82,82120,พังงา
2481,9207,องค์การบริหารส่วนตำบลโคกกลอย,82,82140 ,พังงา
2482,9206,โรงแรม ดิ ฮาร์เบอร์ ฟรอนท์ โฮเทล,84,84000,สุราษฎร์ธานี
2483,9205,โรงแรม แชงกรีล่า เชียงใหม่,57,50100,เชียงราย
2484,9204,โรงแรม ศาลาบางปะอิน,14,13160,พระนครศรีอยุธยา
2485,9203,ด่านศุลกากรบ้านประกอบ,90,90160,สงขลา
2486,9202,บริษัท เอ็มยูไอ โรบอติกส์ จำกัด,12,11000,นนทบุรี
2487,9201,บริษัท ชูใจ กะ กัลยาณมิตร จำกัด,10,10110,กรุงเทพมหานคร
2488,9200,โรงแรม วี วิลล่า ภูเก็ต,83,83000,ภูเก็ต
2489,9199,-,102,,Aichi (Japan)
2490,9198,สาขาวิทยาศาสตร์การคำนวณ คณะวิทยาศาสตร์ มหาวิทยาลัยสงขลานครินทร์,90,90110,สงขลา
2491,9197,ศูนย์วิจัยความเป็นเลิศด้านการวิเคราะห์สารปริมาณน้อยและไบโอเซนเซอร์ มหาวิทยาลัยสงขลานครินทร์,90,90110,สงขลา
2492,9196,สาขารังสีวิทยา  คณะแพทยศาสตร์  โรงพยาบาลสงขลานครินทร์,90,90110,สงขลา
2493,9195,บริษัท แมคทริค จำกัด (มหาชน),10,10400,กรุงเทพมหานคร
2494,9194,บริษัท เมนสแตนด์ ครีเอเตอร์ (ประเทศไทย) จำกัด (สำนักงานใหญ่),10,10900,กรุงเทพมหานคร
2495,9193,บริษัท ปันโปรโมชั่น จำกัด,10,10400,กรุงเทพมหานคร
2496,9192,โรงพยาบาลพุนพิน,84,84130,สุราษฎร์ธานี
2497,9191,บริษัท เจโต โฮม จำกัด ,83,83110,ภูเก็ต
2498,9190,บริษัท บินดีอะกริเทค จำกัด,73,73130,นครปฐม
2499,9189,บริษัท ไทยรวมสินพัฒนาอุตสาหกรรม จำกัด,74,74000,สมุทรสาคร
2500,9188,บริษัท ถาวรการเกษตร จำกัด,80,80160,นครศรีธรรมราช
2501,9187,ที่ทำการไปรษณีย์จรเข้บัว,10,10230,กรุงเทพมหานคร
2502,9186,ห้างหุ้นส่วนจำกัด รุ่งโรจนวงศ์ คอนสตรัคชั่น,77,77140,ประจวบคีรีขันธ์
2503,9185,บริษัท เดอะ เซาเออร์ บางกอก จำกัด,10,10110,กรุงเทพมหานคร
2504,9184,บริษัท แวริซอฟท์ จำกัด,10,10110,กรุงเทพมหานคร
2505,9183,นครศรีสเตชั่น ดอทคอม,80,80000,นครศรีธรรมราช
2506,9182,สำนักสาธารณสุขจังหวัดยะลา,95,95000,ยะลา
2507,9181,กลุ่มงานอนามัยสิ่งแวดล้อม สถาบันพัฒนาสุขภาวะเขตเมือง กรมอนามัย,10,10220,กรุงเทพมหานคร
2508,9180,ภาควิชาคณิตศาสตร์และสถิติ คณะวิทยาศาสตร์ มหาวิทยาลัยสงขลานครินทร์,90,90110,สงขลา
2509,9179,ที่ทำการไปรษณีย์ควนขนุน,93,93110,พัทลุง
2510,9178,ที่ทำการไปรษณีย์หาดใหญ่,90,90110,สงขลา
2511,9177,บริษัท เรฟ อิมเมจ จำกัด ,10,10220,กรุงเทพมหานคร
2512,9176,บริษัท ทิพากร จำกัด,10,10510,กรุงเทพมหานคร
2513,9175,ที่ทำการไปรษณีย์สิชล,80,80120,นครศรีธรรมราช
2514,9174,ศูนย์ความเป็นเลิศด้านนิเวศวิทยาพยากรณ์และการจัดการ  สำนักวิชาวิทยาศาสตร์ มหาวิทยาลัยวลัยลักษณ์,80,80161,นครศรีธรรมราช
2515,9173,ศูนย์นวัตกรรมการเรียนการสอน  มหาวิทยาลัยวลัยลักษณ์,80,,นครศรีธรรมราช
2516,9172,โรงแรม ไฮแอท รีเจนซี่ เกาะสมุย,84,84320,สุราษฎร์ธานี
2517,9171,ประชาไท,10,10310,กรุงเทพมหานคร
2518,9170,โครงการศูนย์กีฬา Fan,84,84140,สุราษฎร์ธานี
2519,9169,การประปาส่วนภูมิภาค เขต 3,70,70110,ราชบุรี
2520,9168,สำนักงานนิคมอุตสาหกรรมภาคเหนือ,51,51000,ลำพูน
2521,9167,สำนักงานเขตพื้นที่การศึกษาประถมศึกษาสุราษฎร์ธานี เขตที่ 1,84,84000,สุราษฎร์ธานี
2522,9166,ที่ว่าการอำเภอทุ่งตะโก,86,86220,ชุมพร
2523,9165,ที่ทำการอำเภอบ้านตาขุน,84,84230,สุราษฎร์ธานี
2524,9164,สโมสรฟุตบอล นครศรี ยูไนเต็ด,80,80000,นครศรีธรรมราช
2525,9163,บริษัท ช.พงพร ปิโตรเลียม จำกัด,80,80240,นครศรีธรรมราช
2526,9162,สำนักงานอัยการคดีปราบปรามการทุจริต ภาค 8 ,80,80000,นครศรีธรรมราช
2527,9161,บริษัท เนชั่น นิวส์ จำกัด,10,10260,กรุงเทพมหานคร
2528,9160,บริษัท เอ็ม.อี.ซี. วิศวกรรม จำกัด,90,90120,สงขลา
2529,9159,สหกรณ์ออมทรัพย์มหาวิทยาลัยวลัยลักษณ์ จำกัด,80,80161,นครศรีธรรมราช
2530,9158,บ้านขจรเกียรติเนอสเซอรี่,83,83110,ภูเก็ต
2531,9157,สำนักวิชาการจัดการ หลักสูตรบัณฑิตศึกษาทางการจัดการ นวัตกรรมและการพัฒนาธุรกิจ,80,80161,นครศรีธรรมราช
2532,9156,บริษัท บุณยานุช การบัญชี จำกัด,83,83000,ภูเก็ต
2533,9155,บริษัท สิงห์อรฉัตร จำกัด,80,80000,นครศรีธรรมราช
2534,9154,บ้านสายใน รีสอร์ท,81,81180,กระบี่
2535,9153,การไฟฟ้าส่วนภูมิภาคอำเภอจะนะ,90,90130,สงขลา
2536,9152,โรงเรียนบ้านสี่แยกคลองศิลา,84,84210,สุราษฎร์ธานี
2537,9151,โรงเรียนเทศบาล 3 (วัดพุทธภูมิ),95,95000,ยะลา
2538,9150,โรงเรียนบ้านคลองทราย,94,94180,ปัตตานี
2539,9149,บริษัท เดอะซีเคร็ต ฟาร์ม จำกัด,10,10310,กรุงเทพมหานคร
2540,9148,บริษัท พินปังก์ จำกัด,10,10310,กรุงเทพมหานคร
2541,9147,สำนักงานอัยการจังหวัดตะกั่วป่า,82,82110,พังงา
2542,9146,เทศบาลเมืองแพร่,54,54000,แพร่
2543,9145,ที่ว่าการอำเภอตากใบ,96,96110,นราธิวาส
2544,9144,บริษัท ภูเก็ตฮันนีมูน จำกัด,83,83000,ภูเก็ต
2545,9143,โรงเรียนบ้านนาฟ่อน,50,50240,เชียงใหม่
2546,9142,โรงเรียนนิคมสงเคราะห์,85,85110,ระนอง
2547,9141,โรงเรียนอนุบาลกิจติมาพร,85,85000,ระนอง
2548,9140,โรงเรียนบ้านบ่อหลวง,50,50240,เชียงใหม่
2549,9139,บริษัท เบบี้แอนด์มัม (ประเทศไทย) จำกัด,10,10220,กรุงเทพมหานคร
2550,9138,โรงแรม เบดบายซิตี้ สุรวงศ์ พัฒน์พงค์,10,10500,กรุงเทพมหานคร
2551,9137,เพจรันนิ่งอินไซเดอร์,12,11000,นนทบุรี
2552,9136,บริษัท เอสวัน โลจิสติกส์ จำกัด,21,21150,ระยอง
2553,9135,บริษัท กฏหมายและบัญชีวันรัฐ นาคสุวรรณ จำกัด,84,84000,สุราษฎร์ธานี
2554,9134,การไฟฟ้าส่วนภูมิภาคจังหวัดอุดรธานี,41,41000,อุดรธานี
2555,9133,สำนักงานเทศบาลเมืองตะกั่วป่า,82,82110,พังงา
2556,9132,Kangwon National University,133,24341,เกาหลีใต้
2557,9131,บริษัท อินฟินิท เทคโนโลยี คอร์ปอเรชั่น จำกัด,10,10210,กรุงเทพมหานคร
2558,9130,บริษัท พร้อมท์ ดิ อินโนเวชั่นส์ จำกัด,10,10900,กรุงเทพมหานคร
2559,9129,บริษัท เกร๊ทเตอร์ฟาม่า จำกัด,10,10700,กรุงเทพมหานคร
2560,9128,บริษัท พี เอส ที ทรานสปอร์ต แอนด์ เซอร์วิส จำกัด,13,12140,ปทุมธานี
2561,9127,ศาลแขวงนครศรีธรรมราช,80,80000,นครศรีธรรมราช
2562,9126,โรงเรียนวัดวิโรจนาราม,84,84110,สุราษฎร์ธานี
2563,9125,บริษัท ทีวีมั้ง จำกัด,10,10230,กรุงเทพมหานคร
2564,9124,สถาบันอาหาร,10,10700,กรุงเทพมหานคร
2565,9123,ตรวจคนเข้าเมืองจังหวัดพังงา,82,82000,พังงา
2566,9122,สำนักงานการท่องเที่ยวและกีฬาจังหวัดระนอง,85,85000,ระนอง
2567,9121,สำนักงานการท่องเที่ยวและกีฬาจังหวัดระนอง,85,85000,ระนอง
2568,9120,เอส ทารา แกรนด์ โฮเต็ล,84,84000,สุราษฎร์ธานี
2569,9119,ที่ว่าการอำเภอย่านตาขาว,92,92140,ตรัง
2570,9118,สำนักงานการท่องเที่ยวและกีฬาจังหวัดนนทบุรี,12,11000,นนทบุรี
2571,9117,ศูนย์ไปรษณีย์หาดใหญ่,90,90110,สงขลา
2572,9116,โรงแรม วีว่า สงขลา,90,90000,สงขลา
2573,9115,โรงแรม บลูมังกี้ ฮับ แอนด์ โฮเทล,83,83000,ภูเก็ต
2574,9114,ตรวจคนเข้าเมืองจังหวัดตรัง,92,92110,ตรัง
2575,9113,ภาควิชาคณิตศาสตร์และวิทยาการคอมพิวเตอร์ คณะวิทยาศาสตร์และเทคโนโลยี มหาวิทยาลัยสงขลานครินทร์,90,90110,สงขลา
2576,9112,ภาควิชาคณิตศาสตร์ คณะวิทยาศาสตร์ มหาวิทยาลัยเทคโนโลยีพระจอมเกล้าธนบุรี,10,10510,กรุงเทพมหานคร
2577,9111,ภาควิชาคณิตศาสตร์ สถาบันเทคโนโลยีพระจอมเกล้าเจ้าคุณทหารลาดกระบัง,10,10520,กรุงเทพมหานคร
2578,9110,ทีมวิจัยการวิเคราะห์และประยุกต์ใช้สารชีวโมเลกุล ศูนย์พันธุ์วิศวกรรมและเทคโนโลยีชีวภาพแห่งชาติ,13,12120,ปทุมธานี
2579,9109,Asian Disaster Preparedness Center Thailand,10,10400,กรุงเทพมหานคร
2580,9108,การไฟฟ้าส่วนภูมิภาคอำเภอพุนพิน,84,84130,สุราษฎร์ธานี
2581,9107,โรงเรียนชุมชนวัดปัณณาราม,80,80120,นครศรีธรรมราช
2582,9106,ศูนย์ประชาสัมพันธ์ กองอำนวยการรักษาความมั่นคงภายในภาค 4 ส่วนหน้า,94,94160,ปัตตานี
2583,9105,ศูนย์เทคโนโลยีเพื่อความมั่นคงของประเทศและการประยุกต์เชิงพาณิชย์,13,12120,ปทุมธานี
2584,9104,สาขาวิชาวิทยาศาสตร์สุขภาพและวิทยาศาสตร์ประยุกต์ คณะวิทยาศาสตร์ มหาวิทยาลัยสงขลานครินทร์,90,90110,สงขลา
2585,9103,ศูนย์ดำรงธรรมจังหวัดกระบี่,81,81000,กระบี่
2586,9102,โรงเรียนอนุบาลท่าแซะ,86,86140,ชุมพร
2587,9101,สำนักงานอัยการคุ้มครองสิทธิและช่วยเหลือทางกฎหมายและการบังคับคดีจังหวัดปัตตานี,94,94000,ปัตตานี
2588,9100,ที่ว่าการอำเภอมายอ,94,94140,ปัตตานี
2589,9099,บริษัท โชติวัฒน์อุตสาหกรรมการผลิต จำกัด ฝ่ายบัญชี,90,90110,สงขลา
2590,9098,สำนักงานพาณิชย์จังหวัดตรัง,92,92000,ตรัง
2591,9097,บริษัท ไทย โรตารี่ เอ็นจิเนียริ่ง จำกัด (มหาชน),21,21130,ระยอง
2592,9096,บริษัท ทีเอ็มเอฟ (ประเทศไทย) จำกัด,10,10330,กรุงเทพมหานคร
2593,9095,บริษัท มุ่งมั่นพัฒนา แอดเวอร์ไทซิ่ง จำกัด,12,11110,นนทบุรี
2594,9094,โรงพยาบาลโพธิ์ตาก,43,43130,หนองคาย
2595,9093,การไฟฟ้าส่วนภูมิภาคอำเภอทุ่งสง,80,80110,นครศรีธรรมราช
2596,9092,ศูนย์วิจัยและพัฒนาประมงชายฝั่งพังงา,82,82120,พังงา
2597,9091,ศูนย์ความเป็นเลิศด้านเทคโนโลยีและนวัตกรรมอาหารและศูนย์ความเป็นเลิศด้านวัตกรรมน้ำมันหอมระเหย ,80,80161,นครศรีธรรมราช
2598,9090,บริษัท ดาต้าไฮฟ์ จำกัด,10,10510,กรุงเทพมหานคร
2599,9089,บริษัท เวโลโฟน จำกัด,90,90110,สงขลา
2600,9088,บริษัท สยามเมดดิคอล อิมปอร์ต จำกัด สาขาหาดใหญ่,90,90110,สงขลา
2601,9087,โรงแรมป่าตองพารากอน รีสอร์ท แอนด์ สปา ภูเก็ต,83,83150,ภูเก็ต
2602,9086,บริษัท เซอร์รัส มารีน จำกัด,83,83000,ภูเก็ต
2603,9085,บริษัท ไอซีที แมนูแฟคเจอริ่ง จำกัด,11,10540,สมุทรปราการ
2604,9084,สำนักงานทรัพย์สินพระมหากษัตริย์,10,10300,กรุงเทพมหานคร
2605,9083,บริษัท กีโต้ (ประเทศไทย) จำกัด,10,10150,กรุงเทพมหานคร
2606,9082,ส่วนการเงินและบัญชี  มหาวิทยาลัยวลัยลักษณ์,80,80161,นครศรีธรรมราช
2607,9081,บริษัท เจพี เรียลเอสเตท จำกัด,84,84000,สุราษฎร์ธานี
2608,9080,บริษัท จัดหางาน จ๊อบบีเคเค ดอท คอม จำกัด,10,10310,กรุงเทพมหานคร
2609,9079,ศูนย์บริหารทรัพย์สิน มหาวิทยาลัยวลัยลักษณ์ งานฟิตเนส,80,80161,นครศรีธรรมราช
2610,9078,ศูนย์บริหารทรัพย์สิน มหาวิทยาลัยวลัยลักษณ์ งานหอพักนักศึกษา,80,80161,นครศรีธรรมราช
2611,9077,ศูนย์บริหารทรัพย์สิน มหาวิทยาลัยวลัยลักษณ์ ฝ่ายพัฒนาผลิตภัณฑ์ (ศูนย์หนังสือ),80,80161,นครศรีธรรมราช
2612,9076,ศูนย์บริหารทรัพย์สิน มหาวิทยาลัยวลัยลักษณ์ ฝ่ายพัฒนาธุรกิจ,80,80161,นครศรีธรรมราช
2613,9075,Very Cat Sound,10,10310,กรุงเทพมหานคร
2614,9074,โรงแรม วังใต้ ,84,84000,สุราษฎร์ธานี
2615,9073,บริษัท เอบีซี การาจ จำกัด,90,90110,สงขลา
2616,9072,บริษัท วังน้ำเขียวฟาร์มอินเตอร์ จำกัด สำนักงานกรุงเทพฯ,10,10400,กรุงเทพมหานคร
2617,9071,โรงแรม ลอฟท์ มาเนีย บูทีค,86,86000,ชุมพร
2618,9070,บริษัท วงศ์บัณฑิต จำกัด จังหวัดสุราษฎร์ธานี  ,84,84100,สุราษฎร์ธานี
2619,9069,บริษัท คอมมิท คอนสตรัคชั่น จำกัด,10,10600,กรุงเทพมหานคร
2620,9068,ส่วนทรัพยากรมนุษย์และองค์กร มหาวิทยาลัยวลัยลักษณ์,80,80160,นครศรีธรรมราช
2621,9067,โรงแรม วี กรุงเทพ โฮเทล ,10,10400,กรุงเทพมหานคร
2622,9066,โรงแรม สการ์เลท,80,80000,นครศรีธรรมราช
2623,9065,ร้านอาหารครัวปากพยิง,80,80160,นครศรีธรรมราช
2624,9064,บริษัท ไบโอฟาร์มาเทค จำกัด,10,10110,กรุงเทพมหานคร
2625,9063,บริษัท ไบโอฟาร์มา แปซิฟิก จำกัด,10,10110,กรุงเทพมหานคร
2626,9062,"Chomchobgroup Co.,Ltd.",10,10500,กรุงเทพมหานคร
2627,9061,บริษัท งานหนึ่ง จำกัด,83,83000,ภูเก็ต
2628,9060,สำนักวิชารัฐศาสตร์และรัฐประศาสนศาสตร์ มหาวิทยาลัยวลัยลักษณ์,80,80160,นครศรีธรรมราช
2629,9059,วิทยาลัยชุมชนระนอง,85,85000,ระนอง
2630,9058,โรงแรม ปุระนคร,80,80000,นครศรีธรรมราช
2631,9057,บริษัท แกร็บ (ประเทศไทย) จำกัด สาขาหาดใหญ่,90,90110,สงขลา
2632,9056,อุทยานวิทยาศาสตร์และเทคโนโลยี  มหาวิทยาลัยวลัยลักษณ์,80,80160,นครศรีธรรมราช
2633,9055,ศูนย์บริหารทรัพย์สิน มหาวิทยาลัยวลัยลักษณ์,80,80160,นครศรีธรรมราช
2634,9054,ธนาคารเพื่อการเกษตรและสหกรณ์การเกษตร สาขาเพชรบุรี,76,76000,เพชรบุรี
2635,9053,สถาบันวิจัยวิทยาการสุขภาพ  มหาวิทยาลัยวลัยลักษณ์,80,80160,นครศรีธรรมราช
2636,9052,ร้าน เดย์ แอนด์ ไนท์,80,80000,นครศรีธรรมราช
2637,9051,บริษัท ศรีตรังโลจิสติกส์ จำกัด สาขาทุ่งสง,80,80110,นครศรีธรรมราช
2638,9050,ร้านดอกไม้บุปผาฟลอรีสท์ และเฟอร์นิเจอร์,80,80000,นครศรีธรรมราช
2639,9049,บริษัท จีที ทรานสปอร์ต 2012 จํากัด,90,90110,สงขลา
2640,9048,Soneva Kiri,23,23000,ตราด
2641,9047,บริษัท โกศลสถาปัตย์ จำกัด,70,70000,ราชบุรี
2642,9046,ร้านเพลิน นครศรีธรรมราช,80,80000,นครศรีธรรมราช
2643,9045,บริษัท เอเชีย แค็บ จำกัด,10,10120,กรุงเทพมหานคร
2644,9044,ที่ทำการไปรษณีย์เกาะสมุย,84,84140,สุราษฎร์ธานี
2645,9043,บริษัท คมกฤษ คอนสตัคชั่น แอนด์ เทรดดิ้ง จำกัด,12,11110,นนทบุรี
2646,9042,ธนาคารเพื่อการเกษตรและสหกรณ์การเกษตร สาขาบางสวรรค์,84,84210,สุราษฎร์ธานี
2647,9041,บริษัท เซนโช (ไทยแลนด์) จำกัด (ร้านอาหารสุคิยะ),10,10110,กรุงเทพมหานคร
2648,9040,บริษัท แซดทีโอ จำกัด,50,50140,เชียงใหม่
2649,9039,บริษัท สมาร์ทเอสดี จำกัด,10,10220,กรุงเทพมหานคร
2650,9038,บริษัท โฟลติ้ง ไลฟ์ จำกัด,50,50000,เชียงใหม่
2651,9037,โรงแรม พีเอส เอ็กตร้า,90,90110,สงขลา
2652,9036,บลูสไมล์ คาเฟ่,90,90000,สงขลา
2653,9035,โรงแรม เอสเจ มิราเคิล,90,90110,สงขลา
2654,9034,ตรวจคนเข้าคนเมืองจังหวัดบึงกาฬ,38,38000,บึงกาฬ
2655,9033,สำนักงานเทศบาลตำบลกระบี่น้อย,81,81000,กระบี่
2656,9032,สำนักงานเทศบาลตำบลทุ่งใส,80,80120,นครศรีธรรมราช
2657,9031,เทศบาลตำบลชะมาย,80,80110,นครศรีธรรมราช
2658,9030,เทศบาลตำบลสิชล,80,80120,นครศรีธรรมราช
2659,9029,สำนักงานเทศบาลตำบลขนอม,80,80210,นครศรีธรรมราช
2660,9028,ศูนย์อนามัยที่ 10 อุบลราชธานี,34,34190,อุบลราชธานี
2661,9027,เทศบาลตำบลนาวง,92,92210,ตรัง
2662,9026,เทศบาลตำบลคลองเต็ง,92,92190,ตรัง
2663,9025,โรงเรียนขจรเกียรติพัฒนา,83,83000,ภูเก็ต
2664,9024,บริษัท เอส.เค.เทเลคอม ภูเก็ต จำกัด,83,83000,ภูเก็ต
2665,9023,สถานีตำรวจน้ำ 3 กองกับการการ 8 กองบังคับการตำรวจน้ำ,83,80000,ภูเก็ต
2666,9022,Ocean Palms Villa Bang Tao,83,83110,ภูเก็ต
2667,9021,การไฟฟ้าส่วนภูมิภาคสาขาอำเภออ่าวลึก,81,94000,กระบี่
2668,9020,สำนักงานการท่องเที่ยวและกีฬาจังหวัดปัตตานี,94,94000,ปัตตานี
2669,9019,ท่าอากาศยานตรัง,92,92000,ตรัง
2670,9018,กรมการกงสุล กระทรวงการต่างประเทศ สำนักงานหนังสือเดินทางฯ จังหวัดนครศรีธรรมราช,80,80000,นครศรีธรรมราช
2671,9017,สำนักงานบัญชี ณสิริพัทธ์ คอนซัลแทนท์,80,80000,นครศรีธรรมราช
2672,9016,บริษัท พี แอนด์ วาย อินเตอร์เทรด 2016 จำกัด,90,90110,สงขลา
2673,9015,ธนาคารกรุงไทย จำกัด (มหาชน) สาขาราษฎร์อุทิศ,90,90110,สงขลา
2674,9014,สถาบันวิจัยเพื่อประเมินและออกแบบนโยบาย สำนักงานจังหวัดมหาสารคาม,44,44000,มหาสารคาม
2675,9013,โรงแรม พูลแมน เขาหลัก รีสอร์ท,82,82190,พังงา
2676,9012,การไฟฟ้าส่วนภูมิภาคสาขาอำเภอร่อนพิบูลย์,80,80130,นครศรีธรรมราช
2677,9011,โรงแรม ไดมอนด์ รีสอร์ท ภูเก็ต,83,83110,ภูเก็ต
2678,9010,บริษัท กรุงไทยแอกซ่าประกันชีวิต จำกัด ห้างหุ้นส่วนจำกัด เมธาวี 2010 กิจเจริญ,90,90250,สงขลา
2679,9009,การท่องเที่ยวแห่งประเทศไทย สำนักงานบุรีรัมย์,31,31000,บุรีรัมย์
2680,9008,หลักสูตรเทคโนโลยีมัลติมีเดียแอนิเมชันและเกม  สำนักวิชาสารสนเทศศาสตร์  มหาวิทยาลัยวลัยลักษณ์,80,80160,นครศรีธรรมราช
2681,9007,เทศบาลตำบลท่างิ้ว,80,80280,นครศรีธรรมราช
2682,9006,ห้างหุ้นส่วนจำกัด ส.สมชัยวิศวกรรม,80,80000,นครศรีธรรมราช
2683,9005,โรงเรียนละแมวิทยา,86,86170,ชุมพร
2684,9004,สำนักงานคณะกรรมการกิจการกระจายเสียง กิจการโทรทัศน์ และกิจการโทรคมนาคมแห่งประเทศไทย จังหวัดยะลา,95,95000,ยะลา
2685,9003,องค์การบริหารส่วนตำบลเชิงทะเล,83,83110,ภูเก็ต
2686,9002,อุทยานแห่งชาติเขาหลวง,80,80230,นครศรีธรรมราช
2687,9001,สำนักวิชาสารสนเทศศาสตร์  มหาวิทยาลัยวลัยลักษณ์,80,80160,นครศรีธรรมราช
2688,9000,สำนักงานแรงงานจังหวัดยะลา,95,95000,ยะลา
2689,8999,สำนักวิชาเทคโนโลยีการเกษตรและอุตสาหกรรมอาหาร  มหาวิทยาลัยวลัยลักษณ์,80,80160,นครศรีธรรมราช
2690,8998,ร้านอาหารบลูอะควา ภูเก็ต,83,83150,ภูเก็ต
2691,8997,บริษัท ทนาพงษ์พลาสติก จำกัด,81,81000,กระบี่
2692,8996,สำนักงานอัยการคดีศาลแขวงทุ่งสง,80,80110,นครศรีธรรมราช
2693,8995,เทศบาลตำบลท่าแพ,80,80000,นครศรีธรรมราช
2694,8994,สำนักงานสวัสดิการและคุ้มครองแรงงานจังหวัดปัตตานี,94,94000,ปัตตานี
2695,8993,ห้างหุ้นส่วนจำกัด มอร์เกท เซ็นเตอร์,90,90110,สงขลา
2696,8992,บริษัท วลัยไบโอคอนโทรล จำกัด,80,80160,นครศรีธรรมราช
2697,8991,ศูนย์วิจัยข้าวนครศรีธรรมราช,80,80330,นครศรีธรรมราช
2698,8990,บริษัท ภูเก็ตไอทีซัพพอร์ท แอนด์ กรุ๊ป จำกัด (AIS Fiber Phuket),83,83120,ภูเก็ต
2699,8989,ศูนย์เรียนรู้ส้มโอทับทิมสยามบ้านแสงวิมาน,80,80330,นครศรีธรรมราช
2700,8988,บริษัท ซายอควา สยาม จำกัด,80,80120,นครศรีธรรมราช
2701,8987,ศูนย์พันธุวิศวกรรมและเทคโนโลยีชีวภาพแห่งชาติ โรงงานผลิตพืชสมุนไพร,13,12120,ปทุมธานี
2702,8986,บริษัท เมดิคอลโกลฟ จำกัด,81,81120,กระบี่
2703,8985,ห้างหุ้นส่วนจำกัด ไอพริ้นท์ แอนด์ สตูดิโอ,90,90110,สงขลา
2704,8984,บริษัท ทีพ็อท สตูดิโอ จำกัด,12,11120,นนทบุรี
2705,8983,ซีน บีช คลับ สมุย,84,84320,สุราษฎร์ธานี
2706,8982,สำนักงานสาธารณสุขจังหวัดสตูล กลุ่มงานอนามัยสิ่งแวดล้อมและอาชีวอนามัย,91,91000,สตูล
2707,8981,บริษัท โตโยต้าตาปี จำกัด สำนักงานใหญ่,84,84000,สุราษฎร์ธานี
2708,8980,การประปาส่วนภูมิภาค สาขาประจวบคีรีขันธ์,77,77000,ประจวบคีรีขันธ์
2709,8979,บริษัท ยางไทยปักษ์ใต้ จำกัด สาขาทุ่งสง,80,80110,นครศรีธรรมราช
2710,8978,บริษัท นครศรีตรัง วิศวกรรม จำกัด,80,80130,นครศรีธรรมราช
2711,8977,ฟาร์มไม้น้ำภูเก็ต,83,83130,ภูเก็ต
2712,8976,บริษัท แอคเค้าติ้ง ริช จำกัด,92,92000,ตรัง
2713,8975,สหกรณ์การเกษตรตะโหมด จำกัด,93,93160,พัทลุง
2714,8974,บริษัท จัดทำโดย พีดับบลิวเค จำกัด,83,83000,ภูเก็ต
2715,8973,บริษัท นครดี.ซี. จำกัด,80,80000,นครศรีธรรมราช
2716,8972,บริษัท กสท โทรคมนาคม จำกัด (มหาชน) สำนักงานบริการลูกค้า กสท พังงา,82,82000,พังงา
2717,8971,โรงแรม เดอะ เบด เวเคชั่น ราชมังคลา สงขลา,90,90000,สงขลา
2718,8970,เทศบาลตำบลห้วยน้ำขาว,81,81120,กระบี่
2719,8969,กฤษฎิ์สมัย แพลนเทชั่น,90,90110,สงขลา
2720,8968,บริษัท สวนละออ จำกัด,63,63110,ตาก
2721,8967,การไฟฟ้าส่วนภูมิภาคอำเภอโคกโพธิ์,94,94180,ปัตตานี
2722,8966,การไฟฟ้าส่วนภูมิภาคสาขาย่อยอำเภอรัษฎา,92,92160,ตรัง
2723,8965,บริษัท คลิกเน็กซ์ จำกัด,10,10400,กรุงเทพมหานคร
2724,8964,บริษัท ออด-อี (ประเทศไทย) จำกัด,10,10900,กรุงเทพมหานคร
2725,8963,บริษัท อินเตอร์เนชั่นแนล คอนเน็คเทรด จำกัด,10,10210,กรุงเทพมหานคร
2726,8962,บริษัท ไอกะ ไทยเคมีภัณฑ์ จำกัด,11,10290,สมุทรปราการ
2727,8961,โรงเรียนกวดวิชาสมาร์ท นครศรีธรรมราช สาขาท่าศาลา,80,80160,นครศรีธรรมราช
2728,8960,สำนักงานยุติธรรมจังหวัดนครศรีธรรมราช,80,80000,นครศรีธรรมราช
2729,8959,บริษัท เอชทีซี โลจิสติกส์ แอนด์ ชิปปิ้ง จำกัด,10,10160,กรุงเทพมหานคร
2730,8958,บริษัท ภาษาจีนเป่ยจิง จำกัด,10,10220,กรุงเทพมหานคร
2731,8957,บริษัท เจริญโภคภัณฑ์ โปรดิ๊วส์ จำกัด โรงงานผลิตปุ๋ยเคมีนครหลวงและพื้นที่แปลงวิจัย,14,13260,พระนครศรีอยุธยา
2732,8956,อันเดอร์วอเตอร์ เวิลด์ พัทยา,20,20150,ชลบุรี
2733,8955,บริษัท กสท โทรคมนาคม จำกัด (มหาชน) สำนักงานบริการลูกค้า กสท พัทลุง,93,93000,พัทลุง
2734,8954,"Central JD Fintech Co., Ltd. ",10,10330 ,กรุงเทพมหานคร
2735,8953,บริษัท กรีนริเวอร์พาเนล (ประเทศไทย) จำกัด จังหวัดตรัง,92,92160,ตรัง
2736,8952,สำนักงานตัวแทนประกันชีวิต บริษัท เอ ไอ เอ จำกัด,73,73110 ,นครปฐม
2737,8951,กระบี่ มาย ฮอลิเดย์,81,81180,กระบี่
2738,8950,Emery Oleochemicals (M) Sdn.Bhd,107,42500,มาเลเซีย
2739,8949,โรงแรม ศิริปันนา วิลล่า รีสอร์ท แอนด์ สปา เชียงใหม่,50,50000 ,เชียงใหม่
2740,8948,สำนักงานปลัดกระทรวงคมนาคม,10,10100,กรุงเทพมหานคร
2741,8947,บริษัท ธีรภา แลนด์ จำกัด,77,77110,ประจวบคีรีขันธ์
2742,8946,ศูนย์บริการการศึกษา  มหาวิทยาลัยวลัยลักษณ์,80,80161,นครศรีธรรมราช
2743,8945,สำนักงานเทศบาลตำบลวังไผ่,86,86190,ชุมพร
2744,8944,โรงเรียนกำเนิดวิทย์,21,21210,ระยอง
2745,8943,บริษัท ทีเอสเอส ดีไซน์แอนด์ซัพพลาย จำกัด,10,10510,กรุงเทพมหานคร
2746,8942,การท่องเที่ยวแห่งประเทศไทย สำนักงานเพชรบุรี,76,76120,เพชรบุรี
2747,8941,สำนักงานเขตบางคอแหลม,10,10120,กรุงเทพมหานคร
2748,8940,Browny 24hr Wash & Dry Head Office,10,10160,กรุงเทพมหานคร
2749,8939,กรมการขนส่งทางราง,10,10300,กรุงเทพมหานคร
2750,8938,ศูนย์สหกิจศึกษาและพัฒนาอาชีพ  มหาวิทยาลัยวลัยลักษณ์,80,80161,นครศรีธรรมราช
2751,8937,บริษัท โปรบิลด์สมุย ดีเวลลอปเมนท์ จำกัด,84,84330,สุราษฎร์ธานี
2752,8936,บริษัท แฮปปี้ทราเวล สาขาขนอม จังหวัดนครศรีธรรมราช,80,80210,นครศรีธรรมราช
2753,8935,องค์การบริหารส่วนจังหวัดนราธิวาส,96,96000 ,นราธิวาส
2754,8934,โรงพยาบาลสงขลานครินทร์ งานเงินรายได้,90,90110,สงขลา
2755,8933,บริษัท นางแอ่น ทราเวล์ แอนด์ ทัวร์,81,81180,กระบี่
2756,8932,ธนาคารออมสิน สาขาถนนเรืองราษฎร์,85,85000,ระนอง
2757,8931,บริษัท แองโกล ซีสเต็ม ทรีทเม้น จำกัด,83,83110,ภูเก็ต
2758,8930,ที่ว่าการอำเภอร่อนพิบูลย์,80,80130,นครศรีธรรมราช
2759,8929,บริษัท ซีพี ออลล์ จำกัด (มหาชน) ศูนย์กระจายสินค้าหาดใหญ่,90,90110,สงขลา
2760,8928,บริษัท ซีวิล เอนจิเนียริ่ง จำกัด (มหาชน),10,10900,กรุงเทพมหานคร
2761,8927,ที่ทำการปกครองจังหวัดพังงา,82,82000,พังงา
2762,8926,ศูนย์ปฏิบัติการต่อต้านการทุจริต  สำนักงานปลัดกระทรวงการท่องเที่ยวและกีฬา,10,10110,กรุงเทพมหานคร
2763,8925,กรมการจัดหางาน กระทรวงแรงงาน,10,10400,กรุงเทพมหานคร
2764,8924,สำนักงานแรงงานจังหวัดเชียงราย,57,57000,เชียงราย
2765,8923,อุทยานแห่งชาติทะเลบัน,91,91160,สตูล
2766,8922,บริษัท พัทยา เอวิเอชั่น จำกัด,12,11120,นนทบุรี
2767,8921,บริษัท เช็คอินอันดามัน จำกัด ,82,82210,พังงา
2768,8920,การท่องเที่ยวแห่งประเทศไทย สำนักงานสตูล,91,91000,สตูล
2769,8919,การท่องเที่ยวแห่งประเทศไทย สำนักงานประจวบคีรีขันธ์,77,77110,ประจวบคีรีขันธ์
2770,8918,บริษัท โกลบอลกรีนโฮลดิ้ง จำกัด สาขาเทพา,90,90150,สงขลา
2771,8917,บริษัท ปริ๊งซ์ เฉิงซาน ไทร์ (ประเทศไทย) จำกัด,20,20190,ชลบุรี
2772,8916,ศาลแขวงสงขลา,90,90000,สงขลา
2773,8915,ศาลเยาวชนและครอบครัวจังหวัดสงขลา,90,90000,สงขลา
2774,8914,ที่ทำการปกครองอำเภอเบตง,95,95110,ยะลา
2775,8913,บริษัท ไทย ไฮ เวนเจอร์ส จำกัด,50,50210,เชียงใหม่
2776,8912,โรงแรม คาเพลล่า แบงค์คอก,10,10120,กรุงเทพมหานคร
2777,8911,The Okura Presting Bangkok,10,10330,กรุงเทพมหานคร
2778,8910,โรงแรม พาร์ค ไฮแอท กรุงเทพ,10,10330,กรุงเทพมหานคร
2779,8909,งานเวชนิทัศน์และการจัดประชุม คณะแพทยศาสตร์ มหาวิทยาลัยสงขลานครินทร์,90,90110,สงขลา
2780,8908,สำนักงานการท่องเที่ยวและกีฬาจังหวัดกระบี่,81,81000,กระบี่
2781,8907,ด่านตรวจคนเข้าเมืองสมุย,84,84330,สุราษฎร์ธานี
2782,8906,สำนักงานส่งเสริมการปกครองท้องถิ่นจังหวัดตรัง,92,92000,ตรัง
2783,8905,บริษัท ทริปเปิลทรี บรอดแบนด์ จำกัด (มหาชน),12,11120,นนทบุรี
2784,8904,Rotor Wing Cafe,80,80000,นครศรีธรรมราช
2785,8903,ห้างหุ้นส่วนจำกัด บ้านดอยปุย,10,10250,กรุงเทพมหานคร
2786,8902,โครงการชลประทานจังหวัดระยอง,21,21000,ระยอง
2787,8901,ส่วนอาคารสถานที่  มหาวิทยาลัยวลัยลักษณ์,80,80160,นครศรีธรรมราช
2788,8900,โรงเรียนนาสาร,84,84120,สุราษฎร์ธานี
2789,8899,บริษัท ตะวันหวาน จำกัด,81,81190,กระบี่
2790,8898,การไฟฟ้าส่วนภูมิภาค เขต 3 (ภาคใต้) จังหวัดยะลา,94,94160,ปัตตานี
2791,8897,บริษัท แอ็คโคเมท จำกัด (Ztrus),10,10400,กรุงเทพมหานคร
2792,8896,บริษัท ไพล์บอร์ลิ่ง จํากัด,10,10510,กรุงเทพมหานคร
2793,8895,โรงแรม หลับดี ภูเก็ต ป่าตอง,83,83150,ภูเก็ต
2794,8894,บริษัท ฟรีดอม ดอลฟิน จำกัด,83,83110,ภูเก็ต
2795,8893,บริษัท ไนซ์ แอพพาเรด จำกัด (สาขาหนองบัวลำภู),39,39000,หนองบัวลำภู
2796,8892,บริษัท ไฟเบอร์ พัฒน์ จำกัด,11,10570,สมุทรปราการ
2797,8891,โรงแรม พีพี ฮาร์เบอร์ วิว,81,81210,กระบี่
2798,8890,โรงแรมอนันตรา เชียงใหม่ รีสอร์ท,50,50100,เชียงใหม่
2799,8889,บริษัท กวิน แอพเพรซัล จำกัด สำนักงานภูเก็ต,83,83000,ภูเก็ต
2800,8888,บริษัท ดิทโต้ (ประเทศไทย) จำกัด มหาชน,10,10240,กรุงเทพมหานคร
2801,8887,โรงพยาบาลวัฒนแพทย์ จังหวัดตรัง,92,92000,ตรัง
2802,8886,กระบี่ ธีระพงค์ ทัวร์,81,81000,กระบี่
2803,8885,โรงแรม ไมด้า แกรนด์ รีสอร์ท ภูเก็ต,83,83110,ภูเก็ต
2804,8884,โรงแรม อ่าวนาง ปรินซ์วิลล์ วิลลา รีสอร์ท แอนด์ สปา,81,81180,กระบี่
2805,8883,บริษัท สิทธิพรแอสโซซิเอส จำกัด,10,10700,กรุงเทพมหานคร
2806,8882,บริษัท ไบเออสดร๊อฟ (ประเทศไทย) จำกัด,11,10540,สมุทรปราการ
2807,8881,โรงพยาบาลปทุมธานี,13,12000,ปทุมธานี
2808,8880,โรงเรียนสิเกาประชาผดุงวิทย์,92,92150,ตรัง
2809,8879,สำนักงานพัฒนาชุมชนจังหวัดสมุทรสงคราม,75,75000,สมุทรสงคราม
2810,8878,การไฟฟ้าส่วนภูมิภาค เขต 3 (ภาคเหนือ) กองระบบสารสนเทศ จังหวัดลพบุรี,16,15000,ลพบุรี
2811,8877,บริษัท เอ็ม วิซ แอคเคาน์ติ้ง คอนซัลแตนท์ จำกัด,10,10330,กรุงเทพมหานคร
2812,8876,บริษัท พราว เรียล เอสเตท จำกัด (มหาชน),10,10330,กรุงเทพมหานคร
2813,8875,บริษัท กสท โทรคมนาคม จำกัด (มหาชน) สำนักงานบริการลูกค้าจังหวัดระนอง,85,85000,ระนอง
2814,8874,บริษัท เรนทรี การบัญชี จำกัด,11,10540,สมุทรปราการ
2815,8873,สำนักงานส่งเสริมเศรษฐกิจดิจิทัล,10,10900,กรุงเทพมหานคร
2816,8872,สหกรณ์อิสลามปัตตานี จำกัด จังหวัดสงขลา,94,94000,ปัตตานี
2817,8871,สหกรณ์อิสลามอัศศิดดีก จำกัด สาขานาทวี,90,90110,สงขลา
2818,8870,ศูนย์ความปลอดภัยในการทำงานเขต 9 สงขลา,90,90000,สงขลา
2819,8869,สำนักงานกฎหมายจรัญ ศรีสุข,80,80160,นครศรีธรรมราช
2820,8868,บริษัท ออสการ์ เซฟ เดอะ เวิลด์ จำกัด สำนักงานสาขา 1,80,80150,นครศรีธรรมราช
2821,8867,การรถไฟแห่งประเทศไทย,10,10330,กรุงเทพมหานคร
2822,8866,บริษัท ศรีตรังแอโกรอินดัสทรี จำกัด (มหาชน) สาขาทุ่งสง,80,80110,นครศรีธรรมราช
2823,8865,บริษัท คอมมอน แอเรีย สมุย จำกัด (Lub D Koh Samui Chaweng Beach),84,84320,สุราษฎร์ธานี
2824,8864,โรงแรม คิส การ์เด้นโฮม ชิค โฮเต็ล,90,90110,สงขลา
2825,8863,สถาบันวิจัยเพื่อประเมินและออกแบบนโยบาย มหาวิทยาลัยหอการค้าไทย,10,10400,กรุงเทพมหานคร
2826,8862,บริษัท สายการบินแอร์ฟรานซ์ - เคแอลเอ็ม,10,10500,กรุงเทพมหานคร
2827,8861,สำนักงาน สายการบินไทยเวียตเจ็ทแอร์,11,10540,สมุทรปราการ
2828,8860,กลุ่มงานกิจการนานาชาติ กองงานผู้บริหาร สถาบันบัณฑิตพัฒนบริหารศาสตร์,10,10240,กรุงเทพมหานคร
2829,8859,ศูนย์สื่อสารองค์กรและกิจการนานาชาติ มหาวิทยาลัยสงขลานครินทร์ วิทยาเขตปัตตานี,94,94000,ปัตตานี
2830,8858,บริษัท ออสการ์ เซฟ เดอะ เวิลด์ จำกัด,80,80150,นครศรีธรรมราช
2831,8857,บริษัท เซมเพอร์เฟล็กซ์ เอเชีย จำกัด (สำนักงานใหญ่),90,90230,สงขลา
2832,8856,โรงเรียนเทศบาลวัดมเหยงคณ์,80,80000,นครศรีธรรมราช
2833,8855,โรงเรียนพิชัยรัตนาคาร,85,85000,ระนอง
2834,8835,บริษัท แอสเส็ทส์ อาร์ อัส จำกัด (ไร่วานิช),83,83000,ภูเก็ต
2835,8815,โรงเรียนสวนศรีวิทยา,86,86110,ชุมพร
2836,8810,โรงเรียนบ้านทุ่งเกราะ,80,80160,นครศรีธรรมราช
2837,8809,ตรวจคนเข้าเมืองจังหวัดปัตตานี,94,84000,ปัตตานี
2838,8808,ด่านศุลกากรกระบี่,81,81000,กระบี่
2839,8807,บริษัท ทรูดิจิทัล พาร์ค จำกัด,10,10260,กรุงเทพมหานคร
2840,8806,บริษัท เซลลูล่าร์บีม (ไทยแลนด์) จำกัด,10,10210,กรุงเทพมหานคร
2841,8805,สำนักงานพัฒนาชุมชนอำเภอนบพิตำ จังหวัดนครศรีธรรมราช,80,80160,นครศรีธรรมราช
2842,8804,บริษัท ซีพี ออลล์ จำกัด (มหาชน) ศูนย์กระจายสินค้า CDC บางบัวทอง,12,11110,นนทบุรี
2843,8803,โรงแรมสยามออเรียนทัล,90,90110,สงขลา
2844,8802,โรงแรมราชมังคลาสงขลาเมอร์เมด,90,90000,สงขลา
2845,8801,บริษัท เอ็กซ์เธอร์แอน (ประเทศไทย) จำกัด,90,90100,สงขลา
2846,8800,บริษัท แอทไซน์มีเดีย พลัส จำกัด,80,80000,นครศรีธรรมราช
2847,8799,บริษัท ออนไลน์การบัญชี และภาษีอากร จำกัด,83,83000,ภูเก็ต
2848,8798,สถานีตำรวจท่องเที่ยวระนอง,85,85000,ระนอง
2849,8797,โรงแรมโซ โซฟิเทล หัวหิน,76,76120,เพชรบุรี
2850,8796,ห้างหุ้นส่วนจำกัด ดี.วาย. นครการบัญชี,80,80000,นครศรีธรรมราช
2851,8795,บริษัท เอส เอส เอส แอนด์ พี เอ็นจิเนียริ่ง ซัพพลาย จำกัด (โรงงานศรีราชา),20,20110,ชลบุรี
2852,8794,บริษัท เอสวีแอล คอร์ปปอเรชั่น จำกัด,10,10500,กรุงเทพมหานคร
2853,8793,โรงแรมดุสิต สวีท ราชดำริ กรุงเทพ,10,10330,กรุงเทพมหานคร
2854,8792,โรงแรม เซ็นทารา อ่าวนาง บีช รีสอร์ท แอนด์ สปา กระบี่,81,81180,กระบี่
2855,8791,บริษัท สตรอแมนน์ กรุ๊ป (ประเทศไทย) จำกัด,10,10120,กรุงเทพมหานคร
2856,8790,บริษัท ท่าอากาศยานไทย จำกัด (มหาชน) สาขาท่าอากาศยานดอนเมือง,10,10210,กรุงเทพมหานคร
2857,8789,หลักสูตรบริหารธุรกิจ สำนักวิชาการจัดการ มหาวิทยาลัยวลัยลักษณ์,80,80161,นครศรีธรรมราช
2858,8788,บริษัท วรกิจการบัญชีและธุรกิจ จำกัด,84,84000,สุราษฎร์ธานี
2859,8787,ศูนย์ผลิตและบริการชีวินทรีย์เกษตร หน่วยวิจัยพืชเขตร้อน มหาวิทยาลัยวลัยลักษณ์ (Walai Bio Control),80,80161,นครศรีธรรมราช
2860,8786,สำนักงานสภาพัฒนาการเศรษฐกิจและสังคมแห่งชาติ,10,10100,กรุงเทพมหานคร
2861,8785,สำนักงานเขตหนองจอก,10,10530,กรุงเทพมหานคร
2862,8784,การไฟฟ้าส่วนภูมิภาคจังหวัดระยอง,21,21000,ระยอง
2863,8783,Find Food,10,10400,กรุงเทพมหานคร
2864,8782,โครงการก่อสร้าง สำนักงานชลประทานที่ 14,86,86190,ชุมพร
2865,8781,ศูนย์วิจัยข้าวปทุมธานี,13,12110,ปทุมธานี
2866,8780,ธนาคารทรัพยากรชีวภาพแห่งชาติ สำนักงานพัฒนาวิทยาศาสตร์และเทคโนโลยีแห่งชาติ,13,12120,ปทุมธานี
2867,8779,ป่าตอง เบย์ ฮิลล์ รีสอร์ท,83,83150,ภูเก็ต
2868,8778,โรงแรม บันยันทรี กระบี่,81,81180,กระบี่
2869,8777,สำนักงานองค์การบริหารส่วนตำบลท้ายสำเภา,80,80000,นครศรีธรรมราช
2870,8776,ที่ว่าการอำเภอเฉลิมพระเกียรติ,80,80190,นครศรีธรรมราช
2871,8775,ศาลจังหวัดเบตง-ศาลยุติธรรม,95,95110,ยะลา
2872,8774,โรงเรียนวัดจันดี,80,80250,นครศรีธรรมราช
2873,8773,โรงเรียนมะฮัดอิสลามอีมานียะฮ์มูลนิธิ,80,80160,นครศรีธรรมราช
2874,8772,โรงเรียนดาราสมุทรภูเก็ต,83,83000,ภูเก็ต
2875,8771,บริษัท แอสเซท โปร แมเนจเม้นท์ จำกัด,10,10330,กรุงเทพมหานคร
2876,8770,Gallery VER,10,10120,กรุงเทพมหานคร
2877,8769,ซิกซ์ อเวนิว สุรินทร์ บีช,83,83110,ภูเก็ต
2878,8768,ที่ทำการปกครองจังหวัดนราธิวาส,96,96000,นราธิวาส
2879,8767,สำนักงานอัยการคดีศาลแขวงนครศรีธรรมราช,80,80000,นครศรีธรรมราช
2880,8766,ที่ทำการปกครองอำเภอละแม,86,86170,ชุมพร
2881,8765,สำนักงานเทศบาลเมืองตากใบ,96,96110,นราธิวาส
2882,8764,บริษัท ทีทีซีแอล จำกัด (มหาชน)  จังหวัดระยอง,21,21130,ระยอง
2883,8763,บริษัท ดีเอชแอล ซัพพลายเชน (ประเทศไทย) จำกัด,11,10540,สมุทรปราการ
2884,8762,บริษัท ทักซิโด้แคท สตูดิโอ จำกัด,10,10310,กรุงเทพมหานคร
2885,8761,บริษัท ซีพี ออลล์ จำกัด (มหาชน) จังหวัดลำพูน,51,51000,ลำพูน
2886,8760,บริษัท ชินวงศ์ คอนสตรัคชั่น จำกัด,81,81000,กระบี่
2887,8759,ค่ายอิงคยุทธบริหาร มณฑลทหารบกที่ 46 ,94,94170,ปัตตานี
2888,8758,บริษัท เลโก้ คอนสตรัคชั่น จำกัด ,13,12110,ปทุมธานี
2889,8757,บริษัท แมสคอท โปร เอ็นจิเนียริ่ง จำกัด,90,90110,สงขลา
2890,8756,โรงไฟฟ้าอ่างทองเพาเวอร์ จำกัด,15,14140,อ่างทอง
2891,8755,ห้างหุ้นส่วนจำกัด ดาต้าคิวบ์ จำกัด,13,12120,ปทุมธานี
2892,8754,สถาบันภาษา มหาวิทยาลัยเชียงใหม่,50,50200,เชียงใหม่
2893,8753,มูลนิธิกระจกเงา สำนักงานฝาง จังหวัดเชียงใหม่,50,50320,เชียงใหม่
2894,8752,บริษัท จีอาร์รุ่งตะวัน จำกัด,81,81180,กระบี่
2895,8751,สถานีตำรวจท่องเที่ยว 1 กองกำกับการ 3 กองบังคับการตำรวจท่องเที่ยว 3,90,90110,สงขลา
2896,8750,มหาวิทยาลัยหาดใหญ่ ฝ่ายบริหารงานการเงินและพัสดุ - ครุภัณฑ์,90,90110 ,สงขลา
2897,8749,บัณฑิตวิทยาลัย มหาวิทยาลัยวลัยลักษณ์,80,80161,นครศรีธรรมราช
2898,8748,ศูนย์วิจัยและพัฒนาการเพาะเลี้ยงสัตว์น้ำชายฝั่งระนอง,85,85000,ระนอง
2899,8747,บริษัท ดีเอชแอล เอ็กซ์เพรส อินเตอร์เนชั่นแนล (ประเทศไทย) จำกัด,10,10330,กรุงเทพมหานคร
2900,8746,ที่ทำการปกครองอำเภอสิเกา,92,92150,ตรัง
2901,8745,การท่องเที่ยวแห่งประเทศไทย สำนักงานน่าน,55,55000 ,น่าน
2902,8744,บริษัท เคเอ็นเค คอนซัลแทนซี่ จำกัด,10,10160,กรุงเทพมหานคร
2903,8743,โรงเรียนเทศบาล 1 บ้านสะเดา,90,90120,สงขลา
2904,8742,บริษัท อาซาฮี - ไทย อัลลอย จํากัด ,11,10130,สมุทรปราการ
2905,8741,โรงแรมชฎา แอท นคร,80,80000,นครศรีธรรมราช
2906,8740,บริษัท สิทธาภัทร์ จำกัด,80,80000,นครศรีธรรมราช
2907,8739,บริษัท แบรนด์ธิงค์ จำกัด,10,10400,กรุงเทพมหานคร
2908,8738,โรงแรม แก้วสมุย รีสอร์ท,84,84000,สุราษฎร์ธานี
2909,8737,ศูนย์กิจการนานาชาติ มหาวิทยาลัยวลัยลักษณ์,80,80161,นครศรีธรรมราช
2910,8736,สำนักงานเทศบาลนครนครศรีธรรมราช ฝ่ายการเงินและบัญชี สำนักงานคลัง,80,80000,นครศรีธรรมราช
2911,8735,อุดมสุข ฟาร์ม,77,77130,ประจวบคีรีขันธ์
2912,8734,สหกรณ์การเกษตรละแม จำกัด,86,86170,ชุมพร
2913,8733,สำนักงานชัยสิทธิ์การบัญชี,80,80000,นครศรีธรรมราช
2914,8732,สำนักงานสรรพสามิตพื้นที่ระนอง,85,85000,ระนอง
2915,8731,ธนาคารออมสิน สาขาบางสวรรค์,84,84210,สุราษฎร์ธานี
2916,8730,ที่ว่าการอำเภอบางสะพานน้อย,77,77170,ประจวบคีรีขันธ์
2917,8729,"Laboratory of Marine Bioscience, Tokyo University of Marine Science and Technology",116,,ญี่ปุ่น
2918,8728,กองคลัง มหาวิทยาลัยสงขลานครินทร์ วิทยาเขตหาดใหญ่,90,90110,สงขลา
2919,8727,บริษัท อีปิกไทม์กรุ๊ป จำกัด,10,10220,กรุงเทพมหานคร
2920,8726,บริษัท ห้องปฏิบัติการกลาง (ประเทศไทย) จำกัด สาขาสงขลา,90,90110,สงขลา
2921,8725,คณะแพทยศาสตร์ มหาวิทยาลัยสงขลานครินทร์,90,90110,สงขลา
2922,8724,บริษัท วาย.ไอ.เอ็ม. คอร์ปอเรชั่่น จำกัด,10,10310,กรุงเทพมหานคร
2923,8723,กองคลัง มหาวิทยาลัยราชภัฏสุราษฎร์ธานี,84,84100,สุราษฎร์ธานี
2924,8722,บริษัท ดิคเซลล์ (เอเซีย) จำกัด,10,10250,กรุงเทพมหานคร
2925,8721,"Tyson Poultry (Thailand) Co., Ltd.",26,26120 ,นครนายก
2926,8720,ศูนย์การแพทย์สมเด็จพระเทพรัตน์ โรงพยาบาลรามาธิบดี,10,10400,กรุงเทพมหานคร
2927,8719,บริษัท ซีทราน เฟอร์รี่ จำกัด,84,84220,สุราษฎร์ธานี
2928,8718,โรงพยาบาลรามาธิบดี,10,10400,กรุงเทพมหานคร
2929,8717,บริษัท ซีอีเอส เอ็นจิเนียริ่ง แอนด์ เมนเทนแนนซ์ เซอร์วิสเซส จำกัด,90,90280,สงขลา
2930,8716,โรงพยาบาลกรุงเทพสุราษฎร์,84,84000,สุราษฎร์ธานี
2931,8715,บริษัท ไทยบิทูเมน จำกัด,84,84000,สุราษฎร์ธานี
2932,8714,สำนักงานสาธารณสุขจังหวัดอุบลราชธานี กลุ่มงานอาชีวอนามัยและสิ่งแวดล้อม,34,34000,อุบลราชธานี
2933,8713,สำนักงานบัญชีพยอมและเพื่อน,84,84000,สุราษฎร์ธานี
2934,8712,สกายริเวอร์แลนด์ฟาร์ม,62,62000,กำแพงเพชร
2935,8711,โรงแรมแกรนด์ปาร์ค,80,80000,นครศรีธรรมราช
2936,8710,โรงแรม เดอะ บริษา บีช รีสอร์ท เกาะสมุย,84,84320,สุราษฎร์ธานี
2937,8709,สถาบันวิทยสิริเมธี สำนักวิชาวิทยาการโมเลกุล,21,21210,ระยอง
2938,8708,การไฟฟ้าฝ่ายผลิตแห่งประเทศไทย ฝ่ายปฏิบัติการภาคใต้ กองเทคโนโลยีสารสนเทศสายงานระบบส่ง,81,81130,กระบี่
2939,8707,บริษัท วัน สามสิบเอ็ด จำกัด (ช่อง One),10,10110,กรุงเทพมหานคร
2940,8706,บริษัท แร็พอิสนาว จำกัด,10,10110,กรุงเทพมหานคร
2941,8705,บริษัท วีเอ็มดี ออโต้เซลล์ จำกัด,80,80000,นครศรีธรรมราช
2942,8704,โรงพยาบาลเกาะสมุย,84,84140,สุราษฎร์ธานี
2943,8703,ที่ว่าการอำเภอกระบุรี,85,85110,ระนอง
2944,8702,การไฟฟ้าส่วนภูมิภาคจังหวัดระนอง,85,85000,ระนอง
2945,8701,การไฟฟ้าส่วนภูมิภาคสาขาอำเภอควนขนุน,93,93110,พัทลุง
2946,8700,องค์การบริหารส่วนตำบลเทพราช,80,80340,นครศรีธรรมราช
2947,8699,สำนักงานสรรพากรพื้นที่สุราษฎร์ธานี 2,84,84140,สุราษฎร์ธานี
2948,8698,บริษัท พี.เอส.ฟู้ด โปรดักส์ จำกัด,11,10280,สมุทรปราการ
2949,8697,บริษัท โตโยต้า เมืองคอน จำกัด สาขาท่าศาลา,80,80160,นครศรีธรรมราช
2950,8696,การยางแห่งประเทศไทย สาขาห้วยยอด,92,92130,ตรัง
2951,8695,โรงแรมโนโวเทล กรุงเทพ สยามสแควร์ ,10,10330,กรุงเทพมหานคร
2952,8694,องค์การบริหารการพัฒนาพื้นที่พิเศษเพื่อการท่องเที่ยวอย่างยั่งยืน (องค์การมหาชน) อพท.6 จังหวัดน่าน,55,55000,น่าน
2953,8693,โรงแรม เดอะสุรินทร์ ภูเก็ต,83,83110,ภูเก็ต
2954,8692,โรงแรม เดอะ แกลเลอรี ในหาน,83,83130,ภูเก็ต
2955,8691,ร้านอาหารบ้านเทพาคูลินารี่สเปส,10,10240,กรุงเทพมหานคร
2956,8690,โรงเรียนเทศบาลวัดชัยชุมพล,80,80110,นครศรีธรรมราช
2957,8689,โรงเรียนสิชลคุณาธารวิทยา,80,80120,นครศรีธรรมราช
2958,8688,บริษัท กลุ่มสมอทอง จำกัด สาขาท่าชนะ,84,84170,สุราษฎร์ธานี
2959,8687,โรงเรียนสอนภาษาโกลบอลไลเซชั่น,80,80000,นครศรีธรรมราช
2960,8686,โรงเรียนวัดเขาป้าเจ้,93,93110,พัทลุง
2961,8685,บริษัท ประณีต จำกัด,10,10110,กรุงเทพมหานคร
2962,8684,บริษัท แอทไซน์ มีเดีย พลัส จำกัด,80,80000,นครศรีธรรมราช
2963,8683,บริษัท โมชั่นเฮ้าส์ จำกัด,10,10240,กรุงเทพมหานคร
2964,8682,ศูนย์สมาร์ทฟาร์ม มหาวิทยาลัยวลัยลักษณ์ แผนกปศุสัตว์,80,80160,นครศรีธรรมราช
2965,8681,ธนาคารออมสิน สาขายะลา,95,95000,ยะลา
2966,8680,บริษัท ไดอะเรซิบอน ( ไทยแลนด์ ) จำกัด,20,13210,ชลบุรี
2967,8679,ธนาคารเพื่อการเกษตรและสหกรณ์การเกษตร  สาขาละงู,91,91110,สตูล
2968,8678,บริษัท ฟาร์เมช จำกัด (โรงงานแปรรูปไก่นครศรีธรรมราช),80,80000,นครศรีธรรมราช
2969,8677,บริษัท จัดหางาน จ๊อบบีเคเค ดอท คอม จำกัด สาขานครศรีธรรมราช,80,80000,นครศรีธรรมราช
2970,8676,บริษัท ไอเรียล พลัส (ประเทศไทย) จำกัด,73,73150,นครปฐม
2971,8675,บริษัท ฟอร์ท สมาร์ท เซอร์วิส จำกัด (มหาชน),10,10400,กรุงเทพมหานคร
2972,8674,บริษัท ทรัพยาก่อสร้าง จำกัด,84,84190,สุราษฎร์ธานี
2973,8673,สำนักงานเทศบาลตำบลเชียรใหญ่,80,80190,นครศรีธรรมราช
2974,8672,สำนักงานเทศบาลตำบลบันนังสตา,95,95130,ยะลา
2975,8671,บริษัท เอชดี 1988 คอร์ปอเรชั่น (ประเทศไทย) จำกัด,90,90110,สงขลา
2976,8670,Beijing Chaoyang Yuushui Public Benefit,103,10110,จีน
2977,8669,ภาควิชาสถิติ คณะวิทยาศาสตร์ มหาวิทยาลัยเชียงใหม่,50,50200,เชียงใหม่
2978,8668,สำนักวิชาวิทยาศาสตร์ มหาวิทยาลัยวลัยลักษณ์,80,80160,นครศรีธรรมราช
2979,8667,สถานวิจัย สำนักวิชาการจัดการ,80,80160,นครศรีธรรมราช
2980,8666,ศูนย์ความเป็นเลิศการจัดการธุรกิจท่องเที่ยวและเศรษฐกิจสร้างสรรค์ มหาวิทยาลัยวลัยลักษณ์,80,80160,นครศรีธรรมราช
2981,8665,สำนักงานเทศบาลเมืองท่าข้าม จังหวัดสุราษฎร์ธานี,84,84130 ,สุราษฎร์ธานี
2982,8664,สำนักงานเทศบาลตำบลตลาดไชยา,84,84110,สุราษฎร์ธานี
2983,8663,บริษัท ไท่หยาง มีเดีย ประเทศไทย จำกัด,10,10990,กรุงเทพมหานคร
2984,8662,คณะแพทย์ศาสตร์  มหาวิทยาลัยสงขลานครินทร์,90,90110,สงขลา
2985,8661,บริษัท คิดดี มุ่งทำดี จำกัด,10,10240,กรุงเทพมหานคร
2986,8660,บริษัท กรีน โอเชี่ยน แอคเคาท์ติ้ง จำกัด,12,11000,นนทบุรี
2987,8659,ภาควิชาคณิตศาสตร์ คณะวิทยาศาสตร์ มหาวิทยาลัยศรีนครินทรวิโรฒ,10,10110,กรุงเทพมหานคร
2988,8658,บริษัท เจริญโภคภัณฑ์ โปรดิ๊วส์ จำกัด โรงงานผลิตปุ๋ยอินทรี จังหวัดสระบุรี,19,,สระบุรี
2989,8657,บริษัท มาลินีการบัญชีและกฎหมาย จำกัด,90,90110,สงขลา
2990,8656,บริษัท รัชพรการบัญชีภาษีอากรและกฏหมาย จำกัด จังหวัดสุราษฎร์ธานี,84,84160 ,สุราษฎร์ธานี
2991,8655,สาขาวิชาเคมี คณะวิทยาศาสตร์และเทคโนโลยี มหาวิทยาลัยธรรมศาสตร์,13,12120,ปทุมธานี
2992,8654,สาขาการจัดการทรัพยากรชีวภาพ คณะทรัพยากรชีวภาพและเทคโนโลยี มหาวิทยาลัยเทคโนโลยีพระจอมเกล้าธนบุรี,10,10510,กรุงเทพมหานคร
2993,8653,University of Wurzburg,126,97074,เยอรมัน
2994,8652,ศูนย์นาโนเทคโนโลยีแห่งชาติ  สำนักพัฒนาวิทยาศาสตร์และเทคโนโลยีแห่งชาติ,13,12120,ปทุมธานี
2995,8651,บริษัท ไทยแลนด์สเมลติ้งแอนด์รีไฟนิ่ง จำกัด,83,83000,ภูเก็ต
2996,8650,โรงเรียนบ้านคลองแคว,80,80320,นครศรีธรรมราช
2997,8649,โรงเรียนบ้านบางสำโรง,84,84160,สุราษฎร์ธานี
2998,8648,โรงเรียนสาธิตมหาวิทยาลัยรามคำแหง,10,10240,กรุงเทพมหานคร
2999,8647,โรงเรียนหอวัง,10,10900,กรุงเทพมหานคร
3000,8646,โรงเรียนปากพนัง,80,80140,นครศรีธรรมราช
3001,8645,โรงเรียนบ้านคอลอกาเว,96,96210,นราธิวาส
3002,8644,โรงเรียนพะตงวิทยามูลนิธิ,90,90230,สงขลา
3003,8643,โรงเรียนบ้านหน้าวัดโพธิ์,90,90230,สงขลา
3004,8642,โรงเรียนบ้านนาวิทยาคม,84,84240,สุราษฎร์ธานี
3005,8641,โรงเรียนบ้านควนต่อ,81,81130,กระบี่
3006,8640,โรงเรียนย่านตาขาวรัฐชนูปถัมภ์,92,92140,ตรัง
3007,8639,บริษัท นะโม คิดดี จำกัด,10,10230,กรุงเทพมหานคร
3008,8638,บริษัท เอ เอส เอ พี คอร์ปอเรชั่น จำกัด (รีฟสตูดิโอ),10,10310,กรุงเทพมหานคร
3009,8637,สำนักงานอัยการจังหวัดฉะเชิงเทรา,24,24000,ฉะเชิงเทรา
3010,8636,ห้างหุ้นส่วนจำกัด เพชรศรียา,93,93000 ,พัทลุง
3011,8635,บริษัท บอย การบัญชี กรุ๊ป จำกัด,90,90110,สงขลา
3012,8634,สำนักงาน เอส วี เอ็น การบัญชีและปรึกษากฎหมาย,90,90110,สงขลา
3013,8633,สำนักงานพนิตนันท์การบัญชี,90,90000,สงขลา
3014,8632,บริษัท บีบี การบัญชี จำกัด,94,94000,ปัตตานี
3015,8631,สำนักงานสุทธิพงศ์ตรวจสอบบัญชีและทนายความ,83,83000,ภูเก็ต
3016,8630,สำนักงานแสงรัตน์การบัญชีและภาษี,83,83000,ภูเก็ต
3017,8629,บริษัท พีเอซี ควอลิตี้ กรุ๊ป จำกัด,83,83000,ภูเก็ต
3018,8628,องค์การบริหารการพัฒนาพื้นที่พิเศษเพื่อการท่องเที่ยวอย่างยั่งยืน (องค์การมหาชน) อพท.,10,10400,กรุงเทพมหานคร
3019,8627,บริษัท ยันฮี วิตามิน วอเตอร์ จำกัด,10,10700,กรุงเทพมหานคร
3020,8626,สำนักงานเทศบาลเมืองดอนสัก,84,84220,สุราษฎร์ธานี
3021,8625,บริษัท ฟาร์เมช สไวน์ บรีดเดอร์ จำกัด (ฟาร์มบ้านหมน),80,80000,นครศรีธรรมราช
3022,8624,บริษัท ฟาร์เมช สไวน์ บรีดเดอร์ จำกัด (ฟาร์มหัวไทร),80,80170,นครศรีธรรมราช
3023,8623,โรงแรม คุปุ คุปุ พะงัน บีช วิลล่า บาย ล็อกซิทาน,84,84280,สุราษฎร์ธานี
3024,8622,บริษัท ไทยอินโดปาล์มออยล์ แฟคทอรี่ จำกัด,81,81190,กระบี่
3025,8621,วิทยาลัยเทคโนโลยีทักษิณอาชีวศึกษา,80,80370,นครศรีธรรมราช
3026,8620,สำนักวิชาศิลปศาสตร์ มหาวิทยาลัยวลัยลักษณ์,80,80161,นครศรีธรรมราช
3027,8619,โรงเรียนสุราษฎร์ธานี 2,84,84000,สุราษฎร์ธานี
3028,8618,ที่ว่าการอำเภอทุ่งหว้า,91,91120,สตูล
3029,8617,บริษัท ดีทีเค แอ๊ด จำกัด,10,10110,กรุงเทพมหานคร
3030,8616,บริษัท วิศวภัทร์ จำกัด,10,10220,กรุงเทพมหานคร
3031,8615,บริษัท ไทยยูเนี่ยนไวร์ จำกัด,73,73160,นครปฐม
3032,8614,ธนาคารออมสิน สาขาละงู จังหวัดสตูล,91,91110,สตูล
3033,8613,ครัวสาธิต มหาวิทยาลัยวลัยลักษณ์,80,80160,นครศรีธรรมราช
3034,8612,โครงการบริหารจัดการของเสียมหาวิทยาลัยวลัยลักษณ์,80,80160,นครศรีธรรมราช
3035,8611,ศูนย์ปฏิบัติการวิเคราะห์มลพิษและสิ่งแวดล้อม กรมควบคุมมลพิษ,10,10400,กรุงเทพมหานคร
3036,8610,โรงแรม อัลฟาฮัจย์ หาดใหญ่,90,90110,สงขลา
3037,8609,บริษัท โอเอ เทเลคอม แอนด์ เซอร์วิส จำกัด,80,80000,นครศรีธรรมราช
3038,8608,บริษัท ซี เอ็ม แอร์ คอนดิชั่นนิ่ง จำกัด,50,50100,เชียงใหม่
3039,8607,ห้างหุ้นส่วนจำกัด สมุย ทัวร์ริส อินฟอร์เมชั่น,84,84310,สุราษฎร์ธานี
3040,8606,ศูนย์การค้าเซียร์ รังสิต,13,12130,ปทุมธานี
3041,8605,มารีน่า แกลอรี่ รีสอร์ท - คชา - กะหลิม เบย์,83,83150,ภูเก็ต
3042,8604,บริษัท ซัพพอร์ท เเพค จำกัด,11,10270,สมุทรปราการ
3043,8603,บริษัท แอดวานซ์ ไวร์เลส เน็ทเวอร์ค จำกัด จังหวัดสุราษฎร์ธานี,84,84000,สุราษฎร์ธานี
3044,8602,โรงพยาบาลหลังสวน,86,86110,ชุมพร
3045,8601,การยางแห่งประเทศไทย เขตภาคใต้ตอนกลาง (กองจัดการโรงงาน 1),80,80220,นครศรีธรรมราช
3046,8600,บริษัท เคซีจี คอร์ปอเรชั่น จำกัด ศูนย์กระจายสินค้าภาคใต้,84,84150,สุราษฎร์ธานี
3047,8599,บริษัท โตโยต้า ทูโช เน็กซ์ตี อิเล็กทรอนิกส์ (ไทยแลนด์) จำกัด ,10,10330,กรุงเทพมหานคร
3048,8598,บริษัท เซเว่น พีคส์ ซอฟต์แวร์ จำกัด,10,10110 ,กรุงเทพมหานคร
3049,8597,บริษัท เอ.พี.เค กรีนเอ็นเนอร์จี จำกัด ,90,90110,สงขลา
3050,8596,โรงแรม มีเลีย เกาะสมุย,84,84320,สุราษฎร์ธานี
3051,8595,ส่วนนิติการ มหาวิทยาลัยวลัยลักษณ์,80,80160,นครศรีธรรมราช
3052,8594,บริษัท หาดใหญ่นันทกร จำกัด,83,83000,ภูเก็ต
3053,8593,บริษัท เควสโก้ จำกัด,10,10230,กรุงเทพมหานคร
3054,8592,บริษัท ซีอาร์ซี ไทวัสดุ จำกัด สาขาตรัง,92,92000,ตรัง
3055,8591,บริษัท สยามทาโก้ จำกัด (TACO BELL สาขาสยามพารากอน),10,10330,กรุงเทพมหานคร
3056,8590,โรงแรม ไอบิส กรุงเทพ อิมแพ็ค,12,11120,นนทบุรี
3057,8589,โรงแรม โนโวเทล สุรินทร์ บีช รีสอร์ท,83,83110,ภูเก็ต
3058,8588,ที่ทำการไปรษณีย์จังหวัดนครศรีธรรมราช,80,80000,นครศรีธรรมราช
3059,8587,บริษัท คิงเพาเวอร์ อินเตอร์เนชั่นแนล จำกัด,10,10400,กรุงเทพมหานคร
3060,8586,บริษัท แอร์ลิควิด (ประเทศไทย) จำกัด,10,10500,กรุงเทพมหานคร
3061,8585,การไฟฟ้าส่วนภูมิภาค เขต 2 ภาคตะวันออกเฉียงเหนือ,34,41000,อุบลราชธานี
3062,8584,ศูนย์วิเคราะห์สินเชื่อเขต 32 ธนาคารพัฒนาวิสาหกิจขนาดกลางและขนาดย่อมแห่งประเทศไทย  สาขานครศรีธรรมราช,80,80000,นครศรีธรรมราช
3063,8583,โรงแรม แกรนด์ เมอร์เคียว ภูเก็ต ป่าตอง รีสอร์ท แอนด์ วิลล่า,83,83150,ภูเก็ต
3064,8582,โรงแรม แฟร์เฮ้าส์ วิลล่า แอนด์ สปา สมุย,84,84330,สุราษฎร์ธานี
3065,8581,MGR Online (ศูนย์ข่าวผู้จัดการ News1 หาดใหญ่),90,90110,สงขลา
3066,8580,บริษัท เอแอลเอส แลบอราทอรี กรุ๊ป (ประเทศไทย) จำกัด,10,10250,กรุงเทพมหานคร
3067,8579,บริษัท พรีเมียร์ มาร์เก็ตติ้ง จำกัด,10,10250,กรุงเทพมหานคร
3068,8578,บริษัท มินเซนแมชีนเนอรี่ จํากัด,10,10120,กรุงเทพมหานคร
3069,8577,บริษัท เบทาโกรเกษตรอุตสาหกรรม จำกัด สำนักงานกระบี่,81,81000,กระบี่
3070,8576,โรงเรียนสวนศรีวิทยา,86,86110,ชุมพร
3071,8575,บริษัท การบินไทย จำกัด (มหาชน) ท่าอากาศยานนานาชาติกระบี่ ฝ่ายคลังสินค้า ,81,81130,กระบี่
3072,8574,บริษัท ปตท. น้ำมันและการค้าปลีก จำกัด (มหาชน) จังหวัดสุราษฎร์ธานี,84,84000,สุราษฎร์ธานี
3073,8573,บริษัท กรุงไทย อินโนเวชั่น แลป จำกัด,10,10330,กรุงเทพมหานคร
3074,8572,โรงเรียนยะลาบำรุงผดุงประชา,95,95000,ยะลา
3075,8571,ไร่วานิช ภูเก็ต,83,83000,ภูเก็ต
3076,8570,บริษัท ช้อปปี้ (ประเทศไทย) จำกัด,10,10310,กรุงเทพมหานคร
3077,8569,โรงแรม เบสท์เวสเทิร์น พรีเมียร์ บางเทาบีช รีสอร์ท แอนด์ สปา,83,83110,ภูเก็ต
3078,8568,โรงแรมชัยคณาธานี,93,93000,พัทลุง
3079,8567,โรงแรมโนโวเทล ภูเก็ต โภคีธรา แอนด์ อีบิส สไตล์ ภูเก็ต ซิตี้,83,83000,ภูเก็ต
3080,8566,โรงแรม ไอบิส สไตล์ ภูเก็ต ซิตี้,83,83000,ภูเก็ต
3081,8565,องค์การบริหารการพัฒนาพื้นที่พิเศษเพื่อการท่องเที่ยวอย่างยั่งยืน (องค์การมหาชน) จังหวัดสุพรรณบุรี,72,72160,สุพรรณบุรี
3082,8564,องค์การบริหารการพัฒนาพื้นที่พิเศษเพื่อการท่องเที่ยวอย่างยั่งยืน (องค์การมหาชน) เมืองพัทยา,20,20150,ชลบุรี
3083,8563,บริษัท อัลติเมท เทคโนโลยี จำกัด,10,10900,กรุงเทพมหานคร
3084,8562,A-TE Chumphon Hotel,86,86000,ชุมพร
3085,8561,โรงพยาบาลธนบุรีตรัง,92,92000,ตรัง
3086,8560,โรงแรมซันวิง บางเทา บีช,83,83110,ภูเก็ต
3087,8559,โรงแรมกระบี่ ลา พลาญ่า รีสอร์ท,81,81180,กระบี่
3088,8558,โรงแรม ศรีสุขสันต์ รีสอร์ท,81,81180,กระบี่
3089,8557,บริษัท โออิชิ กรุ๊ป จำกัด (มหาชน) สาขาห้วยขวาง,10,10310,กรุงเทพมหานคร
3090,8556,ศูนย์ควบคุมเคเบิ้ลทีวีค่ายวชิราวุธ กองบังคับการกองพันทหารสื่อสารที่ 24 กองทัพภาคที่ 4,80,80000,นครศรีธรรมราช
3091,8555,บริษัท แซนมินา-ไซซิสเท็มส์ (ประเทศไทย) จำกัด,13,12000,ปทุมธานี
3092,8554,บริษัท ธนภูมิ คอนกรีต จำกัด,84,84170,สุราษฎร์ธานี
3093,8553,บริษัท กันกุลเอ็นจิเนียริ่ง จำกัด (มหาชน),10,10400,กรุงเทพมหานคร
3094,8552,โรงแรมลีการ์เด้น พลาซ่า หาดใหญ่,90,90110,สงขลา
3095,8551,สำนักงานบังคับคดีจังหวัดชุมพร,86,86000 ,ชุมพร
3096,8550,DigilifeThailand,12,11110,นนทบุรี
3097,8549,โรงพยาบาลสงขลานครินทร์,90,90110,สงขลา
3098,8548,ที่ทำการไปรษณีย์ทานพอ,80,80260,นครศรีธรรมราช
3099,8547,บริษัท เอ็น.พี. โกลบอล เทรดดิ้ง จำกัด,10,10900,กรุงเทพมหานคร
3100,8546,บริษัท เอ เอ็น ซี ดีไซน์ เอ็นจิเนียริ่ง (ประเทศไทย) จำกัด,90,90110,สงขลา
3101,8545,บริษัท สกอร์ โซลูชั่น จำกัด,10,10310,กรุงเทพมหานคร
3102,8544,บริษัทบริหารสินทรัพย์ กรุงเทพพาณิชย์ จำกัด (มหาชน) สำนักงานภูเก็ต,83,83000,ภูเก็ต
3103,8543,becommon,10,10500,กรุงเทพมหานคร
3104,8542,บริษัท เอวี โปรเจค จำกัด,10,10130,กรุงเทพมหานคร
3105,8541,โรงแรม เซเร็นดิพิตี้ บีช รีสอร์ท เกาะหลีเป๊ะ,91,91110,สตูล
3106,8540,โรงเรียนเทศบาลตำบลเกาะพะงัน,84,84280,สุราษฎร์ธานี
3107,8539,บริษัท สโตนเฮ้นจ์ อินเตอร์ จำกัด (มหาชน),10,10400,กรุงเทพมหานคร
3108,8538,บริษัท วงศ์บัณฑิต จำกัด จังหวัดกระบี่,81,81110,กระบี่
3109,8537,โรงแรม รายา เฮอริเทจ,50,50180,เชียงใหม่
3110,8536,Jasmine 59 Hotel,10,10110,กรุงเทพมหานคร
3111,8535,Jasmine Grande Residence,10,10110,กรุงเทพมหานคร
3112,8534,Jasmine Resort Hotel,10,10110 ,กรุงเทพมหานคร
3113,8533,Jasmine City Hotel,10,10250,กรุงเทพมหานคร
3114,8532,บริษัท มิราเคิล ไลฟ์ โค้ช จำกัด,10,10310,กรุงเทพมหานคร
3115,8531,ที่ว่าการอำเภอท่าชนะ,84,84170,สุราษฎร์ธานี
3116,8530,ที่ว่าการอำเภอกันตัง,92,92110,ตรัง
3117,8529,บริษัท วรนิทัศน์ จำกัด,12,11000,นนทบุรี
3118,8528,มูลนิธิรักษ์ไทย สำนักงานจังหวัดเชียงใหม่,50,50000,เชียงใหม่
3119,8527,สำนักวิชาการจัดการ มหาวิทยาลัยวลัยลักษณ์,80,80160,นครศรีธรรมราช
3120,8526,บริษัท เป๊ปซี่-โคล่า (ไทย) เทรดดิ้ง จำกัด,51,51150,ลำพูน
3121,8525,บริษัท วีพีเอฟ กรุ๊ป (1973) จำกัด สาขา 1 (ฟาร์มหมูแม่ทา),51,51140,ลำพูน
3122,8524,บริษัท ซีพีเอฟ (ประเทศไทย) จำกัด (มหาชน) สาขาลำพูน,51,51000,ลำพูน
3123,8523,บริษัท วีพีเอฟ กรุ๊ป (1973) จำกัด สาขา 3 (ผลิตอาหารสัตว์),51,51140,ลำพูน
3124,8522,บริษัท เบทาโกร จำกัด (มหาชน) สาขาลำพูน,51,51000,ลำพูน
3125,8521,ด่านศุลกากรนครศรีธรรมราช,80,80000,นครศรีธรรมราช
3126,8520,ที่ทำการไปรษณีย์ปากพนัง (ฝั่งตะวันออก),80,80140,นครศรีธรรมราช
3127,8519,โรงแรม สเตย์ ภูเก็ต,83,83100,ภูเก็ต
3128,8518,บริษัท เค ไลน์ (ประเทศไทย) จำกัด,10,10500,กรุงเทพมหานคร
3129,8517,บริษัท มูราตะ อิเล็กทรอนิกส์ (ประเทศไทย) จำกัด,51,51000,ลำพูน
3130,8516,สถานีตำรวจท่องเที่ยว 2 กองกำกับการ 3 กองบังคับการตำรวจท่องเที่ยว 3,93,93000,พัทลุง
3131,8515,บริษัท ปตท. จำกัด (มหาชน) คลังปิโตรเลียมสุราษฎร์ธานี,84,84000,สุราษฎร์ธานี
3132,8495,ธนาคารกรุงไทย จำกัด (มหาชน) ทีม Payment Sulution,10,10110,กรุงเทพมหานคร
3133,8476,โรงแรม โฟร์พ้อยท์ส บาย เชอราตัน ภูเก็ต ป่าตองบีช รีสอร์ท,83,83150,ภูเก็ต
3134,8475,โรงแรม เซ็นทารา กะตะ ภูเก็ต,83,83100,ภูเก็ต
3135,8455,1Moby Studio,10,10310,กรุงเทพมหานคร
3136,8436,"University of Lohore, Pakistan",134,,ปากีสถาน
3137,8435,สมาคมโคเนื้อพันธุ์กำแพงแสน,73,73140,นครปฐม
3138,8420,ศูนย์อำนวยการป้องกันและปราบปรามยาเสพติด จังหวัดสุราษฎร์ธานี,84,84000,สุราษฎร์ธานี
3139,8419,สำนักงานการท่องเที่ยวและกีฬาจังหวัดเชียงใหม่,50,50300,เชียงใหม่
3140,8418,สำนักงานจัดหางานจังหวัดภูเก็ต,83,83000,ภูเก็ต
3141,8417,สำนักงานจัดหางานจังหวัดสมุทรปราการ,11,10270,สมุทรปราการ
3142,8416,บริษัท บีทรี อินโนเวทีฟ จำกัด,80,80160,นครศรีธรรมราช
3143,8415,มูลนิธินิมิตรประเทศไทย จังหวัดเชียงใหม่,10,10310,กรุงเทพมหานคร
3144,8408,บริษัท ไทยเซอร์เทค จำกัด,80,80160,นครศรีธรรมราช
3145,8407,สำนักงานการค้าต่างประเทศ เขต 10 (กาญจนบุรี) กรมการค้าต่างประเทศ กระทรวงพาณิชย์,71,,กาญจนบุรี
3146,8406,สำนักงานการค้าต่างประเทศ เขต 9 (มุกดาหาร) กรมการค้าต่างประเทศ กระทรวงพาณิชย์,49,,มุกดาหาร
3147,8405,สำนักงานการค้าต่างประเทศ เขต 8 (ตาก) กรมการค้าต่างประเทศ กระทรวงพาณิชย์,63,,ตาก
3148,8404,สำนักงานการค้าต่างประเทศ เขต 7 (ศรีสะเกษ) กรมการค้าต่างประเทศ กระทรวงพาณิชย์,33,,ศรีสะเกษ
3149,8403,สำนักงานการค้าต่างประเทศ เขต 6 (เชียงราย) กรมการค้าต่างประเทศ กระทรวงพาณิชย์,57,57000,เชียงราย
3150,8402,สำนักงานการค้าต่างประเทศ เขต 5 (หนองคาย) กรมการค้าต่างประเทศ กระทรวงพาณิชย์,43,43000,หนองคาย
3151,8401,สำนักงานการค้าต่างประเทศ เขต 4 (สระแก้ว) กรมการค้าต่างประเทศ กระทรวงพาณิชย์,27,27000,สระแก้ว
3152,8400,สำนักงานพาณิชย์จังหวัดเชียงใหม่,50,50200,เชียงใหม่
3153,8399,กองกฎหมาย กรมการค้าต่างประเทศ กระทรวงพาณิชย์,12,11000,นนทบุรี
3154,8398,กองเทคโนโลยีสารสนเทศ กรมการค้าต่างประเทศ กระทรวงพาณิชย์,12,11000,นนทบุรี
3155,8397,สำนักปกป้องและตอบโต้ทางการค้า กรมการค้าต่างประเทศ กระทรวงพาณิชย์,12,11000,นนทบุรี
3156,8396,สำนักบริการการค้าต่างประเทศ กรมการค้าต่างประเทศ กระทรวงพาณิชย์,12,11000,นนทบุรี
3157,8395,สำนักมาตรฐานสินค้านำเข้าส่งออก กรมการค้าต่างประเทศ กระทรวงพาณิชย์,12,11000,นนทบุรี
3158,8375,สำนักงานนิคมอุตสาหกรรมภาคใต้ จังหวัดสงขลา,90,90110,สงขลา
3159,8355,บริษัท หาดใหญ่กู๊ดมอร์นิ่งทัวร์ จำกัด,90,90110,สงขลา
3160,8335,สำนักส่งเสริมวิชาการและงานทะเบียน มหาวิทยาลัยราชภัฏสุราษฎร์ธานี,84,84100,สุราษฎร์ธานี
3161,8316,ธนกานต์ฟาร์ม,84,84110,สุราษฎร์ธานี
3162,8315,ราชาวดีฟาร์ม,92,92120,ตรัง
3163,8298,บริษัท ไทยแปซิฟิก อควาคัลเจอร์ จำกัด,83,83130,ภูเก็ต
3164,8297,บ่อแสนวิลล่าแอนด์สปา,82,82180,พังงา
3165,8296,บริษัท เซ็นทรัลเทรดดิ้ง จำกัด,10,10110,กรุงเทพมหานคร
3166,8295,โรงเรียนวัดกะโสม,80,80130,นครศรีธรรมราช
3167,8278,บริษัท เอเชี่ยนเทรลส์  จำกัด,83,83000,ภูเก็ต
3168,8277,โรงแรม กะตะ ร็อคส์ ภูเก็ต,83,83100,ภูเก็ต
3169,8276,อีสเทิร์นมารีน,21,21190,ระยอง
3170,8275,โรงเรียนบ้านควนเลียบ,92,92130,ตรัง
3171,8256,ภาควิชาคณิตศาสตร์ คณะวิทยาศาสตร์ประยุกต์ มหาวิทยาลัยเทคโนโลยีพระจอมเกล้าพระนครเหนือ,10,10800,กรุงเทพมหานคร
3172,8255,บริษัท ซีพีเอฟ ฟู้ด แอนด์ เบฟเวอร์เรจ จำกัด จังหวัดพระนครศรีอยุธยา,14,13170,พระนครศรีอยุธยา
3173,8240,บริษัท สงขลาไบโอเพาเวอร์ จำกัด (โรงไฟฟ้าสงขลาไบโอเพาเวอร์),90,90130,สงขลา
3174,8239,ห้องปฏิบัติการเทคโนโลยีชีวภาพ สถาบันวิจัยจุฬาภรณ์,10,10210,กรุงเทพมหานคร
3175,8238,บริษัท เอ็ม เอ็ม ลอจิสติคส์ จำกัด,90,90280,สงขลา
3176,8237,โรงแรม ลามูนรีโซเทล,83,83000,ภูเก็ต
3177,8236,บริษัท 101 บิสซิเนส คอนซัลแทนซี จำกัด,11,10540,สมุทรปราการ
3178,8235,บริษัท เฟิร์สคลาส เอนเตอร์เทนเมนท์ จำกัด,12,11120,นนทบุรี
3179,8215,บริษัท โชติวัฒน์อุตสาหกรรมการผลิต จำกัด (ส่วนสื่อสารองค์กร),90,90110,สงขลา
3180,8195,ศูนย์ความเป็นเลิศด้านนวัตกรรมสารสนเทศ สำนักวิชาสารสนเทศศาสตร์ มหาวิทยาลัยวลัยลักษณ์,80,80160,นครศรีธรรมราช
3181,8175,สภาวิชาชีพบัญชีในพระบรมราชูปถัมถ์,10,10110  ,กรุงเทพมหานคร
3182,8159,โรงแรม พีพี ปรินเซส รีสอร์ท,81,81000,กระบี่
3183,8158,บริษัท การบินไทย จำกัด (มหาชน) ท่าอากาศยานสุวรรณภูมิ,11,10540,สมุทรปราการ
3184,8157,โรงแรม ชูการ์ มารีน่า รีสอร์ท - คลิฟแฮงเกอร์ อ่าวนาง,81,81180,กระบี่
3185,8156,สำนักงานส่งเสริมเศรษฐกิจสร้างสรรค์ (องค์การมหาชน) (นิตยสารคิด),10,10110,กรุงเทพมหานคร
3186,8155,โรงแรม สยามเซ็นเตอร์ฮาลาล,90,90110,สงขลา
3187,8135,ห้างหุ่นส่วนสามัญ ออดิท แอนด์ ซอฟต์แวร์,90,90110,สงขลา
3188,8117,โรงเรียนวัดประสาทนิกร,86,86110,ชุมพร
3189,8116,ส่วนตรวจสอบสำนวนคดีอุทธรณ์และฎีกา สำนักงานตำรวจแห่งชาติ,10,10330,กรุงเทพมหานคร
3190,8115,Expro Overseas Inc. (Songkhla Base),90,90100,สงขลา
3191,8114,บริษัท มาลี แอพพลายด์ ไซเอ็นซ์ จํากัด,13,12120,ปทุมธานี
3192,8113,ภาควิชาเคมี คณะวิทยาศาสตร์ มหาวิทยาลัยอุบลราชธานี,34,34190,อุบลราชธานี
3193,8112,โรงแรม ปาหนันกระบี่รีสอร์ท,81,81180,กระบี่
3194,8111,โรงแรม ซี ซีคเกอร์ กระบี่ รีสอร์ท,81,81180,กระบี่
3195,8110,สำนักงานอัยการคดีเยาวชนและครอบครัวจังหวัดสตูล,91,91000,สตูล
3196,8109,ศาลเยาวชนและครอบครัวจังหวัดภูเก็ต,83,83000,ภูเก็ต
3197,8108,สำนักงานศาลปกครองภูเก็ต,83,83110,ภูเก็ต
3198,8107,สำนักงานอัยการศาลมณฑลทหารบกที่ 41,80,80000,นครศรีธรรมราช
3199,8106,สำนักงานอัยการจังหวัดชุมพร,86,86000,ชุมพร
3200,8105,บริษัท ซีพีเอฟ ฟู้ด แอนด์ เบฟเวอร์เรจ จำกัด จังหวัดฉะเชิงเทรา,24,24000,ฉะเชิงเทรา
3201,8104,eArena,10,10400,กรุงเทพมหานคร
3202,8103,ศูนย์วิจัยและพัฒนาประมงอันดามันตอนล่าง จังหวัดสตูล,91,91110,สตูล
3203,8102,ที่ทำการปกครองอำเภอหลังสวน,86,86110,ชุมพร
3204,8101,ที่ทำการปกครองอำเภอบางขัน,80,80360,นครศรีธรรมราช
3205,8100,โครงการชลประทานสมุทรสงคราม,75,75000,สมุทรสงคราม
3206,8099,บริษัท อีเอสอาร์ไอ (ประเทศไทย) จำกัด,10,10120,กรุงเทพมหานคร
3207,8098,บริษัท ไฮกรีตโปรดักส์ แอนด์ เทคโนโลยี จำกัด,14,13140,พระนครศรีอยุธยา
3208,8097,บริษัท เซ้าเทิร์นไทยคอนซัลติ้ง จำกัด,83,83110,ภูเก็ต
3209,8096,"Faculty of Agriculture, Okayama University",116,,ญี่ปุ่น
3210,8095,โรงแรมตรีสรา,83,83110,ภูเก็ต
3211,8087,สำนักงาน สยาม แทค แอคเคาน์ติ้ง,90,90110,สงขลา
3212,8086,สำนักงานบัญชีหาดใหญ่ แอคเคาน์ติ้ง,90,90110,สงขลา
3213,8085,บริษัท พรูเด้นท์ บิวเดอร์ จำกัด,83,83000,ภูเก็ต
3214,8084,สำนักงานทรัพยากรน้ำแห่งชาติ,10,10210,กรุงเทพมหานคร
3215,8083,ศูนย์กำจัดมูลฝอยอ่อนนุช สำนักงานสิ่งแวดล้อม,10,10250,กรุงเทพมหานคร
3216,8082,บริษัท พีเจที เทคโนโลยี จำกัด (สำนักงานใหญ่),83,83000,ภูเก็ต
3217,8081,องค์กรความร่วมมือระหว่างประเทศของเยอรมัน (GIZ) ประจำประเทศไทย,10,10110,กรุงเทพมหานคร
3218,8080,บริษัท อีสเทิร์น ซีบอร์ด เอนไวรอนเมนทอล คอมเพล็กซ์ จำกัด,20,20230,ชลบุรี
3219,8079,บริษัท พีเค ออดิท จำกัด,10,10310,กรุงเทพมหานคร
3220,8078,สำนักงานบัญชี มีนบุรีการบัญชี,10,10510,กรุงเทพมหานคร
3221,8077,สำนักงานก่อสร้างชลประทานขนาดใหญ่ที่ 10 สำนักพัฒนาแหล่งน้ำขนาดใหญ่ กรมชลประทาน,84,84150,สุราษฎร์ธานี
3222,8076,บริษัท อนันตกาญจน์ โฮลดิ้ง คอมปานี จำกัด,83,83000,ภูเก็ต
3223,8075,บริษัท วันสุข แอนิเมชั่น จำกัด,10,10310,กรุงเทพมหานคร
3224,8055,ที่ว่าการอำเภอนบพิตำ,80,80160,นครศรีธรรมราช
3225,8044,บริษัท มายด์เมอร์จ คอนซัลแทนท์ จำกัด,10,10400,กรุงเทพมหานคร
3226,8043,บริษัท บางกอกเฮ้าส์แอทโฮม คอนสตรัคชั่น จำกัด,83,83130,ภูเก็ต
3227,8042,บริษัท แอลที เท็กซ์โนวา จำกัด,10,10500,กรุงเทพมหานคร
3228,8041,บริษัท บันลือ พับลิเคชั่นส์ จำกัด (Salmonbooks),10,10400,กรุงเทพมหานคร
3229,8040,ห้างหุ้นส่วนจำกัด แพมคอนซัลติ้ง,84,84000,สุราษฎร์ธานี
3230,8039,โรงเรียนบ้านคลองคุ้ย,92,92190,ตรัง
3231,8038,การไฟฟ้าฝ่ายผลิตแห่งประเทศไทย กองบำรุงรักษาสายส่ง แผนกวิศวกรรมสายส่ง,81,81130,กระบี่
3232,8037,บริษัท หาดใหญ่นครินทร์ จำกัด (ในเครือศุภาลัย),90,90110,สงขลา
3233,8036,บริษัท เชียงใหม่ริมดอย จํากัด (มหาชน),84,84320,สุราษฎร์ธานี
3234,8035,สำนักงานเทศบาลตำบลปากนคร,80,80000,นครศรีธรรมราช
3235,8015,โรงแรม ทินิดี ไฮด์อเวย์ แอท ต้นไทร บีช กระบี่,81,81000,กระบี่
3236,8000,บริษัท แสงฟ้าก่อสร้าง จำกัด,10,10110,กรุงเทพมหานคร
3237,7999,ห้างหุ้นจำกัด สำนักพิมพ์ ไก่3,10,10240,กรุงเทพมหานคร
3238,7998,บริษัท โตโยด้า โกเซ เอเชีย จำกัด,20,20160,ชลบุรี
3239,7997,บริษัท ไทยทาโลว์แอนด์ออยล์ จำกัด สาขาเชียรใหญ่,80,80190 ,นครศรีธรรมราช
3240,7996,สำนักงานศึกษาธิการภาค 5,80,80000,นครศรีธรรมราช
3241,7995,บริษัท อิตาเลียนไทย ดีเวล๊อปเมนต์ จำกัด (มหาชน) จังหวัดระยอง,21,21150,ระยอง
3242,7990,บริษัท เบโคไทย จำกัด,21,21120,ระยอง
3243,7989,บริษัท ไทยเซ็นทรัลเคมี จำกัด (มหาชน),11,10290,สมุทรปราการ
3244,7988,"JWS Consulting Co., Ltd.",83,83120,ภูเก็ต
3245,7987,การไฟฟ้าส่วนภูมิภาคอำเภอตะกั่วป่า (สาขาที่ 00291),82,82110,พังงา
3246,7986,"Toyota Tsusho Nexty Electronics (Thailand) Co., Ltd.",10,10330,กรุงเทพมหานคร
3247,7985,บริษัท เค.จี. วิศวกรรม จำกัด,12,11000,นนทบุรี
3248,7984,บริษัท อมตะ บีกริม เพาเวอร์ 1 จำกัด,20,20000,ชลบุรี
3249,7983,บริษัท เอส.ที. คอนโทรล จำกัด,10,10310,กรุงเทพมหานคร
3250,7982,บริษัท ดราก้อนส์ มู้ฟ จำกัด,10,10510,กรุงเทพมหานคร
3251,7981,บริษัท เดลต้าอิเล็กทรอนิคส์ (ประเทศไทย) จำกัด,11,10280,สมุทรปราการ
3252,7980,การไฟฟ้าส่วนภูมิภาคสาขาอำเภอไชยา,84,84110,สุราษฎร์ธานี
3253,7979,บริษัท ฟิวเจอร์ อิเล็กทริคอล คอนโทรล จำกัด,10,10400,กรุงเทพมหานคร
3254,7978,บริษัท พาส 409 เอ็นจิเนียริ่ง จำกัด,10,10260,กรุงเทพมหานคร
3255,7977,บริษัท อินเตอร์ลิ้งค์ คอมมิวนิเคชัน จำกัด (มหาชน),10,10310,กรุงเทพมหานคร
3256,7976,บริษัท อิตัลไทยวิศวกรรม จำกัด,10,10310,กรุงเทพมหานคร
3257,7975,บริษัท เอ็นเอ็มบี - มินีแบ ไทย จำกัด จังหวัดลพบุรี,16,15000,ลพบุรี
3258,7955,บริษัท ไทยสมายล์แอร์เวย์ จำกัด,10,10900,กรุงเทพมหานคร
3259,7937,บริษัท บีเอเอสเอฟ (ไทย) จำกัด โรงงานบางปู,11,,สมุทรปราการ
3260,7936,สำนักงานกฎหมาย มารุต บุนนาค อินเตอร์เนชั่นแนล ลอว์ ออฟฟิศ,10,10310,กรุงเทพมหานคร
3261,7935,บริษัท ซาฟราน เคบิน กรุงเทพ จำกัด,11,10570,สมุทรปราการ
3262,7915,บริษัท วิศวกรพล  จำกัด,50,50130,เชียงใหม่
3263,7895,บริษัท อีซูซุสุราษฎร์ธานี จำกัด สาขาบ้านดอน,84,84000,สุราษฎร์ธานี
3264,7883,สำนักงานจังหวัดสตูล,91,91000,สตูล
3265,7882,บริษัท เอ็มอีอี คอนซัลแตนส์ จำกัด,10,10100,กรุงเทพมหานคร
3266,7881,บริษัท จิตติมา ฟาร์ม จำกัด,82,82110,พังงา
3267,7880,บริษัท เซมิโคลอน จำกัด,10,10400,กรุงเทพมหานคร
3268,7879,บริษัท เยส ออร์ โน จำกัด,10,10230,กรุงเทพมหานคร
3269,7878,Over Act Studio,10,10150,กรุงเทพมหานคร
3270,7877,บริษัท ทีอีเอ คอร์ปอเรชั่น จำกัด,10,10230,กรุงเทพมหานคร
3271,7876,บริษัท นครวิลเลจ จำกัด,80,80000,นครศรีธรรมราช
3272,7875,พิสูจน์หลักฐานจังหวัดภูเก็ต,83,83000,ภูเก็ต
3273,7857,บริษัท คอสมอส บริวเวอรี่ (ประเทศไทย) จำกัด,14,13170,พระนครศรีอยุธยา
3274,7856,ศูนย์บริการนักศึกษาพิการ (DSS) มหาวิทยาลัยธรรมศาสตร์ ศูนย์รังสิต,13,12121,ปทุมธานี
3275,7855,บริษัท เดอะบลูสกาย วิลเลจ จำกัด,67,67280,เพชรบูรณ์
3276,7838,ฟาร์มพฤกษะศรี,73,73140,นครปฐม
3277,7837,บริษัท เฮลท์ อัพ จำกัด,11,10540,สมุทรปราการ
3278,7836,บริษัท กรุงเทพเอ็นยิเนียริ่ง คอนซัลแตนท์ จำกัด,10,10400,กรุงเทพมหานคร
3279,7835,โรงแรมแกรนด์ ฟอร์จูน นครศรีธรรมราช,80,80000,นครศรีธรรมราช
3280,7815,โรงแปรรูปผลิตภัณฑ์จากนม มูลนิธิโครงการหลวง,50,50100,เชียงใหม่
3281,7797,บริษัท ไม่พรือ จำกัด,83,83130,ภูเก็ต
3282,7796,สวนโพธิ์เสด็จพันธุ์ไม้,80,80000,นครศรีธรรมราช
3283,7795,บริษัท แฟทแคท จำกัด,10,10310,กรุงเทพมหานคร
3284,7775,สำนักงานเกษตรอำเภอภูเรือ จังหวัดเลย,42,42160,เลย
3285,7756,บริษัท ทีโอที จำกัด (มหาชน) ศูนย์บริการลูกค้าเกาะสมุย,84,84140,สุราษฎร์ธานี
3286,7755,สำนักงานเทศบาลเมืองพังงา,82,82000,พังงา
3287,7737,สำนักงานก่อสร้างชลประทานขนาดใหญ่ที่ 11 สำนักพัฒนาแหล่งน้ำขนาดใหญ่ กรมชลประทาน,90,90110,สงขลา
3288,7736,องค์การส่งเสริมกิจการโคนมแห่งประเทศไทย (สำนักงาน อ.ส.ค. ภาคเหนือตอนบน),50,50300,เชียงใหม่
3289,7735,โรงเรียนนานาชาติสิงคโปร์ธนบุรี,10,10160,กรุงเทพมหานคร
3290,7715,โรงแรมรามาการ์เด้นส์,10,10210,กรุงเทพมหานคร
3291,7695,บริษัท สยามไวเนอรี่ จำกัด,74,74000,สมุทรสาคร
3292,7681,Istana Taman Jepun,104,80239,อินโดนีเซีย
3293,7680,Museum Rudana,104,80571,อินโดนีเซีย
3294,7679,Museum Panji,104,65156,อินโดนีเซีย
3295,7678,Bromo Holiday,104,65119,อินโดนีเซีย
3296,7677,IKIP Budi Utomo Malang,104,65119,อินโดนีเซีย
3297,7676,RiverStone Hotel and Cottage,104,65316,อินโดนีเซีย
3298,7675,สำนักงานการท่องเที่ยวเมืองบาตู,104,65313,อินโดนีเซีย
3299,7656,Brawijaya University,104,65145,อินโดนีเซีย
3300,7655,ศรีตรัง-ดอนสักฟาร์ม,84,84220,สุราษฎร์ธานี
3301,7642,พีบี วัลเลย์ เขาใหญ่ ไวน์เนอรี่,30,30320,นครราชสีมา
3302,7641,ศาลจังหวัดนครปฐม,73,73000,นครปฐม
3303,7640,สำนักงานสุรศักดิ์ทนายความ,10,80290,กรุงเทพมหานคร
3304,7639,สำนักงานนายสุภาษ หงส์ประภัศร เนติบัณฑิต ทนายความ,80,80000,นครศรีธรรมราช
3305,7638,บริษัท อินไซด์ โปรดักชั่นเฮาส์ จำกัด,10,10220,กรุงเทพมหานคร
3306,7637,บริษัท ไรท์แมน จำกัด,10,10250,กรุงเทพมหานคร
3307,7636,บริษัท แอ๊บบอต ลาบอแรตอรีส จำกัด,10,10120,กรุงเทพมหานคร
3308,7635,บริษัท ศูนย์หัวใจ โรงพยาบาลธนบุรี จำกัด,10,10310,กรุงเทพมหานคร
3309,7618,บริษัท ฟาร์ม โพรเทคชั่น จำกัด,10,10900,กรุงเทพมหานคร
3310,7617,บริษัท แพนซ์ อินทิเกรดเต็ด พร๊อพเพอร์ตี้ จำกัด,10,10310,กรุงเทพมหานคร
3311,7616,บริษัท พีเค วัน ดิจิ ทัฆ จำกัด,10,10150,กรุงเทพมหานคร
3312,7615,โรงแรม บุรี รสา เกาะพะงัน,84,84280,สุราษฎร์ธานี
3313,7596,บริษัท เวิลด์ อินเตอร์ โลจิสติกส์ จำกัด,10,10240,กรุงเทพมหานคร
3314,7595,โรงแรม สแปลช บีช รีสอร์ท ภูเก็ต,83,83110,ภูเก็ต
3315,7575,บริษัท สยามเวลเนสกรุ๊ป จำกัด (มหาชน),10,10400,กรุงเทพมหานคร
3316,7555,บริษัท ทีโอที จำกัด (มหาชน) ศูนย์บริการลูกค้าจังหวัดสุราษฎร์ธานี,84,84000,สุราษฎร์ธานี
3317,7538,บริษัท เอเชีย อิเล็กทริค คอร์ปอเรชั่น จำกัด,11,10540,สมุทรปราการ
3318,7537,แม่หาดเบย์ รีสอร์ท,84,84280,สุราษฎร์ธานี
3319,7536,"Institute of Ocean and Earth Sciences (IOES), University of Malaya",107,50603,มาเลเซีย
3320,7535,ธนาคารออมสิน สาขาตลาดผาสุก,71,71000,กาญจนบุรี
3321,7515,โรงแรม เดอะริช เรสซิเดนซ์,84,84000,สุราษฎร์ธานี
3322,7495,บริษัท อินโนเฟรช จำกัด,26,26110,นครนายก
3323,7476,บริษัท ซัน สมายล์ อินเตอร์ฟู้ดส์ จำกัด,73,73140,นครปฐม
3324,7475,องค์การบริหารส่วนตำบลไม้เรียง,80,80150,นครศรีธรรมราช
3325,7462,โรงแรม เดอะ ไทด์ บีชฟร้อนท์ สิเหร่ ภูเก็ต,83,83000,ภูเก็ต
3326,7461,บริษัท ชับบ์สามัคคีประกันภัย จำกัด (มหาชน),10,10210,กรุงเทพมหานคร
3327,7460,โรงแรมบาวแมนบุรี,83,83150,ภูเก็ต
3328,7459,บริษัท ชนาภา ฟู้ด จำกัด,74,74110,สมุทรสาคร
3329,7458,บริษัท เชียงใหม่ เพาะปลูกและฟาร์มเห็ด จำกัด ,50,50210,เชียงใหม่
3330,7457,บริษัท โตโยต้ากาญจนบุรี 1995 ผู้จำหน่ายโตโยต้า จำกัด,71,71000,กาญจนบุรี
3331,7456,โรงแรม อินดิโก้ ภูเก็ต ป่าตอง,83,83150,ภูเก็ต
3332,7455,บริษัท บุญถาวรเซรามิค จำกัด,10,10310,กรุงเทพมหานคร
3333,7444,บริษัท ม็อกกิ้งเบิร์ด จำกัด,10,10400,กรุงเทพมหานคร
3334,7443,ศาลจังหวัดพัทลุง,93,93000,พัทลุง
3335,7442,ที่ทำการปกครองอำเภอห้วยยอด,92,92130 ,ตรัง
3336,7441,ที่ว่าการอำเภอรัษฎา,92,92160,ตรัง
3337,7440,บริษัท ดีว่า อีเว้นท์ เอเจนซี่ จำกัด,84,84000,สุราษฎร์ธานี
3338,7439,สำนักงานเทศบาลเมืองเบตง,95,95110,ยะลา
3339,7438,บริษัท หลีเฮง ซีฟู้ด จำกัด,90,90130,สงขลา
3340,7437,สำนักงานประชาสัมพันธ์จังหวัดปัตตานี,94,94000,ปัตตานี
3341,7436,บริษัท ดอยคำผลิตภัณฑ์อาหาร จำกัด (โรงงานหลวงอาหารสำเร็จรูปที่ 3 เต่างอย),47,47260,สกลนคร
3342,7435,บริษัท ดอยคำผลิตภัณฑ์อาหาร จำกัด (โรงงานหลวงอาหารสำเร็จรูปที่ 2 แม่จัน),57,57110,เชียงราย
3343,7423,บริษัท บั้งไฟล้าน มีเดีย จำกัด,10,10400,กรุงเทพมหานคร
3344,7422,บริษัท ไอแพลน ดิจิทัล จำกัด,10,10600,กรุงเทพมหานคร
3345,7421,บริษัท วงใน มีเดีย จำกัด สาขาหาดใหญ่,90,90110,สงขลา
3346,7420,ภาควิชาสถิติ คณะวิทยาศาสตร์ มหาวิทยาลัยเกษตรศาสตร์,10,10900,กรุงเทพมหานคร
3347,7419,ศูนย์ความหลากหลายทางชีวภาพ สถาบันวิจัยวิทยาศาสตร์และเทคโนโลยีแห่งประเทศไทย,13,12120,ปทุมธานี
3348,7418,สถาบันชีววิทยาศาสตร์โมเลกุล มหาวิทยาลัยมหิดล,73,73170,นครปฐม
3349,7417,ภาควิชาบริหารธุรกิจ คณะบริหารธุรกิจ เศรษฐศาสตร์และการสื่อสาร มหาวิทยาลัยนเรศวร,65,65000,พิษณุโลก
3350,7416,คณะพาณิชยศาสตร์และการบัญชี ภาควิชาสถิติ จุฬาลงกรณ์มหาวิทยาลัย,10,10330,กรุงเทพมหานคร
3351,7415,ห้องปฏิบัติการสิ่งทอ หน่วยวิจัยโพลิเมอร์ ศูนย์เทคโนโลยีโลหะและวัสดุแห่งชาติ,13,12120,ปทุมธานี
3352,7402,The Cloud,10,10110,กรุงเทพมหานคร
3353,7401,โรงเรียนดอนศาลานำวิทยา,93,93150,พัทลุง
3354,7400,ด่านตรวจคนเข้าเมืองท่าอากาศยานดอนเมือง กองบังคับการตรวจคนเข้าเมือง 2,10,10210,กรุงเทพมหานคร
3355,7399,โรงเรียนบ้านเขาล้าน,86,86130,ชุมพร
3356,7398,บริษัท เบสท์ เอ็กเพรส ไทยแลนด์ จำกัด สาขาหาดใหญ่,90,90110,สงขลา
3357,7397,บริษัท อำพลฟูดส์ โพรเซสซิ่ง จำกัด,10,10200,กรุงเทพมหานคร
3358,7396,สายการบินโอมานแอร์ สนามบินสุวรรณภูมิ,11,10400,สมุทรปราการ
3359,7395,บริษัท ซีทราน ทราเวิล จำกัด,83,83000,ภูเก็ต
3360,7376,"Bangkok Air Catering Co., Ltd.",11,10540,สมุทรปราการ
3361,7375,บริษัท พร็อพเพอร์ตี้ เพอร์เฟค จำกัด,12,11000,นนทบุรี
3362,7374,บริษัท ไวส์วูดส์ จำกัด,76,76140,เพชรบุรี
3363,7373,บริษัท ไทยมิตซุยสเปเชียลตี้เคมีคอล จำกัด,24,24180,ฉะเชิงเทรา
3364,7372,ท่าอากาศยานนานาชาติกระบี่,81,81130,กระบี่
3365,7371,องค์การบริหารส่วนตำบลท่าทองใหม่,84,84290,สุราษฎร์ธานี
3366,7370,NHK Spring (Thailand) Co. Ltd.,24,24180,ฉะเชิงเทรา
3367,7369,ห้องปฏิบัติการงานควบคุมคุณภาพน้ำ 2 การประปาส่วนภูมิภาคเขต 4 (แลปคลัสเตอร์สาขาภูเก็ต),83,83120,ภูเก็ต
3368,7368,ห้องปฏิบัติการงานควบคุมคุณภาพน้ำ 3 การประปาส่วนภูมิภาคเขต 4 (แลปคลัสเตอร์สาขานครศรีธรรมราช),80,80000,นครศรีธรรมราช
3369,7367,บริษัท โรเบิร์ต บ๊อช ออโตโมทีฟ เทคโนโลยีส์ (ประเทศไทย) จำกัด,21,21140,ระยอง
3370,7366,โรงเรียนอนุบาลพลพันธ์,80,80140,นครศรีธรรมราช
3371,7365,สวนน้ำสแปช จังเกิ้ล ภูเก็ต,83,83110,ภูเก็ต
3372,7364,บริษัท รับเบอร์แลนด์ โปรดักส์ จำกัด สาขาบุรีรัมย์,31,31140,บุรีรัมย์
3373,7363,บริษัท อีส โปรดักส์ชั่น สตูดิโอ จำกัด,10,10400,กรุงเทพมหานคร
3374,7362,บริษัท ไอ แอม นัมเบอร์โฟร์ จำกัด,10,10250,กรุงเทพมหานคร
3375,7361,บริษัท สำนักงานกฎหมาย สุธี ผ่องไพบูลย์,10,10310,กรุงเทพมหานคร
3376,7360,บริษัท บี.กริม. บีไอพี เพาเวอร์ 1 จำกัด,10,10240,กรุงเทพมหานคร
3377,7359,ศูนย์อนามัยที่ 11 นครศรีธรรมราช,80,80330,นครศรีธรรมราช
3378,7358,ที่ว่าการปกครองอำเภอขนอม,80,80210,นครศรีธรรมราช
3379,7357,บริษัท เล็ทส์คอมิก จำกัด,10,10170,กรุงเทพมหานคร
3380,7356,ศาลจังหวัดพังงา,82,82000,พังงา
3381,7355,สถานกงสุลใหญ่ ณ เมืองเจนไน,129,600 035,อินเดีย
3382,7343,ห้างหุ้นส่วนจำกัด พิมพ์นิยม ปริ๊นติ้ง,90,90110,สงขลา
3383,7342,สถานีตำรวจภูธรเมืองกระบี่,81,81000,กระบี่
3384,7341,สำนักงาน สัก กอเแสงเรือง,10,10700,กรุงเทพมหานคร
3385,7340,บริษัท เอส ที เอ็ม เอส จำกัด,10,10120,กรุงเทพมหานคร
3386,7339,สำนักงานอัยการจังหวัดกระบี่,81,81000,กระบี่
3387,7338,สำนักงานอัยการจังหวัดเวียงสระ,84,84190,สุราษฎร์ธานี
3388,7337,สำนักงานอัยการจังหวัดยะลา,95,95000,ยะลา
3389,7336,โรงพยาบาลควนกาหลง,91,91130,สตูล
3390,7335,สำนักงานสรรพสามิตพื้นที่นครศรีธรรมราช,80,80000,นครศรีธรรมราช
3391,7316,บริษัท เอฟเอ็น แฟคตอรี่ เอ๊าท์เลท จำกัด (มหาชน),10,10250,กรุงเทพมหานคร
3392,7315,บริษัท ก.ชัยแสง ดี.ซี. จำกัด สาขาสุราษฎร์ธานี,84,84000,สุราษฎร์ธานี
3393,7296,โรงแรม ครอสทูไวบ์ สมุย,84,84310,สุราษฎร์ธานี
3394,7295,บริษัท สยาม ไอที (ประเทศไทย) จำกัด,84,84000,สุราษฎร์ธานี
3395,7286,บริษัท สตาร์แอคเค้าติ้ง แอนด์ แทค เซอร์วิส จำกัด ,10,10120 ,กรุงเทพมหานคร
3396,7285,บริษัท ฮงโก โตโย แอคเคาท์ติ้ง จำกัด,10,10110,กรุงเทพมหานคร
3397,7284,บริษัท เอเซีย อัลลิแอนซ์ พาร์ทเนอร์ จำกัด,10,10110 ,กรุงเทพมหานคร
3398,7283,บริษัท อุลต้าบิสซิเนสโซลูชั่น จำกัด ,10,10210,กรุงเทพมหานคร
3399,7282,บริษัท อาซาฮิ เน็ตเวิร์คส (ประเทศไทย) จำกัด,10,10500,กรุงเทพมหานคร
3400,7281,บริษัท อาร์.พี.เอส.การบัญชีและธุรกิจ จำกัด,10,10500 ,กรุงเทพมหานคร
3401,7280,บริษัท โปรเฟสชั่นแนล บิสซิเนส ซิสเต็มส์ จำกัด,10,10500,กรุงเทพมหานคร
3402,7279,บริษัท ออพติมั่ม แอ็คเค้าท์ติ้ง เซอร์วิสเซส จำกัด,10,10500 ,กรุงเทพมหานคร
3403,7278,บริษัท ยงยุทธ์การบัญชีและบุตร จำกัด,10,10700,กรุงเทพมหานคร
3404,7277,บริษัท เอ็นเอสไอ บิสิเนส คอนซัลแต้นท์ จำกัด ,10,10240 ,กรุงเทพมหานคร
3405,7276,สำนักงาน เอ. เอ็ม. ที. แอสโซซิเอท,10,10500,กรุงเทพมหานคร
3406,7275,บริษัท เอเอสวี แอนด์ แอสโซซิเอทส์ จำกัด,10,10120,กรุงเทพมหานคร
3407,7274,บริษัท เอส พี ออดิท จำกัด,10,10400,กรุงเทพมหานคร
3408,7273,บริษัท เอเอสที มาสเตอร์ จำกัด,10,10110,กรุงเทพมหานคร
3409,7272,บริษัท อาร์เอสเอ็ม ออดิท เซอร์วิสเซส (ประเทศไทย) จำกัด,10,10120,กรุงเทพมหานคร
3410,7271,บริษัท สำนักงานสอบบัญชี ซี แอนด์ เอ จำกัด,10,10120,กรุงเทพมหานคร
3411,7270,บริษัท สำนักงาน เอ เอ็ม ซี จำกัด,10,10500,กรุงเทพมหานคร
3412,7269,บริษัท สยาม ทรูธ สอบบัญชี จำกัด,10,10310,กรุงเทพมหานคร
3413,7268,"บริษัท มาซาร์ส จำกัด
",10,10120,กรุงเทพมหานคร
3414,7267,บริษัท ไพร้ซวอเตอร์เฮาส์คูเปอร์ส เอบีเอเอส จำกัด,10,10120,กรุงเทพมหานคร
3415,7266,บริษัท พีวี ออดิท จำกัด,10,10310,กรุงเทพมหานคร
3416,7265,บริษัท พีเคเอฟ ออดิท (ประเทศไทย) จำกัด,10,10500,กรุงเทพมหานคร
3417,7264,บริษัท บีพีอาร์ ออดิท แอนด์ แอดไวเซอรี่ จำกัด,10,10500,กรุงเทพมหานคร
3418,7263,บริษัท บัญชีกิจ จำกัด,10,10110,กรุงเทพมหานคร
3419,7262,บริษัทแกรนท์ ธอนตัน จำกัด,10,10330,กรุงเทพมหานคร
3420,7261,บริษัท ดีลอยท์ ทู้ช โธมัทสุ ไชยยศ สอบบัญชี จำกัด,10,10120,กรุงเทพมหานคร
3421,7260,บริษัท ซี ดับเบิ้ลยู ดับเบิ้ลยู พี จำกัด,10,10400,กรุงเทพมหานคร
3422,7259,บริษัท เคพีเอ็มจี ภูมิไชย สอบบัญชี จำกัด,10,10120,กรุงเทพมหานคร
3423,7258,บริษัท เอมเมจิน จำกัด,11,10270,สมุทรปราการ
3424,7257,โรงเรียนวัดเกาะจาก,80,80330,นครศรีธรรมราช
3425,7256,โรงเรียนเทศบาลวัดรามประดิษฐ์,80,80140,นครศรีธรรมราช
3426,7255,โรงเรียนอ่าวลึก,81,81110,กระบี่
3427,7254,โรงเรียนบ้านด่านโลด,93,93160,พัทลุง
3428,7253,โรงเรียนวัดตรณาราม,84,84130,สุราษฎร์ธานี
3429,7252,"โรงเรียนอนุบาลนครศรีธรรมราช ""ณ นคร อุทิศ""",80,80000,นครศรีธรรมราช
3430,7251,โรงเรียนเพาะปัญญา ในพระอุปถัมภ์ฯ,92,92170,ตรัง
3431,7250,โรงเรียนเทศบาลวัดใหญ่,80,80000,นครศรีธรรมราช
3432,7249,โรงเรียนบ้านทวดทอง,80,80000,นครศรีธรรมราช
3433,7248,โรงเรียนบ้านอรุโณทัย,84,84250,สุราษฎร์ธานี
3434,7247,โรงเรียนวัดไทรทอง,92,92170,ตรัง
3435,7246,โรงเรียนเทศบาล 3 วัดสมุทราราม,84,84140,สุราษฎร์ธานี
3436,7245,โรงเรียนเทศบาล 1 วัดละไม (สำนักการศึกษา สำนักงานเทศบาลนครเกาะสมุย),84,84140,สุราษฎร์ธานี
3437,7244,โรงเรียนฉวางรัชดาภิเษก,80,801570,นครศรีธรรมราช
3438,7243,โรงเรียนบ้านวังน้ำเขียว,77,77230,ประจวบคีรีขันธ์
3439,7242,บริษัท ฟรอนทิส จำกัด,10,10120,กรุงเทพมหานคร
3440,7241,บริษัท เหลี่ยงฮะหลี จำกัด,90,90170,สงขลา
3441,7240,บริษัท หมอยา ฟาร์มาซี จำกัด,84,84320,สุราษฎร์ธานี
3442,7239,ธนาคารกรุงไทย จำกัด (มหาชน) สาขาหัวไทร,80,80170,นครศรีธรรมราช
3443,7238,บริษัท ทีโอที จำกัด (มหาชน) จังหวัดชุมพร,86,86000,ชุมพร
3444,7237,บริษัท อะแวร์ คอร์ปอเรชั่น จํากัด,50,50140,เชียงใหม่
3445,7236,บริษัท ฟาร์ม ชูสิน เตือนใจ 99 จำกัด,91,91130,สตูล
3446,7235,บริษัท เชียงใหม่เฟรชมิลค์ จำกัด,50,50140,เชียงใหม่
3447,7218,โรแรมเซ็นทรัลสมุยบีชรีสอร์ท สาขาภูเก็ต,83,83100,ภูเก็ต
3448,7217,บริษัท ไทยดอทรัน จำกัด,10,10330,กรุงเทพมหานคร
3449,7216,บริษัท มิวเร็กซ์ จำกัด (บลูแคนยอน คันทรี คลับ ภูเก็ต),83,83110,ภูเก็ต
3450,7215,บริษัท วิยะเครป โปรดักส์ จำกัด,84,84110,สุราษฎร์ธานี
3451,7198,บริษัท สกาย ไอซีที จำกัด (มหาชน),10,10400,กรุงเทพมหานคร
3452,7197,โรงแรม ศิลาวดี พูล สปา แอนด์ รีสอร์ท,84,84310,สุราษฎร์ธานี
3453,7196,เนเชอรัลวิง เฮลธ์สปา แอนด์ รีสอร์ท,84,84330,สุราษฎร์ธานี
3454,7195,Absolute Sanctuary Premier Detox & Yoga Resort,84,84320,สุราษฎร์ธานี
3455,7184,โรงเรียนบ้านสำนักม่วง,80,80160,นครศรีธรรมราช
3456,7183,บริษัท ไทยลิ้งค์ 2012 อินเตอร์เนชั่นแนล จำกัด,10,10500,กรุงเทพมหานคร
3457,7182,บริษัท โอเดียน แฟชั่น เซ็นเตอร์ จำกัด,90,90110,สงขลา
3458,7181,โรงแรมเลอ เมอริเดียน เชียงราย รีสอร์ท,57,57000,เชียงราย
3459,7180,บริษัท หลักทรัพย์ บัวหลวง จํากัด (มหาชน),84,84000,สุราษฎร์ธานี
3460,7179,บริษัท ยูเนี่ยนโพลีเมอร์ จำกัด,74,74000,สมุทรสาคร
3461,7178,บริษัท รีฟินิทิฟ ซอฟแวร์ (ประเทศไทย) จำกัด,10,10500,กรุงเทพมหานคร
3462,7177,บริษัท สุราษฎร์ซีฟู้ด จำกัด,84,84130,สุราษฎร์ธานี
3463,7176,โรงแรม ธัญญปุระ เฮลท์ แอนด์ สปอร์ตส์ รีสอร์ท,83,83110,ภูเก็ต
3464,7175,โรงแรม นิวซีซัน หาดใหญ่,90,90110,สงขลา
3465,7156,บริษัท ก.ชัยแสง เทรดดิ้ง จํากัด สาขานครศรีธรรมราช,80,80000,นครศรีธรรมราช
3466,7155,บริษัท หาดทิพย์ จำกัด (มหาชน) โรงงานพุนพิน,84,84130,สุราษฎร์ธานี
3467,7135,บริษัท โพโมโดโร กรุ๊ป จํากัด,10,10110,กรุงเทพมหานคร
3468,7115,บริษััท ซูกิชิ อินเตอร์กรุ๊ป จำกัด,10,10250,กรุงเทพมหานคร
3469,7095,ห้างหุ้นส่วนจำกัด ลัดดาการ์เด้นช็อป,10,10210,กรุงเทพมหานคร
3470,7076,โรงพยาบาลศูนย์การแพทย์มหาวิทยาลัยวลัยลักษณ์,80,80160,นครศรีธรรมราช
3471,7075,โรงแรม เดอะ ยามา รีสอร์ท แอนด์ สปา,83,83100,ภูเก็ต
3472,7055,บริษัท มาร์เก็ตติ้ง ไดร์ว เวิรลด์ไวด์ (ประเทศไทย) จำกัด,10,10260,กรุงเทพมหานคร
3473,7036,บริษัท โตโยต้านครศรีธรรมราช จำกัด,80,80000,นครศรีธรรมราช
3474,7035,บริษัท พิกซ์ เกมส์ จำกัด,10,10250,กรุงเทพมหานคร
3475,7015,บริษัท เอ็ม เอส ไอ จี ประกันภัย (ประเทศไทย)จำกัด สาขาหาดใหญ่,90,90110,สงขลา
3476,6995,ห้างหุ้นส่วนจำกัด คงมั่นการช่าง,90,90110,สงขลา
3477,6975,โรงแรม คาลิมา เขาหลัก รีสอร์ท แอนด์ วิลล่า,82,82210,พังงา
3478,6955,PD House Nakhon Si Thammarat,80,80000,นครศรีธรรมราช
3479,6936,บริษัท ล็อกซเล่ย์ เพาเวอร์ ซิสเต็มส์ จํากัด,10,10110,กรุงเทพมหานคร
3480,6935,บริษัท ผาทอง 24 จำกัด,80,80110,นครศรีธรรมราช
3481,6919,บริษัท นีโอ คอนเดค จำกัด,83,83110,ภูเก็ต
3482,6918,บริษัท บีเอส เวิลด์ ฟู้ด จำกัด,86,86110,ชุมพร
3483,6917,บริษัท โชคเพชรสมุทร 1999 จำกัด,10,10160,กรุงเทพมหานคร
3484,6916,บริษัท กรีนเวิลด์ พับลิเคชั่่น จำกัด,10,10240,กรุงเทพมหานคร
3485,6915,บริษัท คณาไฮบริด จำกัด ฟาร์มพนมสารคาม,24,24120,ฉะเชิงเทรา
3486,6899,บริษัท กลิสเตอร์เวิร์ส จำกัด (โรงแรมในเครือ VHM),90,90130,สงขลา
3487,6898,หลักสูตรไทยศึกษาบูรณาการ สำนักวิชาศิลปศาสตร์ มหาวิทยาลัยวลัยลักษณ์,80,80161,นครศรีธรรมราช
3488,6897,บริษัท เอ วาย เอส อีเวนท์ แอนด์ แทรเวล จำกัด,83,83000,ภูเก็ต
3489,6896,ห้องปฏิบัติการวัสดุและงานระบบเพื่อใช้ประโยชน์ทางพลังงานไฟฟ้าเคมี ศูนย์เทคโนโลยีโลหะและวัสดุแห่งชาติ ,13,12120,ปทุมธานี
3490,6895,บริษัท อาอิชิ แอลพ์ ออโตเลทเธอร์ จำกัด,11,10560,สมุทรปราการ
3491,6877,บริษัท มากุโระ กรุ๊ป จำกัด,10,10310,กรุงเทพมหานคร
3492,6876,OHO Phuket Hotel,83,83100,ภูเก็ต
3493,6875,อินโดจีน รีสอร์ต แอนด์ วิลลา ,83,83150,ภูเก็ต
3494,6857,โรงเเรม เเกรนด์ฮิลล์ รีสอร์ท เเอนสปา,60,60000,นครสวรรค์
3495,6856,บริษัท อีซี่ บาย จำกัด (มหาชน),10,10500,กรุงเทพมหานคร
3496,6855,เซ็นทรัล เฟสติวัล หาดใหญ่,90,90110,สงขลา
3497,6837,บริษัท บี ซี ที พาวเวอร์ เซอร์วิส แอนด์ ซัพพลาย จำกัด,13,12130,ปทุมธานี
3498,6836,โรงแรม อริญชย์นารา บางเทาบีช รีสอร์ท,83,83110,ภูเก็ต
3499,6835,โรงแรม ออร์คิดเดเชีย รีสอร์ท,83,83100,ภูเก็ต
3500,6815,สุชาติฟาร์ม,20,20110,ชลบุรี
3501,6800,บริษัท โตโยต้าสุราษฎร์ธานี ผู้จำหน่ายโตโยต้า จำกัด,84,84000,สุราษฎร์ธานี
3502,6799,บริษัท โตโยต้าสุราษฎร์ธานี ผู้จำหน่ายโตโยต้า จำกัด สาขาไชยา,84,84110,สุราษฎร์ธานี
3503,6798,บริษัท โปรไบค์ จำกัด สาขาถนนสารสิน,10,10330,กรุงเทพมหานคร
3504,6797,ที่ว่าการอำเภอสะบ้าย้อย,90,90210,สงขลา
3505,6796,"Institute for Computational Cosmology, University of Durham",110,,อังกฤษ
3506,6795,บริษัท โอเชี่ยน สไมล์ ทัวร์,10,10230,กรุงเทพมหานคร
3507,6776,ไบร์ทโฮเทล,30,40000,นครราชสีมา
3508,6775,ศาลจังหวัดปัตตานี,94,94000,ปัตตานี
3509,6756,บริษัท รังสิตพลาซ่า จำกัด (สำนักงานใหญ่),13,12130,ปทุมธานี
3510,6755,บริษัท คลองหลวงยูทิลิตี้ จำกัด,13,10530,ปทุมธานี
3511,6741,กองควบคุมการค้าสัตว์น้ำและปัจจัยการผลิต ศูนย์บริหารจัดการด่านตรวจสัตว์น้ำ เขต 2,10,10110,กรุงเทพมหานคร
3512,6740,กองควบคุมการค้าสัตว์น้ำและปัจจัยการผลิต (ด่านตรวจสัตว์น้ำท่าอากาศยานดอนเมือง),10,10210,กรุงเทพมหานคร
3513,6739,อุทยานแห่งชาติหมู่เกาะเภตรา,91,91110,สตูล
3514,6738,Kata Rocks Resort & Residences,83,83000,ภูเก็ต
3515,6737,บริษัท เวสท์ แอนด์ เอ็นเนอร์ยี่ แมเนจเม้นท์ จำกัด,84,84180,สุราษฎร์ธานี
3516,6736,บริษัท แหลมทอง ไฮบริด จำกัด (ฟาร์มสุกรปากช่อง),30,30130,นครราชสีมา
3517,6735,สหกรณ์โคนมชะอำ-ห้วยทราย จำกัด,76,76120,เพชรบุรี
3518,6715,บริษัท ทรูมันนี่ จำกัด,10,10400,กรุงเทพมหานคร
3519,6695,บริษัท เจอร์นี่ ไลฟ์ จำกัด,10,10240,กรุงเทพมหานคร
3520,6680,สำนักงานแรงงานจังหวัดสุราษฏร์ธานี,84,84100,สุราษฎร์ธานี
3521,6679,โรงเรียนนารายณ์คำผงวิทยา,32,32130,สุรินทร์
3522,6678,โรงเรียนเทศบาล 5 (วัดห้วป้อมนอก),90,90000,สงขลา
3523,6677,โรงเรียนเมืองถลาง,83,83110,ภูเก็ต
3524,6676,โรงเรียนบางสวรรค์วิทยาคม,84,84210,สุราษฎร์ธานี
3525,6675,โรงเรียนวรนารีเฉลิม จังหวัดสงขลา,90,90000,สงขลา
3526,6656,สำนักงานบังคับคดีจังหวัดสุราษฎร์ธานี,84,84100,สุราษฎร์ธานี
3527,6655,บริษัท จันวาณิชย์ ซีเคียวริตี้ พรินติงค์ จำกัด,10,10500,กรุงเทพมหานคร
3528,6635,บริษัท พวงรัตน์เมทัลชีท จำกัด สาขาชมพรภัณฑ์อ้อมค่าย,80,80000,นครศรีธรรมราช
3529,6616,บริษัท ตรี 24 วิศวกรรม จำกัด สาขาภูเก็ต,83,83110,ภูเก็ต
3530,6615,บริษัท ไอแซค เทคโนโลยี จำกัด,10,10120,กรุงเทพมหานคร
3531,6595,สำนักงานพื้นที่พิเศษเมืองโบราณอู่ทอง อพท. 7,72,72160,สุพรรณบุรี
3532,6577,บริษัท ซีสตาร์ อันดามัน จำกัด,83,83110,ภูเก็ต
3533,6576,บริษัท จินตลีลา จำกัด,84,84330,สุราษฎร์ธานี
3534,6575,บริษัท เบทาโกรเกษตรอุตสาหกรรมจำกัด สาขาเกาะสมุย,84,84330,สุราษฎร์ธานี
3535,6555,บริษัท ปนันชิตา จำกัด,13,12120,ปทุมธานี
3536,6535,การไฟฟ้าส่วนภูมิภาค เขต 2 (ภาคใต้) จังหวัดนครศรีธรรมราช กองการบัญชี ฝ่ายบัญชีและพลังงานไฟฟ้า,80,80000,นครศรีธรรมราช
3537,6516,การไฟฟ้าส่วนภูมิภาคป่าตอง,83,83150,ภูเก็ต
3538,6515,เอเอ มารีน ฟาร์ม,22,20170,จันทบุรี
3539,6495,กองคุ้มครองและดูแลผลประโยชน์คนไทยในต่างประเทศ กรมการกงสุล กระทรวงการต่างประเทศ,10,10210,กรุงเทพมหานคร
3540,6478,สำนักงานสถิติจังหวัดสุราษฎร์ธานี ,84,84000,สุราษฎร์ธานี
3541,6477,สำนักงานเทศบาลตำบลฉลุง,91,91140,สตูล
3542,6476,ที่ทำการไปรษณีย์ท่าศาลา,80,80160,นครศรีธรรมราช
3543,6475,สำนักงานสถิติจังหวัดชลบุรี,20,20000,ชลบุรี
3544,6458,โรงแรม พรานา รีสอร์ท,84,84320,สุราษฎร์ธานี
3545,6457,โรงแรม เดอะ ซิส กะตะ รีสอร์ท,83,83100,ภูเก็ต
3546,6456,โรงแรม ไอดีลลิค คอนเซปต์ รีสอร์ท เกาะหลีเป๊ะ,91,91110,สตูล
3547,6455,โรงแรมโรสวูด กรุงเทพ,10,10330,กรุงเทพมหานคร
3548,6436,สำนักงานอุตสาหกรรมจังหวัดสุราษฎร์ธานี,84,84000,สุราษฎร์ธานี
3549,6435,บริษัท ไทย ไลอ้อน เมนทารี จำกัด,10,10210,กรุงเทพมหานคร
3550,6417,Hidden Resort,85,85000,ระนอง
3551,6416,บริษัท สยามแอ๊ดเวนเจอร์ เวิลด์ จำกัด,83,83000,ภูเก็ต
3552,6415,โรงแรมเดอะบีช ไฮท์ รีสอร์ท,83,83100,ภูเก็ต
3553,6397,บริษัท ท็อปธุรกิจการเกษตร จำกัด จังหวัดกาญจนบุรี,71,71110,กาญจนบุรี
3554,6396,บริษัท เพาเวอร์ไลน์ เอ็นจิเนียริ่ง จำกัด (มหาชน) สาขาสะเดา,90,90120,สงขลา
3555,6395,"Faculty of Biotechnology and Biomolecular Science, Universiti Putra Malaysia",107,,มาเลเซีย
3556,6377,โรงเรียนวัดเทวดาราม,80,80160,นครศรีธรรมราช
3557,6376,โรงแรม อินเตอร์คอนติเนนตัล ภูเก็ต กมลา บีช รีสอร์ท,83,83150,ภูเก็ต
3558,6375,บริษัท อู่ข้าว อู่น้ำ ภาพยนตร์ จำกัด,10,10900,กรุงเทพมหานคร
3559,6357,สำนักงานจัดรูปที่ดินและระบบน้ำเพื่อเกษตรกรรมที่ 35 กรมชลประทาน จังหวัดปัตตานี,94,84170,ปัตตานี
3560,6356,บริษัท บางกอก ซีฟู้ด จำกัด,74,74000,สมุทรสาคร
3561,6355,บริษัท บริหารสินทรัพย์กรุงเทพพาณิชย์ จำกัด (มหาชน) สำนักงานภูเก็ต (ชั่วคราว),84,84000,สุราษฎร์ธานี
3562,6336,โรงเรียนมัธยมยานากาวา,80,80000,นครศรีธรรมราช
3563,6335,บริษัท สยามไดกิ้นเซลส์ จํากัด,10,10250,กรุงเทพมหานคร
3564,6315,เรือนจำกลางจังหวัดสงขลา,90,90000,สงขลา
3565,6297,บริษัท หัวเว่ย เทคโนโลยี่ (ประเทศไทย) จํากัด,10,10310,กรุงเทพมหานคร
3566,6296,โรงแรมโนโวเทล ภูเก็ต รีสอร์ท,83,83150,ภูเก็ต
3567,6295,บริษัท ดรีม แทรเวล เซอร์วิส จำกัด,10,10250,กรุงเทพมหานคร
3568,6275,บริษัท เคชั่น เพาเวอร์ จำกัด,10,10310,กรุงเทพมหานคร
3569,6256,บริษัท ทรีดีเอส อินเตอร์แอคทีฟ จํากัด,10,10600,กรุงเทพมหานคร
3570,6255,เอ็น เอส ชริมพ์ ฟาร์ม,80,80120,นครศรีธรรมราช
3571,6235,สำนักงานกฎหมายปิยฉัตร,10,10310,กรุงเทพมหานคร
3572,6216,บริษัท ดีเอ็นเอ เมคเกอร์ จำกัด,10,10120,กรุงเทพมหานคร
3573,6215,สายการบิน โอเค แอร์เวย์,10,10110,กรุงเทพมหานคร
3574,6198,สถานีวิทยุกระจายเสียงแห่งประเทศไทย จังหวัดพังงา,82,82000 ,พังงา
3575,6197,บริษัท พอดีคำ เอ็นเทอร์เทนเมนท์ จำกัด,10,10240,กรุงเทพมหานคร
3576,6196,บริษัท ซินโย อินเตอร์เนชั่นแนล เทรดดิ้ง จำกัด,10,10310,กรุงเทพมหานคร
3577,6195,บริษัท หลักทรัพย์หยวนต้า (ประเทศไทย) จำกัด สำนักงานจังหวัดนครศรีธรรมราช,80,80000,นครศรีธรรมราช
3578,6182,หอสมุดปรีดี พนมยงค์ มหาวิทยาลัยธรรมศาสตร์ ท่าพระจันทร์,10,10200,กรุงเทพมหานคร
3579,6181,บริษัท การบินไทย จำกัด (มหาชน) คลังสินค้าการบินไทย ท่าอากาศยานหาดใหญ่,90,90115,สงขลา
3580,6180,บริษัท สยามอิมเมจ ดีเวลลอปเม้นท์ จำกัด,10,10150,กรุงเทพมหานคร
3581,6179,บริษัท พีพี ครุสเซอร์ (ภูเก็ตบิสิเนสกรุ๊ป) จำกัด,83,83000,ภูเก็ต
3582,6178,สำนักหอสมุดกลาง มหาวิทยาลัยศรีนครินทรวิโรฒ,10,10110,กรุงเทพมหานคร
3583,6177,บริษัท ทริพเพิล ไอ โลจิสติกส์ จำกัด (มหาชน),10,10120,กรุงเทพมหานคร
3584,6176,บริษัท ไอ ไนน์ จำกัด,10,10250,กรุงเทพมหานคร
3585,6175,บริษัท ชไนเดอร์ (ไทยแลนด์) จำกัด,11,10280,สมุทรปราการ
3586,6155,ศูนย์ประวัติศาสตร์ช่องเขาขาด,71,71000,กาญจนบุรี
3587,6137,บริษัท ศรีตรังโกลฟส์ (ประเทศไทย) จำกัด (มหาชน) จังหวัดตรัง,92,92110,ตรัง
3588,6136,บริษัท แอ๊บโซลูท เวิลด์ มีเดีย จำกัด,10,10110,กรุงเทพมหานคร
3589,6135,บริษัท หยั่น หว่อ หยุ่น จำกัด,75,74000,สมุทรสงคราม
3590,6115,ชูการ์ มารินา รีสอร์ท เอวิเอเตอร์ ภูเก็ต แอร์พอร์ต,83,83110,ภูเก็ต
3591,6096,บริษัท ไทย ไลอ้อน เมนทารี จำกัด จังหวัดตรัง,92,92000,ตรัง
3592,6095,บริษัท ไทย ไลอ้อน เมนทารี จำกัด จังหวัดกระบี่,81,81130,กระบี่
3593,6079,โคโค่ ลันตา รีสอร์ท,81,81150,กระบี่
3594,6078,บริษัท เขาหลักวัลเลย์ จำกัด (โรงแรม เดอะเฮเว่น เขาหลัก),82,82220,พังงา
3595,6077,สหกรณ์อิสลามอัศศิดดีก จำกัด,90,90110,สงขลา
3596,6076,กรมการขนส่งทางบก กระทรวงคมนาคม,10,10900,กรุงเทพมหานคร
3597,6075,บริษัท โพธิศิรินทร์ ไทยคอนซัลแต๊นท์ จำกัด,12,11120,นนทบุรี
3598,6057,ธนาคารออมสิน สาขาเซ็นทรัลพลาซ่า สุราษฎร์ธานี,84,84000,สุราษฎร์ธานี
3599,6056,บริษัท เอสทีเอ แอคเคาท์ติ้ง แอนด์ คอนซัลติ้ง จำกัด,12,11000,นนทบุรี
3600,6055,บริษัท สกอลาร์ แอคเคาท์ติ้ง จำกัด,10,10520,กรุงเทพมหานคร
3601,6040,Xhabition Studio,10,10120,กรุงเทพมหานคร
3602,6039,โรงแรม เฟิร์ส บังกะโล บีช รีสอร์ท,84,84320,สุราษฎร์ธานี
3603,6038,โรงแรม แบงค็อก แมริออท มาร์คีส์ ควีนส์ปาร์ค,10,10110,กรุงเทพมหานคร
3604,6037,Hanoi University,115,,เวียดนาม
3605,6036,โรงแรม เดอะเชลซี กระบี่,81,81000,กระบี่
3606,6035,บริษัท สงขลาไบโอแมส จำกัด,90,90130,สงขลา
3607,6016,บริษัท ไวตามิน ซี จำกัด,83,83000,ภูเก็ต
3608,6015,บริษัท ไทย ไลอ้อน เมนทารี จำกัด จังหวัดสุราษฎร์ธานี,84,8413,สุราษฎร์ธานี
3609,6000,"GEBR.KUNZ Co., Ltd.",126,,เยอรมัน
3610,5999,บริษัท ควอนตั้น ลีฟท์ จำกัด (ไฮโดรเฟรชพัทยา),20,20150,ชลบุรี
3611,5998,ศูนย์วิจัยเกษตรหลวงเชียงใหม่ (ขุนวาง),50,50360,เชียงใหม่
3612,5997,ศูนย์ความปลอดภัยในการทำงานเขต 8,84,84100,สุราษฎร์ธานี
3613,5996,บริษัท ซิลิคอน คราฟท์ เทคโนโลยี จำกัด มหาชน,10,10900,กรุงเทพมหานคร
3614,5995,ธนาคารออมสิน สาขาปากพนัง,80,80140,นครศรีธรรมราช
3615,5981,บริษัท คอมพลีท เอ็นจิเนียริ่ง จำกัด,84,84330,สุราษฎร์ธานี
3616,5980,บริษัท สมุย แซนส์ จำกัด,84,84320,สุราษฎร์ธานี
3617,5979,การไฟฟ้าส่วนภูมิภาคอำเภอละงู,91,91110,สตูล
3618,5978,ศูนย์ปฏิบัติการอุทยานแห่งชาติทางทะเลที่ 3 จังหวัดตรัง,92,92150,ตรัง
3619,5977,บริษัท มิตรผลไบโอฟูเอล จำกัด สาขาชัยภูมิ,36,36110,ชัยภูมิ
3620,5976,ศาลจังหวัดปากพนัง,80,80140,นครศรีธรรมราช
3621,5975,เรือนจำกลางสุราษฎร์ธานี,84,84000,สุราษฎร์ธานี
3622,5974,"GIA Phuc International Trading Investment Co., Ltd.",115,,เวียดนาม
3623,5973,สำนักงาน เอส พี เค ธุรกิจการบัญชีและภาษีอากร,95,95000,ยะลา
3624,5972,สถานีวิจัยเพื่อการพัฒนาชายฝั่งอันดามัน,85,85120,ระนอง
3625,5971,สำนักงานเทศบาลเมืองดอนสัก,84,84220,สุราษฎร์ธานี
3626,5970,สำนักงานเทศบาลเมืองบางริ้น,85,85000,ระนอง
3627,5969,สำนักงานวัฒนธรรมจังหวัดพัทลุง,93,93000,พัทลุง
3628,5968,ศูนย์พันธุวิศวกรรมและเทคโนโลยีชีวภาพแห่งชาติ,13,12120,ปทุมธานี
3629,5967,สำนักงานปลัดกระทรวงแรงงาน,10,10400,กรุงเทพมหานคร
3630,5966,บริษัท ศรีตรังโกลฟส์ (ประเทศไทย) จำกัด สาขาสุราษฎร์ธานี,84,84160,สุราษฎร์ธานี
3631,5965,บริษัท มาตรศรีฟาร์ม จำกัด,72,72160,สุพรรณบุรี
3632,5964,สำนักงานทรัพยากรทางทะเลและชายฝั่งที่ 7,92,92110,ตรัง
3633,5963,สำนักงานสงเคราะห์ทหารผ่านศึกเขตนครศรีธรรมราช,80,80000,นครศรีธรรมราช
3634,5962,บริษัท เอ็มไอ สแควร์ จำกัด,83,83110,ภูเก็ต
3635,5961,ด่านตรวจคนเข้าเมืองแม่สาย จังหวัดเชียงราย,57,57130,เชียงราย
3636,5960,ที่ว่าการอำเภอสทิงพระ,90,90190,สงขลา
3637,5959,โรงแรมสันติ์สุริย์ภูเก็ต,83,83130,ภูเก็ต
3638,5958,บริษัท เปอริเอ้ วิทเทล (ประเทศไทย) จำกัด,84,84130,สุราษฎร์ธานี
3639,5957,ที่ว่าการอำเภอมะนัง,91,91130,สตูล
3640,5956,การไฟฟ้าส่วนภูมิภาคอำเภอหาดใหญ่,90,90110,สงขลา
3641,5955,กองกิจการพลเรือน กองทัพภาคที่ 4 ค่ายวชิราวุธ,80,80000,นครศรีธรรมราช
3642,5936,โครงการมนุษย์และชีวมณฑล สำนักงานพื้นที่สงวนชีวมณฑลแม่สา คอกม้า,50,50200,เชียงใหม่
3643,5935,บริษัท จีเดค จำกัด,90,90110,สงขลา
3644,5919,กาต้าร์ แอร์เวย์,83,83110,ภูเก็ต
3645,5918,บริษัท ซูมิโตโม รับเบอร์ (ไทยแลนด์) จำกัด,21,21140,ระยอง
3646,5917,บริษัท โออิชิ เทรดดิ้ง จำกัด (นวนคร),13,,ปทุมธานี
3647,5916,บริษัท พาขวัญการบัญชีและธุรกิจ จำกัด,10,10240,กรุงเทพมหานคร
3648,5915,โรงแรมฉลองบีช โฮเต็ล แอนด์ สปา,83,83000,ภูเก็ต
3649,5911,Best Western Hotels and Resort-Asia,10,10330,กรุงเทพมหานคร
3650,5910,The Thai Business (Vietnam) Association,115,,เวียดนาม
3651,5909,บริษัท ภูเก็ต เจมส์ พาวิลเลี่ยน จำกัด,83,83110,ภูเก็ต
3652,5908,บริษัท พีเออี (ประเทศไทย) จำกัด (มหาชน),90,90280,สงขลา
3653,5907,บริษัท แอ๊บโซลูท ปาล์ม จำกัด,80,80240,นครศรีธรรมราช
3654,5906,บริษัท ฟาร์เมชแฮทเซอรี่ จำกัด สาขาเพชรบุรี,76,76120,เพชรบุรี
3655,5905,บริษัท เมอร์เคเทอร์ จำกัด,10,10110,กรุงเทพมหานคร
3656,5904,บริษัท โฟเรอเซีย อีมิสชัน คอนโทรล เทคโนโลยีส์ (ประเทศไทย),21,21140,ระยอง
3657,5903,บริษัท แพ็คฟู้ด จำกัด (มหาชน) จังหวัดสมุทรสาคร,74,74000,สมุทรสาคร
3658,5902,องค์การบริหารส่วนตำบลท่าขึ้น,80,80160,นครศรีธรรมราช
3659,5901,โรงแรม เจดับบลิว แมริออท กรุงเทพ สุขุมวิท,10,10110,กรุงเทพมหานคร
3660,5900,บริษัท ลอจิคอน เอ็นจิเนียริ่ง แอนด์ ซัพพลาย จำกัด,20,20000,ชลบุรี
3661,5899,บริษัท บางกอก เอวิเอชั่น เซ็นเตอร์ จำกัด (โรงเรียนการบินกรุงเทพ),10,10210,กรุงเทพมหานคร
3662,5898,บริษัท ทีม คอนสตรัคชั่น แมเนจเมนท์ จำกัด,10,10230,กรุงเทพมหานคร
3663,5897,บริษัท เอบีฟู้ดแอนด์เบฟเวอร์เรจส์ (ประเทศไทย) จำกัด,11,10130,สมุทรปราการ
3664,5896,บริษัท น้ำตาลและอ้อยตะวันออก จำกัด (มหาชน),27,27160,สระแก้ว
3665,5895,วิทยาลัยสาธารณสุขสิรินธร จังหวัดยะลา,95,95000,ยะลา
3666,5876,ศูนย์ส่งเสริมและพัฒนาการเรียนรู้ มหาวิทยาลัยสงขลานครินทร์ วิทยาเขตหาดใหญ่,90,90112,สงขลา
3667,5875,โรงเรียนวัดโคกเหล็ก,80,80160,นครศรีธรรมราช
3668,5855,บริษัท เมอร์เซเดส-เบนซ์ (ประเทศไทย) จํากัด,10,10120,กรุงเทพมหานคร
3669,5837,บริษัท ทูน่าพาราไดส์ จำกัด,82,82140,พังงา
3670,5836,โรงเรียนวัดมงคลสถาน,92,92170,ตรัง
3671,5835,สถาบันวิจัยวลัยรุกขเวช มหาวิทยาลัยมหาสารคาม,44,44150,มหาสารคาม
3672,5817,ศาลปกครองสงขลา,90,90100,สงขลา
3673,5816,Mountain Studio,10,10310,กรุงเทพมหานคร
3674,5815,บริษัท ไอติม กราฟิกดีไซน์ จำกัด,80,80000,นครศรีธรรมราช
3675,5796,สํานักงานอัยการสูงสุด,10,10900,กรุงเทพมหานคร
3676,5795,สำนักการประชาสัมพันธ์ต่างประเทศ กรมประชาสัมพันธ์,10,10400,กรุงเทพมหานคร
3677,5782,บริษัท เวอร์ซาไทล์ ฮาวส์ จํากัด,10,10170,กรุงเทพมหานคร
3678,5781,ที่ทำการปกครองจังหวัดยะลา,95,95000,ยะลา
3679,5780,ศูนย์การฝึกนักศึกษาวิชาทหารมณฑลทหารบกที่ 41 ค่ายวชิราวุธ,80,80000,นครศรีธรรมราช
3680,5779,โรงเรียนสวีวิทยา,86,86130,ชุมพร
3681,5778,"โรงเรียนบ้านทุ่งคา ""บุณยขจรประชาอาสา""",83,83000,ภูเก็ต
3682,5777,องค์การบริหารส่วนตำบลบานา,94,94000,ปัตตานี
3683,5776,โรงเรียนวัดท่าตลิ่งชัน,84,84130,สุราษฎร์ธานี
3684,5775,โรงเรียนเทศบาลวัดโคกสะท้อน,80,80110,นครศรีธรรมราช
3685,5774,โรงเรียนบ้านตองกาย,50,50230,เชียงใหม่
3686,5773,โรงเรียนวัดบ้านตาล,80,80280,นครศรีธรรมราช
3687,5772,โรงเรียนสิชลประชาสรรค์,80,80120,นครศรีธรรมราช
3688,5771,โรงเรียนเทศบาลวัดท่าโพธิ์,80,80000,นครศรีธรรมราช
3689,5770,โรงเรียนวัดควนวิเศษ,92,92000,ตรัง
3690,5769,โรงเรียนวัดพิศาลนฤมิต,80,80130,นครศรีธรรมราช
3691,5768,โรงเรียนสองแพรกมิตรภาพที่ 92,80,80161,นครศรีธรรมราช
3692,5767,โรงเรียนบ้านบางตะเภา,80,80240,นครศรีธรรมราช
3693,5766,โรงเรียนวัดห้วยกรวด,84,84130,สุราษฎร์ธานี
3694,5765,โรงเรียนธรรมโฆสิต,90,90310,สงขลา
3695,5764,โรงเรียนบ้านบือยอง,95,95140,ยะลา
3696,5763,โรงเรียนบ้านห้วยลึก,92,92170,ตรัง
3697,5762,โรงเรียนวัดตาลล้อม,20,20130,ชลบุรี
3698,5761,โรงเรียนบ้านห้วยต่อ,92,92150,ตรัง
3699,5760,โรงเรียนบ้านไร่ใหญ่,92,92160,ตรัง
3700,5759,โรงเรียนบ้านท่าส้ม,92,92110,ตรัง
3701,5758,โรงเรียนปทุมานุกูล,80,80160,นครศรีธรรมราช
3702,5757,บริษัท โฟโตไบโอแคร์ จำกัด,12,11120,นนทบุรี
3703,5756,สำนักงานเทศบาลตำบลควนศรี,84,84270,สุราษฎร์ธานี
3704,5755,องค์การบริหารส่วนตำบลหินตก,80,80350,นครศรีธรรมราช
3705,5735,บริษัท ไทยสแตนเลย์การไฟฟ้า จำกัด (มหาชน),13,1200,ปทุมธานี
3706,5717,บริษัท โอตานิ เรเดียล จำกัด,73,73120,นครปฐม
3707,5716,บริษัท อุตสาหกรรมมิตรมงคล จำกัด,10,10150,กรุงเทพมหานคร
3708,5715,บริษัท ศรีตรังแอโกรอินดัสทรี จำกัด (มหาชน) สาขานราธิวาส,96,96180,นราธิวาส
3709,5695,ธนาคารออมสิน สาขาพัทลุง,93,93000,พัทลุง
3710,5675,การยางแห่งประเทศไทย จังหวัดสุราษฎร์ธานี,84,84110,สุราษฎร์ธานี
3711,5656,อนันต์การบัญชี และภาษีอากร,80,80000,นครศรีธรรมราช
3712,5655,บริษัท เอเชี่ยนน้ำมันปาล์ม จำกัด,81,81110 ,กระบี่
3713,5640,บริษัท อีซูซุนครมอเตอร์เซลส์ (1991) จำกัด สาขาท่าศาลา,80,80160,นครศรีธรรมราช
3714,5639,บริษัท พันวาตรวจสอบบัญชี จำกัด,10,10310,กรุงเทพมหานคร
3715,5638,บริษัท เซอร์เทค จำกัด,80,80161,นครศรีธรรมราช
3716,5637,บริษัท เอ็นเอ็มบี - มินีแบ ไทย จำกัด โรงงานโรจนะ,14,13210,พระนครศรีอยุธยา
3717,5636,บริษัท เอ็นเอ็มบี - มินีแบ ไทย จำกัด โรงงานอยุธยา,14,13180,พระนครศรีอยุธยา
3718,5635,บริษัท ไฮ ช็อปปิ้ง จำกัด,10,10310,กรุงเทพมหานคร
3719,5615,บริษัทแอดวานซ์ อินโฟร์ เซอร์วิส จำกัด (มหาชน) AIS Shop,80,80000,นครศรีธรรมราช
3720,5595,Indira Gandhi National Center for The Arts,109,110 001,นิวเดลี
3721,5575,ศูนย์ไซเบอร์กองทัพบก,10,10200,กรุงเทพมหานคร
3722,5555,บริษัท สมบูรณ์หล่อเหล็กเหนียวอุตสาหกรรม จำกัด จังหวัดสมุทรปราการ,11,10540,สมุทรปราการ
3723,5535,บริษัท ทวีชัยฟู้ด แมนูแฟคเจอริ่ง จำกัด,90,90180,สงขลา
3724,5516,โรงพยาบาลมหาราชนครศรีธรรมราช ศูนย์คอมพิวเตอร์,80,80000,นครศรีธรรมราช
3725,5515,กองสารพันธุกรรม สถาบันนิติวิทยาศาสตร์,10,10800,กรุงเทพมหานคร
3726,5495,สถานีตำรวจภูธรเมืองภูเก็ต,83,83000,ภูเก็ต
3727,5475,บริษัท เซมเฟอร์เฟล็กซ์ เอเชีย จำกัด,90,90230,สงขลา
3728,5455,Saraburi Adventure,19,18000,สระบุรี
3729,5435,บริษัท ทีทีซี น้ําดื่มสยาม จํากัด ,13,12160,ปทุมธานี
3730,5416,บริษัท ยูกี้เวิลด์ เซลส์ แอนด์ เซอร์วิส จำกัด,10,10150,กรุงเทพมหานคร
3731,5415,บริษัท วิริยะธุรกิจ จำกัด (กองบรรณาธิการนายรอบรู้),12,11000,นนทบุรี
3732,5395,บริษัท ดีสโตน อินเตอร์เนชั่นแนล จำกัด,73,73130,นครปฐม
3733,5376,บริษัท ไปรษณีย์ไทยดิสทริบิวชั่น จํากัด,90,90110,สงขลา
3734,5375,บริษัท สยามทรัค เรเดียล จำกัด,73,73130,นครปฐม
3735,5356,บริษัท เคเอ็มไอที คอนสตรัคชั่น จำกัด,83,83110,ภูเก็ต
3736,5355,บริษัท ธรรมนิติ จำกัด (มหาชน),10,10800,กรุงเทพมหานคร
3737,5335,โรงแรม เซเลส บีชฟรอนต์ รีสอร์ต เกาะสมุย,84,84320,สุราษฎร์ธานี
3738,5316,โครงการหลวงอินทนนท์,50,50160,เชียงใหม่
3739,5315,บริษัท ไทยทาโลว์ แอนด์ ออยล์ จำกัด (สาขาไทรขึง),84,84210,สุราษฎร์ธานี
3740,5296,สมาคมนักวางแผนการเงินไทย,10,10400,กรุงเทพมหานคร
3741,5295,บริษัท ซีเอ็มเอ ซีจีเอ็ม (ไทยแลนด์) จำกัด,10,10500,กรุงเทพมหานคร
3742,5279,บริษัท โซล่าเท็กซ์พาวเวอร์ จำกัด จังหวัดประจวบคีรีขันธ์,77,77110,ประจวบคีรีขันธ์
3743,5278,บริษัท ไอเอ็นซีซีการโยธา จำกัด,96,96000,นราธิวาส
3744,5277,บริษัท ราชบุรีอิงค์เจท จำกัด,70,70000,ราชบุรี
3745,5276,บริษัท ปัถยะกร จำกัด,70,70000,ราชบุรี
3746,5275,โรงแรม ครอสทูไวบ์ บางกอก สุขุมวิท,10,10260,กรุงเทพมหานคร
3747,5258,ธนาคารออมสิน  สาขาพุนพิน,84,84130,สุราษฎร์ธานี
3748,5257,โรงแรม กะตะ พูลไซต์ รีสอร์ท,83,83100,ภูเก็ต
3749,5256,คอกวาง บีช รีสอร์ท,81,81150,กระบี่
3750,5255,ดี.อาร์. ลันตา เบย์ รีสอร์ท,81,81150,กระบี่
3751,5235,บริษัท ไทย ออปโป้ จำกัด,10,10400,กรุงเทพมหานคร
3752,5216,บริษัท แนสโก้ ชิปปิ้ง จำกัด,10,10220,กรุงเทพมหานคร
3753,5215,บริษัท วายเคพี โอเชี่ยน เซอร์วิส จำกัด,92,92110,ตรัง
3754,5196,บริษัท สรรพสินค้าเซ็นทรัล จำกัด สาขาปิ่นเกล้า,10,10700,กรุงเทพมหานคร
3755,5195,โรงแรม เอ็กซ์เทน เขาหลัก,82,82220,พังงา
3756,5175,บริษัท บี.บี.เค โลจิสติกส์ จำกัด,11,10540,สมุทรปราการ
3757,5157,บริษัท ฟีนิกส์ลาวา จำกัด,73,10170,นครปฐม
3758,5156,เอมิเรตส์ สกาย คาร์โก้,83,83110,ภูเก็ต
3759,5155,โรงพยาบาลไทยอินเตอร์เนชั่นแนล,84,84320,สุราษฎร์ธานี
3760,5141,ศูนย์วิจัยและพัฒนาการเกษตรภูเก็ต,83,83110,ภูเก็ต
3761,5140,ธนาคารเพื่อการเกษตรและสหกรณ์การเกษตร สาขาบางขัน,80,80360,นครศรีธรรมราช
3762,5139,บริษัท ออนไทม์ เทอร์มินอล จำกัด ศูนย์กระจายสินค้าทุ่งสง,80,80110,นครศรีธรรมราช
3763,5138,ธนาคารเพื่อการเกษตรและสหกรณ์การเกษตร สาขาหาดใหญ่ใน,90,90110,สงขลา
3764,5137,ธนาคารออมสิน สาขาขนอม,80,80210,นครศรีธรรมราช
3765,5136,ธนาคารออมสิน สาขาทุ่งสง,80,80110,นครศรีธรรมราช
3766,5135,ศูนย์วิจัยเศรษฐกิจและธุรกิจ ธนาคารไทยพาณิชย์,10,10900,กรุงเทพมหานคร
3767,5115,โรงแรม ลิตเติ้ล ดอนย่า,83,83000,ภูเก็ต
3768,5098,ธนาคารกรุงไทย จำกัด (มหาชน) สาขาหลังสวน,86,86100,ชุมพร
3769,5097,สำนักงานสรรพสามิตพื้นที่ตรัง,92,92000,ตรัง
3770,5096,สํานักงานที่ดินจังหวัดสงขลา สาขาหาดใหญ่,90,90230,สงขลา
3771,5095,โรงแรม วี.แอล. หาดใหญ่,90,90110,สงขลา
3772,5086,ที่ว่าการอำเภอสุไหงโก-ลก,96,96120,นราธิวาส
3773,5085,โรงแรม อาวานี ซันเซ็ท โคสต์ สมุย รีสอร์ท แอนด์ วิลล่า,84,84140,สุราษฎร์ธานี
3774,5084,ท้องตาปานรีสอร์ท,84,84280,สุราษฎร์ธานี
3775,5083,บริษัท บ้านพฤกษาเรียลเอสเตท จำกัด,80,80110,นครศรีธรรมราช
3776,5082,เอเอฟ อโรวาน่า ฟาร์ม,10,10250,กรุงเทพมหานคร
3777,5081,นวลพรรณฟาร์ม,70,70120,ราชบุรี
3778,5080,บรรจงฟาร์ม,24,24160,ฉะเชิงเทรา
3779,5079,National Institute of Advanced Industrial Science and Technology,116,,ญี่ปุ่น
3780,5078,โรงเรียนเคียงศิริ,80,80160,นครศรีธรรมราช
3781,5077,สำนักงานการท่องเที่ยวและกีฬาจังหวัดสงขลา,90,90000,สงขลา
3782,5076,บริษัท โอเชี่ยน ฮอลิเดย์ ทราเวล จำกัด,83,83110,ภูเก็ต
3783,5075,บริษัท ฟอร์ คอน จำกัด,12,11130,นนทบุรี
3784,5074,บริษัท ทรินิตี้ รีโลเคชั่น คอนซัลแทนท์ จำกัด,10,10310,กรุงเทพมหานคร
3785,5073,บริษัท พีพีเอ็ม คอนแทร็ก จำกัด,10,10510,กรุงเทพมหานคร
3786,5072,โรงแรมสวิสโฮเทล ภูเก็ต รีสอร์ท กมลาบีช,83,83150,ภูเก็ต
3787,5071,Environmental Education Center (EEC Thailand),11,10540,สมุทรปราการ
3788,5070,พิพิธภัณฑ์การเรียนรู้แห่งชาติ,10,10200,กรุงเทพมหานคร
3789,5069,บริษัท โซล่าเท็กซ์พาวเวอร์ จำกัด,12,,นนทบุรี
3790,5068,บริษัท เสนาดีเวลลอปเม้นท์ จำกัด (มหาชน),10,10310,กรุงเทพมหานคร
3791,5067,โรงแรม หาดใหญ่ฮอลิเดย์,90,90110,สงขลา
3792,5066,บริษัท ซีเนริโอ จำกัด,10,10400,กรุงเทพมหานคร
3793,5065,โรงแรมโนโวเทล บางกอก อิมแพค,12,11120,นนทบุรี
3794,5064,โรงแรม ซีโวล่า รีสอร์ท เกาะพีพี,81,81000,กระบี่
3795,5063,โรงเรียนองค์การบริหารส่วนจังหวัดสุราษฎร์ธานี 3 (บ้านนา),84,84240,สุราษฎร์ธานี
3796,5062,"Plasma Bioscience Research Center & Applied Plasma Medicine Center, KwangWoon University",133,01897,เกาหลีใต้
3797,5061,Chung Yuan Christian University,111,320,ไต้หวัน
3798,5060,ห้างหุ้นส่วนจำกัด กรีนโซน อินเตอร์ 2001,80,80000,นครศรีธรรมราช
3799,5059,โรงพยาบาลสุขสำราญ,85,85120,ระนอง
3800,5058,ตรวจคนเข้าเมืองจังหวัดชลบุรี ด่านพัทยา,20,20150,ชลบุรี
3801,5057,ภูผาอ่าวนาง รีสอร์ท แอนด์ สปา,81,81000,กระบี่
3802,5056,โรงแรม อ่าวนาง ภูพิมาน รีสอร์ท แอนด์ สปา,81,81000,กระบี่
3803,5055,บริษัท เดอะสกา ฟิล์ม จำกัด,10,10400,กรุงเทพมหานคร
3804,5048,บริษัท อายิโนะโมะโต๊ะ (ประเทศไทย) จำกัด จังหวัดสระบุรี,19,18230,สระบุรี
3805,5047,โรงแรม โคลเวอร์ หาดใหญ่,90,90110,สงขลา
3806,5046,โรงเรียนเมืองสุราษฎร์ธานี,84,84000,สุราษฎร์ธานี
3807,5045,Creative MOVE,10,10110,กรุงเทพมหานคร
3808,5044,บริษัท เดอะมั้งค์ สตูดิโอ จำกัด,10,10250,กรุงเทพมหานคร
3809,5043,ภาควิชาสรีรวิทยา คณะวิทยาศาสตร์การแพทย์ มหาวิทยาลัยนเรศวร,65,95000,พิษณุโลก
3810,5042,สำนักงานเทศบาลตำบลคลองพนพัฒนา,81,81170,กระบี่
3811,5041,Crossfirework,10,10600,กรุงเทพมหานคร
3812,5040,,10,10310,กรุงเทพมหานคร
3813,5039,สำนักงานอัยการจังหวัดตรัง,92,,ตรัง
3814,5038,Gigagamestation,10,10900,กรุงเทพมหานคร
3815,5037,เวดดิ้งภูเก็ต ดอท เน็ต,83,83130,ภูเก็ต
3816,5036,โรงเรียนดีบุกพังงาวิทยายน,82,82000,พังงา
3817,5035,Fictionlog,10,10110,กรุงเทพมหานคร
3818,5034,บริษัท เอิร์ธ มีเดีย แพลนเนอร์ จำกัด,83,83000,ภูเก็ต
3819,5033,บริษัท จีเอสดี กราฟฟิก โซลูชั่น ดิจิตอล จำกัด,83,85000,ภูเก็ต
3820,5032,มูลนิธิผสานวัฒนธรรม,10,10310,กรุงเทพมหานคร
3821,5031,"Toneyes Co., Ltd.",10,10110,กรุงเทพมหานคร
3822,5030,ธนาคารกรุงเทพ จำกัด (มหาชน),10,10500,กรุงเทพมหานคร
3823,5029,บริษัท ทีวีธันเดอร์ จำกัด (มหาชน),10,10310,กรุงเทพมหานคร
3824,5028,Buffet Production,10,10230,กรุงเทพมหานคร
3825,5027,บริษัท สามเศียร จำกัด,13,12140,ปทุมธานี
3826,5026,บริษัท บิ๊กติ๊งค์ จำกัด,10,10900,กรุงเทพมหานคร
3827,5025,บริษัท โซนิกส์ ยูธ 1999 จำกัด,10,10310,กรุงเทพมหานคร
3828,5024,สำนักงานประชาสัมพันธ์จังหวัดเชียงราย,57,57100,เชียงราย
3829,5023,บริษัท ตากใบการโยธา จำกัด,96,96110,นราธิวาส
3830,5022,Singapore Institute for Neurotechnology,105,117456,สิงคโปร์
3831,5021,บริษัท ภูเก็ต ดิจิตอล อิงค์เจ็ต จำกัด,83,83000,ภูเก็ต
3832,5020,Queensland University of Technology (QUT),106,4001,ออสเตรเลีย
3833,5019,The University of Queensland,106,4072,ออสเตรเลีย
3834,5018,บริษัท ชีโร่-บิต จำกัด (สำนักงานใหญ่),10,10120,กรุงเทพมหานคร
3835,5017,สำนักงานพัฒนาชุมชนจังหวัดเชียงราย,57,57100,เชียงราย
3836,5016,โรงเรียนนานาชาติบริติช ภูเก็ต,83,83000,ภูเก็ต
3837,5015,โรงแรม มิชชั่นฮิลล์ กอล์ฟ รีสอร์ท,83,83110,ภูเก็ต
3838,5014,พีีพี อันดามัน บีช รีสอร์ท,81,81210,กระบี่
3839,5013,สายการบินซิลค์แอร์ ท่าอากาศยานภูเก็ต,83,83120,ภูเก็ต
3840,5012,บริษัท เมก้า คอสเมติก (ประเทศไทย) จำกัด,12,11140,นนทบุรี
3841,5011,กองตรวจพิสูจน์ทางวิทยาศาสตร์ สถาบันนิติวิทยาศาสตร์,10,10210,กรุงเทพมหานคร
3842,5010,ที่ว่าการอำเภอกะเปอร์,85,85120,ระนอง
3843,5009,บริษัท อาฟเตอร์ชู้ท จำกัด,10,10310,กรุงเทพมหานคร
3844,5008,บริษัท อิ่มทรัพย์ คูซีน จำกัด,10,10330,กรุงเทพมหานคร
3845,5007,บริษัท ซีเอ็มโอ จำกัด (มหาชน),10,10230,กรุงเทพมหานคร
3846,5006,สำนักงานกฎหมาย เอส.เค. ทนายความ,81,81000  ,กระบี่
3847,5005,สำนักงานสุราษฎร์นครนิติธรรมทนายความ,80,80000,นครศรีธรรมราช
3848,5004,สำนักงานทนายความชลสิทธิ แก้วยะรัตน์,83,83000,ภูเก็ต
3849,5003,สำนักงานกฎหมายและคดี สำนักงานตำรวจแห่งชาติ,10,10330,กรุงเทพมหานคร
3850,5002,สำนักงานกฎหมายคนึงธรรมนิติ,83,83000,ภูเก็ต
3851,5001,สำนักกฎหมายธรรมนิติ,10,10330,กรุงเทพมหานคร
3852,5000,สถานีตำรวจภูธรพุนพิน,84,84130,สุราษฎร์ธานี
3853,4999,ศาลเยาวชนและครอบครัวกลาง,10,10900,กรุงเทพมหานคร
3854,4998,มูลนิธิศูนย์ทนายความมุสลิมจังหวัดปัตตานี,94,94000,ปัตตานี
3855,4997,บริษัท สยามลีกัล แอนด์ แอดไวเซอร์ จํากัด,90,90110,สงขลา
3856,4996,กรมสอบสวนคดีพิเศษ,10,10210,กรุงเทพมหานคร
3857,4995,โรงแรม โรบินสัน เขาหลัก,82,82220,พังงา
3858,4983,บริษัท บ้านซูซูกิ จำกัด,90,90110,สงขลา
3859,4982,ภาควิชาเภสัชเคมี คณะเภสัชศาสตร์ มหาวิทยาลัยขอนแก่น,40,4002,ขอนแก่น
3860,4981,University of the Philippines Los Banos,125,4031,ฟิลิปปินส์
3861,4980,True Axion Interactive,10,10310,กรุงเทพมหานคร
3862,4979,โรงเรียนอนุบาลบ้านคลองสระ,84,84160,สุราษฎร์ธานี
3863,4978,บริษัท บี เทค อินดัสตรี จำกัด,90,90180,สงขลา
3864,4977,ธนาคารเพื่อการเกษตรและสหกรณ์การเกษตร  สาขาจุฬาภรณ์,80,80130,นครศรีธรรมราช
3865,4976,บริษัท วอส ไวร์ไลน์ เซอร์วิสเซส จํากัด,10,10310,กรุงเทพมหานคร
3866,4975,โรงพยาบาลสมิติเวช สุขุมวิท,10,10110,กรุงเทพมหานคร
3867,4959,บริษัท เพลินจิต จำกัด,10,10330,กรุงเทพมหานคร
3868,4958,โรงแรม อาว่า รีสอร์ท แอนสปา ขนอม,80,80210,นครศรีธรรมราช
3869,4957,โรงแรมกีมาลา,83,83150,ภูเก็ต
3870,4956,ดิ เอ็นจันทรา พูลสวีท เรสซิเดนเซส,83,83000,ภูเก็ต
3871,4955,บริษัท ฉลองปิโตรเลียม จำกัด,83,83130,ภูเก็ต
3872,4936,"Great Me Thai Therapy Zhuhai, China",103,519000,จีน
3873,4935,บริษัท กรีนเน็ต 1282 จำกัด,12,11000,นนทบุรี
3874,4934,มูลนิธิสื่อเพื่อการศึกษาของชุมชน,10,10700,กรุงเทพมหานคร
3875,4933,โรงแยกก๊าซธรรมชาติระยอง บริษัท ปตท. จำกัด (มหาชน),21,21150,ระยอง
3876,4932,วิทยาลัยเทคนิคสุราษฎร์ธานี,84,84000,สุราษฎร์ธานี
3877,4931,บริษัท วิศวกรที่ปรึกษาเอ็คโก จำกัด,90,90110,สงขลา
3878,4930,บริษัท  พร้อมมิตรเคมี จำกัด,21,21150,ระยอง
3879,4929,บริษัท เค.เอ็ม. อินเตอร์แล็บ จำกัด,11,10570,สมุทรปราการ
3880,4928,บริษัท ธีรการพัฒนา จำกัด,10,10400,กรุงเทพมหานคร
3881,4927,โรงเรียนอ่าวลึกประชาสรรค์,81,81110,กระบี่
3882,4926,โรงเรียนวิเชียรมาตุ,92,92000,ตรัง
3883,4925,โรงเรียนคณะราษฎรบํารุง จังหวัดยะลา,95,95000,ยะลา
3884,4924,โรงเรียนสภาราชินี 2,92,92000,ตรัง
3885,4923,"Royal Thai Consulate - General, Guangzhun",103,510310,จีน
3886,4922,โครงการชลประทานภูเก็ต (เขื่อนบางวาด),83,83120,ภูเก็ต
3887,4921,โรงเรียนบางสะพานวิทยา,77,77140,ประจวบคีรีขันธ์
3888,4920,โรงเรียนเทพมิตรศึกษา,84,84000,สุราษฎร์ธานี
3889,4919,โรงเรียนทุ่งสง,80,80110,นครศรีธรรมราช
3890,4918,บริษัท อําพลฟูดส์ โพรเซสซิ่ง จํากัด จังหวัดนครปฐม,73,73220,นครปฐม
3891,4917,บริษัท สุราษฎร์ซีฟู้ดส์ จำกัด,84,84130,สุราษฎร์ธานี
3892,4916,Wedding Idea and The Event Thailand,84,84320,สุราษฎร์ธานี
3893,4915,โรงแรม บุณฑรีย์ สปา รีสอร์ท แอนด์ วิลล่า สมุย,84,84320,สุราษฎร์ธานี
3894,4914,"Top Grove Sdn. Bhd., Malaysia",107,41050,มาเลเซีย
3895,4913,โรงแรม ไอบิส กรุงเทพ สยาม,10,10330,กรุงเทพมหานคร
3896,4912,แพปลาโกศิษย์,85,85000,ระนอง
3897,4911,บริษัท พีซีเอส เอ็นจิเนียริ่ง โซลูชั่น จำกัด,10,10260,กรุงเทพมหานคร
3898,4910,บริษัท เมอส์ก ไลน์ (ไทยแลนด์) จํากัด,10,10120,กรุงเทพมหานคร
3899,4909,ธนาคารเพื่อการเกษตรและสหกรณ์การเกษตร สาขาปากคลอง,93,93150,พัทลุง
3900,4908,โรงแรม คริสตัล โฮเต็ล หาดใหญ่,90,90110,สงขลา
3901,4907,บริษัท ท่าฉางสวนปาล์มน้ำมันอุตสาหกรรม จำกัด,84,84150,สุราษฎร์ธานี
3902,4906,สำนักงานพัฒนาสังคมและความมั่นคงของมนุษย์จังหวัดตรัง,92,92000,ตรัง
3903,4905,ธนาคารเพื่อการเกษตรและสหกรณ์การเกษตร สาขาลำทับ,81,81190,กระบี่
3904,4904,สมาคมส่งเสริมผู้ลงทุนไทย,10,10400,กรุงเทพมหานคร
3905,4903,บริษัท หลักทรัพย์ เอเชียพลัส จำกัด (มหาชน),10,10120,กรุงเทพมหานคร
3906,4902,โรงแรมอคิรา บีช คลับ,82,82140,พังงา
3907,4901,โรงแรม โคซี่ สมุย เฉวง บีช,84,84320,สุราษฎร์ธานี
3908,4900,บริษัท ทีคิวเอ็ม อินชัวร์รันส์ โบรคเกอร์ จํากัด,10,10230,กรุงเทพมหานคร
3909,4899,บริษัท หลักทรัพย์ เคทีบี (ประเทศไทย) จำกัด,10,10330,กรุงเทพมหานคร
3910,4898,ศูนย์ฝึกปฏิบัติการอาหารวลัยลักษณ์ สำนักวิชาการจัดการ มหาวิทยาลัยวลัยลักษณ์,80,80161,นครศรีธรรมราช
3911,4897,โรงแรม ศาลาสมุย เฉวง บีช,84,84320,สุราษฎร์ธานี
3912,4896,โรงแรม เซ็นทารา ซีวิว รีสอร์ท เขาหลัก,82,82190,พังงา
3913,4895,โรงแรม เขาหลักเมอร์ลิน รีสอร์ท,82,82120,พังงา
3914,4894,บริษัท ฟาร์เมช จำกัด,80,80000,นครศรีธรรมราช
3915,4893,สำนักงานสรรพากรพื้นที่เชียงใหม่ 1,50,50300,เชียงใหม่
3916,4892,สำนักงานวัฒนธรรมจังหวัดตรัง,92,92000,ตรัง
3917,4891,บริษัท ชีวาทัย จำกัด (มหาชน),10,10120,กรุงเทพมหานคร
3918,4890,โรงแรม ชาวเกาะ พีพี โฮเทล แอนด์ รีสอร์ท,81,81210,กระบี่
3919,4889,ที่ว่าการอำเภอพนม,84,84250,สุราษฎร์ธานี
3920,4888,บริษัท สุขพัฒนกิจ จำกัด,20,20150,ชลบุรี
3921,4887,บริษัท ดีเอชแอล เอ๊กซ์เพรส อินเตอร์เนชั่นแนล (ประเทศไทย) จำกัด,11,10540,สมุทรปราการ
3922,4886,ศาลจังหวัดภูเก็ต,83,83000,ภูเก็ต
3923,4885,ศาลจังหวัดกระบี่,81,81000,กระบี่
3924,4884,บริษัท รอยัลพารากอน ภูเก็ต จำกัด,83,83130,ภูเก็ต
3925,4883,บริษัท ตรังผลิตภัณฑ์อาหารทะเล จำกัด (มหาชน),92,92000,ตรัง
3926,4882,Globe Morocco Association for Environment,132,,ราชอาณาจักรโมร็อคโก
3927,4881,สำนักงานนโยบายและแผนการขนส่งและจราจร,10,10400,กรุงเทพมหานคร
3928,4880,โรงแรม ป่าตอง เพิร์ล,83,83150,ภูเก็ต
3929,4879,สำนักงานส่งเสริมการค้าในต่างประเทศ ณ กรุงปราก สาธารณรัฐเช็ก,130,,สาธารณรัฐเช็ก
3930,4878,สำนักวิชาพยาบาลศาสตร์ มหาวิทยาลัยวลัยลักษณ์,80,80161,นครศรีธรรมราช
3931,4877,สำนักงานเทศบาลตำบลหัวไทร,80,80170,นครศรีธรรมราช
3932,4876,บริษัท ยายบัวการช่าง จํากัด,83,83120,ภูเก็ต
3933,4875,บริษัท 10บิต เดเวลอปเมนต์ จำกัด,11,10540,สมุทรปราการ
3934,4874,บริษัท โอริสมา เทคโนโลยี จำกัด,10,10250,กรุงเทพมหานคร
3935,4873,บริษัท แคน อินโนเวชั่น จำกัด,10,10310,กรุงเทพมหานคร
3936,4872,บริษัท ซีพีเอฟ (ประเทศไทย) จำกัด (มหาชน) สาขาสุราษฎร์ธานี,84,84000,สุราษฎร์ธานี
3937,4871,โรงแรม อันดามัน ลันตา รีสอร์ท,81,81150,กระบี่
3938,4870,โรงเรียนกิตติวิทย์,90,90110,สงขลา
3939,4869,บริษัท อีเวนท์ แทรเวล เอเชีย จำกัด,10,10120,กรุงเทพมหานคร
3940,4868,โรงแรม เซิร์ฟ โฮเทล ป่าตอง,83,83150,ภูเก็ต
3941,4867,โรงแรมอนันดา ลันตา รีสอร์ท,81,81150,กระบี่
3942,4866,Royal Thai Consulate Perth,106,6872,ออสเตรเลีย
3943,4865,บริษัท อินเตอร์ ฟาร์อีสท์ วินด์ อินเตอร์เนชั่นแนล จำกัด จังหวัดนครศรีธรรมราช,80,80140,นครศรีธรรมราช
3944,4864,สำนักงานคลังจังหวัดนครศรีธรรมราช,80,80000,นครศรีธรรมราช
3945,4863,อ่าวนาง ปริ๊นซ์วิลล์ รีสอร์ท แอนด์ สปา,81,81000,กระบี่
3946,4862,โรงแรม แนป ป่าตอง,83,83150,ภูเก็ต
3947,4861,ห้างหุ้นส่วนจำกัด เอกมอเตอร์ 2008,80,80000,นครศรีธรรมราช
3948,4860,อินเตอร์มีเดีย ดีไซน์,90,90110,สงขลา
3949,4859,ศูนย์วิจัยและพัฒนาประมงชายฝั่งตรัง,92,92150,ตรัง
3950,4858,บริษัท ซีล เทค อินเตอร์เนชั่นแนล จำกัด,10,10310,กรุงเทพมหานคร
3951,4857,โรงแรม มันดาราวา รีสอร์ท แอนด์ สปา ภูเก็ต,83,83100,ภูเก็ต
3952,4856,โรงแรมทินิดี แอท ระนอง,85,85000,ระนอง
3953,4855,ที่ว่าการอำเภอบันนังสตา,95,95130,ยะลา
3954,4839,บริษัท ฉลองกระจก เอ็นเตอร์ไพรส์ จำกัด,83,83130,ภูเก็ต
3955,4838,มาเลเซียแอร์ไลน์ (สำนักงานใหญ่ ประจำประเทศไทย),10,10110,กรุงเทพมหานคร
3956,4837,บริษัท เอ-วอท โกลเบิล โลจิสติกส์ (ไทยแลนด์) จำกัด,10,10520,กรุงเทพมหานคร
3957,4836,บริษัท สปีดีชั่น จำกัด,11,10540,สมุทรปราการ
3958,4835,บริษัท แลนด์โก้สปอร์ต แอนด์ มิวสิคเคิล จำกัด,10,10150,กรุงเทพมหานคร
3959,4834,ปิยวรรณ แก้วกำแหงก่อสร้าง,83,83120,ภูเก็ต
3960,4833,บริษัท พี.เอส. คอนแทคท์ ฟาร์มมิ่ง จำกัด,80,80000,นครศรีธรรมราช
3961,4832,บริษัท เลี่ยนอุดม จำกัด,83,83000,ภูเก็ต
3962,4831,บริษัท มิตซูบิชิ มอเตอร์ (ประเทศไทย) จำกัด,20,20230,ชลบุรี
3963,4830,บริษัท ซีพี ออลล์ จำกัด (มหาชน) ศูนย์กระจายสินค้า CDC ภูเก็ต,83,83110,ภูเก็ต
3964,4829,สโมสร ดับบลิวยู เมืองคอน ยูไนเต็ด,80,80000,นครศรีธรรมราช
3965,4828,ที่ว่าการอำเภอหัวไทร,80,80170,นครศรีธรรมราช
3966,4827,ที่ว่าการอำเภอหาดใหญ่,90,90110,สงขลา
3967,4826,สันธิญา เกาะยาวใหญ่ รีสอร์ท แอนด์ สปา,82,83000,พังงา
3968,4825,Phranakhon Thai Pty. Ltd.,106,2575,ออสเตรเลีย
3969,4824,บริษัท หลักทรัพย์ ยูโอบี เคย์เฮียน (ประเทศไทย) จำกัด (มหาชน) สาขานครศรีธรรมราช 2,80,80000,นครศรีธรรมราช
3970,4823,สำนักงานพิพิธภัณฑ์เกษตรเฉลิมพระเกียรติพระบาทสมเด็จพระเจ้าอยู่หัว (องค์การมหาชน),13,12120,ปทุมธานี
3971,4822,โนโวเทล ภูเก็ต กะรน บีช รีสอร์ท แอนด์ สปา,83,83100,ภูเก็ต
3972,4821,กานดา เรสซิเดนส์ พูล วิลล่า,84,84320,สุราษฎร์ธานี
3973,4820,โรงแรมกระบี่ ซีบาส,81,81000,กระบี่
3974,4819,บริษัท วู้ดเวอร์ค กรุ๊ป จำกัด,92,92130,ตรัง
3975,4818,องค์การบริหารส่วนตำบลกะหรอ,80,80160,นครศรีธรรมราช
3976,4817,บริษัท เบทาโกรเกษตรอุตสาหกรรม จำกัด สาขาสตูล,91,91000,สตูล
3977,4816,บริษัท เบทาโกรเกษตรอุตสาหกรรม จำกัด สาขาภูเก็ต,83,83000,ภูเก็ต
3978,4815,โรงแรมบีช รีพับลิค สมุย,84,84310,สุราษฎร์ธานี
3979,4814,บริษัท จาร์ดีน เอ็นจิเนียริ่ง จำกัด,10,10110,กรุงเทพมหานคร
3980,4813,บริษัท โลเคิล อไลค์ จำกัด,10,10400,กรุงเทพมหานคร
3981,4812,สำนักงานเขตพื้นที่การศึกษามัธยมศึกษา เขต 12,80,80000,นครศรีธรรมราช
3982,4811,โรงแรม เดวา ในยาง รีสอร์ท ภูเก็ต,83,83110,ภูเก็ต
3983,4810,ธนาคารพัฒนาวิสาหกิจขนาดกลางและขนาดย่อมแห่งประเทศไทย สาขาปัตตานี,94,94000,ปัตตานี
3984,4809,บริษัท พีดีซีเอส กรุ๊ป จำกัด,83,83000,ภูเก็ต
3985,4808,บริษัท รสา ทาวเวอร์ จำกัด,10,10900,กรุงเทพมหานคร
3986,4807,ธนาคารออมสิน ภาค 17,80,80000,นครศรีธรรมราช
3987,4806,บริษัท เบทาโกรเกษตรอุตสาหกรรม จำกัด สาขาตรัง,92,92000,ตรัง
3988,4805,โรงแรม เซ็นทาราแกรนด์ ไอส์แลนด์ รีสอร์ท และ สปา มัลดีฟส์,131,,สาธารณรัฐมัลดีฟส์
3989,4804,โรงแรม ลา ฟลอร่า รีสอร์ท ป่าตอง,83,83150,ภูเก็ต
3990,4803,ธนาคารเพื่อการเกษตรและสหกรณ์การเกษตร สาขาชุมพร,86,86000,ชุมพร
3991,4802,สำนักงานไปรษณีย์เขต 7,70,70000,ราชบุรี
3992,4801,สิงห์ปาร์ค เชียงราย,57,57000,เชียงราย
3993,4800,โรงแรม บลูโอเชี่ยน รีสอร์ท,83,83150,ภูเก็ต
3994,4799,บริษัท ปตท. จำกัด (มหาชน) ศูนย์ปฏิบัติการชลบุรี,20,20000,ชลบุรี
3995,4798,ศูนย์กสิกรรมธรรมชาติมาบเอื้อง,20,20170,ชลบุรี
3996,4797,คราวน์ ลันตา รีสอร์ท แอนด์สปา,81,81150,กระบี่
3997,4796,บริษัท กู๊ดส์ (ประเทศไทย) จำกัด,80,80000,นครศรีธรรมราช
3998,4795,องค์การบริหารส่วนตำบลไสไทย,81,81000,กระบี่
3999,4794,องค์การบริหารส่วนตำบลกรุงชิง,80,80160,นครศรีธรรมราช
4000,4793,สำนักงานประชาสัมพันธ์จังหวัดสงขลา,90,90000,สงขลา
4001,4792,"State Library of New South Wales, Sydney, Australia",106,,ออสเตรเลีย
4002,4791,สำนักงานส่งเสริมการค้าระหว่างประเทศ กรุงโอซาก้า ประเทศญี่ปุ่น,116,,ญี่ปุ่น
4003,4790,สถานกงสุลใหญ่ ณ เมืองกัลกัตตา อินเดีย,129,700019,อินเดีย
4004,4789,National Library of the Czech Republic,130,,สาธารณรัฐเช็ก
4005,4788,"Library of Jawaharlal Nehru University, New Delhi, India",129,110067,อินเดีย
4006,4787,สำนักตรวจสอบ ป้องกันและปราบปราม กรมสรรพสามิต,10,10300,กรุงเทพมหานคร
4007,4786,ธนาคารพัฒนาวิสาหกิจขนาดกลางและขนาดย่อมแห่งประเทศไทย  สาขาสงขลา,90,90000,สงขลา
4008,4785,โรงแรม ฮอไรซัน ป่าตอง บีช รีสอร์ท แอนด์ สปา,83,83150,ภูเก็ต
4009,4784,สมาคมนักวิเคราะห์การลงทุน,10,10400,กรุงเทพมหานคร
4010,4783,บริษัท ฟอร์ด มอเตอร์ คัมปะนี (ประเทศไทย) จำกัด,21,21140,ระยอง
4011,4782,บริษัท บ๊อช ออโตโมทีฟ (ประเทศไทย) จำกัด,21,21140,ระยอง
4012,4781,สำนักงานเทศบาลตำบลท่าข้าม จังหวัดตรัง,92,92120,ตรัง
4013,4780,ห้างหุ้นส่วนจำกัด ภูมิ พีคอนส์,65,65000,พิษณุโลก
4014,4779,ที่ทำการปกครองจังหวัดสงขลา,90,90000,สงขลา
4015,4778,Universitas Negeri Surabaya,104,,อินโดนีเซีย
4016,4777,โรงแรม ดรีม โฮเทล แอนด์ สปา,83,83110,ภูเก็ต
4017,4776,บริษัท บาแรมยู จำกัด,10,10310,กรุงเทพมหานคร
4018,4775,"Western Digital (M) Sdn. Bhd.,",107,47300,มาเลเซีย
4019,4757,องค์การบริหารส่วนตำบลโพธิ์ทอง,80,80160,นครศรีธรรมราช
4020,4756,สำนักงานวัฒนธรรมจังหวัดนครศรีธรรมราช,80,80000,นครศรีธรรมราช
4021,4755,สำนักงานอธิบดีผู้พิพากษาภาค 8 จังหวัดสุราษฎร์ธานี,84,84100,สุราษฎร์ธานี
4022,4749,บริษัท ทองมงคลอุตสาหกรรมน้ำมันปาล์ม จำกัด,77,77230,ประจวบคีรีขันธ์
4023,4748,สำนักงานพัฒนาสังคมและความมั่นคงของมนุษย์จังหวัดพัทลุง,93,93000,พัทลุง
4024,4747,บริษัท สยามนิสสัน ปัตตานี (2000) (สาขาหาดใหญ่),90,90110,สงขลา
4025,4746,โรงแรม อ่าวนาง ฟีโอเร่ รีสอร์ท,81,81180,กระบี่
4026,4745,บริษัท บริลเลี่ยนท์ พาวเวอร์ จำกัด,10,10104,กรุงเทพมหานคร
4027,4744,ที่ทำการปกครองอำเภอเมืองนครศรีธรรมราช,80,80000,นครศรีธรรมราช
4028,4743,บริษัท ยูนิลีเวอร์ไทยโฮลดิ้งส์ จำกัด  (นิคมอุตสาหกรรมเกตเวย์),24,24190,ฉะเชิงเทรา
4029,4742,บริษัท คลาส แอ็ค มีเดีย จำกัด,83,83100,ภูเก็ต
4030,4741,โรงแรมแมนดี้นก,80,80000,นครศรีธรรมราช
4031,4740,บริษัท อีคอน พลัส จำกัด,10,10510,กรุงเทพมหานคร
4032,4739,บริษัท ที เอส อินเตอร์ซีทส์ จำกัด,11,10540,สมุทรปราการ
4033,4738,ที่ทำการปกครองจังหวัดระนอง,85,85000,ระนอง
4034,4737,Impiana Klcc Hotel & Spa,107,50450,มาเลเซีย
4035,4736,Hotel Stripes Kuala Lumpur,107,50300,มาเลเซีย
4036,4735,นิตยสารเที่ยวรอบโลก (Travel Around The World Magazine),10,10220,กรุงเทพมหานคร
4037,4734,โรงเรียนกะทู้วิทยา,83,83120,ภูเก็ต
4038,4733,มูลนิธิทรัพยากรเอเชีย,10,10800,กรุงเทพมหานคร
4039,4732,ภาควิชาเคมี คณะวิทยาศาสตร์ มหาวิทยาลัยเกษตรศาสตร์,10,10900,กรุงเทพมหานคร
4040,4731,ห้องปฏิบัติการวัสดุวิศวกรรมนาโนเพื่อสิ่งแวดล้อม หน่วยวิจัยเกษตรนาโนและสิ่งแวดล้อม ศูนย์นาโนเทคโนโลยีแห่งชาติ,13,12120,ปทุมธานี
4041,4730,ราชาวดีฟาร์ม 1,92,92150,ตรัง
4042,4729,เมกะ มาร์เก็ต เวียดนาม,115,,เวียดนาม
4043,4728,Bangkok Restaurant Auckland,127,1010,นิวซีแลนด์
4044,4727,บริษัท อาหารสยาม จำกัด (มหาชน) โรงงานชลบุรี,20,20170,ชลบุรี
4045,4726,โรงพยาบาลองค์การบริหารส่วนจังหวัดภูเก็ต,83,83000,ภูเก็ต
4046,4725,นานามิ แอนิเมชั่น,10,10900,กรุงเทพมหานคร
4047,4724,บริษัท ชิก ฟู๊ดส์ (ประเทศไทย) จํากัด,77,77140,ประจวบคีรีขันธ์
4048,4723,ซแลพแดช สตูดิโอ,10,10600,กรุงเทพมหานคร
4049,4722,โรงแรม เดอะ ชาร์ม รีสอร์ท ภูเก็ต,83,83150,ภูเก็ต
4050,4721,บริษัท อิงลิช อินสไปร์ บาย ครูปอ จำกัด,10,10330,กรุงเทพมหานคร
4051,4720,สำนักงานเทศบาลตำบลคุระบุรี,82,82150,พังงา
4052,4719,สถานเอกอัครราชทูตไทย ณ กรุงนิวเดลี,129,110057,อินเดีย
4053,4718,บริษัท แอร์โร มีเดีย จํากัด,83,,ภูเก็ต
4054,4717,โรงแรม ชูการ์ มารีน่า รีสอร์ท นอติคอล กะตะบีช,83,83100,ภูเก็ต
4055,4716,โรงเรียนเตรียมอุดมศึกษาภาคใต้,80,80000,นครศรีธรรมราช
4056,4715,สำนักงานขนส่งจังหวัดนครปฐม,73,73000,นครปฐม
4057,4714,ศูนย์วิจัยและพัฒนาการเพาะเลี้ยงสัตว์น้ำชายฝั่งจันทบุรี,22,22000,จันทบุรี
4058,4713,ชัยยุทธิ์ ฟาร์ม,73,73150,นครปฐม
4059,4712,สุรียรัตน ฟาร์ม,22,22130,จันทบุรี
4060,4711,ทักษิณ มารีน ฟาร์ม,85,85000,ระนอง
4061,4710,ธนาคารเพื่อการเกษตรและสหกรณ์การเกษตร สาขาลานสกา,80,80230,นครศรีธรรมราช
4062,4709,Hai Phong University,115,,เวียดนาม
4063,4708,โรงแรม อาลามะ รีสอร์ท แอนด์ สปา,81,81150,กระบี่
4064,4707,บริษัท พัฒนาสิ่งแวดล้อมและพลังงานไทย จำกัด,13,12150,ปทุมธานี
4065,4706,บริษัท อาหารสัตว์ไทยสวนหลวง จำกัด สาขาจังหวัดนครศรีธรรมราช,80,80000,นครศรีธรรมราช
4066,4705,สำนักงานอัยการจังหวัดสุราษฎร์ธานี,84,84000,สุราษฎร์ธานี
4067,4704,ที่ว่าการอำเภอสวี,86,86130,ชุมพร
4068,4703,บริษัท อีเว้นท์ไทย จำกัด,12,11120,นนทบุรี
4069,4702,"Good All Co., Ltd.",115,,เวียดนาม
4070,4701,บริษัท วี แอนด์ ที กิจเจริญ จำกัด,115,,เวียดนาม
4071,4700,โรงพยาบาลพระยุพราชเวียงสระ,84,84190,สุราษฎร์ธานี
4072,4699,บริษัท จี สตีล จำกัด (มหาชน),21,21120,ระยอง
4073,4698,บริษัท โดลไทยแลนด์ จำกัด จังหวัดประจวบคีรีขันธ์,77,77110,ประจวบคีรีขันธ์
4074,4697,บริษัท วี แอนด์ พี เฟร็ชฟูดส์ จำกัด,50,50140,เชียงใหม่
4075,4696,บริษัท ซี.พี. เกษตรอุตสาหกรรม จำกัด จังหวัดชุมพร,86,,ชุมพร
4076,4695,สำนักงานศาลปกครองนครศรีธรรมราช,80,80000,นครศรีธรรมราช
4077,4694,บริษัท วีพีเอฟ กรุ๊ป (1973) จำกัด สาขา 2 (ฟาร์มแม่ริม),50,50180,เชียงใหม่
4078,4693,ศูนย์วิจัยและพัฒนาพันธุกรรมสัตว์น้ำ จังหวัดนครศรีธรรมราช,80,80120,นครศรีธรรมราช
4079,4692,สำนักงานสวัสดิการและคุ้มครองแรงงานจังหวัดสงขลา สาขาหาดใหญ่,90,90110,สงขลา
4080,4691,องค์การบริหารส่วนตำบลโมคลาน,80,80160,นครศรีธรรมราช
4081,4690,บริษัท แคนนิว้าว สตูดิโอ จำกัด,10,,กรุงเทพมหานคร
4082,4689,การท่องเที่ยวแห่งประเทศไทย สำนักงานพังงา,82,82000,พังงา
4083,4688,ศาลจังหวัดสุราษฎร์ธานี,84,84000,สุราษฎร์ธานี
4084,4687,โรงพิมพ์ประยูรการพิมพ์,80,80000,นครศรีธรรมราช
4085,4686,การไฟฟ้าฝ่ายผลิตแห่งประเทศไทย สำนักงานหาดใหญ่,90,90110,สงขลา
4086,4685,บริษัท กรีนสปอต (ประเทศไทย) จำกัด (โรงงานจังหวัดปทุมธานี),13,12130,ปทุมธานี
4087,4684,บริษัท ไทยเจอร์เทค จํากัด,10,10110,กรุงเทพมหานคร
4088,4683,ที่ทำการปกครองจังหวัดชุมพร,86,86000,ชุมพร
4089,4682,ที่ว่าการอำเภอพะโต๊ะ,86,86180,ชุมพร
4090,4681,ศาลจังหวัดสงขลา,90,90000,สงขลา
4091,4680,ห้างหุ้นส่วนจำกัด ปณัฐติยาการบัญชีและธุรกิจ,81,8100,กระบี่
4092,4679,สำนักงานสอบบัญชีวิเชียร,81,81000,กระบี่
4093,4678,สำนักงานการตรวจเงินแผ่นดินจังหวัดกระบี่,81,81000,กระบี่
4094,4677,สำนักงานตรวจบัญชีสหกรณ์กระบี่,81,81000,กระบี่
4095,4676,สำนักงานศึกษาธิการจังหวัดนครศรีธรรมราช,80,80000,นครศรีธรรมราช
4096,4675,สำนักงานส่งเสริมการปกครองท้องถิ่นจังหวัดพัทลุง,93,93000,พัทลุง
4097,4674,ที่ว่าการอำเภอเขาพนม จังหวัดกระบี่,81,81140,กระบี่
4098,4673,สำนักงานเทศบาลตำบลตันหยงมัส,96,96130,นราธิวาส
4099,4672,สำนักงานส่งเสริมการปกครองท้องถิ่นจังหวัดนราธิวาส,96,96000,นราธิวาส
4100,4671,ที่ว่าการอำเภอเหนือคลอง,81,81130,กระบี่
4101,4670,ที่ทำการปกครองอำเภอลานสกา,80,80230,นครศรีธรรมราช
4102,4669,สิรีน พร๊อพเพอร์ตี้ แอดน์ ดีเวลลอปเม้นท์ จำกัด,83,83000,ภูเก็ต
4103,4668,ที่ว่าการอำเภอตะกั่วป่า,82,82110,พังงา
4104,4667,สำนักงานพาณิชย์จังหวัดขอนแก่น,40,40000,ขอนแก่น
4105,4666,บริษัท ไดมอนด์ ซี มารีน จำกัด,83,83000,ภูเก็ต
4106,4665,บริษัท ซีวิลเอนจีเนียริง จำกัด (มหาชน),83,83130,ภูเก็ต
4107,4664,สำนักงานเทศบาลตำบลป่าคลอก,83,83110,ภูเก็ต
4108,4663,สำนักงานพัฒนาสังคมและความมั่นคงของมนุษย์จังหวัดสงขลา,90,90000,สงขลา
4109,4662,วิทยาลัยอาชีวศึกษานครศรีธรรมราช,80,80000,นครศรีธรรมราช
4110,4661,สำนักงานตรวจบัญชีสหกรณ์ภูเก็ต,83,83000,ภูเก็ต
4111,4660,ธนาคารเพื่อการเกษตรและสหกรณ์การเกษตร สาขาบ้านนาสาร,84,84120,สุราษฎร์ธานี
4112,4659,โรงแรมอินเตอร์คอนติเนนตัล หัวหิน รีสอร์ท,77,77110,ประจวบคีรีขันธ์
4113,4658,ธนาคารเพื่อการเกษตรและสหกรณ์การเกษตร สาขาสุราษฎร์ธานี,84,84000,สุราษฎร์ธานี
4114,4657,สำนักงานเขตพื้นที่การศึกษาประถมศึกษาภูเก็ต,83,83000,ภูเก็ต
4115,4656,กรมส่งเสริมและพัฒนาคุณภาพชีวิตคนพิการ,10,10400,กรุงเทพมหานคร
4116,4655,สำนักงานปลัดกระทรวงวัฒนธรรม,10,10320,กรุงเทพมหานคร
4117,4650,โรงแรมอันดาคีรา,83,83150,ภูเก็ต
4118,4649,บริษัท โปรเจคซอฟท์ จำกัด,40,40000,ขอนแก่น
4119,4648,บริษัท สยามไฟเบอร์บอร์ด จํากัด,90,90230,สงขลา
4120,4647,บริษัท ควอล-โปร คอร์เปอเรชั่น (ประเทศไทย) จำกัด,14,13160,พระนครศรีอยุธยา
4121,4646,สายการบินสปริงแอร์ไลน์ ท่าอากาศยานสุราษฎร์ธานี,84,84130,สุราษฎร์ธานี
4122,4645,โรงแรม โฟร์ซีซั่นส์ รีสอร์ท เชียงใหม่,50,50180,เชียงใหม่
4123,4644,การประปาส่วนภูมิภาค สาขาพังงา,82,82000,พังงา
4124,4643,บริษัท เมเจอร์ซีนีเพล็กซ์ กรุ้ป จำกัด (มหาชน),10,10900,กรุงเทพมหานคร
4125,4642,บริษัท ธนาธร คอนสตรัคชั่น จํากัด,10,10310,กรุงเทพมหานคร
4126,4641,บริษัท โอเคคลีนิก จำกัด,10,10310,กรุงเทพมหานคร
4127,4640,บริษัท ท่าเรือราชาเฟอร์รี่ จำกัด (มหาชน),84,84220,สุราษฎร์ธานี
4128,4639,บริษัท คลาวด์ นายน์ ครีเอชั่น จำกัด,10,10310,กรุงเทพมหานคร
4129,4638,โรงแรม ซิกเนเจอร์ พัทยา,20,20150,ชลบุรี
4130,4637,สำนักช่วยเหลือผู้ประสบภัย กรมป้องกันและบรรเทาสาธารณภัย กระทรวงมหาดไทย,10,13000,กรุงเทพมหานคร
4131,4636,บริษัท อุ๊คบี ยู จำกัด,10,10250,กรุงเทพมหานคร
4132,4635,โรงแรม สลีพ วิธ มี ดีไซน์ โฮเต็ล แอท ป่าตอง,83,83150,ภูเก็ต
4133,4634,บริษัท พีดี เฮ้าส์ อินเตอร์เนชั่นแนล จำกัด,13,12130,ปทุมธานี
4134,4633,บริษัท รังสิต ซอฟต์ จำกัด,13,12000,ปทุมธานี
4135,4632,บริษัท เลิฟ ไอแลนด์ จำกัด,83,83000,ภูเก็ต
4136,4631,สมาคมสื่อชุมชนภาคใต้ จังหวัดนครศรีธรรมราช,80,80000,นครศรีธรรมราช
4137,4630,สถานเอกอัครราชทูต สาธารณรัฐประชาธิปไตยประชาชนลาว,10,10310,กรุงเทพมหานคร
4138,4629,หอสมุดเมืองกรุงเทพมหานคร,10,10200,กรุงเทพมหานคร
4139,4628,บริษัท ไทยเทรดดิ้ง มอเตอร์ จำกัด,10,10520,กรุงเทพมหานคร
4140,4627,ธนาคารออมสิน สาขาฉวาง,80,80150,นครศรีธรรมราช
4141,4626,"Huntsman Advanced Materials Co., Ltd.",11,10280,สมุทรปราการ
4142,4625,"Skin Innovations Co., Ltd.",10,10240,กรุงเทพมหานคร
4143,4624,"Cuzzutic Co., Ltd.",13,,ปทุมธานี
4144,4623,บริษัท เฮอร์เบิล มาเจสติค จำกัด,10,,กรุงเทพมหานคร
4145,4622,บริษัท รีโว่เมด (ไทยแลนด์) จำกัด ,12,11000,นนทบุรี
4146,4621,"Bioticon Co., Ltd.",10,10510 ,กรุงเทพมหานคร
4147,4620,บริษัท ลินเด้ (ประเทศไทย) จำกัด (มหาชน),11,10540,สมุทรปราการ
4148,4619,ห้างหุ้นส่วนจำกัด สตอมส์ เทคโนโลยี,90,90110,สงขลา
4149,4618,บริษัท อีสานพัฒนาอุตสาหกรรมปาล์ม จำกัด,47,47120,สกลนคร
4150,4617,หอจดหมายเหตุนายกรัฐมนตรี พลเอกเปรม ติณสูลานนท์,80,80000,นครศรีธรรมราช
4151,4616,ศูนย์พหุวัฒนธรรมศึกษาและนวัตกรรมทางสังคม สถาบันเอเชียศึกษา จุฬาลงกรณ์มหาวิทยาลัย,10,10330,กรุงเทพมหานคร
4152,4615,บริษัท โรงงานยางไทยสินอนันต์ (2516) จำกัด ,11,10130,สมุทรปราการ
4153,4596,การไฟฟ้าส่วนภูมิภาค อำเภอสายบุรี,94,94110,ปัตตานี
4154,4595,ธนาคารเพื่อการเกษตรและสหกรณ์การเกษตร สาขาห้วยยอด,92,92130,ตรัง
4155,4594,บริษัท ซี.ซี.ที. เอ็กซ์เพรส จำกัด สาขาภูเก็ต,83,83000,ภูเก็ต
4156,4593,บริษัท เบทาโกรเกษตรอุตสาหกรรม จำกัด (โรงงานแปรรูปสุกร),93,93000,พัทลุง
4157,4592,บริษัท เคเทค คอนสตรัคชั่น จำกัด (มหาชน),10,10310,กรุงเทพมหานคร
4158,4591,โรงเรียนศรีนครมูลนิธิ,90,90110,สงขลา
4159,4590,บริษัท โตชิบา แคร์เรียร์ (ประเทศไทย) จำกัด,13,12000,ปทุมธานี
4160,4589,บริษัท ปตท. จำกัด (มหาชน)  ศูนย์ปฏิบัติการระบบท่อ เขต 5,70,70000,ราชบุรี
4161,4588,บริษัท ลากูน่า บันยันทรี จำกัด,83,83110,ภูเก็ต
4162,4587,สำนักงานจังหวัดภูเก็ต,83,83000,ภูเก็ต
4163,4586,บริษัท นันทวัน จำกัด (Thai Obayashi),10,10330,กรุงเทพมหานคร
4164,4585,ภาควิชาชีวเคมี คณะวิทยาศาสตร์ จุฬาลงกรณ์มหาวิทยาลัย,10,10330,กรุงเทพมหานคร
4165,4584,บริษัท น้ำยางศรีทอง จำกัด,81,81120,กระบี่
4166,4583,ห้องปฏิบัติการวิจัยภายใต้คณะวิทยาศาสตร์ ภาควิชาเคมี คณะวิทยาศาสตร์ มหาวิทยาลัยเชียงใหม่,50,50200,เชียงใหม่
4167,4582,บริษัท เกษตรลุ่มน้ำ จำกัด,80,80000,นครศรีธรรมราช
4168,4581,บริษัท เมืองใหม่กัตทรี จำกัด (มหาชน),80,80110,นครศรีธรรมราช
4169,4580,สำนักงานคลังจังหวัดสุราษฎร์ธานี,84,84000,สุราษฎร์ธานี
4170,4579,บริษัท เทคนิคสิ่งแวดล้อมไทย จำกัด,10,10240,กรุงเทพมหานคร
4171,4578,The Library of Universiti Malaysia Perlis,107,02600,มาเลเซีย
4172,4577,อ่าวนาง คลิฟ บีช รีสอร์ท,81,81180,กระบี่
4173,4576,บริษัท ถัง ไดนาสตี้ คัลเจอร์ แอนด์ เอ็ดดูเคชั่น กรุ๊ป จำกัด,20,20150,ชลบุรี
4174,4575,การประปาส่วนภูมิภาค สาขานครศรีธรรมราช,80,80000,นครศรีธรรมราช
4175,4564,ตำรวจภูธรจังหวัดสุราษฎร์ธานี,84,84100,สุราษฎร์ธานี
4176,4563,สถานเอกอัครราชทูต ณ กรุงฮานอย,115,,เวียดนาม
4177,4562,บริษัท เอ็ม ออดิเตอร์ ทีม จำกัด,10,10800,กรุงเทพมหานคร
4178,4561,บริษัท สำนักงาน เค.ที.วาย คอร์ปอร์เรชั่น จำกัด,10,10240,กรุงเทพมหานคร
4179,4560,อ่าวนาง คลิฟท์ วิว รีสอร์ท,81,81000,กระบี่
4180,4559,โรงแรมเซ็นซิมาร์ เขาหลัก บีชฟร้อนท์ รีสอร์ท,82,82220,พังงา
4181,4558,บริษัท โทรคมนาคมแห่งชาติ จำกัด (มหาชน) สำนักงานบริการลูกค้า นครศรีธรรมราช,80,80000,นครศรีธรรมราช
4182,4557,โรงพยาบาลค่ายเขตอุดมศักดิ์,86,86000,ชุมพร
4183,4556,ไร่เลย์ ปริ๊นเซส รีสอร์ทแอนด์สปา,81,,กระบี่
4184,4555,โรงแรม ไร่เลย์ เกรทวิว รีสอร์ท,81,81180,กระบี่
4185,4554,ห้างหุ้นส่วนจำกัด ภาคใต้ทรายทองก่อสร้าง,86,86130,ชุมพร
4186,4553,วัดพระมหาธาตุ วรมหาวิหาร,80,80000,นครศรีธรรมราช
4187,4552,หน่วยวิจัยนาโนศาสตร์และนาโนเทคโนโลยี  มหาวิทยาลัยมหิดล,10,10400,กรุงเทพมหานคร
4188,4551,ภาควิชาฟิสิกส์และวัสดุศาสตร์ คณะวิทยาศาสตร์ มหาวิทยาลัยเชียงใหม่,50,50200,เชียงใหม่
4189,4550,สถาบันวิจัยจุฬาภรณ์,10,10210,กรุงเทพมหานคร
4190,4549,University of Wollongong,106,,ออสเตรเลีย
4191,4548,บริษัท สุขุมวิท 22 การบัญชี จำกัด,10,10110,กรุงเทพมหานคร
4192,4547,University of Southamton,110,,อังกฤษ
4193,4546,Monash University,106,3800,ออสเตรเลีย
4194,4545,ภาควิชาชีวเคมี คณะแพทยศาสตร์ จุฬาลงกรณ์มหาวิทยาลัย,10,10330,กรุงเทพมหานคร
4195,4544,บริษัท ปูนซีเมนต์นครหลวง จำกัด (มหาชน),84,84000,สุราษฎร์ธานี
4196,4543,บริษัท ไอไค โลจิสติกส์ (ประเทศไทย) จํากัด,20,20160,ชลบุรี
4197,4542,องค์การบริหารส่วนตำบลมะม่วงสองต้น,80,80000,นครศรีธรรมราช
4198,4541,โรงเรียนภาษาสายสัมพันธ์,10,10110,กรุงเทพมหานคร
4199,4540,บริษัท ไฮมิก จำกัด,20,20000,ชลบุรี
4200,4539,Spoonful Production,10,10310,กรุงเทพมหานคร
4201,4538,บริษัท ท็อปธุรกิจการเกษตร จำกัด จังหวัดราชบุรี,70,70120,ราชบุรี
4202,4537,บริษัท ไดนามิค ทรานสปอร์ต จำกัด จังหวัดพระนครศรีอยุธยา,14,13130,พระนครศรีอยุธยา
4203,4536,บริษัท อิ๊กลู สตูดิโอ จำกัด,10,10900,กรุงเทพมหานคร
4204,4535,บริษัท บซูก้า สตูดิโอ จำกัด,10,10400,กรุงเทพมหานคร
4205,4534,บริษัท ช็อกโกแลต สตูดิโอ จำกัด,10,10240,กรุงเทพมหานคร
4206,4533,บริษัท เอ็มทู แอนิเมชัน สตูดิโอ จำกัด,10,10110,กรุงเทพมหานคร
4207,4532,บริษัท เครซี่ พับ จำกัด,20,20130,ชลบุรี
4208,4531,ธนาคารกรุงไทย จำกัด (มหาชน) สาขาสำนักงานธุรกิจสุราษฎร์ธานี,84,84000,สุราษฎร์ธานี
4209,4530,บริษัท ไทย ไลอ้อน เมนทารี จำกัด จังหวัดภูเก็ต,83,83110,ภูเก็ต
4210,4529,บริษัท เชลล์ฮัท เอ็นเทอร์เทนเม้นท์ จํากัด,10,10310,กรุงเทพมหานคร
4211,4528,บริษัท พิกเซล ดีไซน์ แอนด์ พริ้นท์ จำกัด,90,90110,สงขลา
4212,4527,บริษัท โตโมแกรม สตูดิโอ จำกัด,10,10310,กรุงเทพมหานคร
4213,4526,ธนาคารออมสิน สาขาสงขลา,90,90000,สงขลา
4214,4525,ตรวจคนเข้าเมืองจังหวัดกระบี่,81,81000,กระบี่
4215,4524,บริษัท อินเตอร์ โฮเรก้า จำกัด,10,10310,กรุงเทพมหานคร
4216,4523,โรงเรียนธิดาแม่พระ,84,84000,สุราษฎร์ธานี
4217,4522,โรงเรียนฝวาหมินกงลิ,86,86000,ชุมพร
4218,4521,บริษัท ไทย อะโกร เอ็นเนอร์ยี่ จํากัด (มหาชน),72,72180,สุพรรณบุรี
4219,4520,บริษัท บริหารสินทรัพย์ สุขุมวิท จำกัด,10,10900,กรุงเทพมหานคร
4220,4519,การประปาส่วนภูมิภาคเขต 5,90,90000,สงขลา
4221,4518,สำนักงานเขตบึงกุ่ม,10,10240,กรุงเทพมหานคร
4222,4517,สำนักงานเขตมีนบุรี,10,10510,กรุงเทพมหานคร
4223,4516,สำนักงานเขตคันนายาว,10,10230,กรุงเทพมหานคร
4224,4515,สำนักงานเขตสะพานสูง,10,10240,กรุงเทพมหานคร
4225,4514,เซ็นทารา แกรนด์ บีช รีสอร์ท และ วิลลา กระบี่,81,81180,กระบี่
4226,4513,สำนักงานเทศบาลเมืองปัตตานี,94,94000,ปัตตานี
4227,4512,สำนักงานเทศบาลนครเชียงราย,57,57000,เชียงราย
4228,4511,ห้องปฏิบัติการพิษวิทยาสิ่งแวดล้อม  สถาบันวิจัยจุฬาภรณ์,10,10210,กรุงเทพมหานคร
4229,4510,บริษัท หาดทิพย์ จำกัด (มหาชน),10,,กรุงเทพมหานคร
4230,4509,บริษัท กันยงอีเลคทริก จำกัด (มหาชน),11,10540,สมุทรปราการ
4231,4508,แผนกอนามัยสิ่งแวดล้อม ฝ่ายแพทย์และอนามัย การไฟฟ้าฝ่ายผลิตแห่งประเทศไทย,12,11130,นนทบุรี
4232,4507,บริษัทโยโกฮามา ไทร์ แมนูแฟคเจอริ่ง (ประเทศไทย) จำกัด,21,21140,ระยอง
4233,4506,โรงแรม ฮอไรซอน กะรน บีช รีสอร์ท แอนด์ สปา,83,83000,ภูเก็ต
4234,4505,บริษัท พูนิก้า จำกัด,10,10900,กรุงเทพมหานคร
4235,4504,สำนักพิมพ์ แฮปปี้ บานานา จำกัด,10,10700,กรุงเทพมหานคร
4236,4503,บริษัท เวิร์ค ดี โปรดักชั่น จํากัด,12,11000,นนทบุรี
4237,4502,บริษัท อมรินทร์เทเลวิชั่น จำกัด,10,10700,กรุงเทพมหานคร
4238,4501,โรงแรม บัญดารา รีสอร์ท แอนด์ สปา,84,84320,สุราษฎร์ธานี
4239,4500,บริษัท โซลเวย์ (บางปู) สเปเชียลตี้ เคมีคอลส์ จำกัด,11,10280,สมุทรปราการ
4240,4499,สำนักงานประชาสัมพันธ์จังหวัดเชียงใหม่,50,50300,เชียงใหม่
4241,4498,สำนักงานพัฒนาวิทยาศาสตร์และเทคโนโลยีแห่งชาติ,13,12120,ปทุมธานี
4242,4497,บริษัท ทอล์ค ออฟ เดอะ ทาวน์ โปรเจค จำกัด,90,90110,สงขลา
4243,4496,บริษัท แซลมอนเฮ้าส์ จำกัด,10,10400,กรุงเทพมหานคร
4244,4495,บริษัท บุญมีฤทธิ์ มีเดีย จำกัด,10,10220,กรุงเทพมหานคร
4245,4494,บริษัท แบล็คดอท จำกัด,10,10250,กรุงเทพมหานคร
4246,4493,โรงแรม เลอ เมอริเดียน สุวรรณภูมิ กรุงเทพ กอล์ฟ รีสอร์ท แอนด์ สปา,11,10540,สมุทรปราการ
4247,4492,บริษัท ซิติเซ่น เคน จำกัด,10,10240,กรุงเทพมหานคร
4248,4491,Sky Exits Film Production,10,10310,กรุงเทพมหานคร
4249,4490,บริษัท ทอล์กก้า ทอล์กก้า ดิจิตอล มีเดีย จำกัด,10,10110,กรุงเทพมหานคร
4250,4489,บริษัท สาระดี จำกัด,10,10310,กรุงเทพมหานคร
4251,4488,บริษัท มาร์เก็ตเธียร์ จำกัด,10,10600,กรุงเทพมหานคร
4252,4487,บริษัท ลิเติ้ล สเปซ จำกัด (นิตยสารเวเคชั่นนิส),10,10110,กรุงเทพมหานคร
4253,4486,ธนาคารเพื่อการเกษตรและสหกรณ์การเกษตร สาขาท่ามิหรำ,93,93000,พัทลุง
4254,4485,โรงพยาบาลควนขนุน,93,93110,พัทลุง
4255,4484,บริษัท ดี เอช แอล ซัพพลายเชน จํากัด,14,13170,พระนครศรีอยุธยา
4256,4483,บริษัท บิซิเนส ออนไลน์ จำกัด (มหาชน),10,10120,กรุงเทพมหานคร
4257,4482,บริษัท ซี อาร์ หาดใหญ่ (ประเทศไทย) จำกัด ห้างโรบินสันสาขาหาดใหญ่,90,90110,สงขลา
4258,4481,บริษัท เบทาโกรเกษตรอุตสาหกรรม จำกัด ฟาร์มไก่รัตภูมิ,90,90110,สงขลา
4259,4480,บริษัท จีเอเบิ้ล จำกัด,10,10120,กรุงเทพมหานคร
4260,4479,สหกรณ์โคนมพัทลุง พัทลุง,93,93000,พัทลุง
4261,4478,บริษัท ปทุมดีไซน์ ดีเวลลอป จำกัด,13,12130,ปทุมธานี
4262,4477,ธนาคารเพื่อการเกษตรและสหกรณ์การเกษตร สาขาตรัง,92,92000,ตรัง
4263,4476,สำนักงานศุลกากรตรวจสินค้าท่าอากาศยานสุวรรณภูมิ,11,10540,สมุทรปราการ
4264,4475,โรงเรียนบ้านห้วยโอน,90,90180,สงขลา
4265,4474,"Tourism Authority of Thailand, Sydney",106,2000,ออสเตรเลีย
4266,4473,บริษัท หาดทิพย์ จำกัด (มหาชน) จังหวัดภูเก็ต,83,83120,ภูเก็ต
4267,4472,"Tourism Authority of Thailand, New York",117,10006,สหรัฐอเมริกา
4268,4471,"Tourism Authority of Thailand, London",110,,อังกฤษ
4269,4470,The Westin Kuala Lumpur,107,55100,มาเลเซีย
4270,4469,โรมีน่า แกรนด์ โฮเทล,50,50000,เชียงใหม่
4271,4468,บริษัท เอลิท ดริลลิ่ง จำกัด,10,10310,กรุงเทพมหานคร
4272,4467,โรงแรม พีพี คลิฟ บีช รีสอร์ท,81,81210,กระบี่
4273,4466,เอ็นเอชเอ็น เอ็นเตอร์เทนเม้นท์ ไทย จำกัด (COMICO),10,10110,กรุงเทพมหานคร
4274,4465,โรงเรียนกะเปอร์วิทยา ,85,85120,ระนอง
4275,4464,34action,80,80000,นครศรีธรรมราช
4276,4463,บริษัท เดอะ ฟิวเจอร์ เพอร์เฟค จำกัด,10,10240,กรุงเทพมหานคร
4277,4462,บริษัท ซิกน่า ประกันภัย จำกัด (มหาชน),10,,กรุงเทพมหานคร
4278,4461,บริษัท โซเชียล มีเดีย มาสเตอร์ จำกัด,10,10310,กรุงเทพมหานคร
4279,4460,ธนาคารออมสิน สาขาพระแสง,84,84210,สุราษฎร์ธานี
4280,4459,โรงเรียนบ้านห้วยแห้ง,84,,สุราษฎร์ธานี
4281,4458,โรงเรียนบ้านเกาะปุด,92,92170,ตรัง
4282,4457,โรงเรียนวัดมะนาวหวาน,80,80250,นครศรีธรรมราช
4283,4456,สำนักงานคณะกรรมการการศึกษาภาษาไทย พระพุทธศาสนาและวัฒนธรรม,107,06750,มาเลเซีย
4284,4455,โรงเรียนวัดบางสวรรค์,84,,สุราษฎร์ธานี
4285,4454,โรงเรียนตำรวจตระเวนชายแดน บ้านห้วยตง,80,80160,นครศรีธรรมราช
4286,4453,โรงเรียนบ้านท่าประดู่,81,81120,กระบี่
4287,4452,โรงเรียนอมก๋วยวิทยาคม,50,,เชียงใหม่
4288,4451,"โรงเรียนสะเดา ""ขรรค์ชัยกัมพลานนท์ อนุสรณ์""",90,90120,สงขลา
4289,4450,โรงเรียนบ้านห้วยกลาง,80,80270,นครศรีธรรมราช
4290,4449,โรงเรียนบ้านหน้าเขาวัด,80,80160,นครศรีธรรมราช
4291,4448,โรงเรียนวัดท่าม่วง,80,80000,นครศรีธรรมราช
4292,4447,บริษัท เอ็น อาร์ กรุ๊ป แอดไวซอรี่ จำกัด,10,,กรุงเทพมหานคร
4293,4446,โรงเรียนบ้านคูศักดิ์สิทธิ์,90,90130,สงขลา
4294,4445,บริษัท วงใน มีเดีย จำกัด,10,10110,กรุงเทพมหานคร
4295,4444,โรงเรียนสันติสุข,50,50160,เชียงใหม่
4296,4443,สถานกงสุลใหญ่เวียดนามประจำจังหวัดขอนแก่น,40,40000,ขอนแก่น
4297,4442,สถานีตำรวจน้ำ เกาะสมุย,84,,สุราษฎร์ธานี
4298,4441,บริษัท ยานนิกซ์ จํากัด,10,10150,กรุงเทพมหานคร
4299,4440,คณะแพทยศาสตร์ มหาวิทยาลัยเชียงใหม่,50,50200,เชียงใหม่
4300,4439,บริษัท ไทยบริดจสโตน ไทร์ แมนูแฟคเจอริ่ง (ประเทศไทย) จำกัด,20,20160,ชลบุรี
4301,4438,นครพงษ์ฟาร์ม,70,70140 ,ราชบุรี
4302,4437,แสนคำฟาร์ม,73,,นครปฐม
4303,4436,รักบี้พันธุ์ปลา,80,80190,นครศรีธรรมราช
4304,4435,บริษัท เอ็นเนอร์จี้ เรสปอนส์ จำกัด,10,10900,กรุงเทพมหานคร
4305,4421,โรงเรียนเสริมปัญญา,80,80110,นครศรีธรรมราช
4306,4420,โรงเรียนนานาชาติ ดิอเมริกันสคูลออฟแบงค็อก,11,10540,สมุทรปราการ
4307,4419,บริษัท โปรเจค แพลนนิ่ง เซอร์วิส จำกัด (มหาชน),10,10250,กรุงเทพมหานคร
4308,4418,บริษัท บ้านมัคคุเทศก์ จำกัด,10,10310,กรุงเทพมหานคร
4309,4417,บริษัท อีเอ วินด์ หาดกังหัน 3 จำกัด,80,80170,นครศรีธรรมราช
4310,4416,โรงแรม ราวดี,80,80000,นครศรีธรรมราช
4311,4415,โรงแรม ดีอันดามัน กระบี่,81,81000,กระบี่
4312,4414,โรงแรมบ้านท้องทราย,84,84320,สุราษฎร์ธานี
4313,4413,โรงแรม ภูนาคำ รีสอร์ท,42,42120,เลย
4314,4412,โรงแรมบรรจงบุรี,84,84000,สุราษฎร์ธานี
4315,4411,โรงแรมหรรษา เจบี หาดใหญ่,90,90110,สงขลา
4316,4410,ธนาคารเพื่อการเกษตรและสหกรณ์การเกษตร สาขาศรีนครินทร์,93,93000,พัทลุง
4317,4409,สำนักงานสถิติจังหวัดพัทลุง,93,93000,พัทลุง
4318,4408,บริษัท สุราษฎร์ซาฟารี จำกัด,84,84150,สุราษฎร์ธานี
4319,4407,โรงเรียนนายสิบทหารบก ,77,77110,ประจวบคีรีขันธ์
4320,4406,โครงการชั่งหัวมันตามพระราชดำริ,76,76130,เพชรบุรี
4321,4405,บริษัท ไทยเบสท์ โฮลดิ้ง จำกัด,10,10900,กรุงเทพมหานคร
4322,4404,โรงเรียนพลวิทยา,90,90110,สงขลา
4323,4403,โรงเรียนบ้านต้นจันทร์,80,80120,นครศรีธรรมราช
4324,4402,โรงแรม เดอะ ริทซ์-คาร์ลตัน เกาะสมุย ,84,84320,สุราษฎร์ธานี
4325,4401,โรงแรม เอ้าท์ริกเกอร์ เกาะสมุย บีช รีสอร์ท,84,84310,สุราษฎร์ธานี
4326,4400,ลุงเชาวน์ฟาร์ม,72,72120,สุพรรณบุรี
4327,4399,บริษัท บี อาร์ เอฟ (ไทยแลนด์) จํากัด,26,26120,นครนายก
4328,4398,ส่วนสื่อสารองค์กร มหาวิทยาลัยวลัยลักษณ์,80,80161,นครศรีธรรมราช
4329,4397,บริษัท สุราษฎร์อินเตอร์ทัวร์ จำกัด ( แพ 500 ไร่ ),84,84230,สุราษฎร์ธานี
4330,4396,โรงแรมคริสตัล กระบี่,81,,กระบี่
4331,4395,โรงแรมบานาน่า แฟนซี รีสอร์ท,84,84320,สุราษฎร์ธานี
4332,4394,โรงแรมบลูโซเทล กระบี่,81,81180,กระบี่
4333,4393,โรงแรมเรือรัษฎา,92,92000,ตรัง
4334,4392,บริษัท ศรีฟ้าโฟรเซนฟู้ด จำกัด,71,71110,กาญจนบุรี
4335,4391,"Department of Women, Family Developement and Welfare
State Government of Kelantan
Kerajaan Negeri Kelantan",107,15100,มาเลเซีย
4336,4390,บริษัท ศูนย์วิจัยสัตว์กรุงเทพ จำกัด (บริษัท อายิโนะโมโต๊ะ (ประเทศไทย) จำกัด),11,10290,สมุทรปราการ
4337,4389,Hard Rock Cafe Koh Samui,84,84320,สุราษฎร์ธานี
4338,4388,โรงแรม สันธิญา พงัน,84,84280,สุราษฎร์ธานี
4339,4387,สำนักงานประกันสังคมกรุงเทพมหานครพื้นที่ 2,10,10900,กรุงเทพมหานคร
4340,4386,ONYX Hospitality Group,84,84320,สุราษฎร์ธานี
4341,4385,บริษัทหลักทรัพย์ แลนด์ แอนด์ เฮ้าท์ จำกัด (มหาชน) สำนักงานใหญ่,10,10120,กรุงเทพมหานคร
4342,4384,บริษัท กลางคุ้มครองผู้ประสบภัยจากรถ จำกัด สาขาศูนย์บริการหาดใหญ่,90,90110,สงขลา
4343,4383,โรงแรม ดาราสมุย บีช รีสอร์ท,84,84320,สุราษฎร์ธานี
4344,4382,บริษัท เอ็นไว คลีน คอนซัลแตนท์ จำกัด,10,10170,กรุงเทพมหานคร
4345,4381,บริษัท เวเคชั่น วิลเลจ จำกัด,10,10500,กรุงเทพมหานคร
4346,4380,บริษัท กลางคุ้มครองผู้ประสบภัยจากรถ จำกัด สาขาสงขลา,90,90100,สงขลา
4347,4379,บริษัทหลักทรัพย์จัดการกองทุน กรุงไทย จำกัด (มหาชน),10,10120 ,กรุงเทพมหานคร
4348,4378,บริษัท อุตสาหกรรมพรมไทย จํากัด (มหาชน),10,10110,กรุงเทพมหานคร
4349,4377,บริษัท วิริยะประกันภัย จำกัด (มหาชน),10,10400,กรุงเทพมหานคร
4350,4376,บริษัท สยามคลาสสิค วัสดุภัณฑ์ (ประเทศไทย) จํากัด,90,90110,สงขลา
4351,4375,บริษัท ไทยยามาฮ่ามอเตอร์ จํากัด,11,10570,สมุทรปราการ
4352,4362,หลักสูตรอนามัยสิ่งแวดล้อม สำนักวิชาสาธารณสุขศาสตร์ มหาวิทยาลัยวลัยลักษณ์,80,80161,นครศรีธรรมราช
4353,4361,บริษัท ไอเอฟเอส แคปปิตอล (ประเทศไทย) จำกัด (มหาชน),10,10120,กรุงเทพมหานคร
4354,4360,บริษัท มีตติ้งรูม จำกัด,10,10500,กรุงเทพมหานคร
4355,4359,บริษัท นำคนต่างด้าวมาทำงานในประเทศ ท็อปเพาเวอร์ (ไทยแลนด์) จำกัด,90,90110,สงขลา
4356,4358,บริษัท อริยะมอเตอร์ จำกัด สาขาลพบุรีราเมศวร์,90,90110,สงขลา
4357,4357,บริษัท ทริปเปิลที บรอดแบนด์ จำกัด (มหาชน) สาขาหาดใหญ่,90,90110,สงขลา
4358,4356,โรงแรมไวท์ แซนด์ กระบี่,81,81180,กระบี่
4359,4355,กระบี่ ฟร้อนท์ เบย์ รีสอร์ท,81,81000,กระบี่
4360,4354,บริษัท วาไรตี้ ฟู้ดส์ อินเตอร์เนชั่นแนล จำกัด,74,74000,สมุทรสาคร
4361,4353,บริษัท พร้อมมิตร คอนซัลติ้ง จำกัด,10,10700,กรุงเทพมหานคร
4362,4352,บริษัท หัสดิน แคทเทอริ่ง จำกัด,90,90110,สงขลา
4363,4351,ตรวจคนเข้าเมืองจังหวัดนครศรีธรรมราช,80,80000,นครศรีธรรมราช
4364,4350,บริษัท ไทยดริ๊งค์ จำกัด,10,10900,กรุงเทพมหานคร
4365,4349,บริษัท อนันดา ดีเวลลอปเม้นท์ จํากัด (มหาชน),10,10110,กรุงเทพมหานคร
4366,4348,บริษัท อริยะมอเตอร์ จำกัด สาขาถนนราษฎร์ยินดี,90,90110,สงขลา
4367,4347,บริษัท บอร์เนียว เทคนิเคิล (ประเทศไทย) จํากัด,10,10210,กรุงเทพมหานคร
4368,4346,ส่วนกิจการนักศึกษา  มหาวิทยาลัยวลัยลักษณ์,80,80161,นครศรีธรรมราช
4369,4345,สำนักงานก่อสร้างชลประทานขนาดกลางที่ 15,84,84340,สุราษฎร์ธานี
4370,4344,บริษัท ไรท์ทันเน็ลลิ่ง จำกัด,11,10560,สมุทรปราการ
4371,4343,โรงแรม พี พี เอราวัณ ปาล์ม รีสอร์ท,81,81000,กระบี่
4372,4342,โรงแรมฦทธิ์,10,10330,กรุงเทพมหานคร
4373,4341,โรงแรม เชอราตัน แกรนด์ ลากูน่า ภูเก็ต,83,83110,ภูเก็ต
4374,4340,บริษัท ภูเก็ต เป๋าฮื้อ ฟาร์ม จํากัด,83,83000,ภูเก็ต
4375,4339,บริษัท ทีเอ็นดี มัลติมีเดีย จำกัด (ไวท์แชนแนล),10,10240,กรุงเทพมหานคร
4376,4338,ธนาคารออมสิน เขตสุราษฎร์ธานี 1,84,84000,สุราษฎร์ธานี
4377,4337,บริษัท บางกอก มีเดีย แอนด์ บรอดคาสติ้ง จำกัด (PPTV HD ช่อง 36),10,10900,กรุงเทพมหานคร
4378,4336,บริษัท ไอที ซิตี้ จำกัด (มหาชน),10,,กรุงเทพมหานคร
4379,4335,บริษัท ทิงค์เน็ต จํากัด,10,10500,กรุงเทพมหานคร
4380,4334,บริษัท ไอที ซอฟท์ โซลูชั่น จำกัด,10,12000,กรุงเทพมหานคร
4381,4333,บริษัท เอก-ชัย ดีสทริบิวชั่น ซิสเทม จำกัด,10,10230,กรุงเทพมหานคร
4382,4332,บริษัท สยามแม็คโคร จำกัด (มหาชน),10,10250,กรุงเทพมหานคร
4383,4331,บริษัท พรอนโต้ กรุ๊ป จำกัด,10,10400,กรุงเทพมหานคร
4384,4330,สถาบันภาษาไทยสิรินธรแห่งจุฬาลงกรณ์มหาวิทยาลัย (สทส),10,10330,กรุงเทพมหานคร
4385,4329,โรงแรมโนโวเทล ภูเก็ต กะตะ อวิสต้า รีสอร์ท แอนด์ สปา,83,83100,ภูเก็ต
4386,4328,ด่านตรวจคนเข้าเมืองสังขละบุรี,71,1,กาญจนบุรี
4387,4327,โรงแรม สยาม แอ็ท สยาม,10,10330,กรุงเทพมหานคร
4388,4326,หนุกดี บูติก รีสอร์ท,83,83100,ภูเก็ต
4389,4325,ที่ทำการปกครองจังหวัดกระบี่,81,81000,กระบี่
4390,4324,สายการบินสปริงแอร์ไลน์ ท่าอากาศยานหาดใหญ่,90,90115,สงขลา
4391,4323,ศูนย์บรรณสารสนเทศ มหาวิทยาลัยหัวเฉียวเฉลิมพระเกียรติ,11,1540,สมุทรปราการ
4392,4322,สํานักหอสมุดกลาง มหาวิทยาลัยศรีนครินทรวิโรฒ,10,10110,กรุงเทพมหานคร
4393,4321,"SILVIS Lab, Department of Forest and Wildlife Ecology, University of Wisconsin - Madison",117,,สหรัฐอเมริกา
4394,4320,ห้องสมุดมหาวิทยาลัยสงขลานครินทร์ วิทยาเขตตรัง ,92,92000,ตรัง
4395,4319,บริษัท เบทาโกรภาคใต้ จำกัด (ฟาร์มไก่เนื้อ เบทาโกร 72 หลัง) จังหวัดลพบุรี,16,15220,ลพบุรี
4396,4318,บริษัท เบทาโกรภาคใต้ จำกัด ฟาร์มสุกรพันธ์ุสงขลา,90,90180,สงขลา
4397,4317,ธนาคารกรุงไทย จำกัด (มหาชน) สาขาลำทับ,81,81120,กระบี่
4398,4316,ธนาคารเพื่อการเกษตรและสหกรณ์การเกษตร สาขากงหรา,93,93180,พัทลุง
4399,4315,บริษัท เจริญโภคภัณฑ์อาหาร จำกัด (มหาชน) โรงเพาะฟักลูกกุ้งสิชล,80,80120,นครศรีธรรมราช
4400,4314,บริษัท ศรีตรังแอโกรอินดัสทรี จำกัด (มหาชน) สาขาห้วยนาง,92,92130,ตรัง
4401,4313,บริษัท สยาม พีวีเอส เคมิคอลส์ จํากัด,11,10280,สมุทรปราการ
4402,4312,บริษัท น้ำตาลบุรีรัมย์ จำกัด (มหาชน),31,31190,บุรีรัมย์
4403,4311,วิทยาลัยอาชีวศึกษาสุราษฎร์ธานี,84,84000,สุราษฎร์ธานี
4404,4310,กรมอุตสาหกรรมพื้นฐานและการเหมืองแร่,10,10400,กรุงเทพมหานคร
4405,4309,สำนักงานวัฒนธรรมจังหวัดภูเก็ต,83,83000,ภูเก็ต
4406,4308,สำนักงานบัญชี เอส พี ดี บัญชีภาษีอากรและกฎหมาย ,80,80000,นครศรีธรรมราช
4407,4307,ธนาคารออมสินสาขาเซ็นทรัลพลาซ่า  นครศรีธรรมราช,80,80000,นครศรีธรรมราช
4408,4306,บริษัท เอส ซี ออฟชอร์ จำกัด,90,90280,สงขลา
4409,4305,บริษัท เคอรี่ เอ็กซ์เพรส (ประเทศไทย) จำกัด,10,10500,กรุงเทพมหานคร
4410,4304,Universitas Trunojoyo Madura,104,69162,อินโดนีเซีย
4411,4303,โรงแรม อมารี วังเวียง,120,,สาธารณรัฐประชาธิปไตยประชาชนลาว
4412,4302,Champasak Grand Hotel,120,419,สาธารณรัฐประชาธิปไตยประชาชนลาว
4413,4301,โรงแรม เดอะ คอนทิเน้นท์ กรุงเทพ,10,10110,กรุงเทพมหานคร
4414,4300,โรงแรม เดอะ แซนด์ เขาหลัก บาย กะตะธานี พังงา,82,82190,พังงา
4415,4299,สำนักงานพัฒนาสังคมและความมั่นคงของมนุษย์จังหวัดพังงา,82,82000,พังงา
4416,4298,ธนาคารออมสิน เขตสงขลา 1,90,90280,สงขลา
4417,4297,โรงแรมโรสวูด ภูเก็ต,83,83150,ภูเก็ต
4418,4296,บริษัท ไทย ซัมมิท โอโตพาร์ท อินดัสตรี จำกัด ประเทศอินโดนีเซีย,104,,อินโดนีเซีย
4419,4295,บริษัท ไทย ซัมมิท โอโตพาร์ท อินดัสตรี จำกัด ประเทศเวียดนาม,115,,เวียดนาม
4420,4294,โรงแรม โนโวเทล กรุงเทพ สุขุมวิท 20,10,10110,กรุงเทพมหานคร
4421,4293,โรงแรม อังสนา วิลล่า รีสอร์ท ภูเก็ต,83,83110,ภูเก็ต
4422,4292,บริษัท ยานแม่ จำกัด,10,10250,กรุงเทพมหานคร
4423,4291,สถาบันเทคโนโลยีนิวเคลียร์แห่งชาติ (องค์การมหาชน),26,26120,นครนายก
4424,4290,การประปาส่วนภูมิภาคสาขาหาดใหญ่,90,90110,สงขลา
4425,4289,ที่ทำการไปรษณีย์จังหวัดสงขลา,90,90000,สงขลา
4426,4288,ศูนย์วิจัยความเป็นเลิศด้านกุ้ง สำนักวิชาเทคโนโลยีการเกษตร มหาวิทยาลัยวลัยลักษณ์,80,80161,นครศรีธรรมราช
4427,4287,โครงการเศรษฐกิจพอเพียง ฟาร์มมหาวิทยาลัย มหาวิทยาลัยวลัยลักษณ์,80,80161,นครศรีธรรมราช
4428,4286,บริษัท เสริมสุข จำกัด (มหาชน),84,84130,สุราษฎร์ธานี
4429,4285,บริษัท นครศรีพาราวู้ด จำกัด,80,80320,นครศรีธรรมราช
4430,4284,บริษัท บุญถาวรเซรามิค จำกัด สาขาสุราษฎร์ธานี,84,84000,สุราษฎร์ธานี
4431,4283,โรงแรมโนโวเทล ภูเก็ต กมลา บีช,83,83150,ภูเก็ต
4432,4282,ภูเก็ต พี.เอช. ทัวร์,83,83000,ภูเก็ต
4433,4281,บริษัท เอฟ ที เอส บริการขนส่ง จำกัด,10,10120,กรุงเทพมหานคร
4434,4280,บริษัท โอเชียน มาเนีย จำกัด,83,83000,ภูเก็ต
4435,4279,บริษัท อินฟอร์เมติกส์ พลัส จำกัด,10,10110,กรุงเทพมหานคร
4436,4278,บริษัท หลักทรัพย์จัดการกองทุน เอ็มเอฟซี จำกัด (มหาชน) สาขาภูเก็ต,83,83000,ภูเก็ต
4437,4277,โรงแรม ภูเก็ต แมริออท รีสอร์ท แอนด์ สปา ในยางบีช,83,83110,ภูเก็ต
4438,4276,โรงแรม ลันตา คาชัวริน่า บีช รีสอร์ท,81,81150,กระบี่
4439,4275,โรงแรม โคโค่เคฟ ลันตา รีสอร์ท,81,81150,กระบี่
4440,4274,ดิ โอลด์ ไทม์ ลันตา,81,81150,กระบี่
4441,4273,สมาคมพัฒนาประชากรและชุมชน,81,81000,กระบี่
4442,4272,เดอะ แกรนด์ เซ้าท์ซี เขาหลัก บีช รีสอร์ท,82,82190,พังงา
4443,4271,บริษัท พี.ซี.ปาล์ม (2550) จำกัด,84,84220,สุราษฎร์ธานี
4444,4270,ธนาคารออมสิน สาขาหาดใหญ่ใน,90,90110,สงขลา
4445,4269,ศูนย์มุสลิมศึกษา สถาบันเอเชียศึกษา จุฬาลงกรณ์มหาวิทยาลัย,10,10330,กรุงเทพมหานคร
4446,4268,ศูนย์แม่โขงศึกษา สถาบันเอเชียศึกษา จุฬาลงกรณ์มหาวิทยาลัย,10,10330,กรุงเทพมหานคร
4447,4267,การไฟฟ้าส่วนภูมิภาค เขต 2 ภาคใต้ จังหวัดนครศรีธรรมราช กองปฏิบัติการ,80,80000,นครศรีธรรมราช
4448,4266,บริษัท เมจิก โปรดักชันส์ จำกัด,10,10110,กรุงเทพมหานคร
4449,4265,บริษัท แปซิฟิค เวิลด์ มีตติ้ง แอนด์ อีเว้นท์ส (ประเทศไทย) จำกัด ,10,10400,กรุงเทพมหานคร
4450,4264,บริษัท ไทยซัมมิทฮาร์เนส จำกัด (มหาชน),20,20230,ชลบุรี
4451,4263,ธนาคารเพื่อการเกษตรและสหกรณ์การเกษตร สาขานครศรีธรรมราช,80,80000,นครศรีธรรมราช
4452,4262,การท่องเที่ยวแห่งประเทศไทย สำนักงานกรุงปราก สาธารณรัฐเช็ก,130,110 00,สาธารณรัฐเช็ก
4453,4261,บริษัท สยามแม็คโคร จำกัด (มหาชน) สาขาตรัง,92,92000,ตรัง
4454,4260,บริษัท สยามนิรมิตร (ภูเก็ต) จำกัด,83,83000,ภูเก็ต
4455,4259,บริษัท บางกอกรับเบอร์ จำกัด (มหาชน),10,10120,กรุงเทพมหานคร
4456,4258,กองก่อสร้างและบริหารโครงการ การไฟฟ้าส่วนภูมิภาค เขต 2 ภาคใต้ จังหวัดนครศรีธรรมราช,80,80000,นครศรีธรรมราช
4457,4257,สำนักงานเขตจตุจักร,10,10900,กรุงเทพมหานคร
4458,4256,บริษัท เค.อาร์.ที. ทรานสปอร์ต แอนด์ เซอร์วิส จำกัด,20,20230,ชลบุรี
4459,4255,บริษัท ซี.ซี.ที. เอ็กซ์เพรส จำกัด สาขาสุราษฎร์ธานี,84,84330,สุราษฎร์ธานี
4460,4254,เชียงคาน ริเวอร์ เมาท์เทน รีสอร์ท,42,42110,เลย
4461,4253,บริษัท ไทย ไลอ้อน เมนทารี จำกัด (สายการบินไทยไลอ้อนแอร์),10,10210,กรุงเทพมหานคร
4462,4252,บริษัท ซี อาร์ นครศรีธรรมราช (ประเทศไทย) จำกัด ห้างโรบินสันโอเชี่ยน,80,80000,นครศรีธรรมราช
4463,4251,สำนักงานส่งเสริมการค้าระหว่างประเทศ กรุงเจนไน อินเดีย,129,600 017,อินเดีย
4464,4250,โรงเรียนห้วยยอด,92,92130,ตรัง
4465,4249,เมืองพัทยา,20,20150,ชลบุรี
4466,4248,บริษัท ช.การช่าง - โตกิว คอนสตรัคชั่น จำกัด,10,,กรุงเทพมหานคร
4467,4247,กิจการร่วมค้า ยูเอ,83,ภูเก็ต,ภูเก็ต
4468,4246,โรงเรียนสตรีพัทลุง,93,93000,พัทลุง
4469,4245,บริษัท ศูนย์สรรพสินค้าสัตว์เลี้ยง จำกัด (นิตยสาร Howl),12,11000,นนทบุรี
4470,4244,บริษัท ท้อปโกลฟ เทคโนโลยี (ประเทศไทย) จำกัด,90,90170,สงขลา
4471,4243,สำนักงานวิทยทรัพยากร จุฬาลงกรณ์มหาวิทยาลัย,10,10330,กรุงเทพมหานคร
4472,4242,ที่ว่าการอำเภอศรีนครินทร์,93,93000,พัทลุง
4473,4241,สำนักหอสมุด มหาวิทยาลัยศรีปทุม,10,10900,กรุงเทพมหานคร
4474,4240,สายการบินสปริงแอร์ไลน์ ท่าอากาศยานนานาชาติสุวรรณภูมิ,11,10540,สมุทรปราการ
4475,4239,โรงเรียนอุบลรัตนราชกัญญาราชวิทยาลัย พัทลุง,93,93000,พัทลุง
4476,4238,สำนักงานเขตบางกะปิ,10,10240,กรุงเทพมหานคร
4477,4237,สายการบินสปริงแอร์ไลน์ จังหวัดภูเก็ต,83,83120,ภูเก็ต
4478,4236,ที่ว่าการอำเภอหนองจิก,94,94170,ปัตตานี
4479,4235,บริษัท แสนสิริ จำกัด (มหาชน),10,10400,กรุงเทพมหานคร
4480,4234,ศูนย์วิจัยและบํารุงพันธุ์สัตว์สุราษฎร์ธานี,84,84130,สุราษฎร์ธานี
4481,4233,โรงแรม เดอะ นาคา ไอแลนด์ อะลักชัวรี่ คอลเลคชั่น รีสอร์ท แอนด์ สปา ภูเก็ต,83,83110,ภูเก็ต
4482,4232,สำนักงานแรงงานจังหวัดภูเก็ต,83,83000,ภูเก็ต
4483,4231,บริษัท เบทาโกรเกษตรอุตสาหกรรม จำกัด,93,93000,พัทลุง
4484,4230,บริษัท สยามกลาสอินดัสทรี จำกัด (โรงงานพระประแดง),11,10130,สมุทรปราการ
4485,4229,บริษัท ซี อาร์ นครศรีธรรมราช (ประเทศไทย) จำกัด ห้างโรบินสัน เซ็นทรัลพลาซ่า,80,80000,นครศรีธรรมราช
4486,4228,สำนักงานเขตพื้นที่การศึกษาประถมศึกษานครศรีธรรมราช เขต 4,80,80160,นครศรีธรรมราช
4487,4227,กรมป่าไม้ (สำนักจัดการทรัพยากรป่าไม้ที่ 11 สุราษฎร์ธานี),84,84000,สุราษฎร์ธานี
4488,4226,บริษัท ครีเอทีฟ มูฟ จำกัด,10,10110,กรุงเทพมหานคร
4489,4225,ที่ทำการปกครองอำเภอฉวาง,80,80150,นครศรีธรรมราช
4490,4224,สำนักงานอัยการจังหวัดนครศรีธรรมราช,80,80000,นครศรีธรรมราช
4491,4223,สำนักงานส่งเสริมการปกครองท้องถิ่น จังหวัดนครศรีธรรมราช,80,80000,นครศรีธรรมราช
4492,4222,ด่านตรวจคนเข้าเมือง ท่าอากาศยานสุวรรณภูมิ กองบังคับการตรวจคนเข้าเมือง 2,11,10540,สมุทรปราการ
4493,4221,บริษัท เอมมารุต พับลิชชิ่ง จำกัด,10,10330,กรุงเทพมหานคร
4494,4220,สํานักงานข้าหลวงใหญ่ผู้ลี้ภัยแห่งสหประชาชาติ,10,10200,กรุงเทพมหานคร
4495,4219,กรมการกงสุล,10,10210,กรุงเทพมหานคร
4496,4218,สถานกงสุลใหญ่อินเดีย จังหวัดเชียงใหม่,50,50000,เชียงใหม่
4497,4217,ด่านศุลกากรสังขละบุรี,71,71240,กาญจนบุรี
4498,4216,ที่ทำการปกครองอำเภอช้างกลาง,80,80250,นครศรีธรรมราช
4499,4215,องค์การบริหารส่วนตำบลแม่เจ้าอยู่หัว,80,80190,นครศรีธรรมราช
4500,4214,ที่ว่าการอำเภอละอุ่น,85,85130,ระนอง
4501,4213,ที่ว่าการอำเภอยะหริ่ง,94,94150,ปัตตานี
4502,4212,ที่ว่าการอำเภอสายบุรี,94,94110,ปัตตานี
4503,4211,ที่ทำการปกครองจังหวัดนครศรีธรรมราช,80,80000,นครศรีธรรมราช
4504,4210,กรมราชทัณฑ์,12,11000,นนทบุรี
4505,4209,ด่านศุลกากรสะเดา,90,90230,สงขลา
4506,4208,บริษัท ดาต้า บิซิเนส คอมพิวเตอร์ แอนด์ คอมมิวนิเคชั่น จํากัด,83,83000,ภูเก็ต
4507,4207,J. Walter Thompson Bangkok,10,10110,กรุงเทพมหานคร
4508,4206,สถานเอกอัครราชทูต ณ กรุงย่างกุ้ง,119,,พม่า
4509,4205,สถานเอกอัครราชทูตไทย ณ กรุงสิงคโปร์,105,238870,สิงคโปร์
4510,4204,สำนักงานสรรพากรพื้นที่ปัตตานี,94,94000,ปัตตานี
4511,4203,ห้างหุ้นส่วนจํากัด หาดใหญ่เรืองชัยการโยธา,90,90110,สงขลา
4512,4202,บริษัท มาสเตอร์แอคเคาท์ติ้ง กรุ๊ป จำกัด,80,80000,นครศรีธรรมราช
4513,4201,บริษัท เอช ทู โอคอนซัลท์ จำกัด,10,10300,กรุงเทพมหานคร
4514,4200,Sriwijaya University,104,,อินโดนีเซีย
4515,4199,บริษัท สอบบัญชี ดี ไอ เอ อินเตอร์เนชั่นแนล จำกัด,10,10110,กรุงเทพมหานคร
4516,4198,บริษัท ท็อป ฟีด มิลล์ จำกัด,13,12140,ปทุมธานี
4517,4197,Flow Ville Hydroponic,80,80160,นครศรีธรรมราช
4518,4196,บริษัท อีซูซุนครมอเตอร์เซลส์ (1991) จำกัด,80,80000,นครศรีธรรมราช
4519,4195,สำนักงานคลังจังหวัดภูเก็ต,83,83000,ภูเก็ต
4520,4194,ศูนย์ความเป็นเลิศทางวิชาการด้านปาล์มน้ำมัน มหาวิทยาลัยเกษตรศาตร์,10,10900,กรุงเทพมหานคร
4521,4193,ห้องปฏิบัติการวิจัย ภาควิชาเภสัชเคมี คณะเภสัชศาสตร์  มหาวิทยาลัยสงขลานครินทร์,90,90112,สงขลา
4522,4192,เทศบาลตำบลจันดี,80,80250,นครศรีธรรมราช
4523,4191,บริษัท สิทธิชัย อินเตอร์ กรุ๊ป จำกัด,83,83120,ภูเก็ต
4524,4169,วิสาหกิจชุมชน ไฮโดรเฟรช,50,50130,เชียงใหม่
4525,4168,ธนาคารออมสิน สาขาห้วยยอด,92,92130,ตรัง
4526,4167,ธนาคารเพื่อการเกษตรและสหกรณ์การเกษตร สาขาสงขลา,90,90000,สงขลา
4527,4166,บริษัท เดอะคอรัล รีฟ คาบาน่า จำกัด,83,83130,ภูเก็ต
4528,4165,บริษัท นทีโภคภัณฑ์ จำกัด (ฟาร์มสุกรคุณสมหวัง),20,20270,ชลบุรี
4529,4164,ธนาคารออมสิน สาขาหัวไทร,80,80170,นครศรีธรรมราช
4530,4163,บริษัท เซ็นทรัลพัฒนา จำกัด (มหาชน) สาขานครศรีธรรมราช,80,80000,นครศรีธรรมราช
4531,4162,ที่ทำการปกครองจังหวัดตรัง,92,92000,ตรัง
4532,4161,โรงแรมพระนางอินน์,81,81000,กระบี่
4533,4160,ธนาคารกรุงไทย จำกัด (มหาชน)  สาขากาญจนบุรี,71,71000,กาญจนบุรี
4534,4159,บริษัท จีเอ็มเอ็ม ทีวี จำกัด,10,10110,กรุงเทพมหานคร
4535,4158,บริษัท อันดามัน ซี ซัน ทราเวล จำกัด,82,82210,พังงา
4536,4157,บริษัท เบสท์ช้อยส์เคมิคัลล์แอนด์เอ็นจิเนียริ่ง จำกัด,83,83000,ภูเก็ต
4537,4156,บริษัท คาร์กิลล์มีทส์ ไทยแลนด์ จำกัด ,19,18120,สระบุรี
4538,4155,บริษัท ไทยฟู้ดส์ กรุ๊ป จำกัด (มหาชน),10,10900,กรุงเทพมหานคร
4539,4154,บริษัท เวสเทอร์น คอมโพเน้นท์ จำกัด,11,10540,สมุทรปราการ
4540,4153,โรงแรมอีสติน อีซี ป่าตอง ภูเก็ต,83,83150,ภูเก็ต
4541,4152,บริษัท ภัทร ปาล์มออย จำกัด,81,81140,กระบี่
4542,4151,บริษัท ซี อี ซี อินเตอร์เนชั่นแนล จำกัด,10,10110,กรุงเทพมหานคร
4543,4149,โรงพยาบาลเทพา,90,90150,สงขลา
4544,4148,ที่ว่าการอำเภอสุคิริน,96,96190,นราธิวาส
4545,4147,สำนักงานเขตลาดกระบัง,10,10520,กรุงเทพมหานคร
4546,4146,บริษัท มาถูกทาง มีเดีย แอนด์ โปรดักชั่น จำกัด,10,10230,กรุงเทพมหานคร
4547,4145,คณะสัตวแพทยศาสตร์ มหาวิทยาลัยสงขลานครินทร์ วิทยาเขตหาดใหญ่,90,90110,สงขลา
4548,4144,บริษัท ปาล์มดีศรีนคร จำกัด,80,80170,นครศรีธรรมราช
4549,4143,บริษัท เอ็นเตอร์ไพรส์คอมพิวติ้งเซอร์วิส (ประเทศไทย) จำกัด,10,10900,กรุงเทพมหานคร
4550,4142,โรงแรม ศรีลันตา รีสอร์ท ,81,81150,กระบี่
4551,4141,"Hunter New England, Armidale Rural Referral Hospital",106,2350,ออสเตรเลีย
4552,4140,ศูนย์วิจัยและพัฒนาประมงน้ำจืดสมุทรปราการ,11,,สมุทรปราการ
4553,4139,บริษัท แอนิเลเฟ่น สตูดิโอ จำกัด,10,10700,กรุงเทพมหานคร
4554,4138,บริษัท บางจากไบโอฟูเอล จํากัด,14,13160,พระนครศรีอยุธยา
4555,4137,ห้างหุ้นส่วนจำกัด แสงอรุณ ปาล์ม ออยล์,82,,พังงา
4556,4136,บริษัท ข้าว ซี.พี. จำกัด,14,13260,พระนครศรีอยุธยา
4557,4135,บริษัท สุพรีม โปรดักส์ จำกัด,10,10700,กรุงเทพมหานคร
4558,4134,โรงเรียนพัทลุง,93,93000,พัทลุง
4559,4133,บริษัท อันดามัน ซีซันทราเวล จำกัด,82,82120,พังงา
4560,4132,โรงแรม รีเซ็นต้า สวีท ภูเก็ต สวนหลวง,83,83000,ภูเก็ต
4561,4131,โรงแรมแกรนด์พิงค์ หาดใหญ่,90,90110,สงขลา
4562,4130,สายการบินสปริงแอร์ไลน์ ท่าอากาศยานนานาชาติกระบี่,81,81130,กระบี่
4563,4129,บริษัท คิง เพาเวอร์ อินเตอร์เนชั่นแนล จำกัด สาขาดาวน์ทาวน์ภูเก็ต,83,83000,ภูเก็ต
4564,4128,บริษัท คิง เพาเวอร์ ดิวตี้ฟรี จำกัด,10,10400,กรุงเทพมหานคร
4565,4127,ภาควิชาคณิตศาสตร์ คณะวิทยาศาสตร์ มหาวิทยาลัยเชียงใหม่,50,50200,เชียงใหม่
4566,4126,วิทยาลัยนาโนเทคโนโลยีพระจอมเกล้าลาดกระบัง สถาบันเทคโนโลยีพระจอมเกล้าเจ้าคุณทหารลาดกระบัง,10,10520,กรุงเทพมหานคร
4567,4125,หน่วยวิจัย DDSEC สถานวิจัยความเป็นเลิศขนส่งยา คณะเภสัชศาสตร์ มหาวิทยาลัยสงขลานครินทร์,90,90112,สงขลา
4568,4124,ภาควิชาฟิสิกส์ คณะวิทยาศาสตร์และเทคโนโลยี มหาวิทยาลัยธรรมศาสตร์,13,12121,ปทุมธานี
4569,4106,ภาควิชาวิศวกรรมเครื่องกลและการบิน-อวกาศ  คณะวิศวกรรมศาสตร์ มหาวิทยาลัยเทคโนโลยีพระจอมเกล้าพระนครเหนือ,10,10800,กรุงเทพมหานคร
4570,4105,บริษัท โตโยต้านครศรีธรรมราช จำกัด สาขาทุ่งสง,80,80110,นครศรีธรรมราช
4571,4064,เอ็มบีไอ รีสอร์ต ด่านนอก,90,90320,สงขลา
4572,4061,PT. Indo World,104,61385,อินโดนีเซีย
4573,4060,บริษัท ไทยแอร์ เอเชีย จำกัด ท่าอากาศยานนานาชาติสุราษฎร์ธานี,84,84130,สุราษฎร์ธานี
4574,4059,โรงเรียนรัตภูมิวิทยา,90,,สงขลา
4575,4058,โรงแรมฮอลิเดย์ อินน์ รีสอร์ท กระบี่,81,81000,กระบี่
4576,4057,กองกิจการพลเรือน กองทัพภาคที่ 4 ค่ายวชิราวุธ,80,80000,นครศรีธรรมราช
4577,4056,ศูนย์วัฒนธรรมอาเซียน สำนักความสัมพันธ์ต่างประเทศ สำนักงานปลัดกระทรวงวัฒนธรรม,10,10310,กรุงเทพมหานคร
4578,4055,ตรวจคนเข้าเมืองจังหวัดสุราษฎร์ธานี (สำนักงานสมุย),84,84140,สุราษฎร์ธานี
4579,4054,โรงเรียนสวัสดิ์รัตนาภิมุข,92,,ตรัง
4580,4053,บริษัท ยูแทคไทย จำกัด,10,10260,กรุงเทพมหานคร
4581,4052,บริษัท คล็อกเนอร์ เพนทาพลาสท์ (ไทยแลนด์) จำกัด,21,21140,ระยอง
4582,4051,บริษัท ไทย ซัมมิท โอโตพาร์ท อินดัสตรี จำกัด,11,10540,สมุทรปราการ
4583,4050,บริษัท แอ๊ดวานซ์ ไวร์เลส เน็ตเวิร์ค จํากัด สาขาหาดใหญ่,90,90110,สงขลา
4584,4049,บริษัท สิชล เดลี่เฟรช จำกัด,80,80160,นครศรีธรรมราช
4585,4048,บริษัท เอไอเอ จำกัด,10,10500,กรุงเทพมหานคร
4586,4047,บริษัท เอ็ม บี เค เรียล เอสเตท จํากัด,10,10250,กรุงเทพมหานคร
4587,4046,โรงเรียนขจรเกียรตินานาชาติ ภูเก็ต,83,73120,ภูเก็ต
4588,4045,โฮเทล ไอคอน ภูเก็ต,83,83100,ภูเก็ต
4589,4044,บริษัท ยูเซ็น โลจิสติกส์ (ประเทศไทย) จำกัด,10,10110,กรุงเทพมหานคร
4590,4043,บริษัท ไทย ไลอ้อน เมนทารี จำกัด จังหวัดนครศรีธรรมราช,80,80000,นครศรีธรรมราช
4591,4042,ธนาคารกรุงไทย จำกัด (มหาชน) สาขาถนนจันทร์,10,10120,กรุงเทพมหานคร
4592,4041,บริษัท อีซูซุหาดใหญ่ จำกัด,90,90110,สงขลา
4593,4040,บริษัท กระบี่ รีสอร์ท จำกัด (โรงแรมกระบี่ รีสอร์ท),81,81180,กระบี่
4594,4039,สำนักงานประจำศาลจังหวัดเวียงสระ,84,84190,สุราษฎร์ธานี
4595,4038,บริษัท ศรีตรังโลจิสติกส์ จำกัด สาขาหาดใหญ่,90,90110,สงขลา
4596,4037,สำนักงานพื้นที่พิเศษเมืองเก่าน่าน (อพท.6),55,55000,น่าน
4597,4036,สภาผู้ส่งสินค้าทางเรือแห่งประเทศไทย,10,10120,กรุงเทพมหานคร
4598,4035,กรมกำลังพลทหารอากาศ,10,10210,กรุงเทพมหานคร
4599,4034,ดิเอ็กซ์ ตรีม โฮเทล,10,10240,กรุงเทพมหานคร
4600,4033,เดอะ พาสสาจ สมุยวิลลา แอนด์ รีสอร์ท,84,84140,สุราษฎร์ธานี
4601,4032,โรงแรม คอร์ทยาร์ด บาย แมริออท พัทยาใต้,20,20260,ชลบุรี
4602,4031,บริษัท ภูเก็ตฟิท จำกัด,83,83130,ภูเก็ต
4603,4030,บริษัท ทีโอที จำกัด (มหาชน) ศูนย์บริการลูกค้าจังหวัดนครศรีธรรมราช,80,80000,นครศรีธรรมราช
4604,4029,บริษัท เซ็นทรัลพัฒนาดีเวลลอปเม้นท์ จำกัด สาขาสุราษฎร์ธานี,84,84000,สุราษฎร์ธานี
4605,4028,โรงแรมป่าตองรีสอร์ท,83,83150,ภูเก็ต
4606,4027,โรงแรมเดอะสปารีสอร์ท,84,84810,สุราษฎร์ธานี
4607,4026,บริษัท แอล.ซี. โลจิสติกส์ เซอร์วิส จำกัด,20,20230,ชลบุรี
4608,4025,แบงค์แอสชัวรันส์ (บมจ.ไทยประกันชีวิต),10,10400,กรุงเทพมหานคร
4609,4024,บริษัท อจิลิตี้ จำกัด,10,10520,กรุงเทพมหานคร
4610,4023,ธนาคารไทยเครดิตเพื่อรายย่อย จำกัด (มหาชน) เขตดินแดง,10,10400,กรุงเทพมหานคร
4611,4022,บริษัท สยามมอร์ตาร์ จำกัด จังหวัดนครศรีธรรมราช,80,80110,นครศรีธรรมราช
4612,4021,สถาบันภาษา มหาวิทยาลัยธรรมศาสตร์,10,10200,กรุงเทพมหานคร
4613,4020,บริษัท สยามมอร์ตาร์ จํากัด,10,10800,กรุงเทพมหานคร
4614,4019,บริษัท ท่อส่งปิโตรเลียมไทย จำกัด,13,12150,ปทุมธานี
4615,4018,บริษัท ล่ำสูง (ประเทศไทย) จำกัด (มหาชน),92,92150,ตรัง
4616,4017,การไฟฟ้าฝ่ายผลิตแห่งประเทศไทย เขื่อนศรีนครินทร์,71,,กาญจนบุรี
4617,4016,โรงไฟฟ้าแม่เมาะ การไฟฟ้าฝ่ายผลิตแห่งประเทศไทย,52,52220,ลำปาง
4618,4015,บริษัท เดอะ คอรัล รีฟ คาบาน่า จำกัด (Banana Beach Koh Hey Phuket),83,83130,ภูเก็ต
4619,4014,ห้องปฏิบัติการวัสดุนาโนเฉพาะทางและโครงสร้างพื้นผิว ศูนย์นาโนเทคโนโลยีแห่งชาติ,13,12120,ปทุมธานี
4620,4013,บริษัท แบ็กส์บริการภาคพื้น จำกัด จังหวัดสุราษฎร์ธานี,84,84320,สุราษฎร์ธานี
4621,4012,สายการบินมาเลเซียแอร์ไลน์ สนามบินสุวรรณภูมิ,11,10540,สมุทรปราการ
4622,4011,บริษัท แบ็กส์บริการภาคพื้น จำกัด ท่าอากาศยานหาดใหญ่ จังหวัดสงขลา,90,90115,สงขลา
4623,4010,บริษัท การบินกรุงเทพบริการภาคพื้นดิน จำกัด สำนักงานกระบี่,81,,กระบี่
4624,4009,โรงเรียนพัฒนาวิทยา,95,95000,ยะลา
4625,4008,บริษัท เอ็กซิบิชั่นดีไซน์ แอนด์ ไลทิ่ง จำกัด,10,10400,กรุงเทพมหานคร
4626,4007,บริษัท ฟีโอนิกซ์ อีเว้นท์ กรุ๊ป จำกัด,83,83000,ภูเก็ต
4627,4006,บริษัท ฮอนด้า เทิดพระเกียรติ จำกัด สาขานครศรีธรรมราช,80,80000,นครศรีธรรมราช
4628,4005,บริษัท อันดามันแพชชั่น จำกัด,83,83120,ภูเก็ต
4629,4004,บริษัท เกมสแควร์ อินเตอร์แอคทีฟ จำกัด,10,10230,กรุงเทพมหานคร
4630,4003,ธนาคารออมสิน สาขาท่าศาลา,80,80160,นครศรีธรรมราช
4631,4002,ธนาคารกรุงไทย จำกัด (มหาชน) สาขาท่าศาลา,80,80160,นครศรีธรรมราช
4632,4001,บริษัท ปตท. จำกัด (มหาชน) ฝ่ายคลังปิโตรเลียมภาคตะวันออก,20,20150,ชลบุรี
4633,4000,บริษัท เบสท์ เพอฟอร์แมนซ์ เอ็นจิเนียริ่ง จำกัด,90,90280,สงขลา
4634,3999,บริษัท สายการบินไชน่าอีสเทิร์น จำกัด,10,10540,กรุงเทพมหานคร
4635,3998,บริษัท เจียยุ่นทราเวล กรุ๊ป จำกัด,83,83000,ภูเก็ต
4636,3997,บริษัท ฮาน เชียงใหม่ จำกัด,50,50200,เชียงใหม่
4637,3996,บริษัท ภูเก็ต แฟนตาซี จำกัด,83,83150,ภูเก็ต
4638,3995,บริษัท กรีนรีเวอร์ พาเนล (ประเทศไทย) จำกัด,90,90110,สงขลา
4639,3994,ภูเก็ต พี.เอช ทัวร์,83,83000,ภูเก็ต
4640,3993,บริษัท ไทยไลอ้อนแอร์ จำกัด,10,10210,กรุงเทพมหานคร
4641,3992,ศูนย์อุตุนิยมวิทยาภาคใต้ฝั่งตะวันออก,90,90000,สงขลา
4642,3991,โรงแรม ราวินทรา บีช รีสอร์ท แอนด์ สปา,20,20250,ชลบุรี
4643,3990,บริษัท ยูนิแมครับเบอร์ จำกัด,92,92000,ตรัง
4644,3989,บริษัท มันตาอีเว้นท์ จำกัด,77,77120,ประจวบคีรีขันธ์
4645,3988,บริษัท โคคูน แอนด์ โค จำกัด,10,10230,กรุงเทพมหานคร
4646,3987,องค์การบริหารการพัฒนาพื้นที่พิเศษเพื่อการท่องเที่ยวอย่างยั่งยืน (องค์การมหาชน) อพท.5 จังหวัดเลย,42,42000,เลย
4647,3986,บริษัท สมุย พาราไดซ์ รีสอร์ท จำกัด,84,84330,สุราษฎร์ธานี
4648,3985,"Yggdrazil Group Co., Ltd.",10,10310,กรุงเทพมหานคร
4649,3984,Hydrofresh,50,50130,เชียงใหม่
4650,3983,บริษัท เอสซีจีแพคเกจจิ้ง จำกัด (มหาชน),10,10800,กรุงเทพมหานคร
4651,3982,บริษัท จีเอฟพีที นิธิเร (ประเทศไทย) จำกัด,20,20190,ชลบุรี
4652,3981,บริษัท มาร์ส เพ็ทแคร์ (ประเทศไทย) จำกัด,30,30130,นครราชสีมา
4653,3980,บริษัท โดนัทส์ แบงค๊อก จำกัด,10,10310,กรุงเทพมหานคร
4654,3979,บริษัท ออร์บิทัล สปีด สตูดิโอ จำกัด,10,10230,กรุงเทพมหานคร
4655,3978,บริษัท เอ็นบีซี เน็ตซ์ วิชัน จำกัด,10,10260,กรุงเทพมหานคร
4656,3977,บริษัท มัชรูม เทเลวิชั่น จำกัด,10,10310,กรุงเทพมหานคร
4657,3976,บริษัท สตาร์พิค จำกัด,10,10200,กรุงเทพมหานคร
4658,3975,โรงเรียนทุ่งสงวิทยา,80,80110,นครศรีธรรมราช
4659,3974,สำนักงานวัฒนธรรมจังหวัดเชียงใหม่,50,50300,เชียงใหม่
4660,3973,โรงเรียนวัดยางงาม,80,,นครศรีธรรมราช
4661,3972,โรงเรียนโมคลานประชาสรรค์,80,80160,นครศรีธรรมราช
4662,3971,โรงเรียนวัดพระมหาธาตุ,80,80000,นครศรีธรรมราช
4663,3970,โรงเรียนอนุบาลเมืองชุมพรวัดสุบรรณนิมิตร,86,,ชุมพร
4664,3969,โรงเรียนวัดสระประดิษฐ์,80,80160,นครศรีธรรมราช
4665,3968,โรงเรียนวัดสโมสรสันนิบาต,80,,นครศรีธรรมราช
4666,3967,โรงเรียนบ้านบาตง,96,96150,นราธิวาส
4667,3966,โรงเรียนเทศบาล 5 (วัดควนขัน),92,92000,ตรัง
4668,3965,โรงเรียนบ้านห้วยโศก,84,84160,สุราษฎร์ธานี
4669,3964,โรงเรียนบ้านห้วยไม้แก่น,80,81350,นครศรีธรรมราช
4670,3963,โรงเรียนสตรีทุ่งสง,80,80110,นครศรีธรรมราช
4671,3962,สำนักงานเขตดอนเมือง,10,10210,กรุงเทพมหานคร
4672,3961,โรงเรียนบ้านหนองหว้า (ชมายนุกูล),80,80110,นครศรีธรรมราช
4673,3960,โรงเรียนอนุบาลบางสะพาน,77,77140,ประจวบคีรีขันธ์
4674,3959,โรงเรียนบ้านโหล๊ะหาร,93,93170,พัทลุง
4675,3958,โรงเรียนเทศบาลวัดเสมาเมือง,80,80000,นครศรีธรรมราช
4676,3957,โรงเรียนบ้านหนองไทร,92,,ตรัง
4677,3956,บริษัท แม่กลองฟู้ดส์ จำกัด,74,75000,สมุทรสาคร
4678,3955,"โครงการเรียนรู้และพัฒนาวิถีชีวิตแบบพึ่งพาตนเองเพื่อยกระดับคุณภาพชีวิต, มหาวิทยาลัยวลัยลักษณ์",80,80161,นครศรีธรรมราช
4679,3954,ลานนา โฮเทล เกาะสมุย (บริษัท ลานนาแมเนจแมนท์ จำกัด),84,84320,สุราษฎร์ธานี
4680,3953,บริษัท บัทเทอร์คัพ วีซ่า แอนด์ ทรานสเลชั่น เซอร์วิส จำกัด,81,81000,กระบี่
4681,3951,บริษัท กรุงไทยแอกซ่าประกันชีวิต จำกัด  สำนักงานคุณปัทมา  ส่งศรี,90,90000,สงขลา
4682,3950,โรงแรมพีจีเอส โฮเต็ล คริส,83,83150,ภูเก็ต
4683,3949,ที่ทำการปกครองจังหวัดพัทลุง,93,,พัทลุง
4684,3948,สำนักงานจังหวัดสุราษฎร์ธานี,84,84000,สุราษฎร์ธานี
4685,3947,บริษัท เอไอเอ จำกัด  สำนักงานนายจารุวัฒน์  วัฒนสมัย,80,80000,นครศรีธรรมราช
4686,3946,บริษัท บูรพาเทคนิคอลเอ็นจิเนียริ่ง จำกัด (มหาชน),84,84000,สุราษฎร์ธานี
4687,3945,บริษัท ซีดับบลิวเอสที ไมนิ่ง จำกัด,20,20130,ชลบุรี
4688,3944,บริษัท บุญธนพัฒน์ จำกัด,20,20000,ชลบุรี
4689,3943,สำนักงานสรรพากรพื้นที่สงขลา 2,90,90110,สงขลา
4690,3942,ที่ทำการปกครองจังหวัดตรัง,92,92000,ตรัง
4691,3941,ที่ทำการปกครองจังหวัดภูเก็ต,83,83110,ภูเก็ต
4692,3940,ด่านศุลกากรตากใบ,96,96110,นราธิวาส
4693,3939,ที่ว่าการอำเภอเมืองนครราชสีมา,30,30000,นครราชสีมา
4694,3937,โรงไฟฟ้าสุราษฎร์ธานี การไฟฟ้าฝ่ายผลิตแห่งประเทศไทย,84,84130,สุราษฎร์ธานี
4695,3936,บริษัท เวอธ อินโนเวชั่น จำกัด,10,10220,กรุงเทพมหานคร
4696,3935,บริษัท หลักทรัพย์ธนชาต จำกัด (มหาชน),10,10800,กรุงเทพมหานคร
4697,3934,บริษัท แอดวานซ์ไฟเบอร์ จำกัด,71,71120,กาญจนบุรี
4698,3933,บริษัท ดีเวลไลฟ์ จำกัด,20,,ชลบุรี
4699,3932,บริษัท คิง เพาเวอร์ ดิวตี้ฟรี จำกัด สาขาสนามบินภูเก็ต,83,83110,ภูเก็ต
4700,3931,บริษัท แอร์เซิร์ฟ จำกัด  (ท่าอากาศยานภูเก็ต),83,,ภูเก็ต
4701,3930,ธนาคารยูโอบี จำกัด (มหาชน) สาขานครศรีธรรมราช,80,80000,นครศรีธรรมราช
4702,3929,บริษัท สรรพสินค้าเซ็นทรัล จำกัด สาขาภูเก็ต,83,83000,ภูเก็ต
4703,3928,ที่ว่าการปกครองอำเภอทุ่งใหญ่,80,80240,นครศรีธรรมราช
4704,3927,ที่ว่าการอำเภอนาบอน,80,80220,นครศรีธรรมราช
4705,3926,ที่ทำการปกครองอำเภอคลองท่อม,81,81120,กระบี่
4706,3925,ที่ว่าการอำเภอคีรีรัฐนิคม,84,84180,สุราษฎร์ธานี
4707,3924,ที่ว่าการอำเภออ่าวลึก,81,81110,กระบี่
4708,3923,ท่าอากาศยานนครศรีธรรมราช,80,80000,นครศรีธรรมราช
4709,3922,บริษัท เอก-ชัย ดีสทริบิวชั่น ซิสเทม จำกัด (ห้างเทสโก้โลตัส สาขานครศรีธรรมราช),80,80000,นครศรีธรรมราช
4710,3921,ด่านศุลกากรเชียงของ,57,57140,เชียงราย
4711,3920,ด่านศุลกากรแม่สาย,57,57130,เชียงราย
4712,3919,บริษัท ยูโร เอเชีย จำกัด,84,84320,สุราษฎร์ธานี
4713,3918,บริษัท ซี.ซี. จักรกลและก่อสร้าง จำกัด,80,80350,นครศรีธรรมราช
4714,3917,Pullman Kuala Lumpur Bangsar Hotel,107,58200,มาเลเซีย
4715,3916,Durban University of Technology,128,1334,สาธารณรัฐแอฟริกาใต้
4716,3915,สำนักนโยบายเศรษฐกิจมหภาค สำนักเศรษฐกิจการคลัง กระทรวงการคลัง,10,10400,กรุงเทพมหานคร
4717,3914,สหกรณ์ออมทรัพย์ตำรวจสงขลา จำกัด,90,10400,สงขลา
4718,3913,บริษัท เพอร์เฟค คอนสตรัคชั่น พลัส (2007) จำกัด,12,11000,นนทบุรี
4719,3912,บริษัท ไทย ไลอ้อน เมนทารี จำกัด จังหวัดสงขลา,90,90115,สงขลา
4720,3911,บริษัท เอ็กซ์โปลิงค์ โกลบอล เน็ทเวอร์ค จำกัด,10,10110,กรุงเทพมหานคร
4721,3910,โรงแรม เมอเวนพิค รีสอร์ท แหลมใหญ่บีท เกาสมุย,84,84140,สุราษฎร์ธานี
4722,3909,บริษัท รพีการบัญชี เชียงใหม่ จำกัด,50,50100,เชียงใหม่
4723,3908,สำนักงานบัญชี แท็ก แอ็คเค้าท์,50,50210,เชียงใหม่
4724,3907,บริษัท สำนักงานบัญชีชัยพัฒน์ จำกัด,50,50000,เชียงใหม่
4725,3906,บริษัท เอสแอนด์เอ ออดิท จำกัด,10,10240,กรุงเทพมหานคร
4726,3905,บริษัท ศรุดา 9999 จำกัด,10,10520,กรุงเทพมหานคร
4727,3904,บริษัท สำนักงาน เอ็ม เอ็ม เอ็น ซินดิเคท จำกัด,10,10240,กรุงเทพมหานคร
4728,3903,บริษัท พี ที อาร์ กรุ๊ป จำกัด,10,10600,กรุงเทพมหานคร
4729,3902,บริษัท บีอีเอซี แอคเคาน์ แอนด์ ออดิท จำกัด,10,10600,กรุงเทพมหานคร
4730,3901,บริษัท สำนักงานสอบบัญชี พี เอส จำกัด,10,10300,กรุงเทพมหานคร
4731,3900,บริษัท แอ็คเคาน์ คลับ (ประเทศไทย) จำกัด,10,10900,กรุงเทพมหานคร
4732,3899,บริษัท สำนักงานจิราภาบัญชี จำกัด,10,10900,กรุงเทพมหานคร
4733,3898,บริษัท เน็ทเวิร์ค แอ็ดไวเซอรี ทีม จำกัด,10,10240,กรุงเทพมหานคร
4734,3897,บริษัท รุ่งเรืองการบัญชีและทนายความ จำกัด,10,10600,กรุงเทพมหานคร
4735,3896,บริษัท อินโฟ แอคเคาน์ติ้ง เซอร์วิสเซส จำกัด,10,10110,กรุงเทพมหานคร
4736,3895,อุทยานแห่งชาติอ่าวพังงา,82,82000,พังงา
4737,3894,บริษัท บลูเบย์ รีสอร์ท จำกัด,82,83000,พังงา
4738,3893,บริษัท โอเรียนท์ไทย แอร์ไลน์ จํากัด,10,10210,กรุงเทพมหานคร
4739,3892,สำนักหอสมุด มหาวิทยาลัยเทคโนโลยีพระจอมเกล้าธนบุรี,10,10140,กรุงเทพมหานคร
4740,3891,บริษัท สกายเทร็ค แอดเวนเจอร์ จำกัด,83,83120,ภูเก็ต
4741,3890,โรงแรม ร็อคกี้ บูติค รีสอร์ท,84,84310,สุราษฎร์ธานี
4742,3889,บริษัท ลากูน่า เอ็กซ์เคอร์ชั่น จำกัด,83,83110,ภูเก็ต
4743,3888,โรงแรมชูการ์ มารีน่า รีสอร์ท - เซิร์ฟ - กะตะบีช,83,83100,ภูเก็ต
4744,3887,Melia Hanoi Hotel,115,,เวียดนาม
4745,3886,สำนักงานมูลนิธิชัยพัฒนา,10,10700,กรุงเทพมหานคร
4746,3885,สถานีตำรวจท่องเที่ยว 3 กองกำกับการ 5 กองบังคับการตำรวจท่องเที่ยว,81,81000,กระบี่
4747,3884,สํานักงานคณะกรรมการข้าราชการกรุงเทพมหานคร,10,10200,กรุงเทพมหานคร
4748,3883,สหกรณ์การเกษตรย่านตาขาว จำกัด,92,92140,ตรัง
4749,3882,บริษัท โตโยต้า เมืองคอน จำกัด,80,80000,นครศรีธรรมราช
4750,3881,บริษัท เงินติดล้อ จำกัด,10,10400,กรุงเทพมหานคร
4751,3880,บริษัท ระนองโฟรเซ่นฟู้ดส์ จํากัด,85,85000,ระนอง
4752,3879,สถาบันวิจัยและพัฒนาพื้นที่สูง (องค์การมหาชน),50,50200,เชียงใหม่
4753,3878,อุทยานหลวงราชพฤกษ์,50,50100,เชียงใหม่
4754,3877,บริษัท เอ็ม เอส ไอ จี ประกันภัย (ประเทศไทย)จำกัด สาขาชลบุรี,20,20000,ชลบุรี
4755,3876,บริษัท บริดจสโตน เนเชอรัล รับเบอร์ (ประเทศไทย) จํากัด,90,90120,สงขลา
4756,3875,สำนักหอสมุดกลาง สถาบันเทคโนโลยีพระจอมเกล้าเจ้าคุณทหารลาดกระบัง,10,10520,กรุงเทพมหานคร
4757,3874,บริษัท ไทยรุ่งกิจ สไวน์ บรีดเดอร์ จํากัด,73,73000,นครปฐม
4758,3873,บริษัท ดอยคำผลิตภัณฑ์อาหาร จำกัด,10,10400,กรุงเทพมหานคร
4759,3872,โรงแรม อัล มีรอซ กรุงเทพ,10,10250,กรุงเทพมหานคร
4760,3871,ห้างหุ้นส่วนจำกัด ศรีสวัสดิ์ ทราเวล แอนด์ ทัวร์ จำกัด (เกาะพีพีทัวร์ กระบี่),81,81000,กระบี่
4761,3870,บริษัท โทรคมนาคมแห่งชาติ จำกัด (มหาชน) สำนักงานบริการลูกค้าตรัง,92,92000,ตรัง
4762,3869,บริษัท ไทยรุ่งกิจการ จำกัด,73,73000,นครปฐม
4763,3868,บริษัท เบทาโกรภาคใต้ จำกัด สำนักงานจังหวัดนครศรีธรรมราช,80,80000,นครศรีธรรมราช
4764,3867,โรงแรมโซ แบงคอก,10,10500,กรุงเทพมหานคร
4765,3866,ศูนย์วิจัยสุขภาพสัตว์น้ำสงขลา,90,90100,สงขลา
4766,3865,บริษัท หนังสือพิมพ์สากล จำกัด,10,10200,กรุงเทพมหานคร
4767,3864,โรงแรมซันวิง รีสอร์ท - โรงแรมซันไฟร์ม รีสอร์ท,83,83150,ภูเก็ต
4768,3863,บริษัท ไทยเว็บ คอร์ปเรชั่น จำกัด,10,10160,กรุงเทพมหานคร
4769,3862,บริษัท ทราคูล จำกัด,50,50100,เชียงใหม่
4770,3861,บริษัท ชู แอคเคาท์ติ้ง จำกัด,10,10500,กรุงเทพมหานคร
4771,3860,ศูนย์วิจัยพืชไร่นครสวรรค์,60,60190,นครสวรรค์
4772,3859,บริษัท พีทีที ดิจิตอล โซลูชั่นส์ จำกัด,10,10900,กรุงเทพมหานคร
4773,3858,บริษัท แอ๊พซินท์ เอเชีย จำกัด,10,10310,กรุงเทพมหานคร
4774,3857,การไฟฟ้าส่วนภูมิภาค เขต 2 (ภาคใต้) จังหวัดนครศรีธรรมราช กองซื้อขายไฟฟ้า,80,80000,นครศรีธรรมราช
4775,3856,บริษัท พฤกษา เรียลเอสเตท จำกัด (มหาชน),10,10400,กรุงเทพมหานคร
4776,3855,บริษัท สมบูรณ์ ฟอร์จจิ้ง เทคโนโลยี จำกัด,21,21140,ระยอง
4777,3854,บริษัท สมบูรณ์แอ๊ดวานซ์เทคโนโลยี จำกัด (มหาชน) จังหวัดระยอง,21,21140,ระยอง
4778,3853,บริษัท ยูนิคอร์ด จํากัด (มหาชน),74,74000,สมุทรสาคร
4779,3852,เลท ซี หัวหิน ออเฟสโค รีสอร์ท,77,77110,ประจวบคีรีขันธ์
4780,3851,โรงแรม ฮิลตัน หัวหิน รีสอร์ท แอนด์ สปา,77,77110,ประจวบคีรีขันธ์
4781,3850,บริษัท มิตซูบิชิ โลจิสติคส์ (ประเทศไทย) จำกัด,10,10500,กรุงเทพมหานคร
4782,3849,โรงแรมโอโซ่ เฉวง สมุย,84,84320,สุราษฎร์ธานี
4783,3848,โรงแรมสยาม เคมปินสกี้ กรุงเทพ,10,10330,กรุงเทพมหานคร
4784,3847,โรงเเรม หรรษาสมุย รีสอร์ท แอนด์ สปา,84, 84320,สุราษฎร์ธานี
4785,3846,โรงแรม ไอบิส สไตล์ กัวลาลัมเปอร์,107,55200,มาเลเซีย
4786,3845,โรงแรมโนโวเทล สมุย รีสอร์ท เฉวง บีช กานดาบุรี,84,84320,สุราษฎร์ธานี
4787,3844,"May Yu Marine Products Co., Ltd.",119,,พม่า
4788,3843,ฮิดายะห์ แกรนด์,81,81180,กระบี่
4789,3842,Nouvo City Hotel,10,10200,กรุงเทพมหานคร
4790,3841,Dewan Pemasaran & Perdagangan Islam Antarabangsa,107,40100,มาเลเซีย
4791,3840,Gitex Global Exhibition Services,107,50400,มาเลเซีย
4792,3839,R.ULONG SDN. BHD.,107,13300,มาเลเซีย
4793,3838,ฮิดายะฮ์ คอนโดเทล อ่าวนาง กระบี่,81,81180,กระบี่
4794,3837,National Kenaf & Tabacco Board Malaysia,107,16150,มาเลเซีย
4795,3836,Asia Winner Industrial Ltd.,119,,พม่า
4796,3835,AL-MESWAK MU'MIN SDN BHD,107,47810,มาเลเซีย
4797,3834,บริษัท โพรเฟสชั่นแนล แอคเคาน์ติ้งค์ เซอร์วิส จำกัด,50,50000,เชียงใหม่
4798,3833,บริษัท ที แอคเคานท์ จำกัด,50,50300,เชียงใหม่
4799,3832,บริษัท ซี แอนด์ ฮิล จำกัด,50,50000,เชียงใหม่
4800,3831,เลอ เมอริเดียน อังกอร์,121,17259,กัมพูชา
4801,3830,Nghi Son Hotel,115,,เวียดนาม
4802,3829,บริษัท สยาม แอพเพรซัล แอนด์ เซอร์วิส จํากัด,84,84000,สุราษฎร์ธานี
4803,3828,บริษัท ไชนีส ไทย แอพไพรซอล จำกัด,84,84000,สุราษฎร์ธานี
4804,3827,บริษัท ประกันคุ้มภัย จำกัด (มหาชน)สาขาสุราษฎร์ธานี,84,84000,สุราษฎร์ธานี
4805,3826,สถานีตำรวจท่องเที่ยว 3 กองกำกับการ 2 กองบังคับการตำรวจท่องเที่ยว 3,81,81000,กระบี่
4806,3825,ห้างหุ้นส่วนจำกัด ซี.ซี.จักรกลและก่อสร้าง,80,80000,นครศรีธรรมราช
4807,3824,บริษัท อันดามัน มารีน คอนสตรัคชั่น จํากัด,83,83000,ภูเก็ต
4808,3823,บริษัท เครื่องดื่มกระทิงแดง จำกัด,10,10150,กรุงเทพมหานคร
4809,3822,บริษัท พี.เอส.เพอร์เฟคท์ เอสเตท จํากัด,80,80000,นครศรีธรรมราช
4810,3821,หอการค้าจังหวัดตรัง,92,92000,ตรัง
4811,3820,บริษัท ห้างสรรพสินค้าโรบินสัน จำกัด (มหาชน) สาขาตรัง,92,92000,ตรัง
4812,3819,บริษัท เอก-ชัย ดีสทริบิวชั่น ซิสเทม จำกัด (ศูนย์กระจายสินค้า เทสโก้ โลตัส สาขาสุราษฎร์ธานี),84,84000,สุราษฎร์ธานี
4813,3818,ธนาคารกสิกรไทย สำนักงานใหญ่,10,10140,กรุงเทพมหานคร
4814,3817,บริษัท เอส ซี จี โลจิสติกส์ จำกัด,10,10260,กรุงเทพมหานคร
4815,3816,ธนาคารเพื่อการเกษตรและสหกรณ์การเกษตร สาขาเขาชัยสน,93,93130,พัทลุง
4816,3815,ธนาคารเพื่อการเกษตรและสหกรณ์การเกษตร สาขาเกาะพะงัน,84,84280,สุราษฎร์ธานี
4817,3814,บริษัท ศิริมงคลโลจิสติกส์ จำกัด,86,86140,ชุมพร
4818,3813,บริษัท ชลประทานซีเมนต์ จำกัด,76,76120,เพชรบุรี
4819,3812,บริษัท ออโตลิฟ (ประเทศไทย) จำกัด,20,20000,ชลบุรี
4820,3811,บริษัท เอก-ชัย ดีสทริบิวชั่นซิสเทม จำกัด (ห้างเทสโก้โลตัส สาขาหลังสวน),86,86110,ชุมพร
4821,3810,บริษัท ผลิตไฟฟ้า จำกัด (มหาชน),10,10210,กรุงเทพมหานคร
4822,3809,ห้องสมุดการปิโตรเลียมแห่งประเทศไทย,10,10900,กรุงเทพมหานคร
4823,3808,อุทยานการเรียนรู้นครหาดใหญ่,90,90110,สงขลา
4824,3807,ห้องสมุดการท่องเที่ยวแห่งประเทศไทย,10,10400,กรุงเทพมหานคร
4825,3806,หอสมุด ป๋วย อึ๊งภากรณ์ มหาวิทยาลัยธรรมศาสตร์ ศูนย์รังสิต,13,12121,ปทุมธานี
4826,3805,สํานักหอสมุดกลาง มหาวิทยาลัยเทคโนโลยีพระจอมเกล้าพระนครเหนือ,10,10800,กรุงเทพมหานคร
4827,3804,หอจดหมายเหตุพุทธทาส อินทปัญโญ,10,10900,กรุงเทพมหานคร
4828,3803,สำนักหอสมุด มหาวิทยาลัยขอนแก่น,40,40002,ขอนแก่น
4829,3802,สำนักหอสมุด มหาวิทยาลัยเชียงใหม่,50,50200,เชียงใหม่
4830,3801,สํานักวิทยบริการ มหาวิทยาลัยมหาสารคาม,44,44150,มหาสารคาม
4831,3800,สำนักบรรณสารสนเทศ มหาวิทยาลัยสุโขทัยธรรมาธิราช,12,11120,นนทบุรี
4832,3799,หอสมุดวิทยาเขตสารสนเทศเพชรบุรี สำนักหอสมุดกลาง มหาวิทยาลัยศิลปากร,76,76120,เพชรบุรี
4833,3798,ศูนย์สร้างสรรค์งานออกแบบเชียงใหม่,50,50300,เชียงใหม่
4834,3797,"The Institute of Fundamental Science, Massey University",127,4442,นิวซีแลนด์
4835,3796,Heidelberg University,126,69120,เยอรมัน
4836,3795,ศูนย์สตรีศึกษา มหาวิทยาลัยเชียงใหม่,50,50200,เชียงใหม่
4837,3794,บริษัท โพไซดอน แอสโซซิเอท กรุ๊ป จํากัด,20,20230,ชลบุรี
4838,3793,บริษัท อินเตอร์เนชั่นแนล เมดิคัล ซอฟต์แวร์ จำกัด,83,83000,ภูเก็ต
4839,3792,บริษัท สยามชัยอาหารสากล จำกัด,85,85000,ระนอง
4840,3791,บริษัท เอส เอส พี ออดิท จำกัด,50,50100,เชียงใหม่
4841,3790,ศูนย์วิจัยและชันสูตรโรคสัตว์น้ำ,10,10900,กรุงเทพมหานคร
4842,3789,บริษัท อินเตอร์เน็ต มาร์เก็ตติ้ง จำกัด,10,10400,กรุงเทพมหานคร
4843,3788,บริษัท ทีโอที จำกัด (มหาชน) ส่วนบริการลูกค้าจังหวัดกระบี่,81,81000,กระบี่
4844,3787,บริษัท วี-สมาร์ท จำกัด,10,10240,กรุงเทพมหานคร
4845,3786,สำนักงานอัยการจังหวัดหลังสวน,86,86110,ชุมพร
4846,3785,สำนักงานเทศบาลตำบลท่าทองใหม่,84,84290,สุราษฎร์ธานี
4847,3784,ที่ว่าการอำเภอวังหิน,33,33270,ศรีสะเกษ
4848,3778,ที่ว่าการอำเภอเวียงสระ ,84,84190,สุราษฎร์ธานี
4849,3777,ที่ว่าการอำเภอปลายพระยา,81,81160,กระบี่
4850,3776,สำนักงานเทศบาลตำบลปลายพระยา,81,81160,กระบี่
4851,3775,ที่ทำการปกครองเมืองยะลา,95,95000,ยะลา
4852,3774,หน่วยฝึกนักศึกษาวิชาทหาร มณฑลทหารบกที่ 46 ค่ายอิงคยุทธบริหาร,94,94170,ปัตตานี
4853,3773,เทศบาลตำบลนาบอน,80,80220,นครศรีธรรมราช
4854,3772,ที่ทำการปกครองอําเภอคีรีรัฐนิคม,84,84180,สุราษฎร์ธานี
4855,3771,ที่ว่าการปกครองอำเภอบางขัน,80,80360,นครศรีธรรมราช
4856,3770,สำนักงานเทศบาลตำบลคูขวาง,13,12140,ปทุมธานี
4857,3769,บริษัท นิชิกิ เทค อินเตอร์เนชั่นแนล จำกัด,10,10250,กรุงเทพมหานคร
4858,3768,บริษัท โตโย ออดิท จำกัด,10,10110,กรุงเทพมหานคร
4859,3767,สำนักงานพัฒนาชุมชนอำเภอนาทวี,90,90160,สงขลา
4860,3766,บริษัท พีระพัฒน์ เทคโนโลยี จำกัด (มหาชน) จังหวัดเพชรบุรี,76,76140,เพชรบุรี
4861,3765,โรงแรมโวค รีสอร์ท แอนด์ สปา,81,81180,กระบี่
4862,3764,สำนักงานจังหวัดกระบี่,81,81000,กระบี่
4863,3763,บริษัท นิกรมารีน จำกัด,83,83100,ภูเก็ต
4864,3762,ศูนย์วิจัยปาล์มน้ำมันกระบี่,81,81120,กระบี่
4865,3761,สถานีตำรวจภูธรอำเภอเกาะสมุย,84,84140,สุราษฎร์ธานี
4866,3760,บริษัท สำนักงานบัญชี เอ แอนด์ วี จำกัด,11,10130,สมุทรปราการ
4867,3759,แฟนแทซทิค สิมิลัน ทราเวล,82,82190,พังงา
4868,3758,บริษัท กาญจนา เฟรซ พอร์ค จำกัด,70,70140,ราชบุรี
4869,3757,เทศบาลตำบลปะลุรู,96,96140,นราธิวาส
4870,3756,บริษัท แบ็กส์บริการภาคพื้น จำกัด (ฝ่ายคลังสินค้า),83,83110,ภูเก็ต
4871,3755,คณะศิลปศาสตร์ มหาวิทยาลัยนราธิวาสราชนครินทร์,96,96000,นราธิวาส
4872,3754,บริษัท แปซิฟิค เวิลด์ มีตติ้งส์ แอนด์ อีเว้นท์ส (ประเทศไทย) จำกัด จังหวัดภูเก็ต,83,83120,ภูเก็ต
4873,3753,ที่ว่าการอำเภอเมืองกระบี่,81,81000,กระบี่
4874,3752,สุนทรียา ลันตา รีสอร์ท,81,81150,กระบี่
4875,3751,สายการบินสปริงแอร์ไลน์ ท่าอากาศยานภูเก็ต ,83,83110,ภูเก็ต
4876,3750,บริษัท เอทีที คอนซัลแตนท์ จำกัด,10,10230,กรุงเทพมหานคร
4877,3749,บริษัท เอเชียเวิลด์ เอ็นเตอร์ไพรส์ จำกัด (มหาชน) สาขาภูเก็ต,83,83130,ภูเก็ต
4878,3748,ห้างหุ้นส่วนจำกัด เดสติเนชั่น โซลูชั่น,83,83000,ภูเก็ต
4879,3747,มูนไลท์ เอ็กโซติก เบย์ รีสอร์ท,81,81150,กระบี่
4880,3746,โรงเรียนเฉลิมพระเกียรติสมเด็จพระศรีนครินทร์ นครศรีธรรมราช,80,80190,นครศรีธรรมราช
4881,3745,บริษัท ราชาเซรามิค จํากัด,70,70110,ราชบุรี
4882,3744,บริษัท โตเกียว ดีเวลลอปเมนต์ คอนซัลแตนท์ (ไทยแลนด์) จำกัด,10,10110,กรุงเทพมหานคร
4883,3743,บริษัท เน็ตดีไซน์ ซอฟท์ จำกัด,10,10400,กรุงเทพมหานคร
4884,3742,บริษัท บางกอก เว็บ โซลูชั่น จำกัด,10,10310,กรุงเทพมหานคร
4885,3741,โรงแรม เดอะวิลเลจ โคโคนัท ไอส์แลนด์,83,83200,ภูเก็ต
4886,3740,เอ้าท์ริกเกอร์ วิลเลจ,83,83110,ภูเก็ต
4887,3739,สำนักงานครูเชาว์โชว์ (ทีมงานครูเชาว์ เขาทะเลุโปรโมชั่น),80,80000,นครศรีธรรมราช
4888,3738,โรงแรมเดอะ เมมโมรี่ แอท ออน ออน,83,83000,ภูเก็ต
4889,3737,ลันตาซีเฮ้าส์,81,81150,กระบี่
4890,3736,บริษัท เซาท์เทิร์น ลันตา รีสอร์ท จำกัด,81,81150,กระบี่
4891,3735,บริษัท บางกอกซันโยสปริง จำกัด,74,74000,สมุทรสาคร
4892,3734,หน่วยวิจัยเทคโนโลยีโมเลกุล มหาวิทยาลัยวลัยลักษณ์,80,80160,นครศรีธรรมราช
4893,3733,กรมเสมียนตรา,10,10200,กรุงเทพมหานคร
4894,3732,บริษัท ที.ซี.เอช. ซูมิโนเอะ จำกัด,14,13160,พระนครศรีอยุธยา
4895,3731,การไฟฟ้าส่วนภูมิภาคจังหวัดชุมพร,86,86190,ชุมพร
4896,3730,บริษัท ซีนิกซ์ แอโรสเปซ (ไทยแลนด์) จำกัด,20,20230,ชลบุรี
4897,3729,องค์การบริหารจัดการก๊าซเรือนกระจก (องค์การมหาชน),10,10210,กรุงเทพมหานคร
4898,3728,โครงการ พนาสนธิ์ ปาร์ควิลล์ เกาะสิเหร่,83,83000,ภูเก็ต
4899,3727,บริษัท ไทยโพลีคาร์บอเนต จำกัด,21,21150,ระยอง
4900,3726,บริษัท โตโยด้า โกเซ รับเบอร์ (ประเทศไทย) จํากัด,74,74130,สมุทรสาคร
4901,3725,คณะวิทยาศาสตร์และเทคโนโลยี มหาวิทยาลัยเทคโนโลยีราชมงคลศรีวิชัย,80,80110,นครศรีธรรมราช
4902,3724,บริษัท กู๊ดเยียร์ (ประเทศไทย) จำกัด (มหาชน) ,13,12120,ปทุมธานี
4903,3723,"ศูนย์เทคโนโลยีสารสนเทศ ICT & CCTV, สำนักงานเทศบาลนครนครศรีธรรมราช",80,80000,นครศรีธรรมราช
4904,3722,ห้างหุ้นส่วนจำกัด เอส.ดี ออดิท เฮ้าส์,90,90110,สงขลา
4905,3721,บริษัท การบินไทย จำกัด (มหาชน) ท่าอากาศยานนานาชาติภูเก็ต ,83,83110,ภูเก็ต
4906,3720,อ่าวนาง ซิลเวอร์ ออร์คิด รีสอร์ท,81,81000,กระบี่
4907,3719,บริษัท ลาลิส โกลเบิล (ไทยแลนด์) จำกัด,14,13170,พระนครศรีอยุธยา
4908,3718,สถาบันรามจิตติ,12,11140,นนทบุรี
4909,3717,บริษัท เฟสซิเนชั่น ภูเก็ต,83,83120,ภูเก็ต
4910,3716,สำนักงานปกครองและทะเบียน สำนักปลัดกรุงเทพมหานคร,10,10200,กรุงเทพมหานคร
4911,3715,บริษัท ลาริส โกลเบิล (ไทยแลนด์) จํากัด,14,13170,พระนครศรีอยุธยา
4912,3714,ศูนย์วิจัยและพัฒนาทรัพยากรทางทะเลและชายฝั่งอ่าวไทยฝั่งตะวันออก,21,21170,ระยอง
4913,3713,บริษัท เชฟรอนประเทศไทยสำรวจและผลิต จำกัด,10,10900,กรุงเทพมหานคร
4914,3712,บริษัท เอ็นเอส บลูสโคป (ประเทศไทย) จำกัด ,21,21150,ระยอง
4915,3711,สำนักงานส่งเสริมการปกครองท้องถิ่นจังหวัดสงขลา,90,90000,สงขลา
4916,3710,อาศรมวัฒนธรรมวลัยลักษณ์,80,80160,นครศรีธรรมราช
4917,3709,บริษัท โฮมโปรดักส์ เซ็นเตอร์ จำกัด (มหาชน) สาขาพัทลุง ,93,93000,พัทลุง
4918,3708,บริษัท คิง เพาเวอร์ อินเตอร์เนชั่นแนล จำกัด สาขาท่าอากาศยานสุวรรณภูมิ,11,10400,สมุทรปราการ
4919,3707,บริษัท สรรพสินค้าเซ็นทรัล จำกัด สาขาหาดใหญ่,90,90110,สงขลา
4920,3706,ห้างหุ้นส่วนจำกัด หาดใหญ่เอ็กซ์คลูซีฟ 1966,90,90100,สงขลา
4921,3705,โรงแรม โนราห์ เฉวง รีสอร์ท ,84,84320,สุราษฎร์ธานี
4922,3704,บริษัท ตรีซีซั่น จำกัด,10,10230,กรุงเทพมหานคร
4923,3703,บริษัท ทีโอที จำกัด (มหาชน) ส่วนบริการลูกค้าจังหวัดสงขลา,90,90110,สงขลา
4924,3702,ทาร์ซานแอดเวนเจอร์ ทัวร์ ,80,80320,นครศรีธรรมราช
4925,3701,บริษัท ยูนิวานิชน้ำมันปาล์ม จำกัด (มหาชน) จังหวัดนครศรีธรรมราช ,80,80180,นครศรีธรรมราช
4926,3700,ศูนย์ส่งเสริมการเรียนรู้และพัฒนาทรัพยากรป่าชายเลนที่ 5 (สตูล) ,91,91000,สตูล
4927,3699,"University of Technology, Sydney Australia",106,2007,ออสเตรเลีย
4928,3698,กลุ่มวิจัยการสร้างแบบจำลองทางทฤษฎีและการคำนวณ สำนักวิชาวิทยาศาสตร์ มหาวิทยาลัยวลัยลักษณ์,80,80161,นครศรีธรรมราช
4929,3697,ภาควิชาวิศวกรรมไฟฟ้า คณะวิศวกรรมศาสตร์ มหาวิทยาลัยขอนแก่น,40,40002,ขอนแก่น
4930,3696,กองพิสูจน์หลักฐานกลาง สำนักงานตำรวจแห่งชาติ,10,10330,กรุงเทพมหานคร
4931,3695,บริษัท เกร็ดแก้ว กรีน จำกัด ,84,84000,สุราษฎร์ธานี
4932,3694,โรงแรมชุมพรคาบาน่า รีสอร์ท,86,86230,ชุมพร
4933,3693,บริษัท ท่าอากาศยานไทย จำกัด (มหาชน) ท่าอากาศยานภูเก็ต,83,83110,ภูเก็ต
4934,3692,ที่ว่าการอำเภอเมืองชุมพร,86,86000,ชุมพร
4935,3691,สำนักงานป้องกันและบรรเทาสาธารณภัยจังหวัดนครศรีธรรมราช,80,80000,นครศรีธรรมราช
4936,3690,ด่านศุลกากรสงขลา,90,90280,สงขลา
4937,3689,NUI HD DIGITAL SYSTEMS,80,80000,นครศรีธรรมราช
4938,3688,บริษัท แอกเซส แอนด์ แอสโซซิเอทส์ จํากัด,10,10310,กรุงเทพมหานคร
4939,3687,บริษัท ประกิต แอดเวอร์ไทซิ่ง จํากัด,10,10260,กรุงเทพมหานคร
4940,3686,บริษัท ประกิต โฮลดิ้งส์ จํากัด,10,10260,กรุงเทพมหานคร
4941,3685,บริษัท เพลย์ ดิจิตอล จำกัด,10,10500,กรุงเทพมหานคร
4942,3684,สำนักงานพัฒนาสังคมและความมั่นคงของมนุษย์จังหวัดสุราษฎร์ธานี ,84,84100,สุราษฎร์ธานี
4943,3664,ห้างหุ้นส่วนจำกัด เซ้าเทิร์น มีเดีย,83,83000,ภูเก็ต
4944,3663,บริษัท ซุปเปอร์จิ๋ว จำกัด,10,10310,กรุงเทพมหานคร
4945,3662,บริษัท เอส.พี.พับลิชชิ่ง กรุ๊ป จำกัด,50,50200,เชียงใหม่
4946,3661,บริษัท ดิ วันโอวัน เปอร์เซนต์ จำกัด,10,10400,กรุงเทพมหานคร
4947,3660,โรงเรียนธรรมิกวิทยาเพชรบุรี,76,76140,เพชรบุรี
4948,3659,บริษัท ฟาสซิเนชั่น จำกัด,83,83120,ภูเก็ต
4949,3658,บริษัท ภูเก็ตบิสิเนส กรุ๊ป จำกัด,83,83000,ภูเก็ต
4950,3657,Blue Sky,115,,เวียดนาม
4951,3656,บริษัท เอส อาร์ ที ฟู้ดส์ จํากัด,84,84220,สุราษฎร์ธานี
4952,3655,ท่าอากาศยานนราธิวาส,96,96000,นราธิวาส
4953,3654,ด่านตรวจคนเข้าเมืองเบตง,95,95110,ยะลา
4954,3653,บริษัท ชะอำพีรพัฒน์เคมีคอล จำกัด สาขาเชียงใหม่,50,50139,เชียงใหม่
4955,3652,โรงเรียนเทศบาล ๓ (ตลาดล่าง) ,84,84000,สุราษฎร์ธานี
4956,3651,โรงเรียนสุราษฎร์พิทยา,84,84000,สุราษฎร์ธานี
4957,3650,สำนักงานหนังสือพิมพ์ ซื่อ เจี้ย ยื่อ เป้า,10,10200,กรุงเทพมหานคร
4958,3649,บริษัท คิง เพาเวอร์ อินเตอร์เนชั่นแนล  จำกัด สาขาท่าอากาศยานภูเก็ต,83,83110,ภูเก็ต
4959,3648,บริษัท สยามอิมเพรสชั่น ภูเก็ต จำกัด,83,83000,ภูเก็ต
4960,3647,โรงแรมบ้านหาดงาม บูติก รีสอร์ท แอนด์ สปา,84,84320,สุราษฎร์ธานี
4961,3646,National Taiwan University,111,106-17,ไต้หวัน
4962,3645,บริษัท เนาวรัตน์พัฒนาการ จำกัด (มหาชน),11,10540,สมุทรปราการ
4963,3644,บริษัท ท่าอากาศยานไทย จำกัด (มหาชน) ท่าอากาศยานสุวรรณภูมิ,11,10540,สมุทรปราการ
4964,3643,การไฟฟ้าส่วนภูมิภาคจังหวัดชุมพร,86,86190,ชุมพร
4965,3642,องค์การบริหารส่วนตำบลไทยบุรี,80,80160,นครศรีธรรมราช
4966,3641,บริษัท โนวาซิล (ไทยแลนด์) จํากัด,11,10280,สมุทรปราการ
4967,3640,บริษัท ฮูทามากิ จำกัด,74,74000,สมุทรสาคร
4968,3639,บริษัท ทีพีไอ โพลีน จำกัด (มหาชน),19,18260,สระบุรี
4969,3638,บริษัท คอลเกต-ปาล์มโอลีฟ (ประเทศไทย) จำกัด (โรงงานชลบุรี),20,20000,ชลบุรี
4970,3637,บริษัท ซีวิค มีเดีย จำกัด,74,74410,สมุทรสาคร
4971,3636,ศูนย์พัฒนาอุตสาหกรรมเซรามิก กรมส่งเสริมอุตสาหกรรม กระทรวงอุตสาหกรรม,52,52130,ลำปาง
4972,3635,ตรวจคนเข้าเมืองจังหวัดประจวบคีรีขันธ์,77,77110,ประจวบคีรีขันธ์
4973,3634,เดอะ ชอร์ แอท กะตะธานี รีสอร์ท,83,83100,ภูเก็ต
4974,3633,โรงแรม อีสติน ยามา ภูเก็ต,83,83100,ภูเก็ต
4975,3632,องค์การบริหารส่วนตำบลท่าศาลา,80,80160,นครศรีธรรมราช
4976,3631,โรงเรียนหัวไทรบํารุงราษฎร์,80,80170,นครศรีธรรมราช
4977,3630,โรงแรมดุสิตธานี หัวหิน,76,76120,เพชรบุรี
4978,3629,Tubotel,107,07000,มาเลเซีย
4979,3628,University of Malaya,107,50603,มาเลเซีย
4980,3627,"Dong Thap University, Vietnam",115,,เวียดนาม
4981,3626,บริษัท อินโนเวชั่น เทคโนโลยี จํากัด,10,10900,กรุงเทพมหานคร
4982,3625,โรงแรม อลอฟท์ กรุงเทพ,10,10110,กรุงเทพมหานคร
4983,3624,บริษัท อาร์.ที.ทัวร์ หลงเชิง จำกัด,10,10320,กรุงเทพมหานคร
4984,3623,บริษัท เบทาโกร จำกัด (มหาชน) สาขาลพบุรี,16,15220,ลพบุรี
4985,3622,สำนักงานพัฒนาชุมชนอำเภอเมืองสุราษฎร์ธานี,84,84000,สุราษฎร์ธานี
4986,3621,สำนักงานแรงงานจังหวัดสงขลา,90,90000,สงขลา
4987,3620,สำนักงานสวัสดิการและคุ้มครองแรงงานจังหวัดภูเก็ต ,83,83000,ภูเก็ต
4988,3619,สำนักงานคณะกรรมการป้องกันและปราบปรามการทุจริตแห่งชาติ ประจำจังหวัดนครสวรรค์ ,60,60000,นครสวรรค์
4989,3618,ฝ่ายสรรพกำลัง มณฑลทหารบกที่ 41 ค่ายวชิราวุธ,80,80000,นครศรีธรรมราช
4990,3617,สํานักงานที่ดินจังหวัดเชียงใหม่ สาขาฝาง ,50,50110,เชียงใหม่
4991,3616,สำนักงานเทศบาลตำบลจะนะ,90,90130,สงขลา
4992,3615,สํานักงานป้องกันและปราบปรามการทุจริตในภาครัฐ เขตพื้นที่ 9,90,90110,สงขลา
4993,3614,องค์การบริหารส่วนจังหวัดปัตตานี,94,94000,ปัตตานี
4994,3613,กรมคุ้มครองสิทธิและเสรีภาพ กระทรวงยุติธรรม,10,12010,กรุงเทพมหานคร
4995,3612,ศูนย์ศึกษานโยบายสาธารณสุข สวัสดิการและสังคม มหาวิทยาลัยมหิดล,73,73170,นครปฐม
4996,3611,องค์การบริหารส่วนจังหวัดสตูล ,91,91000,สตูล
4997,3610,ที่ว่าการอำเภอนาทวี,90,90160,สงขลา
4998,3609,สํานักงานที่ดินจังหวัดนครศรีธรรมราช สาขาฉวาง ,80,80220,นครศรีธรรมราช
4999,3608,สำนักคุ้มครองแรงงาน กรมสวัสดิการและคุ้มครองแรงงาน,10,10400,กรุงเทพมหานคร
5000,3607,ที่ว่าการอำเภอละงู ,91,91110,สตูล
5001,3606,ที่ว่าการอำเภออ่าวลึก ,81,81110,กระบี่
5002,3605,สํานักงานส่งเสริมการปกครองท้องถิ่นอำเภอเมืองตรัง,92,92000,ตรัง
5003,3604,สํานักงานคณะกรรมการการป้องกันและปราบปรามการทุจริตในภาครัฐ,12,11120,นนทบุรี
5004,3596,ที่ว่าการอำเภอทุ่งสง,80,80110,นครศรีธรรมราช
5005,3595,องค์การบริหารส่วนจังหวัดสงขลา ,90,90100,สงขลา
5006,3594,ที่ว่าการอำเภอเมืองภูเก็ต,83,83000,ภูเก็ต
5007,3593,สำนักปลัดกรุงเทพมหานคร,10,10200,กรุงเทพมหานคร
5008,3592,สำนักงานส่งเสริมการปกครองท้องถิ่นอำเภอชะอวด,80,80180,นครศรีธรรมราช
5009,3591,สำนักงานส่งเสริมการปกครองท้องถิ่นจังหวัดยะลา ,95,95000,ยะลา
5010,3590,สํานักงานปลัดกระทรวงกลาโหม,10,10200,กรุงเทพมหานคร
5011,3589,กรมการท่องเที่ยว,10,10210,กรุงเทพมหานคร
5012,3588,ศูนย์ดำรงธรรมจังหวัดนครศรีธรรมราช,80,80000,นครศรีธรรมราช
5013,3587,สำนักงานเทศบาลเมืองเขารูปช้าง,90,90000,สงขลา
5014,3586,โรงพยาบาลกรุงเทพสมุย,84,84320,สุราษฎร์ธานี
5015,3585,สำนักงานวัฒนธรรมจังหวัดสุราษฎร์ธานี,84,84000,สุราษฎร์ธานี
5016,3584,สำนักพิมพ์นาคร,13,12120,ปทุมธานี
5017,3583,สำนักงานวัฒนธรรมจังหวัดสงขลา,90,90000,สงขลา
5018,3582,กรมส่งเสริมวัฒนธรรม,10,10310,กรุงเทพมหานคร
5019,3581,ศูนย์สยามทรรศน์ศึกษา คณะศิลปศาสตร์ มหาวิทยาลัยมหิดล,73,73170,นครปฐม
5020,3580,นิตยสาร ฟรีดอม แทรเวล,80,80160,นครศรีธรรมราช
5021,3579,บริษัท เจนวายแมกกาซีน จำกัด,90,90110,สงขลา
5022,3578,สำนักงานวัฒนธรรมจังหวัดกระบี่,81,81000,กระบี่
5023,3577,สำนักงานจังหวัดตรัง,92,92000,ตรัง
5024,3576,สถาบันวิจัยประชากรและสังคม มหาวิทยาลัยมหิดล,73,73170,นครปฐม
5025,3575,บริษัท เอ็น พี มารีน จำกัด,84,84000,สุราษฎร์ธานี
5026,3574,โรงเรียนวัดควนเกย,80,80130,นครศรีธรรมราช
5027,3573,โรงเรียนสตรีปากพนัง,80,80140,นครศรีธรรมราช
5028,3572,โรงเรียนเบญจมราชูทิศ,80,80000,นครศรีธรรมราช
5029,3571,โรงเรียนท่าศาลา,80,80160,นครศรีธรรมราช
5030,3570,ที่ว่าการอำเภอพุนพิน,84,84130,สุราษฎร์ธานี
5031,3569,หอสมุดแห่งชาติ,10,10300,กรุงเทพมหานคร
5032,3568,มูลนิธิสันติวัฒนธรรมเอเชีย,10,10800,กรุงเทพมหานคร
5033,3567,โรงแรม นาใต้ บีช รีสอร์ท แอนด์ สปา,82,82140,พังงา
5034,3566,โรงเรียนบ้านเขาจันทร์,90,90130,สงขลา
5035,3565,โรงเรียนพรหมคีรีพิทยาคม,80,80320,นครศรีธรรมราช
5036,3564,สํานักงานท่องเที่ยวเทศบาลนครเชียงใหม่,50,50300,เชียงใหม่
5037,3547,ด่านตรวจคนเข้าเมืองท่าอากาศยานภูเก็ต,83,83110,ภูเก็ต
5038,3546,บริษัท เกรทโกลฟ (ประเทศไทย) จำกัด,83,83110,ภูเก็ต
5039,3545,Universiti Teknologi MARA,107,,มาเลเซีย
5040,3544,บริษัท เอสซีจี โลจิสติกส์ แมเนจเม้นท์ จำกัด,10,10800,กรุงเทพมหานคร
5041,3525,โรงแรม ละไม วันทา บีช รีสอร์ท,84,84310,สุราษฎร์ธานี
5042,3524,โรงแรม พีซ ลากูน่า รีสอร์ท แอนด์ สปา,81,81000,กระบี่
5043,3505,บริษัท ช.โปรเซสซิ่ง ฟู๊ด จํากัด,80,80000,นครศรีธรรมราช
5044,3504,สำนักงานคณะกรรมการกิจการกระจายเสียง กิจการโทรทัศน์ และกิจการโทรคมนาคมแห่งประเทศไทย,10,10400,กรุงเทพมหานคร
5045,3484,ที่ว่าการอำเภอเกาะลันตา,81,81150,กระบี่
5046,3475,อุทยานแห่งชาติหมู่เกาะลันตา,81,81150,กระบี่
5047,3474,South East Asia (SEA),84,84320,สุราษฎร์ธานี
5048,3473,ห้างหุ้นส่วนจำกัด เอสทีเอส สมุยเลเชอร์,84,84320,สุราษฎร์ธานี
5049,3472,บริษัท แกรนด์ซีดิสคอฟเวอรี่ จำกัด,84,84330,สุราษฎร์ธานี
5050,3471,บริษัท เซิร์ช (ไลฟ์) จำกัด,10,10310,กรุงเทพมหานคร
5051,3470,สไมล์ สมุย ทัวร์,84,84320,สุราษฎร์ธานี
5052,3469,บัฟฟาโล่ ทัวร์ เกาะสมุย,84,84320,สุราษฎร์ธานี
5053,3468,บริษัท ไทยแอร์เอเชีย จำกัด สำนักงานนครศรีธรรมราช,80,80000,นครศรีธรรมราช
5054,3467,ห้างหุ้นส่วนจำกัด วี เวดดิ้ง แพลนเนอร์ แอนด์ โฟโต้กราฟ,90,90110,สงขลา
5055,3466,บริษัท เดอะ บี อาร์ เอส จำกัด,10,10120,กรุงเทพมหานคร
5056,3465,สำนักงานสถิติจังหวัดเชียงใหม่,50,50300,เชียงใหม่
5057,3464,ธนาคารเพื่อการเกษตรและสหกรณ์การเกษตร สาขากระบี่,81,81000,กระบี่
5058,3449,บริษัท ทิพยประกันภัย จำกัด (มหาชน),10,3449,กรุงเทพมหานคร
5059,3448,บริษัท ทิพยประกันภัย จำกัด (มหาชน) สาขานครศรีธรรมราช,80,80000,นครศรีธรรมราช
5060,3447,โรงแรม เชอราตัน สมุย รีสอร์ท,84,84320,สุราษฎร์ธานี
5061,3446,บริษัท ไปรษณีย์ไทย จำกัด,10,10210,กรุงเทพมหานคร
5062,3445,บริษัท ก.ชัยแสง เทรดดิ้ง จำกัด,90,90110,สงขลา
5063,3444,โรงแรมเบลมอนด์ นภาใส เกาะสมุย,84,84330,สุราษฎร์ธานี
5064,3443,บริษัท เอนนี่แวร์ ทู โก จำกัด,10,10400,กรุงเทพมหานคร
5065,3442,บริษัท โมโน เทคโนโลยี จำกัด (มหาชน),12,11120,นนทบุรี
5066,3441,บริษัท ไลอ้อน ไทร์ส (ประเทศไทย) จำกัด,21,21140,ระยอง
5067,3440,บริษัท วินไอเอ็มซี จำกัด,10,10310,กรุงเทพมหานคร
5068,3439,โครงการคนกล้าคืนถิ่น  มหาวิทยาลัยธรรมศาสตร์,13,12121,ปทุมธานี
5069,3438,โรงเรียนสอนศิลปะทอศิลป์,10,10400,กรุงเทพมหานคร
5070,3437,โรงแรมมานะไทย เขาหลัก,82,82190,พังงา
5071,3436,สถาบันวิจัยและบริการวิชาการ มหาวิทยาลัยอัสสัมชัญ,11,10540,สมุทรปราการ
5072,3435,บริษัท พีทีจี เอ็นเนอยี จำกัด (มหาชน),10,10310,กรุงเทพมหานคร
5073,3434,บริษัท สินมั่นคงประกันภัย จำกัด (มหาชน),10,10240,กรุงเทพมหานคร
5074,3433,บริษัท ลันช์บ๊อกซ์ สตูดิโอ จำกัด,10,10240,กรุงเทพมหานคร
5075,3432,ธนาคารเพื่อการเกษตรและสหกรณ์การเกษตร สำนักงานเขตดุสิต,10,10300,กรุงเทพมหานคร
5076,3431,บริษัท เอ็มเค เรสโตรองต์ กรุ๊ป จำกัด (มหาชน),10,10260,กรุงเทพมหานคร
5077,3430,โรงแรม โฟร์ซีซั่นส์ รีสอร์ท เกาะสมุย,84,84140,สุราษฎร์ธานี
5078,3429,พิพิธภัณฑสถานแห่งชาติ นครศรีธรรมราช,80,80000,นครศรีธรรมราช
5079,3428,บริษัท เอ็ม เอฟ อี ซี จำกัด (มหาชน),10,10250,กรุงเทพมหานคร
5080,3427,สำนักงานสอบบัญชี เพียว ออดิทติ้ง คอนซัลติ้ง แอนด์ ลอว์,80,80000,นครศรีธรรมราช
5081,3426,บริษัท ไทยประกันสุขภาพ จำกัด (มหาชน),10,10400,กรุงเทพมหานคร
5082,3425,บริษัท กสท โทรคมนาคม จำกัด (มหาชน) สำนักงานบริการลูกค้า กสท หาดใหญ่,90,90110,สงขลา
5083,3424,บริษัท หลักทรัพย์หยวนต้า (ประเทศไทย) จำกัด,10,10330,กรุงเทพมหานคร
5084,3423,โรงแรมขนอม โกลเด้น บีช,80,80210,นครศรีธรรมราช
5085,3422,บริษัท นิวแฮมพ์เชอร์ อินชัวรันส์ จํากัด,10,10330,กรุงเทพมหานคร
5086,3421,องค์การส่งเสริมกิจการโคนมแห่งประเทศไทย จังหวัดประจวบคีรีขันธ์,77,77120,ประจวบคีรีขันธ์
5087,3420,บริษัท นำสินประกันภัย จำกัด (มหาชน),10,10800,กรุงเทพมหานคร
5088,3419,ชูการ์ ปาล์ม เรสซิเดนซ์ (สวนหลวงคอนโด),83,83000,ภูเก็ต
5089,3418,โรงแรม มานะไทย เกาะสมุย,84,84310,สุราษฎร์ธานี
5090,3417,บริษัท ไทยบริดจสโตน จำกัด โรงงานรังสิต,13,12120,ปทุมธานี
5091,3416,โรงแรม เมอร์เคียว สมุย เฉวง ทนา,84,84320,สุราษฎร์ธานี
5092,3415,บริษัท พีซ รีสอร์ท จำกัด,84,84320,สุราษฎร์ธานี
5093,3414,บริษัท อันดามัน แคปปิตอล แอดไวเซอร์ จำกัด,83,83110,ภูเก็ต
5094,3413,โรงแรมบานบุรี รีสอร์ท แอนด์ สปา,84,84140,สุราษฎร์ธานี
5095,3412,โรงแรม บันยันทรี เกาะสมุย,84,84310,สุราษฎร์ธานี
5096,3411,บริษัท ศุภาลัย จำกัด (มหาชน),10,10120,กรุงเทพมหานคร
5097,3410,บริษัท เอ็ม เอ็ม จี 2012 จำกัด,10,10900,กรุงเทพมหานคร
5098,3409,โรงแรม บ้านไทยบีช รีสอร์ท แอนด์ สปา,83,83150,ภูเก็ต
5099,3408,โรงแรมเชอราตัน พัทยา รีสอร์ท,20,20150,ชลบุรี
5100,3407,ศูนย์ส่งเสริมการพัฒนาความรู้ตลาดทุน ตลาดหลักทรัพย์แห่งประเทศไทย,10,10110,กรุงเทพมหานคร
5101,3406,บริษัท ซิลลิค ฟาร์มา จำกัด,10,10110,กรุงเทพมหานคร
5102,3405,สํานักงานที่ดินจังหวัดนครศรีธรรมราช,80,80000,นครศรีธรรมราช
5103,3404,ที่ว่าการอำเภอท่าฉาง,84,84150,สุราษฎร์ธานี
5104,3403,สำนักงานพัฒนาชุมชนจังหวัดสงขลา,90,90000,สงขลา
5105,3402,สำนักงานบังคับคดีจังหวัดพังงา,82,82000,พังงา
5106,3401,สำนักกิจการความมั่นคงภายใน กรมการปกครอง กระทรวงมหาดไทย,10,10200,กรุงเทพมหานคร
5107,3400,ที่ว่าการอำเภอเมืองสุราษฎร์ธานี,84,84000,สุราษฎร์ธานี
5108,3399,บริษัท ทีโอที จำกัด (มหาชน) ส่วนบริการลูกค้าจังหวัดนราธิวาส,96,96000,นราธิวาส
5109,3398,ธนาคารเพื่อการเกษตรและสหกรณ์การเกษตร สาขาพนา,37,37180,อำนาจเจริญ
5110,3397,สำนักก่อสร้างทาง กรมทางหลวงชนบท,10,10220,กรุงเทพมหานคร
5111,3396,บริษัท ซินเท็ค คอนสตรัคชั่น จำกัด (มหาชน),10,10110,กรุงเทพมหานคร
5112,3395,บริษัท พี เอส ที คอนกรีต จำกัด,19,18160,สระบุรี
5113,3394,บริษัท เค.เค.แวลูเอชั่น จํากัด,10,10230,กรุงเทพมหานคร
5114,3393,บริษัท เคแทค แอพเพรซัล แอนด์ เซอร์วิส จำกัด,10,10320,กรุงเทพมหานคร
5115,3392,บริษัท โกลเด้น แลนด์ แอพเพรซัล จํากัด,12,11000,นนทบุรี
5116,3391,บริษัท โกร เอสทิเมชั่น จํากัด,10,10400,กรุงเทพมหานคร
5117,3390,บริษัท แกรนด์ แอสเซท แอดไวเซอรี่ จำกัด,10,10250,กรุงเทพมหานคร
5118,3389,ชุมนุมสหกรณ์ชาวสวนปาล์มน้ำมันกระบี่ จํากัด,81,81110,กระบี่
5119,3388,บริษัท โทรีเซน ชิปปิ้ง แอนด์ โลจิสติกส์ จำกัด,10,10400,กรุงเทพมหานคร
5120,3387,Profreight International Co. Ltd.,10,10110,กรุงเทพมหานคร
5121,3386,บริษัท ดีลิเซียส วีเอฟเอ็กซ์ จำกัด,10,10500,กรุงเทพมหานคร
5122,3385,บริษัท เอคโค เครสเชนโด จำกัด,10,10310,กรุงเทพมหานคร
5123,3384,บริษัท ไวซ์ไซท์ ประเทศไทย จำกัด,10,10900,กรุงเทพมหานคร
5124,3383,บริษัท อโกด้า จำกัด,10,,กรุงเทพมหานคร
5125,3382,บริษัท คิวบ์ ซอฟท์เทค จำกัด,10,10500,กรุงเทพมหานคร
5126,3381,บริษัท สวิฟต์เลท จำกัด,10,10900,กรุงเทพมหานคร
5127,3380,บริษัท คนเบื้องหลัง จำกัด,10,10530,กรุงเทพมหานคร
5128,3379,ธนาคารแห่งประเทศไทย สำนักงานภาคใต้,90,90110,สงขลา
5129,3378,ธนาคาร ทิสโก้ จำกัด (มหาชน) สำนักงานใหญ่,10,10500,กรุงเทพมหานคร
5130,3377,ธนาคารอิสลามแห่งประเทศไทย สาขาบางแสน,20,20130,ชลบุรี
5131,3376,ธนาคารเพื่อการเกษตรและสหกรณ์การเกษตร สาขาแหลมฉบัง,20,20230,ชลบุรี
5132,3375,สำนักงาน ธนาคารเพื่อการเกษตรและสหกรณ์การเกษตร จังหวัดชลบุรี,20,20000,ชลบุรี
5133,3374,ธนาคารออมสิน เขตชลบุรี 1,20,20130,ชลบุรี
5134,3373,ธนาคารออมสิน สาขาศรีราชา,20,20110,ชลบุรี
5135,3372,ธนาคารออมสิน ภาค 15,20,20130,ชลบุรี
5136,3371,ธนาคารกรุงไทย จำกัด (มหาชน) สาขาอ่าวอุดม,20,20230,ชลบุรี
5137,3370,บริษัท โบเฮเมีย อินเตอร์แร็คทีฟ จำกัด,20,20150,ชลบุรี
5138,3369,ธนาคารกรุงไทย จำกัด (มหาชน) สาขาศรีราชา,20,20110,ชลบุรี
5139,3368,โรงแรมแมนดาริน โอเรียนเต็ล กรุงเทพ,10,10500,กรุงเทพมหานคร
5140,3367,ธนาคารกรุงไทย จำกัด (มหาชน) สาขาท่าเรือแหลมฉบัง,20,20110,ชลบุรี
5141,3366,สํานักงานกองทุนฟื้นฟูและพัฒนาเกษตรกรสาขาจังหวัดตรัง,92,92000,ตรัง
5142,3365,สํานักงานกองทุนฟื้นฟูและพัฒนาเกษตรกรสาขาจังหวัดภูเก็ต,83,83000,ภูเก็ต
5143,3364,สํานักงานกองทุนฟื้นฟูและพัฒนาเกษตรกรสาขาจังหวัดพังงา,82,82000,พังงา
5144,3363,สํานักงานกองทุนฟื้นฟูและพัฒนาเกษตรกรสาขาจังหวัดระนอง,85,85000,ระนอง
5145,3362,สํานักงานกองทุนฟื้นฟูและพัฒนาเกษตรกรสาขาจังหวัดชุมพร,86,86000,ชุมพร
5146,3361,สํานักงานกองทุนฟื้นฟูและพัฒนาเกษตรกรสาขาจังหวัดสุราษฎร์ธานี,84,84000,สุราษฎร์ธานี
5147,3360,สํานักงานกองทุนฟื้นฟูและพัฒนาเกษตรกรสาขาจังหวัดกระบี่,81,81000,กระบี่
5148,3359,สํานักงานกองทุนฟื้นฟูและพัฒนาเกษตรกร,10,10900,กรุงเทพมหานคร
5149,3358,สํานักงานกองทุนฟื้นฟูและพัฒนาเกษตรกรสาขาจังหวัดสตูล,91,91000,สตูล
5150,3357,สํานักงานกองทุนฟื้นฟูและพัฒนาเกษตรกรสาขาจังหวัดสงขลา,90,90000,สงขลา
5151,3356,สํานักงานกองทุนฟื้นฟูและพัฒนาเกษตรกรสาขาจังหวัดพัทลุง,93,93000,พัทลุง
5152,3355,สํานักงานกองทุนฟื้นฟูและพัฒนาเกษตรกรสาขาจังหวัดนครศรีธรรมราช,80,80000,นครศรีธรรมราช
5153,3354,สำนักงานพัฒนาชุมชนจังหวัดนครศรีธรรมราช,80,80000,นครศรีธรรมราช
5154,3353,บริษัท อิมแพ็ค เอ็กซิบิชั่น แมเนจเม้นท์ จำกัด,12,11120,นนทบุรี
5155,3352,โรงแรมดาราเทวี เชียงใหม่,50,50000,เชียงใหม่
5156,3351,บริษัท อินเตอร์เนชั่นแนล แคสติ้ง โปรดักส์ จำกัด,21,21140,ระยอง
5157,3350,สํานักวิทยบริการและเทคโนโลยีสารสนเทศ มหาวิทยาลัยเทคโนโลยีราชมงคลศรีวิชัย,90,90000,สงขลา
5158,3349,บริษัท 79 ดีเวลลอปเม้นท์ จำกัด,83,83110,ภูเก็ต
5159,3348,โรงแรมชูการ์ มารีน่า รีสอร์ท - อาร์ต - กะรนบีช,83,83100,ภูเก็ต
5160,3347,บริษัท ยูนิลีเวอร์ไทยโฮลดิ้งส์ จำกัด,10,10520,กรุงเทพมหานคร
5161,3346,บริษัท ทีดับเบิ้ลยูไอ คอนซัลแตนส์ จำกัด,10,,กรุงเทพมหานคร
5162,3345,บริษัท ซาราฟ เอ็นเนอร์ยี จำกัด,81,81140,กระบี่
5163,3344,บริษัท กว่างซี คอนสตรัคชั่น เอ็นจิเนียริ่ง กรุ๊ป ยีอาน (ประเทศไทย) จำกัด,10,10310,กรุงเทพมหานคร
5164,3343,บริษัท โดลไทยแลนด์ จำกัด,86,86140,ชุมพร
5165,3342,บริษัท ภูเก็ตไฮโดรโปนิกส์ จำกัด,83,83000,ภูเก็ต
5166,3341,ศูนย์วิจัยและพัฒนาการเกษตรชุมพร,86,86140,ชุมพร
5167,3340,สถาบันสารสนเทศทรัพยากรน้ำและการเกษตร (องค์การมหาชน),10,10400,กรุงเทพมหานคร
5168,3339,มูลนิธิสร้างเสริมสุขภาวะมุสลิมไทย,90,90110,สงขลา
5169,3318,ศูนย์วิทยาศาสตร์การแพทย์ที่ 12/1 ตรัง,92,92000,ตรัง
5170,3317,โครงการอนุรักษ์พันธุกรรมพืชอันเนื่องมาจากพระราชดำริ สมเด็จพระเทพรัตนราชสุดาฯ สยามบรมราชกุมารี ,30,30140,นครราชสีมา
5171,3300,สำนักงานพลังงานจังหวัดระนอง,85,85000,ระนอง
5172,3299,บริษัท กสท โทรคมนาคม จำกัด (มหาชน) จังหวัดนนทบุรี,12,11000,นนทบุรี
5173,3298,สวนนงนุช,20,20250,ชลบุรี
5174,3297,Universitas Negari Malang,104,65145,อินโดนีเซีย
5175,3296,บริษัท ซุปเปอร์เทค ไบโอ - ออร์แกนิค มาร์เก็ตติ้ง (ประเทศไทย) จำกัด,10,10230,กรุงเทพมหานคร
5176,3295,โรงแรม ซิกส์เซนเซส เกาะยาวน้อย,82,82160,พังงา
5177,3294,โรงแรมวิลล่า โซลิธูท ภูเก็ต,83,83130,ภูเก็ต
5178,3293,สำนักหอสมุด  มหาวิทยาลัยเกษตรศาสตร์,10,10900,กรุงเทพมหานคร
5179,3292,วิทยาลัยราชสุดา มหาวิทยาลัยมหิดล,73,73170,นครปฐม
5180,3291,โรงแรม โคโม่ พ้อยท์ ยามู,83,83110,ภูเก็ต
5181,3290,หอจดหมายเหตุแห่งชาติเฉลิมพระเกียรติสมเด็จพระนางเจ้าสิริกิติ์ พระบรมราชินีนาถ จังหวัดสงขลา,90,90110,สงขลา
5182,3289,โรงแรม ไร่เลย์ เบย์ รีสอร์ท แอนด์ สปา,81,81180,กระบี่
5183,3288,บริษัท แอลอีดี ไล้ท์ติ้ง จํากัด,10,10520,กรุงเทพมหานคร
5184,3287,บริษัท ยังไซเบอร์ จำกัด,90,90110,สงขลา
5185,3286,สำนักงานคุมประพฤติจังหวัดสุราษฎร์ธานี,84,84100,สุราษฎร์ธานี
5186,3285,ที่ว่าการอําเภอเมืองนครศรีธรรมราช,80,80000,นครศรีธรรมราช
5187,3284,บริษัท บางกอก เมดิคอล ซอฟต์แวร์ จํากัด,10,10140,กรุงเทพมหานคร
5188,3283,"Andaman Leisure Phuket Co., Ltd.",83,83000,ภูเก็ต
5189,3282,บริษัท อ่าวนางแทรเวล แอนด์ ทัวร์ จำกัด,81,81000,กระบี่
5190,3281,บริษัท พังงา เอทีวี แอ็ดเวนเจอร์ จำกัด,82,82000,พังงา
5191,3280,เซิร์ฟ เฮ้าส์ ภูเก็ต,83,83100,ภูเก็ต
5192,3279,บริษัท อันดา แอดเวนเจอร์ จำกัด,83,83000,ภูเก็ต
5193,3278,บริษัท โยโกกาวา (ประเทศไทย) จํากัด,10,10310,กรุงเทพมหานคร
5194,3277,บริษัท สำนักงานบัญชีสุรินทร์และเพื่อน จำกัด,90,90000,สงขลา
5195,3260,บริษัท ซีพีไอ อะโกรเทค จำกัด,86,86140,ชุมพร
5196,3259,บริษัท จิ้วฮวด จํากัด,20,20130,ชลบุรี
5197,3258,สำนักงานเทศบาลตำบลกะปาง,80,80310,นครศรีธรรมราช
5198,3257,บริษัท อาหารยอดคุณ จำกัด,10,10510,กรุงเทพมหานคร
5199,3256,ณัฐตะวัน ทัวร์,51,51150,ลำพูน
5200,3255,บริษัท อนันตราเวเคชั่น จำกัด,84,84320,สุราษฎร์ธานี
5201,3254,บริษัท สยามแม็คโคร จำกัด (มหาชน) สาขาถลาง,83,83110,ภูเก็ต
5202,3253,กลุ่มบริษัทซอฟต์สแควร์,13,12000,ปทุมธานี
5203,3252,กลุ่มบริษัท ไทยอีสเทิร์น,20,20190,ชลบุรี
5204,3251,บริษัท กสท โทรคมนาคม จำกัด (มหาชน) กระบี่,81,,กระบี่
5205,3250,บริษัท ปรากฏการณ์ดี จำกัด,10,10310,กรุงเทพมหานคร
5206,3249,สำนักงานพัฒนาธุรกิจการค้าจังหวัดสุราษฎร์ธานี สาขาเกาะสมุย,84,84320,สุราษฎร์ธานี
5207,3248,โรงแรมดาราโฮเทลแอนด์เรสซิเดนซ์ (บริษัท ดารารัตน์และบุตร จำกัด),83,83000,ภูเก็ต
5208,3247,ธนาคารอิสลามแห่งประเทศไทย สาขาโรบินสัน นครศรีธรรมราช,80,80000,นครศรีธรรมราช
5209,3246,บริษัท ท้อปโกลฟ เมดิคอล (ไทยแลนด์) จำกัด,90,90320,สงขลา
5210,3245,ธนาคารเพื่อการเกษตรและสหกรณ์การเกษตร สาขาภูเก็ต,83,83000,ภูเก็ต
5211,3244,บริษัท ภารีสา คอร์เปอเรชั่น จำกัด (โรงแรม ภารีสา),83,83150,ภูเก็ต
5212,3243,บริษัท เปนไท พับลิชชิ่ง จำกัด (นิตยสารเวย์),10,10240,กรุงเทพมหานคร
5213,3242,องค์การบริหารส่วนจังหวัดพังงา,82,82000,พังงา
5214,3241,สำนักงานเทศบาลตำบลสำนักขาม,90,90320,สงขลา
5215,3240,บริษัท ศรีตรังแมเนจเมนต์ ซายน์ จำกัด,90,90110,สงขลา
5216,3239,บริษัท ไออาร์พีซี จำกัด (มหาชน),21,21000,ระยอง
5217,3238,บริษัท อินเนอร์รูม จำกัด,10,10800,กรุงเทพมหานคร
5218,3237,บริษัท บิ๊กซี ซูเปอร์เซ็นเตอร์ จำกัด (มหาชน) สาขาตรัง,92,92000,ตรัง
5219,3236,บริษัท ห้องเย็นโชติวัฒน์หาดใหญ่ จํากัด (มหาชน),90,90310,สงขลา
5220,3235,บริษัท นิวโอลเดอร์ วีเอฟเอกซ์ จำกัด,10,10310,กรุงเทพมหานคร
5221,3234,บริษัท ศรีตรัง แอโกรอินดัสทรี จำกัด (มหาชน) สาขาสะเดา,90,90170,สงขลา
5222,3233,ธนาคารกรุงไทย จำกัด (มหาชน) สาขานครศรีธรรมราช,80,80000,นครศรีธรรมราช
5223,3232,ธนาคารกรุงไทย จำกัด (มหาชน) สาขาเซ็นทรัลพลาซ่า สุราษฎร์ธานี,84,84000,สุราษฎร์ธานี
5224,3231,พี.จี. ทัวร์ แอนด์ ทราเวล,93,93000,พัทลุง
5225,3230,บริษัท บีเอ็มดับเบิลยู แมนูแฟคเจอริ่ง (ประเทศไทย) จำกัด,21,21140,ระยอง
5226,3229,ธนาคารกรุงไทย จำกัด (มหาชน) สาขาเทสโก้โลตัสหาดใหญ่,90,90110,สงขลา
5227,3228,บริษัท อีไอซี เซมิคอนดักเตอร์ จำกัด,10,10520,กรุงเทพมหานคร
5228,3227,การไฟฟ้าฝ่ายผลิตแห่งประเทศไทย  (ฝ่ายบำรุงรักษาเครื่องกล),12,11130,นนทบุรี
5229,3226,โรงเรียนสามบ่อวิทยา,90,90140,สงขลา
5230,3225,ธนาคารกรุงไทย จำกัด (มหาชน) สาขาเกาะสมุย,84,84140,สุราษฎร์ธานี
5231,3224,สำนักงานพัฒนาพิงคนคร (องค์การมหาชน),50,50230,เชียงใหม่
5232,3223,บริษัท วีเจ ภูเก็ต การบัญชี จำกัด,83,83000,ภูเก็ต
5233,3222,บริษัท สำนักงานบัญชีและกฎหมาย เพื่อน จำกัด,10,10700,กรุงเทพมหานคร
5234,3221,บริษัท ซี.แอล. การบัญชีและกฎหมาย จำกัด,10,10240,กรุงเทพมหานคร
5235,3220,บริษัท พี.เอ็ม. การบัญชีและ ที่ปรึกษา จำกัด,10,10300,กรุงเทพมหานคร
5236,3219,พิพิธภัณฑ์สถานแห่งชาติสตูล,91,91000,สตูล
5237,3218,สํานักวิจัยและพัฒนา มหาวิทยาลัยสงขลานครินทร์,90,90110,สงขลา
5238,3217,บริษัท พาสเทล บลู สตูดิโอ จํากัด,10,10310,กรุงเทพมหานคร
5239,3216,บริษัท ไอส์แลนด์ ซาฟารี จำกัด สาขาฉลอง,83,,ภูเก็ต
5240,3215,บริษัท วีจี เอ็นเนอร์ยี จำกัด,86,86140,ชุมพร
5241,3214,บริษัท พี วี ออดิท จำกัด,10,10310,กรุงเทพมหานคร
5242,3213,โรงแรมอมารี ภูเก็ต,83,83150,ภูเก็ต
5243,3212,บริษัท ฮิวแมนฟาร์ม วีเอฟเอ็กส์ สตูดิโอ จำกัด,10,10310,กรุงเทพมหานคร
5244,3211,บริษัท ไทย อินโฟ จำกัด ,10,10110,กรุงเทพมหานคร
5245,3210,สำนักบรรณสารการพัฒนา  สถาบันบัณฑิตพัฒนบริหารศาสตร์,10,10240,กรุงเทพมหานคร
5246,3209,ธนาคารออมสิน สาขาเชิงทะเล,83,83110,ภูเก็ต
5247,3208,สำนักงานอุตสาหกรรมจังหวัดสงขลา,90,90000,สงขลา
5248,3207,ธนาคารกรุงไทย จำกัด (มหาชน) สาขาสุราษฎร์ธานี,84,84000,สุราษฎร์ธานี
5249,3206,ธนาคารออมสิน สาขาบ่อผุด,84,84320,สุราษฎร์ธานี
5250,3205,ธนาคารออมสิน สาขากระบี่,81,81000,กระบี่
5251,3204,ธนาคารออมสิน สาขาตรัง,92,92000,ตรัง
5252,3203,ธนาคารกรุงไทย จำกัด (มหาชน) สาขานิพัทธ์อุทิศ 2,90,90110,สงขลา
5253,3202,บริษัท สายการบินนกแอร์ จำกัด (มหาชน) สำนักงานสนามบินดอนเมือง,10,10210,กรุงเทพมหานคร
5254,3201,ธนาคารกรุงไทย จำกัด (มหาชน) สาขาโรงพยาบาลสุราษฎร์ธานี,84,84000,สุราษฎร์ธานี
5255,3200,อุทยานการเรียนรู้ยะลา,95,95000,ยะลา
5256,3199,สำนักงานสรรพสามิตพื้นที่สุราษฎร์ธานี,84,84000,สุราษฎร์ธานี
5257,3198,ศาลจังหวัดตรัง,92,92000,ตรัง
5258,3197,บริษัท คาร์กิลล์มีทส์ (ไทยแลนด์) จํากัด โรงงานนครราชสีมา,30,30190,นครราชสีมา
5259,3196,ห้องปฏิบัติการทางชีวโมเลกุล มหาวิทยาลัยวลัยลักษณ์,80,80161,นครศรีธรรมราช
5260,3195,"Department of Applied Physics, Faculty of Engineering, Hokkaido University",116,,ญี่ปุ่น
5261,3194,ภาควิชาคณิตศาสตร์และวิทยาการคอมพิวเตอร์ คณะวิทยาศาสตร์ จุฬาลงกรณ์มหาวิทยาลัย,10,10330,กรุงเทพมหานคร
5262,3193,ศูนย์เทคโนโลยีอิเล็กทรอนิกส์และคอมพิวเตอร์แห่งชาติ หน่วยวิจัยสารสนเทศการสื่อสารและการคำนวณ,13,12120,ปทุมธานี
5263,3192,บริษัท อาหลอง จูเนียร์ จำกัด,10,10800,กรุงเทพมหานคร
5264,3191,บริษัท ฟีโนมีนา จำกัด,10,10310,กรุงเทพมหานคร
5265,3190,บริษัท โมเดิร์นนิสเซชั่น แอ๊คเค้าน์ติ้งค์ จำกัด,10,10240,กรุงเทพมหานคร
5266,3189,บริษัท เอ.เอส.เค.เอ็น. อินเตอร์เนชั่นแนล ออดิท เซอร์วิสเซส จำกัด,10,10330,กรุงเทพมหานคร
5267,3188,บริษัท แอ๊ปโซลูท ดีเวลล้อปเม้นท์ คอร์เปอเรชั่น (ประเทศไทย) จำกัด,83,83150,ภูเก็ต
5268,3187,ด่านตรวจคนเข้าเมืองจังหวัดพระนครศรีอยุธยา,14,13000,พระนครศรีอยุธยา
5269,3186,ที่ว่าการอำเภอบ้านนาสาร,84,84120,สุราษฎร์ธานี
5270,3185,สำนักงานอัยการคดีเยาวชนและครอบครัวจังหวัดนครศรีธรรมราช,80,80000,นครศรีธรรมราช
5271,3184,ศาลจังหวัดนครศรีธรรมราช,80,80000,นครศรีธรรมราช
5272,3183,การไฟฟ้าส่วนภูมิภาคจังหวัดตรัง,92,92000,ตรัง
5273,3182,องค์การบริหารส่วนจังหวัดพัทลุง,93,93000,พัทลุง
5274,3181,การไฟฟ้าส่วนภูมิภาคจังหวัดกระบี่,81,81000,กระบี่
5275,3180,สํานักวรรณกรรมและประวัติศาสตร์ กรมศิลปากร,10,10300,กรุงเทพมหานคร
5276,3179,โรงเรียนมัธยมศึกษาจุฬาภรณ์,80,80130,นครศรีธรรมราช
5277,3178,โรงเรียนบางดีวิทยาคม,92,92210,ตรัง
5278,3177,บริษัท เรือเร็วลมพระยา จำกัด สาขาชุมพร,86,86120,ชุมพร
5279,3176,บริษัท กฤษณา อินเตอร์เทรด จํากัด,10,10260,กรุงเทพมหานคร
5280,3175,บริษัท ศรีสวัสดิ์ ทราเวล แอนด์ ทัวร์ จำกัด,84,84320,สุราษฎร์ธานี
5281,3174,โรงแรม เดอะราชา,83,83130,ภูเก็ต
5282,3173,โรงเรียนวัดบวรมงคล,10,10700,กรุงเทพมหานคร
5283,3172,บริษัท เทแมก ฟู๊ดส์ (ประเทศไทย) จํากัด,10,10310,กรุงเทพมหานคร
5284,3171,โรงเรียนหาดใหญ่วิทยาลัย,90,90110,สงขลา
5285,3170,บริษัท นิปปอนเพนต์ เดคโคเรทีฟ โคทติ้ง (ประเทศไทย) จำกัด,11,10130,สมุทรปราการ
5286,3169,บริษัท ชลัมเบอร์เจอร์ โอเวอร์ซีส์ เอส เอ จำกัด,10,10900,กรุงเทพมหานคร
5287,3168,บริษัท คอทโก้ พลาสติกส์ จํากัด,10,10510,กรุงเทพมหานคร
5288,3167,สายการบินสปริงแอร์ไลน์ สุวรรณภูมิ,11,10540   ,สมุทรปราการ
5289,3166,โรงเรียนเลิศปัญญาวิทย์,80,80210,นครศรีธรรมราช
5290,3165,ด่านตรวจคนเข้าเมืองท่าอากาศยานหาดใหญ่,90,90115,สงขลา
5291,3164,โรงแรม ไดมอนด์ พลาซ่า สุราษฎร์ธานี,84,84000,สุราษฎร์ธานี
5292,3163,บริษัท สองมือโปรดักชั่น จำกัด,10,,กรุงเทพมหานคร
5293,3162,บริษัท สมบัติวิศวกรรมไฟฟ้าสื่อสาร จำกัด,90,90000,สงขลา
5294,3161,บริษัท สินสว่างการไฟฟ้า จํากัด,90,90110,สงขลา
5295,3160,บริษัท เสริมสิน ธนกรุ๊ป จำกัด,81,81000,กระบี่
5296,3159,บริษัท พิทักษ์กิจ จํากัด,25,25110,ปราจีนบุรี
5297,3158,บริษัท ทวีมงคลก่อสร้าง (2000) จำกัด,10,10160,กรุงเทพมหานคร
5298,3157,บริษัท วงศ์บัณฑิต จำกัด จังหวัดสุราษฎร์ธานี สาขาพุนพิน,84,84130,สุราษฎร์ธานี
5299,3156,บริษัท บิล รีสอร์ท ละไม บีช จำกัด,84,84310,สุราษฎร์ธานี
5300,3155,บริษัท สายการบินนกแอร์ จำกัด (มหาชน),10,10120,กรุงเทพมหานคร
5301,3154,บริษัท บุญถาวร ดีเวลลอปเม้นท์ จำกัด,10,10240,กรุงเทพมหานคร
5302,3153,โรงแรม รามาดา บาย วินด์แฮม อ่าวนาง กระบี่,81,81000,กระบี่
5303,3152,บริษัท เอชจีเอสที (ประเทศไทย) จํากัด,25,25140,ปราจีนบุรี
5304,3151,บริษัท อูเบะ เคมิคอลส์ (เอเชีย) จำกัด (มหาชน),21,21000,ระยอง
5305,3150,บริษัท แอดไวซ์ ไอที อินฟินิท จำกัด สาขาเกาะพะงัน,84,84280,สุราษฎร์ธานี
5306,3149,บริษัท โฮมโปรดักส์ เซ็นเตอร์ จำกัด (มหาชน) สาขาตรัง,92,92000,ตรัง
5307,3148,ศูนย์วัฒนธรรมไทย-จีน,41,,อุดรธานี
5308,3147,สำนักงานพัฒนาสังคมและความมั่นคงของมนุษย์จังหวัดนครศรีธรรมราช,80,80000,นครศรีธรรมราช
5309,3146,สำนักงานอัยการจังหวัดภูเก็ต,83,83000,ภูเก็ต
5310,3145,สำนักงานสวัสดิการและคุ้มครองแรงงานจังหวัดสุราษฎร์ธานี,84,84100,สุราษฎร์ธานี
5311,3144,สำนักงานสรรพากรพื้นที่ยะลา,95,95000,ยะลา
5312,3143,กรีนพีซ เอเชียตะวันออกเฉียงใต้,10,10400,กรุงเทพมหานคร
5313,3142,อยุธยา โบท แอนด์ ทราเวล,14,13000,พระนครศรีอยุธยา
5314,3141,สำนักงานเทศบาลเมืองสะเดา,90,90120,สงขลา
5315,3140,บริษัท หาดใหญ่ มอเตอร์ จำกัด,90,90110,สงขลา
5316,3139,องค์การบริหารส่วนจังหวัดตรัง,92,92000,ตรัง
5317,3138,สำนักงานเทศบาลเมืองควนลัง,90,,สงขลา
5318,3137,สำนักงานคุมประพฤติจังหวัดนครศรีธรรมราช สาขาทุ่งสง,80,80110,นครศรีธรรมราช
5319,3136,สำนักงานจังหวัดสงขลา,90,90000,สงขลา
5320,3135,โรงเรียนวัดโพธาราม,90,90310,สงขลา
5321,3134,โรงเรียนเฉลิมพระเกียรติสมเด็จพระศรีนครินทร์ ภูเก็ต,83,83000,ภูเก็ต
5322,3133,มันทราวา รีสอร์ท แอนด์ สปา,83,83110,ภูเก็ต
5323,3132,โรงเรียนละอายพิทยานุสรณ์,80,80250,นครศรีธรรมราช
5324,3131,บริษัท เซ้นส์ มอร์ คอร์ปอเรชั่น จำกัด,10,10330,กรุงเทพมหานคร
5325,3130,บริษัท โกลเด้น ฟู้ดส์ สยาม จํากัด,26,26120,นครนายก
5326,3129,บริษัท ซีพีเอฟ (ประเทศไทย) จำกัด (มหาชน) (โรงงานอาหารสำเร็จรูปสระบุรี),19,18110,สระบุรี
5327,3128,บริษัท ท่าอากาศยานไทย จำกัด (มหาชน) สาขาท่าอากาศยานสุวรรณภูมิ,11,10540,สมุทรปราการ
5328,3127,สำนักงานเทศบาลเมืองเพชรบุรี,76,76000,เพชรบุรี
5329,3126,โรงพยาบาลสงขลานครินทร์ งานส่งเสริมสุขภาพและอาชีวอนามัย,90,90110,สงขลา
5330,3125,บริษัท สยามมิชลิน จำกัด (โรงงาน สยามพระประแดง),11,10130,สมุทรปราการ
5331,3124,บริษัท ทริปเปิล วี บรอดคาสท์ จำกัด,10,10900,กรุงเทพมหานคร
5332,3123,บริษัท โอลิมปัส อินโนเวชั่น เทคโนโลยี จำกัด,83,83120,ภูเก็ต
5333,3122,บริษัท ซี.พี.แลนด์ จำกัด (มหาชน) สาขานครศรีธรรมราช,80,80000,นครศรีธรรมราช
5334,3121,ป่าตอง ซันเซ็ท วิลล่า,83,83150,ภูเก็ต
5335,3120,บริษัท เบทาโกรภาคเหนือ เกษตรอุตสาหกรรม จำกัด (เชียงใหม่),50,50100,เชียงใหม่
5336,3119,ธนาคารกรุงไทย จำกัด (มหาชน) สาขานครศรีธรรมราช,80,80000,นครศรีธรรมราช
5337,3118,บริษัท เอซี คอนซัลติ้ง กรุ๊ป จำกัด,83,,ภูเก็ต
5338,3117,บริษัท สสุภาการบัญชี จำกัด,84,84000,สุราษฎร์ธานี
5339,3116,บริษัท พี เอ็น แอ๊คเคาน์ ซิสเต็ม แอนด์ คอนเซาน์ จำกัด (สำนักงานแป้งน้ำการบัญชี),81,81000,กระบี่
5340,3115,บริษัท สำนักงานบัญชีคราฟท์ จำกัด,10,10260,กรุงเทพมหานคร
5341,3114,ธนาคารออมสิน ภาค 16,84,84000,สุราษฎร์ธานี
5342,3113,ธนาคารเพื่อการเกษตรและสหกรณ์การเกษตร สำนักงาน ธ.ก.ส. จังหวัดสุราษฎร์ธานี,84,84000,สุราษฎร์ธานี
5343,3112,ธนาคารออมสิน สาขาอ่าวนาง,81,81000,กระบี่
5344,3111,ธนาคารกรุงไทย จำกัด (มหาชน) สาขาอ่าวนาง,81,81000,กระบี่
5345,3110,ธนาคารเพื่อการเกษตรและสหกรณ์การเกษตร สาขาหาดใหญ่,90,90110,สงขลา
5346,3109,ธนาคารกรุงไทย สาขาจังซีลอน ป่าตอง ภูเก็ต,83,83158,ภูเก็ต
5347,3108,ธนาคารออมสิน สาขาป่าตอง,83,-,ภูเก็ต
5348,3107,บริษัทเหลือกินเหลือใช้ จำกัด (อมอร์ สตูดิโอ),10,10240,กรุงเทพมหานคร
5349,3106,ศูนย์วิจัยและพัฒนาประมงชายฝั่งระยอง,21,21000,ระยอง
5350,3105,บริษัท ลักษ์ พับลิชชิ่ง จำกัด,10,10310,กรุงเทพมหานคร
5351,3104,สำนักงานการตรวจเงินแผ่นดิน จังหวัดสุราษฏร์ธานี,84,84100,สุราษฎร์ธานี
5352,3103,สำนักงานการตรวจเงินแผ่นดินภูมิภาคที่ 14 จังหวัดนครศรีธรรมราช,80,80000,นครศรีธรรมราช
5353,3102,สำนักงานการตรวจเงินแผ่นดินภูมิภาคที่ 15 จังหวัดสงขลา,90,90000,สงขลา
5354,3101,ธนาคารกรุงไทย จำกัด (มหาชน) สาขาภูเก็ต,83,83000,ภูเก็ต
5355,3100,บริษัท วินโดว์ ดีไซน์ แอนด์ ออนนิ่งส์ จำกัด,83,83000,ภูเก็ต
5356,3099,บริษัท อทิตตา พับลิเคชั่น จํากัด,10,10220,กรุงเทพมหานคร
5357,3098,ภูเก็ตอินเตอร์ยานยนต์,83,83000,ภูเก็ต
5358,3097,บริษัท วิชั่น ลิงค์ จำกัด,83,83000,ภูเก็ต
5359,3096,ภูเก็ตสวมพงค์มอร์เตอร์,83,83000,ภูเก็ต
5360,3095,โรงแรม ซีเครท คลิฟ รีสอร์ท แอนด์ เรสเทอร์รอง,83,83100,ภูเก็ต
5361,3094,อโมรา บีช รีสอร์ท  (บริษัท ภัทรบีชรีสอร์ท จำกัด),83,83100,ภูเก็ต
5362,3093,ที่ว่าการอำเภอสิชล,80,80120,นครศรีธรรมราช
5363,3092,องค์การบริหารส่วนตำบลเทพกระษัตรี,83,83110,ภูเก็ต
5364,3091,องค์การบริหารส่วนตำบลกะทู้,83,83120,ภูเก็ต
5365,3090,บริษัท บิ๊กซี ซูเปอร์เซ็นเตอร์ จำกัด (มหาชน) สาขาเกาะสมุย,84,84320,สุราษฎร์ธานี
5366,3089,บริษัทสยามแม็คโคร จำกัด (มหาชน) สาขาเกาะสมุย,84,84320,สุราษฎร์ธานี
5367,3088,เซ็นทรัล เฟสติวัล สมุย,84,,สุราษฎร์ธานี
5368,3087,บริษัท เอก-ชัย ดีสทริบิวชั่น ซิสเทม จำกัด (เทสโก้ โลตัส สาขาเกาะสมุย),84,84320,สุราษฎร์ธานี
5369,3086,โรงแรม อโลฮา,84,84310,สุราษฎร์ธานี
5370,3085,บริษัท เดโชโย่ (สมุย) จำกัด,84,84330,สุราษฎร์ธานี
5371,3084,สำนักงานเทศบาลเมืองกะทู้,83,83120,ภูเก็ต
5372,3083,รอยัล ภูเก็ต มารีน่า,83,83000,ภูเก็ต
5373,3082,สำนักงานเทศบาลตำบลวิชิต,83,83000,ภูเก็ต
5374,3081,สำนักงานพัฒนาธุรกิจการค้าจังหวัดภูเก็ต,83,83000,ภูเก็ต
5375,3080,สํานักงานคณะกรรมการส่งเสริมสวัสดิการและสวัสดิภาพครูและบุคลากรทางการศึกษา,10,10300,กรุงเทพมหานคร
5376,3079,โรงแรม ทวินปาล์มส์ ภูเก็ต,83,83110,ภูเก็ต
5377,3078,โรงแรม เดอะ นาคา ไอแลนด์ อะลักชัวรี่ คอลเลคชั่น รีสอร์ท แอนด์ สปา ภูเก็ต,83,83100,ภูเก็ต
5378,3077,โรงแรม อนันตรา ลายัน ภูเก็ต รีสอร์ท,83,83110,ภูเก็ต
5379,3076,สมาคมอาสาสมัครนานาชาติเพื่อการพัฒนาสังคม (ดาหลา),90,90110,สงขลา
5380,3075,มูลนิธิอาสาสมัครเพื่อสังคม,10,10320,กรุงเทพมหานคร
5381,3074,บริษัท วีนิไทย จำกัด (มหาชน),21,21150,ระยอง
5382,3073,มูลนิธิเกื้อฝันเด็ก,50,50100,เชียงใหม่
5383,3072,บริษัท แคล-คอมพ์ พรีซิสชั่น (ประเทศไทย) จำกัด,74,74110,สมุทรสาคร
5384,3071,บริษัท เวิลด์ อินฟอร์เมชั่น เทคโนโลยี่ จํากัด,10,10500,กรุงเทพมหานคร
5385,3070,องค์การรัฐมนตรีศึกษาแห่งเอเชียตะวันออกเฉียงใต้ (SEAMEO),10,10110,กรุงเทพมหานคร
5386,3069,บริษัท แมคซิม่า สตูดิโอ จำกัด,30,30130,นครราชสีมา
5387,3068,บริษัท ดิจิดรีม จำกัด,10,10140,กรุงเทพมหานคร
5388,3067,บริษัท ดิจิทัลมีเดีย เอาท์ซอร์ส โซลูชั่น จำกัด,12,,นนทบุรี
5389,3066,บริษัท แจ่มใส พับลิชชิ่ง จำกัด,10,10700,กรุงเทพมหานคร
5390,3065,บริษัท สหมงคลฟิล์ม อินเตอร์เนชั่นแนล จำกัด,10,10400,กรุงเทพมหานคร
5391,3064,Bang Channel,10,,กรุงเทพมหานคร
5392,3063,บริษัท มีดีส์ คอนเทนท์ จำกัด,10,10310,กรุงเทพมหานคร
5393,3062,บริษัท โมเดอนเคมีเคิล จำกัด,10,10110,กรุงเทพมหานคร
5394,3061,ห้างหุ้นส่วนจำกัด อันดามัน ไอส์แลนด์ กรุ๊ป,83,83110,ภูเก็ต
5395,3060,บริษัท แอร์พลัส แอ๊พพลาย จำกัด,13,12150,ปทุมธานี
5396,3059,การไฟฟ้าส่วนภูมิภาคจังหวัดนครศรีธรรมราช,80,80000,นครศรีธรรมราช
5397,3058,โรงแรม ลยานะ รีสอร์ท แอนด์ สปา,81,81150,กระบี่
5398,3057,ธนาคารออมสิน สาขาเกาะสมุย,84,84140,สุราษฎร์ธานี
5399,3056,สำนักงานคุมประพฤติจังหวัดนครศรีธรรมราช,80,80000,นครศรีธรรมราช
5400,3055,สำนักงานคุมประพฤติจังหวัดสงขลา,90,,สงขลา
5401,3054,บริษัท เนชั่น อินเตอร์เนชั่นแนล เอ็ดดูเทนเมนท์ จํากัด (มหาชน),10,10260,กรุงเทพมหานคร
5402,3053,องค์การบริหารส่วนจังหวัดสุราษฎร์ธานี,84,84000,สุราษฎร์ธานี
5403,3052,สถานีพัฒนาที่ดินเชียงราย,57,57100,เชียงราย
5404,3051,คณะเศรษฐศาสตร์ มหาวิทยาลัยธรรมศาสตร์,10,10200,กรุงเทพมหานคร
5405,3050,บริษัท เวทเธอร์ฟอร์ด เคเอสพี จำกัด,90,90280,สงขลา
5406,3049,กระบี่ ทิพา รีสอร์ท,81,81000,กระบี่
5407,3048,สำนักงานยุทธศาสตร์ตำรวจ,10,10330,กรุงเทพมหานคร
5408,3047,โรงแรม เดอะแฟร์เฮาส์ บีช รีสอร์ทแอนด์ โฮเต็ล,84,84320,สุราษฎร์ธานี
5409,3046,บริษัท เอเวอร์กรีน ชิปปิ้ง เอเยนซี่ (ไทยแลนด์) จำกัด,10,10110,กรุงเทพมหานคร
5410,3045,สถานกงสุลใหญ่ ณ แขวงสะหวันนะเขต,120,,สาธารณรัฐประชาธิปไตยประชาชนลาว
5411,3044,สำนักงานส่งเสริมการปกครองท้องถิ่นจังหวัดภูเก็ต,83,83000,ภูเก็ต
5412,3043,บริษัท วัชรพล จำกัด (หนังสือพิมพ์ไทยรัฐ),10,10900,กรุงเทพมหานคร
5413,3042,กองการพัฒนาชุมชน สำนักพัฒนาสังคม กรุงเทพมหานคร,10,10400,กรุงเทพมหานคร
5414,3041,บริษัท เบทาโกรภาคใต้ จำกัด  สาขากระบี่,81,81000,กระบี่
5415,3040,สำนักงานส่งเสริมการปกครองท้องถิ่นจังหวัดสุราษฎร์ธานี,84,84000,สุราษฎร์ธานี
5416,3039,สำนักงานเลขานุการผู้ว่าราชการกรุงเทพมหานคร,10,10200,กรุงเทพมหานคร
5417,3038,สำนักงานพัฒนาชุมชนอำเภอควนโดน,91,91160,สตูล
5418,3037,สำนักงานพัฒนาชุมชนอำเภอวิภาวดี,84,84180,สุราษฎร์ธานี
5419,3036,ที่ว่าการอำเภอท่าศาลา,80,80160,นครศรีธรรมราช
5420,3035,เรือนจำจังหวัดภูเก็ต,83,83000,ภูเก็ต
5421,3034,มูลนิธิศุภนิมิตแห่งประเทศไทย (ADP อ่าวลึก),81,81110,กระบี่
5422,3033,สำนักงานคณะกรรมการข้าราชการพลเรือน,12,11000,นนทบุรี
5423,3032,บริษัท แหลมฉบัง อินเตอร์เนชั่นแนล เทอร์มินอล จำกัด,20,20230,ชลบุรี
5424,3031,โรงเรียนหาดใหญ่รัฐประชาสรรค์,90,90110,สงขลา
5425,3030,โรงเรียนทุ่งต้นปีก,81,81000,กระบี่
5426,3029,สำนักงานพัฒนาชุมชนจังหวัดสุราษฎร์ธานี,84,84000,สุราษฎร์ธานี
5427,3028,สำนักงานส่งเสริมการปกครองท้องถิ่นจังหวัดกระบี่,81,81000,กระบี่
5428,3027,สำนักงานพัฒนาชุมชนจังหวัดนราธิวาส,96,96000,นราธิวาส
5429,3026,บริษัท กราวด์แม็ทซิ่ง จำกัด,83,83110,ภูเก็ต
5430,3025,โรงแรม สมุย ปาล์ม บีช รีสอร์ท,84,84320,สุราษฎร์ธานี
5431,3024,โรงแรม บ่อผุด รีสอร์ท แอนด์ สปา,84,84320,สุราษฎร์ธานี
5432,3023,บริษัท ศิริภัณฑ์ ท่าศาลา จำกัด,80,80160,นครศรีธรรมราช
5433,3022,สำนักบริหารพื้นที่อนุรักษ์ที่ 16 (เชียงใหม่) หน่วยจัดการต้นน้ำแม่ตะมาน,50,50170,เชียงใหม่
5434,3021,บริษัท ฟรังค์ แอนด์ เฟรช ทราเวล จำกัด,50,50100,เชียงใหม่
5435,3020,สำนักงานสุขาภิบาลอาหารและน้ำ กรมอนามัย,12,11000,นนทบุรี
5436,3019,โรงเรียนสตรีภูเก็ต,83,83000,ภูเก็ต
5437,3018,ท่าอากาศยานกระบี่,81,81130,กระบี่
5438,3017,บริษัท โปรเกรส เน็ตเวิร์ค คอนซัลท์ จำกัด,80,80000,นครศรีธรรมราช
5439,3016,บริษัท บ้านสวยกรุ๊ป (สุราษฎร์ธานี) จำกัด (มหาชน),84,84000,สุราษฎร์ธานี
5440,3015,บริษัท เพชรศรีวิชัยโฮลดิ้ง จำกัด,84,84000,สุราษฎร์ธานี
5441,3014,บริษัท ไทยทราโฟแมนูแฟคเจอริ่ง จำกัด,21,21110,ระยอง
5442,3013,โรงแรมโนโวเทล ภูเก็ต วินเทจ ปาร์ค,83,83150,ภูเก็ต
5443,3012,ธนาคารกรุงไทย จำกัด (มหาชน) สาขาถนนราษฎร์ยินดี,90,90110,สงขลา
5444,3011,บริษัท บาเดอร์ (เอเชีย) จำกัด,21,21150,ระยอง
5445,3010,บริษัท พี.เอ็น.เค คอนสตรัคชั่น จำกัด,82,82140,พังงา
5446,3009,ศูนย์ส่งเสริมและพัฒนาการอาชีพการเกษตร (พันธุ์พืชเพาะเลี้ยง) จังหวัดตรัง,92,92000,ตรัง
5447,3008,สยามโปรแพลนท์,86,86130,ชุมพร
5448,3007,โรงแรม อนันต บุรินทร์ รีสอร์ท กระบี่,81,81000,กระบี่
5449,3006,บริษัท พี.เค. มารีน เทรดดิ้ง จำกัด,84,84000,สุราษฎร์ธานี
5450,3005,โรงเรียนบูรณะรำลึก,92,92000,ตรัง
5451,3004,บริษัท สายการบินนกแอร์ จำกัด (มหาชน)  สาขากระบี่,81,81130,กระบี่
5452,3003,โรงแรม เซ็นทารา แกรนด์ บีช รีสอร์ท ภูเก็ต,83,83100,ภูเก็ต
5453,3002,บริษัท การบินกรุงเทพ จำกัด สาขากระบี่,81,81130,กระบี่
5454,3001,ธนาคารออมสิน สาขาหาดใหญ่,90,90110,สงขลา
5455,3000,โรงแรม โนราบีช รีสอร์ท แอนด์ สปา,84,84320,สุราษฎร์ธานี
5456,2999,โรงเรียนกัลยาณชนรังสรรค์มูลนิธิ มัสยิดบ้านเหนือ,90,90110,สงขลา
5457,2998,บริษัท การะเกด เอ็นเทอร์เทนเม้นท์ จำกัด,10,10310,กรุงเทพมหานคร
5458,2997,ธนาคารกรุงไทย สาขาโรงพยาบาลหาดใหญ่,90,90110,สงขลา
5459,2996,บริษัท โออิชิ กรุ๊ป จำกัด (มหาชน),10,10330,กรุงเทพมหานคร
5460,2995,โรงพิมพ์วัฒนาบล็อกและตรายาง,80,80800,นครศรีธรรมราช
5461,2994,โรงแรม เดอะวัน สุราษฎร์ธานี,84,84000,สุราษฎร์ธานี
5462,2993,สถานีตำรวจท่องเที่ยว 4 กองกำกับการ 2 กองบังคับการตำรวจท่องเที่ยว 3,84,84130,สุราษฎร์ธานี
5463,2992,บริษัท มันส์ อีเว้นท์ ออร์กาไนซ์เซอร์  จำกัด,10,10310,กรุงเทพมหานคร
5464,2991,ห้องสมุด มหาวิทยาลัยนานาชาติแสตมฟอร์ด,76,76120,เพชรบุรี
5465,2990,โรงแรม เดอะบีช บูทีค เฮาส,83,83100,ภูเก็ต
5466,2989,บริษัท ออร์เนท เอส.ดี.โอ. จำกัด,84,84000,สุราษฎร์ธานี
5467,2988,บริษัท เบทาโกรภาคใต้ จำกัด (โรงงานแปรรูปไก่ พัทลุง),93,93000,พัทลุง
5468,2987,องค์การบริหารส่วนตำบลเกาะแก้ว,83,83000,ภูเก็ต
5469,2986,องค์การบริหารส่วนจังหวัดภูเก็ต,83,83000,ภูเก็ต
5470,2985,สำนักงานแรงงานจังหวัดนครศรีธรรมราช,80,80000,นครศรีธรรมราช
5471,2984,สำนักงานพัฒนาชุมชนอำเภอท่าศาลา,80,80160,นครศรีธรรมราช
5472,2983,บริษัท ไอส์แลนด์ เทคโนโลยี จำกัด,83,83120,ภูเก็ต
5473,2982,บริษัท โจโฮคุ (ประเทศไทย) จำกัด,21,21130,ระยอง
5474,2981,โรงเรียนสอนภาษาจีนตรังมู่หลาน,92,92000,ตรัง
5475,2980,โรงแรมบุรี รสา วิลเลจ เกาะสมุย,84,84320,สุราษฎร์ธานี
5476,2979,โรงแรม บุหงาธานี รีสอร์ท แอนด์ สปา,81,81000,กระบี่
5477,2978,โรงแรม อิมพีเรียล สมุย บีช รีสอร์ท,84,84320,สุราษฎร์ธานี
5478,2977,สำนักงานประชาสัมพันธ์จังหวัดกระบี่,81,81000,กระบี่
5479,2976,บริษัท สกินไบโอเทค (ประเทศไทย) จำกัด,10,10250,กรุงเทพมหานคร
5480,2975,บริษัท เว็บ คอนเน็คชั่น จำกัด,83,83130,ภูเก็ต
5481,2974,บริษัท เอสซี แมนเนจเมนท์ จำกัด,10,10260,กรุงเทพมหานคร
5482,2973,ธนาคารออมสิน สาขาคุระบุรี,82,82150,พังงา
5483,2972,บริษัท ซีบีไอ (ประเทศไทย) จำกัด,21,21150,ระยอง
5484,2971,บริษัท ซอย 3 แอคเค้าท์ติ้งค์ จำกัด,92,92000,ตรัง
5485,2970,บริษัท ไมเนอร์ แดรี่ จำกัด,30,30320,นครราชสีมา
5486,2969,บริษัท เจ้าพระยามหานคร จำกัด (มหาชน),10,10600,กรุงเทพมหานคร
5487,2968,บริษัท ไทยเบฟเวอเรจโลจิสติกส์ จำกัด (สาขาสุราษฎร์ธานี),84,84130,สุราษฎร์ธานี
5488,2967,โรงแรมสวัสดีวิลเลจ,83,83100,ภูเก็ต
5489,2966,โรงแรมมิลเลนเนียม ฮิลตัน กรุงเทพ,10,10600,กรุงเทพมหานคร
5490,2965,บริษัท ไดอิชิ พลาสติค จำกัด,74,74000,สมุทรสาคร
5491,2964,โรงแรมวรบุรี ภูเก็ต รีสอร์ท แอนด์ สปา,83,83100,ภูเก็ต
5492,2963,บริษัท ซิซซา กรุ๊ป จำกัด จังหวัดภูเก็ต,83,83000,ภูเก็ต
5493,2962,สำนักงานพัฒนาชุมชนอำเภอเมืองนครศรีธรรมราช,80,80000,นครศรีธรรมราช
5494,2961,บริษัท เทรนด์ วีจี3 จำกัด,10,10900,กรุงเทพมหานคร
5495,2960,บริษัท เอส เอส เอส แอนด์ พี เอ็นจิเนียริ่ง ซัพพลาย จำกัด,10,11000,กรุงเทพมหานคร
5496,2959,เคพี เลิร์นนิ่ง สเปซ,10,10330,กรุงเทพมหานคร
5497,2958,บริษัท ทักษิณปาล์ม (2521) จำกัด แปลงคีรีรัฐนิคม,84,84180,สุราษฎร์ธานี
5498,2957, ชูการ์ มารีนา รีสอร์ท - แฟชั่น - กะตะ บีช,83,83100,ภูเก็ต
5499,2956,บริษัท โมเดอร์น แอคเค้าติ้ง เซอร์วิส จำกัด,10,10400,กรุงเทพมหานคร
5500,2955,บริษัท สมบูรณ์หล่อเหล็กเหนียวอุตสาหกรรม จำกัด จังหวัดระยอง,21,21140,ระยอง
5501,2954,โรงเรียนสุราษฎร์ธานี,84,84000,สุราษฎร์ธานี
5502,2953,กองสุขาภิบาลอาหาร สำนักอนามัย กรุงเทพมหานคร,10,10400,กรุงเทพมหานคร
5503,2952,โรงแรม ดีวาน่า ป่าตอง รีสอร์ท แอนด์ สปา,83,83150,ภูเก็ต
5504,2951,ราชาวดีฟาร์ม 3,92,92000,ตรัง
5505,2950,บริษัท สายการบินนกแอร์ จำกัด (มหาชน) สาขานครศรีธรรมราช,80,80000,นครศรีธรรมราช
5506,2949,สำนักงานเทศบาลตำบลท่าศาลา,80,80160,นครศรีธรรมราช
5507,2948,"โรงแรม ภูเก็ตแมริออท รีสอร์ท แอนด์ สปา, เมอร์ลิน บีช",83,83150,ภูเก็ต
5508,2947,สำนักงานเทศบาลนครอุบลราชธานี,34,34000,อุบลราชธานี
5509,2946,บริษัท เจริญโภคภัณฑ์อาหาร จำกัด (มหาชน) (โรงงานแปรรูปอาหารสัตว์น้ำ สุราษฎร์ธานี),84,84130,สุราษฎร์ธานี
5510,2945,องค์การบริหารส่วนจังหวัดนครปฐม,73,73000,นครปฐม
5511,2944,โรงพยาบาลกาฬสินธุ์,46,46000,กาฬสินธุ์
5512,2943,โรงแรม เกรซแลนด์ เขาหลัก บีช รีสอร์ท,82,82190,พังงา
5513,2942,บริษัท ไทยยูเนี่ยน ฟีดมิลล์  (โรงงานระโนด),90,90140,สงขลา
5514,2941,บริษัท เอ็กซ์เพิททีม จำกัด,74,74000,สมุทรสาคร
5515,2940,ภูเก็ตพาราไดส์ทริป,83,83130,ภูเก็ต
5516,2939,บริษัท สวิซซ์ - วัน คอร์ปอเรชั่น จำกัด,73,73130,นครปฐม
5517,2938,โรงเรียนกัลยาณีศรีธรรมราช,80,80000,นครศรีธรรมราช
5518,2937,สำนักงานบัญชี เอ. เอส. ที. แอนด์ แอสโซซิเอท,83,83120,ภูเก็ต
5519,2936,บริษัท เวอร์เท็กซ์ แอพพาเรล จำกัด,34,34190,อุบลราชธานี
5520,2935,สำนักงานการท่องเที่ยวและกีฬาจังหวัดภูเก็ต,83,83000,ภูเก็ต
5521,2934,บริษัท ไพโอเนียร์ อีลาสติค (ประเทศไทย) จำกัด,74,74000,สมุทรสาคร
5522,2933,Enconcept E-Academy,10,,กรุงเทพมหานคร
5523,2932,สำนักงานเทศบาลตำบลโชคชัย,30,30190,นครราชสีมา
5524,2931,บริษัท คิงอาร์ตแอดเวอร์ไทซิ่ง จำกัด,83,83150,ภูเก็ต
5525,2930,บริษัท ทีวี ท๊อปน๊อต โปรดักชั่น จำกัด,10,10120,กรุงเทพมหานคร
5526,2929,โรงแรมอวิสตา รีสอร์ท แอนด์ สปา ป่าตอง ภูเก็ต,83,83150,ภูเก็ต
5527,2928,บริษัท วิจิตรภัณฑ์ปาล์มออยล์ จำกัด,86,86140,ชุมพร
5528,2927,โรงแรมเดอะไลบรารี่ (บริษัท กมลธรรม จำกัด),84,84320,สุราษฎร์ธานี
5529,2926,โรงแรม คราวน์ พลาซ่า ภูเก็ต พันวา บีช,83,83000,ภูเก็ต
5530,2925,องค์การกองทุนสัตว์ป่าโลกสากล  สำนักงานประเทศไทย,10,10400,กรุงเทพมหานคร
5531,2924,การไฟฟ้าส่วนภูมิภาค สำนักงานใหญ่,10,10900,กรุงเทพมหานคร
5532,2923,บริษัท ซีพีเอฟ ฟู้ด แอนด์ เบฟเวอร์เรจ จำกัด (โรงงานอาหารสำเร็จรูปหนองจอก),10,10530,กรุงเทพมหานคร
5533,2922,บริษัท ซีเกทเทคโนโลยี (ประเทศไทย) จำกัด สาขาเทพารักษ์,11,10270,สมุทรปราการ
5534,2921,บริษัท มิชชั่น ทู เดอะ มูน มีเดีย จำกัด,10,10250,กรุงเทพมหานคร
5535,2920,บริษัท ไทยนิวส์ เน็ตเวิร์ค จำกัด (สถานีข่าวโทรทัศน์ TNN 24),10,10400,กรุงเทพมหานคร
5536,2919,สำนักงานพัฒนาชุมชนอำเภอควนกาหลง,91,91130,สตูล
5537,2918,บริษัท นิว ไบโอดีเซล จำกัด,84,84150,สุราษฎร์ธานี
5538,2917,บริษัท ซีพีเอฟ เทรดดิ้ง จำกัด,10,10310,กรุงเทพมหานคร
5539,2916,สำนักงานเทศบาลเมืองคอหงส์,90,90110,สงขลา
5540,2915,บริษัท สยามกลาสอินดัสทรี จำกัด จังหวัดพระนครศรีอยุธยา,14,13000,พระนครศรีอยุธยา
5541,2914,บริษัท เอเชียนอีเว้นท์แอนด์เอ็กซิบิชั่นกรุ๊ป จำกัด,10,10110,กรุงเทพมหานคร
5542,2913,ธนาคารออมสินสาขาสิงหนคร,90,90280,สงขลา
5543,2912,โรงเรียนสอนภาษาและคอมพิวเตอร์ อีซีซี สาขาเดอะมอลล์ บางแค,10,10160,กรุงเทพมหานคร
5544,2911,ธนาคารออมสิน สาขาตลาดหัวอิฐ,80,80000,นครศรีธรรมราช
5545,2910,บริษัท โพสต์ พับลิชชิง จำกัด (มหาชน),10,10110,กรุงเทพมหานคร
5546,2909,ศูนย์สุขภาพจิตที่ 15,94,94000,ปัตตานี
5547,2908,บริษัท เพชรสยาม พีอี ไพ้พ์ จำกัด,76,76140,เพชรบุรี
5548,2907,Malaysian Hospitality College,107,56100,มาเลเซีย
5549,2906,บริษัท อังกฤษตรางู (แอลพี) จำกัด,10,10320,กรุงเทพมหานคร
5550,2905,บริษัท จอลลี่ จำกัด,91,,สตูล
5551,2904,"Department of Chemistry, Faculty of Science, University of Malaya",107,50603,มาเลเซีย
5552,2903,บริษัท เรเนเกด วีเอฟเอ็กซ์ จำกัด,10,10310,กรุงเทพมหานคร
5553,2902,บริษัท พีไออีเอส จำกัด,21,21150,ระยอง
5554,2901,โรงแรม เดอะกี รีสอร์ท แอนด์ สปา,83,83150,ภูเก็ต
5555,2900,โรงแรม คามาลายา,84,84140,สุราษฎร์ธานี
5556,2899,โรงแรม ซาเซนบูติค รีสอร์ท แอนด์ สปา,84,84320,สุราษฎร์ธานี
5557,2898,โรงแรมมิโมซ่า รีสอร์ท แอนด์ สปา,84,84330,สุราษฎร์ธานี
5558,2897,โรงแรม เมืองสมุย สปา รีสอร์ท,84,84320,สุราษฎร์ธานี
5559,2896,MH Hotel & Residences,107,56100,มาเลเซีย
5560,2895,บริษัท บางกอกโซลาร์ พาวเวอร์ จำกัด,24,24140,ฉะเชิงเทรา
5561,2894,บริษัท ซีพีพีซี จำกัด (มหาชน),21,21180,ระยอง
5562,2892,บริษัท เคพีที คอร์ปอเรชั่น (ไทยแลนด์) จำกัด,10,10160,กรุงเทพมหานคร
5563,2891,บริษัท บิ๊กไอส์แลนด์ มีเดีย จำกัด,83,83000,ภูเก็ต
5564,2890,โรงแรม อินดิโกเพิร์ล,83,83110,ภูเก็ต
5565,2889,บริษัท ภูเก็ตดินเนอร์ ครูซ จำกัด,83,,ภูเก็ต
5566,2888,บริษัท เนชั่น นิวส์ เน็ตเวิร์ค จำกัด (นิตยสาร NJ Magazine),10,10260,กรุงเทพมหานคร
5567,2887,"โรงเรียนนวัตกรรมและปัญญามนุษย์ ""ฮั่นอี้""",10,10110,กรุงเทพมหานคร
5568,2886,ธนาคารออมสิน สาขาย่อยมหาวิทยาลัยวลัยลักษณ์,80,80160,นครศรีธรรมราช
5569,2885,ฟอร์เอฟเวอร์ สตูดิโอ,90,90110,สงขลา
5570,2884,องค์การกองทุนสัตว์ป่าโลกสากล สำนักงานประเทศไทย,10,10400,กรุงเทพมหานคร
5571,2883,โรงแรมดับเบิ้ลทรี รีสอร์ท โดย ฮิลตันภูเก็ต หาดสุรินทร์,83,83000,ภูเก็ต
5572,2882,บริษัท ไลอ้อน (ประเทศไทย) จำกัด,20,20232,ชลบุรี
5573,2881,บริษัท โอกาโมโต ลอจิสติกส์ (ประเทศไทย) จำกัด,20,20160,ชลบุรี
5574,2880,คณะวิทยาศาสตร์และเทคโนโลยี  มหาวิทยาลัยเทคโนโลยีราชมงคลธัญบุรี,13,12110,ปทุมธานี
5575,2879,ห้องปฏิบัติการ CSML ภาควิชาเคมี คณะวิทยาศาสตร์ มหาวิทยาลัยเชียงใหม่,50,50200,เชียงใหม่
5576,2878,ภาควิชาคณิตศาสตร์และวิทยาการคอมพิวเตอร์ คณะวิทยาศาสตร์และเทคโนโลยี มหาวิทยาลัยสงขลานครินทร์,94,94000,ปัตตานี
5577,2877,ภาควิชาวิทยาศาสตร์และเทคโนโลยีวัสดุ คณะวิทยาศาสตร์ มหาวิทยาลัยสงขลานครินทร์,90,90110,สงขลา
5578,2876,ศูนย์ความรู้เฉพาะด้านนิเวศวิทยาพยากรณ์และการจัดการ  มหาวิทยาลัยวลัยลักษณ์,80,80161,นครศรีธรรมราช
5579,2875,บริษัท ฟินิกซ์ซอฟท์ คอร์ปอเรชั่น จำกัด,11,10540,สมุทรปราการ
5580,2874,บริษัท แอดวานซ์ อินเทลลิเจนซ์ โมเดิร์นนิตี้ จำกัด,10,10900,กรุงเทพมหานคร
5581,2873,บริษัท ทวิน ซีเนอร์จี้ จำกัด,10,10310,กรุงเทพมหานคร
5582,2872,บริษัท บิ๊กเบรน สตูดิโอ จำกัด,10,10260,กรุงเทพมหานคร
5583,2871,บริษัท สำนักงานบัญชี ลีดี จำกัด,84,84000,สุราษฎร์ธานี
5584,2870,บริษัท ซันเด้น (ประเทศไทย) จำกัด,14,13210,พระนครศรีอยุธยา
5585,2869,ธนาคารอิสลามแห่งประเทศไทย  สาขาสตูล,91,91000,สตูล
5586,2868,ธนาคาร ธนชาต จำกัด (มหาชน),83,83000,ภูเก็ต
5587,2867,ศูนย์คอมพิวเตอร์ มหาวิทยาลัยหาดใหญ่,90,90110,สงขลา
5588,2866,ธนาคารออมสิน สาขาสุราษฎร์ธานี,84,84000,สุราษฎร์ธานี
5589,2865,บริษัท ทองมัลติมีเดีย จำกัด,12,11000,นนทบุรี
5590,2864,บริษัท พีไออีเอส จำกัด,21,21150,ระยอง
5591,2863,Pusat Tuisyen Wawasan Elit,107,70450,มาเลเซีย
5592,2862,บริษัท ไทย ชิง ซอง จำกัด,83,83000,ภูเก็ต
5593,2861,บริษัท เซอร์เรียล สตูดิโอ จำกัด,10,10400,กรุงเทพมหานคร
5594,2860,บริษัท พีทีที โกลบอล เคมิคอล จำกัด (มหาชน) (นิคมอุตสาหกรรมมาบตาพุด),21,21150,ระยอง
5595,2859,โรงแรม เดอะ ซี เกาะสมุย รีสอร์ท แอนด์ เรสซิเดนซ์ บาย ทูลานี,84,84330,สุราษฎร์ธานี
5596,2858,ธนาคารธนชาต จำกัด (มหาชน) สาขาตลาดยิ่งเจริญ,10,10220,กรุงเทพมหานคร
5597,2857,Hotel ibis Styles Kuala Lumpur Fraser Business Park,107,55200,มาเลเซีย
5598,2856,บริษัท ปูนซิเมนต์ไทย (ทุ่งสง)  จำกัด,80,80110,นครศรีธรรมราช
5599,2855,บริษัท ทรีเดคเคด (ภูเก็ต) จำกัด,83,83000,ภูเก็ต
5600,2854,ธนาคารออมสิน เขตสงขลา 2,90,90110,สงขลา
5601,2853,บริษัท ทริปเปิลที บรอดแบนด์ จำกัด (มหาชน) สาขานครศรีธรรมราช,80,80000,นครศรีธรรมราช
5602,2852,บริษัท เจริญโภคภัณฑ์อาหาร จำกัด (มหาชน)  สำนักสรรหาและคัดเลือกทรัพยากรบุคคล,10,10400,กรุงเทพมหานคร
5603,2851,บริษัท ไทย ไบโอแก๊ช เอ็นเนอร์ยี่ จำกัด,84,84150,สุราษฎร์ธานี
5604,2850,สำนักงานทรัพยากรธรรมชาติและสิ่งแวดล้อม จังหวัดประจวบคีรีขันธ์,77,77000,ประจวบคีรีขันธ์
5605,2849,บริษัท เอส.ที.อิเล็คทริคอล โปรดักส์ จำกัด,10,10150,กรุงเทพมหานคร
5606,2848,บริษัท แอ๊กเซลอิเล็กทรอนิกส์ จำกัด,10,10170,กรุงเทพมหานคร
5607,2847,บริษัท ไทย โซล่า เอ็นเนอร์ยี่ จำกัด,10,10110,กรุงเทพมหานคร
5608,2846,มูลนิธิรักษ์ไทย สำนักงานกระบี่,81,81000,กระบี่
5609,2845,กองบังคับการตรวจคนเข้าเมือง 2,11,10540,สมุทรปราการ
5610,2844,บริษัท บิ๊กไอส์แลนด์มีเดีย จำกัด,83,83000,ภูเก็ต
5611,2843,Faculty of Modern Languages and Communication Universiti Putra Malaysia,107,,มาเลเซีย
5612,2842,ห้างหุ้นส่วนจำกัด เซ้าเทิร์น อีเวนท์ แมเนจเมนท์,83,83000,ภูเก็ต
5613,2841,บริษัท บีบอยด์ซีจี จำกัด,10,10110,กรุงเทพมหานคร
5614,2840,บริษัท แอนิเมเนีย จำกัด,10,10240,กรุงเทพมหานคร
5615,2839,บริษัท สปาร์คบิท จำกัด,90,90110,สงขลา
5616,2838,โรงแรมชูการ์ ปาล์ม แกรนด์ ฮิลไซด์,83,83100,ภูเก็ต
5617,2837,บริษัท ดีสตาร์ ทัวร์ จำกัด,10,10310,กรุงเทพมหานคร
5618,2836,โรงแรมวนาเบล อะ ลักซูรี่ คอลเล็คชั่น รีสอร์ท เกาะสมุย,84,84320,สุราษฎร์ธานี
5619,2835,บริษัท รูวร์ อินจิเนียริ่ง ครีเอติวิตี จำกัด,83,83110,ภูเก็ต
5620,2834,บริษัท แบ็กส์บริการภาคพื้น จำกัด,83,83110,ภูเก็ต
5621,2833,บริษัท เวิลด์ คอนสตรัคชั่น แอนด์ เอนยิเนียริ่ง จำกัด,83,83110,ภูเก็ต
5622,2832,บริษัท คลัสเตอร์คิท จำกัด,10,10700,กรุงเทพมหานคร
5623,2831,บริษัท พีเจซี วูด จำกัด,84,84320,สุราษฎร์ธานี
5624,2830,ศาลจังหวัดเกาะสมุย,84,84310,สุราษฎร์ธานี
5625,2829,บริษัท บางกอก โกลบอล ซอฟต์แวร์ จำกัด,10,10150,กรุงเทพมหานคร
5626,2828,ธนาคารเพื่อการเกษตรและสหกรณ์การเกษตร สาขาย่านตาขาว,92,92140,ตรัง
5627,2827,ศาลเยาวชนและครอบครัวจังหวัดสุราษฎร์ธานี,84,84000,สุราษฎร์ธานี
5628,2826,บริษัท ซีแอลเอ็กซ์ ไทย จำกัด สาขาภูเก็ต,83,83130,ภูเก็ต
5629,2825,บริษัท เอสทีอาร์ ซอฟแวร์ จำกัด,10,10300,กรุงเทพมหานคร
5630,2824,บริษัท เมืองไทยประกันชีวิต จำกัด (มหาชน),10,10310,กรุงเทพมหานคร
5631,2823,บริษัท ซีพีเอฟ เทรนนิ่งเซ็นเตอร์ จำกัด,10,10310,กรุงเทพมหานคร
5632,2822,สำนักงานเทศบาลเมืองกำแพงเพชร,62,62000,กำแพงเพชร
5633,2821,กรมส่งเสริมการค้าระหว่างประเทศ กระทรวงพาณิชย์,12,11000,นนทบุรี
5634,2820,บริษัท หลักทรัพย์จัดการกองทุน เอ็มเอฟซี จำกัด (มหาชน),10,10110,กรุงเทพมหานคร
5635,2819,สถาบันคอมพิวเตอร์อาร์ทติส,57,57000,เชียงราย
5636,2818,บริษัท แอนิเมทเต็ด สตอรี่บอร์ด (ประเทศไทย) จำกัด,10,10330,กรุงเทพมหานคร
5637,2817,บริษัท ครีเอทีฟ คิงดอม อนิเมชั่น สตูดิโอ ฟิล์ม จำกัด,50,50220,เชียงใหม่
5638,2816,บริษัท คลิกคอนเนค จำกัด,50,50200,เชียงใหม่
5639,2815,บริษัท ดรีมเบส อินเตอร์แอคทีฟ จำกัด,10,10110,กรุงเทพมหานคร
5640,2814,บริษัท ไว้ลายไร้ขีด จำกัด,12,11000,นนทบุรี
5641,2813,บริษัท คอร์เนอร์ มี จำกัด,10,10230,กรุงเทพมหานคร
5642,2812,บริษัท กบาลใส อนิเมชั่น จำกัด,10,10310,กรุงเทพมหานคร
5643,2811,บริษัท ทีเอส อินเตอร์เนชั่นแนล ไมนิ่ง จำกัด,50,50100,เชียงใหม่
5644,2810,ตรวจคนเข้าเมืองจังหวัดสุราษฎร์ธานี ,84,84290,สุราษฎร์ธานี
5645,2809,ธนาคารออมสิน สาขาภูเก็ต,83,83000,ภูเก็ต
5646,2808,บริษัท สหการสอบบัญชี จำกัด,10,10100,กรุงเทพมหานคร
5647,2807,บริษัท สุราษฎร์ปิยะ จำกัด,84,84000,สุราษฎร์ธานี
5648,2806,บริษัท วิวการบัญชี จำกัด,83,83130,ภูเก็ต
5649,2805,บริษัท อาเคอ คูล ซอฟชั่น สยาม จำกัด,21,21150,ระยอง
5650,2804,โรงแรม อมาธารา เวลเนส รีสอร์ท,83,83000,ภูเก็ต
5651,2803,โรงเรียนสอนภาษาจีนจงหัวหนันฟาง,84,84000,สุราษฎร์ธานี
5652,2802,บริษัท สแตนดาร์ดทัวร์  จำกัด,50,50100,เชียงใหม่
5653,2801,บริษัท จัสท์ คาร์ จำกัด,12,11000,นนทบุรี
5654,2800,มหาวิทยาลัยเทคโนโลยีราชมงคลศรีวิชัย วิทยาเขตนครศรีธรรมราช,80,80110,นครศรีธรรมราช
5655,2799,โรงเรียนบ้านท่าสูง,80,80160,นครศรีธรรมราช
5656,2798,บริษัท ศรีตรัง แอโกรอินดัสทรี จำกัด (มหาชน),90,90110,สงขลา
5657,2797,บริษัท โตชิบา ไทยแลนด์ จำกัด,10,10900,กรุงเทพมหานคร
5658,2796,บริษัท เจริญโภคภัณฑ์โปรดิ๊วส จํากัด,10,10310,กรุงเทพมหานคร
5659,2795,บริษัท อิชิตัน กรุ๊ป จำกัด,10,10310,กรุงเทพมหานคร
5660,2794,ธนาคารออมสิน สาขาถนนเทพกระษัตรี,83,83000,ภูเก็ต
5661,2793,ธนาคารกรุงไทย จำกัด (มหาชน) สาขาถนนพังงา,83,83000,ภูเก็ต
5662,2792,ธนาคารกรุงไทย จำกัด (มหาชน) สาขาถนนรัษฎา,83,83000,ภูเก็ต
5663,2791,มูลนิธิรักษ์ไทย,10,10400,กรุงเทพมหานคร
5664,2790,องค์การบริหารส่วนตำบลทุ่งสง,80,80220,นครศรีธรรมราช
5665,2789,สำนักงานคณะกรรมการการเลือกตั้งประจำจังหวัดนครศรีธรรมราช,80,80000,นครศรีธรรมราช
5666,2788,ที่ทำการปกครองอำเภอเกาะสมุย,84,84140,สุราษฎร์ธานี
5667,2787,สถาบันพัฒนาบุคลากรท้องถิ่น,13,12120,ปทุมธานี
5668,2786,บริษัท ปตท. จำกัด (มหาชน) คลังปิโตรเลียมสงขลา,90,90280,สงขลา
5669,2785,สำนักงานพัฒนาชุมชนจังหวัดสตูล,91,10210,สตูล
5670,2784,สำนักงานสภาพัฒนาการเมือง สถาบันพระปกเกล้า,10,10210,กรุงเทพมหานคร
5671,2783,โรงแรมเซ็นทาราแกรนด์เวสท์แซนด์รีสอร์ทแอนด์วิลลา,83,83110,ภูเก็ต
5672,2782,บริษัท แกรนด์ ยูนิเวอร์แซล (ประเทศไทย) จํากัด,10,10110,กรุงเทพมหานคร
5673,2781,บริษัท กรู๊ฟทีม จำกัด,10,10240,กรุงเทพมหานคร
5674,2780,บริษัท สำนักพิมพ์ เอ็มไอเอส จำกัด,10,10120,กรุงเทพมหานคร
5675,2779,สถาบันสิทธิมนุษยชนและสันติศึกษา มหาวิทยาลัยมหิดล,73,73170,นครปฐม
5676,2778,บริษัท พิกเซอร์ (ประเทศไทย) จำกัด,10,10120,กรุงเทพมหานคร
5677,2777,ห้างหุ้นส่วนจำกัด ดี พลัส พับลิชชิ่ง,13,12120,ปทุมธานี
5678,2776,โรงไฟฟ้าภาคใต้ การไฟฟ้าฝ่ายผลิตแห่งประเทศไทย,81,81130,กระบี่
5679,2775,บริษัท สี่พระยาการพิมพ์ จำกัด,10,10210,กรุงเทพมหานคร
5680,2774,บริษัท สยามซาฟารีเนเจอร์ทัวร์ จำกัด สาขาเขาสก,84,84250,สุราษฎร์ธานี
5681,2773,บริษัท มีเดีย สตูดิโอ จำกัด,10,10240,กรุงเทพมหานคร
5682,2772,มูลนิธิสถาบันวิจัยเพื่อการพัฒนาประเทศไทย,10,10310,กรุงเทพมหานคร
5683,2771,โรงแรมโฟโต้ โฮเทล,83,83100,ภูเก็ต
5684,2770,โรงแรม เดอะ เวสทิน สิเหร่ เบย์ รีสอร์ท แอนด์ สปา ภูเก็ต,83,83000,ภูเก็ต
5685,2769,สำนักงานเทศบาลตำบลพะโต๊ะ,86,86180,ชุมพร
5686,2768,สถานกงสุลใหญ่ ณ นครแวนคูเวอร์,118,,แคนาดา
5687,2767,บริษัท ศรีตรังโลจิสติกส์ จำกัด,92,92110,ตรัง
5688,2766,บริษัท สยามซีเนเตอร์ จำกัด,11,10540,สมุทรปราการ
5689,2765,บริษัท เอเชียเวิลด์ เอ็นเตอร์ไพรส์ จำกัด (มหาชน)  สาขาสมุย,84,,สุราษฎร์ธานี
5690,2764,โรงแรม เจดับบลิว แมริออท เขาหลัก รีสอร์ท แอนด์ สปา,82,82190,พังงา
5691,2763,บริษัท ปราณบุรีโฮเตอิ จำกัด,77,77120,ประจวบคีรีขันธ์
5692,2762,โรงเรียนบ้านคลองสำราญ,60,60150,นครสวรรค์
5693,2761,บริษัท มหาชัยขนส่งภาคใต้ จำกัด,90,90110,สงขลา
5694,2760,บริษัท อินเด็กซ์ ครีเอทีฟ วิลเลจ จำกัด (มหาชน),10,10110,กรุงเทพมหานคร
5695,2759,โรงแรม พูลแมน ภูเก็ต อาเคเดีย ในทอน บีช,83,83110,ภูเก็ต
5696,2758,โรงแรมบันยันทรี กรุงเทพ,10,10120,กรุงเทพมหานคร
5697,2757,บริษัท ลากูน่า เซอร์วิส จำกัด,83,83110,ภูเก็ต
5698,2756,บริษัท เจ. ดับเบิลยู. เอส คอนสตรัคชั่น จำกัด,10,10520,กรุงเทพมหานคร
5699,2755,โรงแรมอนันตรา ลาวาณา เกาะสมุย รีสอร์ท,84,84320,สุราษฎร์ธานี
5700,2754,บริษัท ศรีตรังแอโกรอินดัสทรี จำกัด (มหาชน)  สาขาสิเกา,92,92000,ตรัง
5701,2753,บริษัท คชนันทร์ กรุ๊ป จำกัด,10,10800,กรุงเทพมหานคร
5702,2752,มูลนิธิอันดามัน,92,92000,ตรัง
5703,2751,บริษัท เมเจอร์ทัวร์ ภูเก็ต จำกัด,83,83000,ภูเก็ต
5704,2750,ศูนย์เทคโนโลยีดิจิทัล  มหาวิทยาลัยวลัยลักษณ์,80,80161,นครศรีธรรมราช
5705,2749,สำนักงานพาณิชย์จังหวัดสงขลา,90,90000,สงขลา
5706,2748,บริษัท โกลเด้น ซีท (ไทยแลนด์) จำกัด,90,90320,สงขลา
5707,2747,ศาลจังหวัดทุ่งสง,80,80110,นครศรีธรรมราช
5708,2746,บริษัท  จี ทรี โกลจีสติกส์ (ประเทศไทย) จำกัด,10,10110,กรุงเทพมหานคร
5709,2745,บริษัท จีเอ็ม แอดวานซ์ มีเดีย จำกัด,10,10310,กรุงเทพมหานคร
5710,2744,บริษัท ธีมเมติก จำกัด,10,10110,กรุงเทพมหานคร
5711,2743,โรงแรมคอนราด เกาะสมุย รีสอร์ท แอนด์ สปา,84,84140,สุราษฎร์ธานี
5712,2742,กรมชลประทาน,10,10300,กรุงเทพมหานคร
5713,2741,เวดดิ้งภูเก็ต,83,83130,ภูเก็ต
5714,2740,บริษัท กาญจน์ คอร์น จำกัด,71,71130,กาญจนบุรี
5715,2739,บริษัท เทลรีซอร์สเซส จำกัด,10,10170,กรุงเทพมหานคร
5716,2738,บริษัท พิงกุส์ อิงลิช (ไทยแลนด์) จำกัด,10,10330,กรุงเทพมหานคร
5717,2737,บริษัท คลับอะคาเดเมีย จำกัด,10,10120,กรุงเทพมหานคร
5718,2736,บริษัท โฮมโปรดักส์ เซ็นเตอร์ จำกัด (มหาชน) สาขานครศรีธรรมราช,80,80000,นครศรีธรรมราช
5719,2735,บริษัท เอ็กซ์เท็น จำกัด,10,10100,กรุงเทพมหานคร
5720,2734,โรงแรมโนราบุรี รีสอร์ท แอนด์ สปา,84,84320,สุราษฎร์ธานี
5721,2733,การท่องเที่ยวแห่งประเทศไทย สำนักงานสิงคโปร์,105,238870,สิงคโปร์
5722,2732,หนังสือพิมพ์ คม ชัด ลึก,10,10260,กรุงเทพมหานคร
5723,2731,โรงแรม วินด์แดม ซีเพิร์ล รีสอร์ท ภูเก็ต,83,83150,ภูเก็ต
5724,2730,หน่วยวิจัยนวัตกรรมด้านสารสนเทศ สำนักวิชาสารสนเทศศาสตร์ มหาวิทยาลัยวลัยลักษณ์,80,80161,นครศรีธรรมราช
5725,2729,บริษัท เอสที ลอนดรี คลีน จำกัด,20,,ชลบุรี
5726,2728,บริษัท ธีรพันธ์ แอนด์ โลจิสติกส์ จำกัด,90,90110,สงขลา
5727,2727,โรงแรมวนาคาร บีช รีสอร์ท แอนด์ สปา,82,82120,พังงา
5728,2726,สำนักงานเกษตรอำเภอขนอม,80,80210,นครศรีธรรมราช
5729,2725,บริษัท พี เอส อาร์ แอคเซ็ส จำกัด,10,10400,กรุงเทพมหานคร
5730,2724,บริษัท ทรูคอร์ปอเรชั่น จำกัด (มหาชน),10,10310,กรุงเทพมหานคร
5731,2723,บริษัท ชุมพรอุตสาหกรรมน้ำมันปาล์ม จำกัด (มหาชน),86,86140,ชุมพร
5732,2722,บริษัท มาสเตอร์พีช แอนด์ โครเชท์ จำกัด,90,90110,สงขลา
5733,2721,บริษัท ดิจิอาร์ต มีเดีย จำกัด,90,90110,สงขลา
5734,2720,โรงแรม เลอ เมอริเดียน ภูเก็ต ไม้ขาวบีช รีสอร์ท,83,83110,ภูเก็ต
5735,2719,บริษัท อินโดไชน่า เอ็กซ์พลอเรอร์ จำกัด,10,10150,กรุงเทพมหานคร
5736,2718,บริษัท ทัวร์ดอย จำกัด,10,10250,กรุงเทพมหานคร
5737,2717,ฝ่ายบริหารจัดการโครงการท่องเที่ยวโดยชุมชนบ้านแม่กำปอง,50,50130,เชียงใหม่
5738,2716,สถาบันการท่องเที่ยวโดยชุมชน,50,50100,เชียงใหม่
5739,2715,บริษัท เอ็นไวแล็บ แอนด์ คอนซัลแตนท์ จำกัด,84,84000,สุราษฎร์ธานี
5740,2714,สถานีเกษตรหลวงอ่างขาง มูลนิธิโครงการหลวง,50,50110,เชียงใหม่
5741,2713,บริษัท ซี.พี.แลนด์ จำกัด (มหาชน),10,10400,กรุงเทพมหานคร
5742,2712,บริษัท เว็ลธ์ แมเนจเม้นท์ ซิสเท็ม จำกัด,10,10600,กรุงเทพมหานคร
5743,2711,บริษัท ศูนย์บัญชีและภาษี จำกัด,10,10400,กรุงเทพมหานคร
5744,2710,สำนักงานชญานิษฐ์การบัญชี,10,10220,กรุงเทพมหานคร
5745,2709,บริษัท เอ.เอ.ซี ออดิท เฟิร์ม จำกัด,10,10110,กรุงเทพมหานคร
5746,2708,บริษัท แอ็ทเวิร์ค ไอเดีย จำกัด,10,10310,กรุงเทพมหานคร
5747,2707,บริษัท ฮาร์เปอร์ส เฟรท อินเตอร์เนชั่นแนล แอร์ คาร์โก้ จำกัด,10,10520,กรุงเทพมหานคร
5748,2706,ศูนย์เครือข่ายวิชาการเพื่อสังเกตการณ์และวิจัยความสุขชุมชน มหาวิทยาลัยอัสสัมชัญ,10,10240,กรุงเทพมหานคร
5749,2705,บรรษัทประกันสินเชื่ออุตสาหกรรมขนาดย่อม (บสย.) สงขลา,90,90110,สงขลา
5750,2704,ภาควิชาวิทยาการคอมพิวเตอร์ คณะวิทยาศาสตร์ มหาวิทยาลัยสงขลานครินทร์,90,90110,สงขลา
5751,2703,โครงการ Work and Study,118,,แคนาดา
5752,2702,บริษัท ไทยโพลีคอนส์ จำกัด (มหาชน),10,10230,กรุงเทพมหานคร
5753,2701,สำนักงานประมง จังหวัดนครศรีธรรมราช,80,80000,นครศรีธรรมราช
5754,2700,บริษัท ไทยแอร์เอเชีย จำกัด  สำนักงานกระบี่,81,81000,กระบี่
5755,2699,บริษัท เคพี แปลน คอนสตรัคชั่น จำกัด,13,12130,ปทุมธานี
5756,2698,อุทยานพฤกษศาสตร์ มหาวิทยาลัยวลัยลักษณ์,80,80161,นครศรีธรรมราช
5757,2697,สำนักงานการท่องเที่ยวและกีฬาจังหวัดนครศรีธรรมราช,80,80000,นครศรีธรรมราช
5758,2696,สถานกงสุลใหญ่มาเลเซีย จังหวัดสงขลา,90,90000,สงขลา
5759,2695,บริษัท ซีพีเอฟ (ประเทศไทย) จำกัด (มหาชน) (โรงงานไส้กรอกสระบุรี),19,18110,สระบุรี
5760,2694,อุทยานแห่งชาติหาดนพรัตน์ธารา-หมู่เกาะพีพี,81,84000,กระบี่
5761,2693,บริษัท ทีโอที จำกัด (มหาชน) ศูนย์บริการสื่อสารข้อมูล,80,80000,นครศรีธรรมราช
5762,2692,บริษัท ไทยแมค เอส ที อาร์ จำกัด,81,81120,กระบี่
5763,2691,ศูนย์ส่งเสริมอุตสาหกรรมภาคที่ 10 กรมส่งเสริมอุตสาหกรรม,84,84000,สุราษฎร์ธานี
5764,2690,บริษัท กาลิเลโอ ไทยแลนด์ จำกัด,10,10330,กรุงเทพมหานคร
5765,2689,บริษัท กรินทร์ ออดิท จำกัด,10,10500,กรุงเทพมหานคร
5766,2688,โรงแรมคีรีคายัน บูติค รีสอร์ท,84,84330,สุราษฎร์ธานี
5767,2687,โรงแรม เบสเวสเทิร์น อัลลามันดา ลากูน่าภูเก็ต,83,,ภูเก็ต
5768,2686,บาราคูดัสทัวร์,81,81000,กระบี่
5769,2685,บริษัท สยามคอมเพรสเซอร์ อุตสาหกรรม จำกัด,20,20230,ชลบุรี
5770,2684,บริษัท TSM แฮชเชอรี่ จำกัด,82,,พังงา
5771,2683,บริษัท อิลูชั่น คอนเน็ก (ประเทศไทย) จำกัด,13,12130,ปทุมธานี
5772,2682,บริษัท มีเดีย ทรานส์เอเชีย ไทยแลนด์ จำกัด,10,10110,กรุงเทพมหานคร
5773,2681,บริษัท คะทาลิสท์ คอนสตรัคชั่น จำกัด,10,,กรุงเทพมหานคร
5774,2680,องค์การบริหารส่วนจังหวัดนครศรีธรรมราช,80,80000,นครศรีธรรมราช
5775,2679,บริษัท  ซีพีเอฟ (ประเทศไทย) จำกัด (มหาชน)  สาขามีนบุรี 1,10,10510,กรุงเทพมหานคร
5776,2678,บริษัท ทิสเซิ่นครุปแมททีเรี่ยลส์ (ไทยแลนด์) จำกัด,11,10130,สมุทรปราการ
5777,2677,บริษัท ไทยบริดจสโตน จำกัด จังหวัดสระบุรี,19,18140,สระบุรี
5778,2676,บริษัท เวสท์โคสท์ เอ็นจิเนียริ่ง จำกัด,77,77140,ประจวบคีรีขันธ์
5779,2675,บริษัท ขอนแก่นแหอวน จำกัด สาขาหนองเรือ,40,40210,ขอนแก่น
5780,2674,บริษัท ขอนแก่นแหอวน จำกัด,40,40000,ขอนแก่น
5781,2673,บริษัท เรกคิทท์ เบนคีเซอร์ เฮลธ์แคร์ แมนูแฟคเจอริ่ง (ประเทศไทย) จำกัด,11,10540,สมุทรปราการ
5782,2672,บริษัท วาย เอส ภัณฑ์ จำกัด,24,24180,ฉะเชิงเทรา
5783,2671,สดชื่นแทรเวล,94,94000,ปัตตานี
5784,2670,โรงแรม ดุสิตธานี,10,10500,กรุงเทพมหานคร
5785,2669,ตรวจคนเข้าเมืองจังหวัดสตูล,91,91000,สตูล
5786,2668,ธนาคารกรุงไทย จำกัด (มหาชน) สาขาท่าวัง,80,80000,นครศรีธรรมราช
5787,2667,บริษัท สยามเอชอาร์คอร์ปอเรชั่น จำกัด,10,10250,กรุงเทพมหานคร
5788,2666,บริษัท ทรูวิชั่นเคเบิ้ล จำกัด (มหาชน),10,10400,กรุงเทพมหานคร
5789,2665,บริษัท สกายเวิลด์ แอดเวนเจอร์ จำกัด,83,83000,ภูเก็ต
5790,2664,สำนักงานเทศบาลเมืองบ้านพรุ,90,90250,สงขลา
5791,2663,กิจการร่วมค้า AW,12,11120,นนทบุรี
5792,2662,บริษัท ดีซี คอนซัลแทนส์ แอนด์ มาร์เก็ตติ้ง คอมมูนิเคชั่น จำกัด,10,10330,กรุงเทพมหานคร
5793,2661,บริษัท พนาสนธิ์ เรสซิเด้นท์ จำกัด,83,83000,ภูเก็ต
5794,2660,โรงเรียนรัษฎา,92,92160,ตรัง
5795,2659,โรงแรม เดอะ เซนต์ รีจิส กรุงเทพ,10,10330,กรุงเทพมหานคร
5796,2658,บริษัท เอก-ชัย ดีสทริบิวชั่นซิสเทม จำกัด (ห้างเทสโก้โลตัส สาขากะทู้),83,83120,ภูเก็ต
5797,2657,สำนักงานเทศบาลตำบลรัษฎา,83,83000,ภูเก็ต
5798,2656,บริษัท โอเรียนทอล อีเว้นท์ จำกัด,83,83120,ภูเก็ต
5799,2655,บริษัท ป่าตองเพลสคลับรีสอร์ท จำกัด  โรงแรมบ้านยุรีรีสอร์ท,83,83150,ภูเก็ต
5800,2654,โรงแรมปอปปา พาเลซ,83,83150,ภูเก็ต
5801,2653,บริษัท อิโตแฮม เบทาโกร ฟู้ดส์ จำกัด,16,15220,ลพบุรี
5802,2652,บริษัท รอซโซ่ จำกัด,10,10900,กรุงเทพมหานคร
5803,2651,บริษัท แอล.ที. การยาง จำกัด,80,80250,นครศรีธรรมราช
5804,2650,สำนักงานแรงงานไทยในประเทศสิงคโปร์,105,238870,สิงคโปร์
5805,2649,บริษัท อเมริกัน สแตนดาร์ด บี แอนด์ เค (ประเทศไทย) จำกัด (มหาชน),13,12120,ปทุมธานี
5806,2648,บริษัท อะโกรไฟเบอร์ จำกัด,25,25140,ปราจีนบุรี
5807,2647,โรงแรมศรีพันวา ภูเก็ต,83,83000,ภูเก็ต
5808,2646,School of Bioprocess Engineering Universiti Malaysia Perlis,107,,มาเลเซีย
5809,2645,"School of Environmental Engineering , Universiti Malaysia Perlis",107,02600,มาเลเซีย
5810,2644,บริษัท เอสจีเอ็มพี จำกัด,90,90180,สงขลา
5811,2643,บริษัท พังงาทิมเบอร์ อินดัสทรีส์ จำกัด,82,82420,พังงา
5812,2642,บริษัท เอม คอนซัลติ้ง จำกัด,90,90110,สงขลา
5813,2641,บริษัท ศรีไทยซุปเปอร์แวร์ จำกัด (มหาชน) สาขานครราชสีมา,30,30000,นครราชสีมา
5814,2640,บริษัท อี.คิว.พลัส จีเนียส จำกัด,10,10310,กรุงเทพมหานคร
5815,2639,หน่วยวิจัยความหลากหลายทางชีวภาพ มหาวิทยาลัยวลัยลักษณ์,80,80161,นครศรีธรรมราช
5816,2638,การไฟฟ้าฝ่ายผลิตแห่งประเทศไทย  ฝ่ายปฏิบัติการภาคใต้ กองบำรุงรักษาระบบสื่อสาร  แผนกเทคโนโลยีสารสนเทศ,90,90110,สงขลา
5817,2637,บริษัท พร้อมมิตรโปรดักชั่น จำกัด,10,10250,กรุงเทพมหานคร
5818,2636,บริษัท อัญญา แอนิเมชั่น จำกัด,10,10240,กรุงเทพมหานคร
5819,2635,บริษัท เอ็กซ่า สตูดิโอ จำกัด,10,10500,กรุงเทพมหานคร
5820,2634,บริษัท ทีพีจี ฟีดมิลล์ จำกัด,20,20110,ชลบุรี
5821,2633,บริษัท แอสชาลี จำกัด,83,83150,ภูเก็ต
5822,2632,กิจการร่วมค้าวิจิตรภัณฑ์ไทยวัฒน์  หน่วยงานมวกเหล็ก จ.สระบุรี,10,,กรุงเทพมหานคร
5823,2631,บริษัท บลูสโคป สตีล (ประเทศไทย) จำกัด,21,21150,ระยอง
5824,2630,บริษัท ซีทัวร์ จำกัด,83,83000,ภูเก็ต
5825,2629,บริษัท ทีโอที จำกัด (มหาชน) ศูนย์บริการตอนใน ส่วนบริการลูกค้าจังหวัดสงขลา,90,,สงขลา
5826,2628,โรงแรมพีพีไอส์แลนด์วิลเลจ,81,81000,กระบี่
5827,2627,ศูนย์อนุรักษ์ทรัพยากรทางทะเลและชายฝั่งที่ 5 (จ.ภูเก็ต),83,83000,ภูเก็ต
5828,2626,ด่านตรวจคนเข้าเมืองปาดังเบซาร์,90,90240,สงขลา
5829,2625,ธนาคารกรุงไทย สาขาถนนนางลิ้นจี่,10,10120,กรุงเทพมหานคร
5830,2624,บริษัท เอ็นไซน์ มีเดีย จำกัด,10,10110,กรุงเทพมหานคร
5831,2623,บริษัท ฟิวเจอร์ช็อป แอนด์ คอมมูนิเคชั่น จํากัด,84,84000,สุราษฎร์ธานี
5832,2622,บริษัท บุญถาวรเซรามิค จำกัด สาขาศูนย์กระจายสินค้ารังสิต,13,12120,ปทุมธานี
5833,2621,ธนาคาร ซีไอเอ็มบีไทย จำกัด (มหาชน),10,10330,กรุงเทพมหานคร
5834,2620,สำนักงานกองทุนสงเคราะห์การทำสวนยางจังหวัดสุราษฎร์ธานี,84,84000,สุราษฎร์ธานี
5835,2619,เดอะเฮาส์โซลูชัน เซ็นเตอร์,83,83000,ภูเก็ต
5836,2618,โรงแรมป่าตองเบย์ กรุ๊ป,83,83150,ภูเก็ต
5837,2617,บริษัท ไตร เอนเนอจี้  จำกัด,70,70000,ราชบุรี
5838,2616,ห้างหุ้นส่วนจำกัด ปิยะโยธาก่อสร้าง,86,86170,ชุมพร
5839,2615,ศูนย์เศรษฐพัฒน์ บริษัท เชฟรอนประเทศไทยสำรวจและผลิต จำกัด,90,90000,สงขลา
5840,2614,ระวิวาริน รีสอร์ท แอน สปา,81,81150,กระบี่
5841,2613,โรงแรม ศาลาสมุย เชิงมน บีช,84,84320,สุราษฎร์ธานี
5842,2612,ห้างหุ้นส่วนจำกัด  อินด้า แฟม,90,90110,สงขลา
5843,2611,โรงเรียนนาทวีวิทยาคม,90,90160,สงขลา
5844,2610,โรงแรม รอยัล เมืองสมุย วิลล่า,84,84320,สุราษฎร์ธานี
5845,2609,บริษัท ไทยแอร์เอเชีย จำกัด ท่าอากาศยานนานาชาติหาดใหญ่,90,90115,สงขลา
5846,2608,โรงเรียนสุราษฎร์การศึกษา (สถาบันสอนภาษา Time 2 Talk English Academy),84,84000,สุราษฎร์ธานี
5847,2607,โรงเรียนชุมชนบ้านอ่าวลึกเหนือ,81,81110,กระบี่
5848,2606,บริษัท เอเชี่ยน ดอลฟินส์ จำกัด,83,83000,ภูเก็ต
5849,2605,Swans Limousines,106,2147,ออสเตรเลีย
5850,2604,บริษัท เดสทิเนชั่น เอเชีย สมุย จำกัด,84,84140,สุราษฎร์ธานี
5851,2603,บริษัท เซิ่งไท่ บราซแวร์ (ประเทศไทย) จำกัด,20,20240,ชลบุรี
5852,2602,บริษัท ฮิตาชิ เคมีคัล ออโตโมทีฟ โปรดักส์ (ประเทศไทย) จำกัด,21,21140,ระยอง
5853,2601,บรรษัทประกันสินเชื่ออุตสาหกรรมขนาดย่อม (บสย.),84,84000,สุราษฎร์ธานี
5854,2600,โรงแรมเมโทรโพลภูเก็ต,83,83000,ภูเก็ต
5855,2599,บริษัท มุมใหม่ จำกัด,12,11110,นนทบุรี
5856,2598,บริษัท สายการบินนกแอร์ จำกัด (มหาชน) สาขาตรัง,92,92000,ตรัง
5857,2597,สำนักงานเขตทุ่งครุ,10,10140,กรุงเทพมหานคร
5858,2596,ฝ่ายวิศวกรรมบริการและอาคารสถานที่ คณะแพทยศาสตร์ศิริราชพยาบาล  โรงพยาบาลศิริราช,10,10700,กรุงเทพมหานคร
5859,2595,สำนักงานเทศบาลนครเชียงใหม่,50,50300,เชียงใหม่
5860,2594,บริษัท น้ำตาลสิงห์บุรี จำกัด,17,16130,สิงห์บุรี
5861,2593,บริษัท กรีนีโอ จำกัด,10,10310,กรุงเทพมหานคร
5862,2592,บริษัท สยามโกลด์ลีฟ จำกัด,80,80000,นครศรีธรรมราช
5863,2591,บริษัท ภูเก็ตบูลเลทิน จำกัด,83,83000,ภูเก็ต
5864,2590,ศูนย์วิจัยสถานีบำรุงพันธุ์สัตว์ลำพญากลาง,16,15190,ลพบุรี
5865,2589,บริษัท โกลด์เด้นซีฟู้ดอินเตอร์เนชั่นแนล จำกัด,85,85000,ระนอง
5866,2588,สมาคมสร้างสรรค์ชีวิตและสิ่งแวดล้อม (เอเสด),57,57000,เชียงราย
5867,2587,มูลนิธิผาแดงเพื่อพัฒนาคุณภาพชีวิตประชาชน,10,10110,กรุงเทพมหานคร
5868,2586,บริษัท สยามแม็คโคร จำกัด (มหาชน) สาขาหาดใหญ่,90,90110,สงขลา
5869,2585,บริษัท เอก-ชัย ดีสทริบิวชั่นซิสเทม จำกัด  (ห้างเทสโก้โลตัส สาขาถลาง),83,83110,ภูเก็ต
5870,2584,บริษัท เทพสมบัติ จำกัด,10,10230,กรุงเทพมหานคร
5871,2583,สำนักงานคณะกรรมการกำกับหลักทรัพย์และตลาดหลักทรัพย์,10,10900,กรุงเทพมหานคร
5872,2582,บริษัท บางกอกซิงโครไนซ์บิซิเนส จำกัด,10,10120,กรุงเทพมหานคร
5873,2581,บริษัท ไอส์แลนด์ ซาฟารี จำกัด,84,84320,สุราษฎร์ธานี
5874,2580,บริษัท บูรพาเทคนิคอล เอ็นจิเนียริ่ง จำกัด (มหาชน),84,84000,สุราษฎร์ธานี
5875,2579,บริษัท มีมิติ  จำกัด,10,10110,กรุงเทพมหานคร
5876,2578,โครงการพัฒนาศูนย์ปฏิบัติการงานสื่อสารการตลาดเพื่อสังคมระยะสอง,10,10400,กรุงเทพมหานคร
5877,2577,บริษัท ดิ แอทติจูด คลับ จำกัด,83,83000,ภูเก็ต
5878,2576,บริษัท  พรี ดีเวลลอปเมนท์ คอนซัลแตนท์ จำกัด,10,10230,กรุงเทพมหานคร
5879,2575,สำนักงานวิชัยการบัญชี,83,83000,ภูเก็ต
5880,2574,คณะกรรมการประสานงานการให้บริการเพื่อผู้พลัดถิ่นในประเทศไทย,10,10500,กรุงเทพมหานคร
5881,2573,โรงเรียนอำมาตย์พานิชนุกูล,81,81000,กระบี่
5882,2572,บริษัท โตโยต้า เจริญยนต์ชลบุรี จำกัด,20,20130,ชลบุรี
5883,2571,บริษัท หลักทรัพย์ กรุงไทย เอ็กซ์สปริง จำกัด สาขาภูเก็ต,83,83000,ภูเก็ต
5884,2570,บริษัท เกรท สตีลเวอร์คส์ จำกัด,73,73110,นครปฐม
5885,2569,ธนาคารไทยพาณิชย์ จำกัด (มหาชน)  การตลาดสินเชื่อรถยนต์ สาขานครศรีธรรมราช,80,80000,นครศรีธรรมราช
5886,2568,บริษัท ไทยน้ำทิพย์ จำกัด,13,12000,ปทุมธานี
5887,2567,สตาร์ ออนไลน์ (ทัวร์ แอนด์ ทราเวล),10,10110,กรุงเทพมหานคร
5888,2566,บริษัท สปริง อินเตอร์เนชั่นแนล แทรเวล เซอร์วิส (ประเทศไทย) จำกัด,83,83000,ภูเก็ต
5889,2565,บริษัท ฮีโน่มอเตอร์ส แมนูแฟคเจอริ่ง จำกัด,11,10270,สมุทรปราการ
5890,2564,บริษัท ปิรามิด โซลูชั่น จำกัด สำนักงานสมุย,84,84320,สุราษฎร์ธานี
5891,2563,บริษัท ปิรามิด โซลูชั่น จำกัด  สำนักงานภูเก็ต,83,83000,ภูเก็ต
5892,2562,กรมควบคุมมลพิษ,10,10400,กรุงเทพมหานคร
5893,2561,สำนักบริหารพื้นที่อนุรักษ์ที่ 16 (เชียงใหม่)  หน่วยจัดการต้นน้ำแม่สา,50,50100,เชียงใหม่
5894,2560,บริษัท  นู้ดเจ้  จำกัด,10,10120,กรุงเทพมหานคร
5895,2559,บริษัท ไทย เซ็นทรัล ไชนิส เทเลวิชั่น  จำกัด,10,10120,กรุงเทพมหานคร
5896,2558,บริษัท ไชน่าโปร จำกัด,10,10230,กรุงเทพมหานคร
5897,2557,บริษัท พี แอนด์ พี ชาแนล จำกัด,10,10800,กรุงเทพมหานคร
5898,2556,บริษัท โกซอฟท์ (ประเทศไทย) จำกัด,10,10500,กรุงเทพมหานคร
5899,2555,บริษัท พีคิวเคมิคอลส์ (ประเทศไทย) จำกัด,20,20230,ชลบุรี
5900,2554,โรงแรม ดับเบิ้ลยู เกาะสมุย,84,84330,สุราษฎร์ธานี
5901,2553,เที่ยวสนุกทัวร์แอนด์แทรเวล,92,92000,ตรัง
5902,2552,บริษัท  สยามแม็คโคร จำกัด (มหาชน) สาขา หาดใหญ่,90,90110,สงขลา
5903,2551,บริษัท ทรานส์ ไอส์แลนด์ ทราเวล จำกัด,84,84320,สุราษฎร์ธานี
5904,2550,บริษัท เขาหลักบันดารี จำกัด,82,82190,พังงา
5905,2549,บริษัท บริหารสินทรัพย์ กรุงเทพพาณิชย์ จำกัด สาขายะลา,95,95000,ยะลา
5906,2548,ธนาคารอิสลามแห่งประเทศไทย  สาขานครศรีธรรมราช,80,80000,นครศรีธรรมราช
5907,2547,สำนักงานสรรพากรภาค 11,84,84000,สุราษฎร์ธานี
5908,2546,บริษัท เอ็ม เอส ไอ จี ประกันภัย (ประเทศไทย) จำกัด (มหาชน),10,10310,กรุงเทพมหานคร
5909,2545,บริษัท พีแอนด์ดับบลิว จำกัด,10,10110,กรุงเทพมหานคร
5910,2544,บริษัท  เลสชาโก้ (ประเทศไทย) จำกัด,10,10110,กรุงเทพมหานคร
5911,2543,บริษัท อินโน คาร์โก้ จำกัด,10,10250,กรุงเทพมหานคร
5912,2542,บริษัท ทรานสปีด จำกัด,10,10110,กรุงเทพมหานคร
5913,2541,บริษัท โกลบอล ชิปปิ้ง จำกัด,10,10110,กรุงเทพมหานคร
5914,2540,บริษัท ซิตี้ สตีล จำกัด (มหาชน),20,20000,ชลบุรี
5915,2539,กลุ่มงานเวชกรรมสังคม  โรงพยาบาลสงขลา,90,90100,สงขลา
5916,2538,บริษัท กู๊ดทีม เอ็นเตอร์ไพรส์ จำกัด,10,10120,กรุงเทพมหานคร
5917,2537,บริษัท อดิสรสงขลา จำกัด,90,90000,สงขลา
5918,2536,ศูนย์เทคโนโลยีแอนนิเมชันและมัลติมีเดีย มหาวิทยาลัยสงขลานครินทร์ วิทยาเขตภูเก็ต,83,83120,ภูเก็ต
5919,2535,บริษัท ธิงค์ แอนด์ ดู จำกัด,10,10230,กรุงเทพมหานคร
5920,2534,บริษัท เจริญโภคภัณฑ์อาหาร จำกัด (มหาชน)  CP Fresh Mart,90,90110,สงขลา
5921,2533,บริษัท ยูเซ็น โลจิสติกส์ (ประเทศไทย) จำกัด จังหวัดสมุทรปราการ,11,10540,สมุทรปราการ
5922,2532,บริษัท คาซาร์มีเดีย จำกัด,83,83000,ภูเก็ต
5923,2531,นิตยสารแบร์ฟุต,10,10220,กรุงเทพมหานคร
5924,2530,บริษัท คิงส์ มิลลิ่ง (สุราษฎร์ธานี) จำกัด,84,84290,สุราษฎร์ธานี
5925,2529,หน่วยวิจัยโมเลกุลทางการแพทย์  ศูนย์พันธุวิศวกรรมและเทคโนโลยีชีวภาพแห่งชาติ,13,12120,ปทุมธานี
5926,2528,โรงเรียนเมืองนครศรีธรรมราช,80,80280,นครศรีธรรมราช
5927,2527,บริษัท บางกอก อินเตอร์เนชั่นแนล ออดิท จำกัด,10,10400,กรุงเทพมหานคร
5928,2526,ศูนย์วิจัยทรัพยากรทางทะเลและชายฝั่งอ่าวไทยตอนล่าง,90,90100,สงขลา
5929,2525,โรงแรมเซ็นทาราแกรนด์บีชรีสอร์ทสมุย,84,84320,สุราษฎร์ธานี
5930,2524,บริษัท เบทาโกร จำกัด (มหาชน),10,10210,กรุงเทพมหานคร
5931,2523,ห้างหุ้นส่วนจำกัด เดอะซันสมายล์ทราเวล,90,90110,สงขลา
5932,2522,ศูนย์พัฒนาทักษะและการเรียนรู้ CIC ภูเก็ต,83,83000,ภูเก็ต
5933,2521,บริษัท อัลลายแอนซ์ คอร์ป จำกัด,83,83110,ภูเก็ต
5934,2520,มหาวิทยาลัยหาดใหญ่,90,90110,สงขลา
5935,2519,โรงเรียนอนุบาลกุลจินต์,90,90110,สงขลา
5936,2518,บริษัท ธาราวัญคอนสตรัคชั่น จำกัด,10,10160,กรุงเทพมหานคร
5937,2517,โรงแรมอัคริณ รีสอร์ท แอนด์ สปา,84,84320,สุราษฎร์ธานี
5938,2516,บริษัท อันดามันเวิลด์ไวด์ชิปปิ้ง จำกัด,90,90110,สงขลา
5939,2515,ห้างหุ้นส่วนจำกัด ภูเก็ต พันวา แคนู,83,83000,ภูเก็ต
5940,2514,โรงเรียนเชียรใหญ่,80,80190,นครศรีธรรมราช
5941,2513,บริษัท ไฮเทคไทยคอนกรีต จำกัด,10,10160,กรุงเทพมหานคร
5942,2512,โรงแรมกะตะบีชรีสอร์ทแอนด์สปา,83,73100,ภูเก็ต
5943,2511,สำนักงานปลัดกระทรวงเทคโนโลยีสารสนเทศและการสื่อสาร,10,10210,กรุงเทพมหานคร
5944,2510,บริษัท กสท โทรคมนาคม  จำกัด (มหาชน)  สำนักงานบริการลูกค้า กสท เขตตะวันตก,70,70000,ราชบุรี
5945,2509,บริษัท ซี.เจ เวิลด์ คอมมิวนิเคชั่น จำกัด,80,80000,นครศรีธรรมราช
5946,2508,บริษัท ออฟฟิศเมท จำกัด (มหาชน),10,10250,กรุงเทพมหานคร
5947,2507,บริษัท ซีเอส ล็อกซอินโฟ จำกัด (มหาชน),10,10110,กรุงเทพมหานคร
5948,2505,สำนักงานพาณิชย์จังหวัดภูเก็ต,83,83000,ภูเก็ต
5949,2504,สำนักงานเทศบาลตำบลคลองพน,81,81170,กระบี่
5950,2503,สถานีวิจัยทดสอบพันธุ์สัตว์นครศรีธรรมราช,80,80130,นครศรีธรรมราช
5951,2502,ศูนย์นวัตกรรมไมโครซอฟท์ กรุงเทพ,10,10330,กรุงเทพมหานคร
5952,2501,โรงแรมอนันตรา รสานันดา เกาะพะงัน วิลล่า รีสอร์ท แอนด์ สปา,84,84280,สุราษฎร์ธานี
5953,2500,บริษัท บิสซิเนส คอมเพ็ดทิทีฟ อินเทลลิเจนซ์ จำกัด,12,11120,นนทบุรี
5954,2499,บริษัท หาดใหญ่วิชั่นแคร์ จำกัด,90,90110,สงขลา
5955,2498,บริษัท อุตสาหกรรมทำเครื่องแก้วไทย จำกัด (มหาชน),11,10540,สมุทรปราการ
5956,2497,โรงเรียนสวนกุหลาบวิทยาลัย นนทบุรี,12,11120,นนทบุรี
5957,2496,โรงแรมเลอ เมอริเดียน เกาะสมุย รีสอร์ทแอนด์สปา,84,84310,สุราษฎร์ธานี
5958,2495,บริษัท เซ้าเทอร์นเซฟตี้ จำกัด,90,90100,สงขลา
5959,2494,บริษัท บันยันทรี รีสอร์ท แอนด์ สปา(ไทยแลนด์) จำกัด,83,,ภูเก็ต
5960,2493,โรงพยาบาลปัตตานี  ฝ่ายโภชนาการ,94,94000,ปัตตานี
5961,2492,องค์การสวนยาง  กระทรวงเกษตรและสหกรณ์,80,80240,นครศรีธรรมราช
5962,2491,บริษัท คูเปอร์อินเตอร์เนชั่นแนลเอ็นจิเนียริ่งแอนด์เซอร์วิส  จำกัด,21,21180,ระยอง
5963,2490,กองสุขาภิบาลสิ่งแวดล้อม สำนักอนามัย กรุงเทพมหานคร,10,10400,กรุงเทพมหานคร
5964,2489,โรงแรมเอ้าท์ริกเกอร์ลากูน่าภูเก็ตรีสอร์ทแอนด์วิลล่า,83,83110,ภูเก็ต
5965,2488,สหชัย แทรเวล แอนด์ เซอร์วิส,90,90110,สงขลา
5966,2487,พี.เค. ฟาร์ม,92,92110,ตรัง
5967,2486,ห้างหุ้นส่วนจำกัด วานิลลาสกาย,10,10310,กรุงเทพมหานคร
5968,2485,โรงพยาบาลตรัง  กลุ่มงานอาชีวเวชกรรม,92,92000,ตรัง
5969,2484,สำนักงานเทศบาลเมืองกาญจนบุรี,71,71000,กาญจนบุรี
5970,2483,Flight of the Gibbon,50,50300,เชียงใหม่
5971,2482,บริษัทในเครือฉวีวรรณ,20,20110,ชลบุรี
5972,2481,ห้างหุ้นส่วนจำกัด มารูนเทคเอ็นจิเนียริ่ง,90,90110,สงขลา
5973,2480,กองทัพภาคที่ 4  กองพันทหารสื่อสารที่ 24,80,80000,นครศรีธรรมราช
5974,2479,โรงเรียนโยธินบำรุง,80,80000,นครศรีธรรมราช
5975,2478,โรงเรียนทับปุดวิทยา,82,82180,พังงา
5976,2477,บริษัท อุตสาหกรรมอีเล็คโทรนิคส์ จำกัด (มหาชน),10,10520,กรุงเทพมหานคร
5977,2476,บริษัท อาร์ทีเอ็น โลจิสติคส์ จำกัด,10,10320,กรุงเทพมหานคร
5978,2475,เพื่อนสนิททัวร์,80,80130,นครศรีธรรมราช
5979,2474,วนอุทยานแห่งชาติภูชี้ฟ้า  สำนักบริหารพื้นอนุรักษ์ที่ 15 (เชียงราย),57,57000,เชียงราย
5980,2473,โรงแรม ดีวาน่า พลาซ่า กระบี่ อ่าวนาง,81,81000,กระบี่
5981,2472,บริษัท กันตนา แอนนิเมชั่น สตูดิโอ จำกัด,10,10320,กรุงเทพมหานคร
5982,2471,ศูนย์ข่าวสารตลาดแรงงานจังหวัดสงขลา,90,90000,สงขลา
5983,2470,ธนาคารกรุงไทย จำกัด (มหาชน) สาขาพัทลุง,93,93000,พัทลุง
5984,2469,บริษัท คอมมิวนิแคร์ จำกัด,10,10260,กรุงเทพมหานคร
5985,2468,บริษัท ริโก้ (ประเทศไทย) จำกัด,84,84000,สุราษฎร์ธานี
5986,2467,สำนักงานบัญชี เจ. อาร์. ที แพลน,80,80000,นครศรีธรรมราช
5987,2466,โรงแรม ปานวิมาน รีสอร์ท เกาะพะงัน,84,84280,สุราษฎร์ธานี
5988,2465,บริษัท สำนักงาน เอแอนด์วี จำกัด,11,10130,สมุทรปราการ
5989,2464,บริษัท พนาชาติ จำกัด,10,10900,กรุงเทพมหานคร
5990,2463,บริษัท นามหงส์น้ำมันปาล์ม จำกัด,81,81140,กระบี่
5991,2462,โรงแรมมันตราสมุยบูทิครีสอร์ท,84,84330,สุราษฎร์ธานี
5992,2461,อุทยานแห่งชาติเขาลำปี - หาดท้ายเหมือง,82,82120,พังงา
5993,2460,คณะวิเทศศึกษา มหาวิทยาลัยสงขลานครินทร์ วิทยาเขตภูเก็ต,83,83120,ภูเก็ต
5994,2459,งานอาชีวอนามัย  โรงพยาบาลศิริราช,10,10700,กรุงเทพมหานคร
5995,2458,หน่วยอาชีวอนามัย ภาควิชาเวชศาสตร์ชุมชน คณะแพทยศาสตร์ มหาวิทยาลัยสงขลานครินทร์,90,90110,สงขลา
5996,2457,บริษัท เอส เอส โฟรสเซ่นฟู้ด จำกัด,90,90000,สงขลา
5997,2456,บริษัท อีซูซุเอ็นยิ่นแมนูแฟคเจอริ่ง (ประเทศไทย) จำกัด,10,10520,กรุงเทพมหานคร
5998,2455,บริษัท วู้ดเวอร์คอังสุธน จำกัด,91,91110,สตูล
5999,2454,ห้างหุ้นส่วนจำกัด เอสทีอี อิมปอร์ตเอ็กซ์ปอร์ต,91,91000,สตูล
6000,2453,บริษัท อินโนเวชั่นกรุ๊ป (ประเทศไทย) จำกัด,10,10240,กรุงเทพมหานคร
6001,2452,บริษัท นีโอ อินเวนชั่น จำกัด,83,83130,ภูเก็ต
6002,2451,บริษัท สโมสรฟุตบอลพัทลุง เอฟ. ซี จำกัด,93,93000,พัทลุง
6003,2450,บริษัท เมโทรพลาย จำกัด,12,11000,นนทบุรี
6004,2449,โรงแรม เรเนอซองส์ ภูเก็ต รีสอร์ท แอนด์ สปา,83,83110,ภูเก็ต
6005,2448,บริษัท ลักษ์ (666) จำกัด,10,10310,กรุงเทพมหานคร
6006,2447,บริษัท บริหารสินทรัพย์กรุงเทพพาณิชย์ จำกัด  ฝ่ายพัฒนาสินทรัพย์ภาคใต้ตอนล่าง,90,90110,สงขลา
6007,2446,บริษัท การบินไทย จำกัด (มหาชน) คลังสินค้าการบินไทย ท่าอากาศยานภูเก็ต,83,83110,ภูเก็ต
6008,2445,โรงเรียนจรัสพิชากร,80,80000,นครศรีธรรมราช
6009,2444,บริษัท ไทยเอเวชั่นเซอร์วิส จำกัด,80,80000,นครศรีธรรมราช
6010,2443,โรงแรมอนันตรา ไม้ขาว ภูเก็ต วิลล่า ,83,83110,ภูเก็ต
6011,2442,บริษัท ยูนิเวอร์แซลแคน จำกัด,73,73110,นครปฐม
6012,2441,บริษัท เชฟรอนประเทศไทยสำรวจและผลิต จำกัด จังหวัดนครศรีธรรมราช,80,80000,นครศรีธรรมราช
6013,2440,บริษัท นำเชา (ประเทศไทย) จำกัด,70,70110,ราชบุรี
6014,2439,บริษัท ทรายรีฮัทไดฟ์รีสอร์ท จำกัด,84,84360,สุราษฎร์ธานี
6015,2438,โรงเรียนนานาชาติเทศบาลนครนครศรีธรรมราช,80,80000,นครศรีธรรมราช
6016,2437,สถานีตำรวจท่องเที่ยว 5 กองกำกับการ 2 กองบังคับการตำรวจท่องเที่ยว 3,84,84320,สุราษฎร์ธานี
6017,2436,โรงแรมเมลาตีบีชรีสอร์ทแอนด์สปา,84,84320,สุราษฎร์ธานี
6018,2435,บริษัท เอเลเฟนท์ ฮิลล์ จำกัด,84,83130,สุราษฎร์ธานี
6019,2434,บริษัท สหอุตสาหกรรมน้ำมันปาล์ม จำกัด,81,81130,กระบี่
6020,2433,บริษัท วาลีโอสยาม เทอร์มอล ซิสเต็มส์ จำกัด,20,21000,ชลบุรี
6021,2432,มูลนิธิคีนันแห่งเอเชีย,10,10110,กรุงเทพมหานคร
6022,2431,บริษัท พาราไดซ์ พาร์ค จำกัด,10,10250,กรุงเทพมหานคร
6023,2430,บริษัท ฮัลลิเบอร์ตัน เอ็นเนอร์จี เซอร์วิสเซส อิงค์ จำกัด,90,90100,สงขลา
6024,2429,บริษัท ซิตโต้เวียดนาม จำกัด,115,,เวียดนาม
6025,2428,โรงแรมมานาไทยโฮเท็ลแอนด์รีสอร์ท,83,83110,ภูเก็ต
6026,2427,การเคหะแห่งชาติ,10,10240,กรุงเทพมหานคร
6027,2426,บริษัท พีรพัฒน์เทคโนโลยี จำกัด (มหาชน) จังหวัดเพชรบุรี,76,76140,เพชรบุรี
6028,2425,บริษัท ไลฟ์ อินคอร์ปอเรชั่น จำกัด (มหาชน),10,10230,กรุงเทพมหานคร
6029,2424,บริษัท ซีทรานดิสคัพเวอรี่ จำกัด,84,84320,สุราษฎร์ธานี
6030,2423,โรงเรียนวัดปากด่าน,80,80340,นครศรีธรรมราช
6031,2422,ด่านศุลกากรท่าอากาศยานหาดใหญ่,90,90115,สงขลา
6032,2421,การไฟฟ้าส่วนภูมิภาค เขต 2 (ภาคใต้) จังหวัดนครศรีธรรมราช,80,80000,นครศรีธรรมราช
6033,2420,โรงแรมเมโทรโพล ภูเก็ต,83,83000,ภูเก็ต
6034,2419,สำนักงานเทศบาลเมืองทุ่งสง,80,80110,นครศรีธรรมราช
6035,2418,ภาควิชาคณิตศาสตร์ คณะวิทยาศาสตร์ มหาวิทยาลัยเกษตรศาสตร์,10,10900,กรุงเทพมหานคร
6036,2417,บริษัท เอนไว เอ็กเพิร์ท จำกัด,10,10800,กรุงเทพมหานคร
6037,2416,บริษัท เดอร์ เอเชีย ทัวร์ จำกัด,84,84320,สุราษฎร์ธานี
6038,2415,ห้องปฏิบัติการวิจัยการจำลองขนาดใหญ่ ศูนย์เทคโนโลยีอิเล็กทรอนิกส์และคอมพิวเตอร์แห่งชาติ,13,12120,ปทุมธานี
6039,2414,บริษัท ไทยแมคเอสทีอาร์ จำกัด,81,81120,กระบี่
6040,2413,บริษัท ดี เอช แอล เอ็กซ์เพรส แอนด์ โลจิสติกส์ จำกัด,84,84320,สุราษฎร์ธานี
6041,2412,โรงแรมเมืองลิกอร์,80,80000,นครศรีธรรมราช
6042,2411,บริษัท เอ็นเอสแอล ฟู้ดส์ จำกัด,20,20160,ชลบุรี
6043,2410,บริษัท กูริช จำกัด (โรงแรม กูริช สมุย แอท ละไม บีช),84,84310,สุราษฎร์ธานี
6044,2409,สำนักงานสภาที่ปรึกษาเศรษฐกิจและสังคมแห่งชาติ,10,10215,กรุงเทพมหานคร
6045,2408,องค์การบริหารส่วนจังหวัดกระบี่,81,81000,กระบี่
6046,2407,ต้นธารรีสอร์ทแอนด์สปา,80,80210,นครศรีธรรมราช
6047,2406,โรงแรมดุสิตธานี  ลากูน่า ภูเก็ต,83,83110,ภูเก็ต
6048,2405,บริษัท มันดาวีต์  รีสอร์ท แอนด์ สปา จำกัด,81,81000,กระบี่
6049,2404,บริษัท พาราดิซัล มีเดีย จำกัด,10,10230,กรุงเทพมหานคร
6050,2403,บริษัท สุราษฎร์ธานีเบเวอเรช จำกัด,84,84130,สุราษฎร์ธานี
6051,2402,บริษัท วิจิตรภัณฑ์สวนปาล์ม จำกัด,86,86100,ชุมพร
6052,2401,บริษัท ไทยยูเนี่ยนซีฟู้ด จำกัด,90,98330,สงขลา
6053,2400,ศูนย์ความปลอดภัยแรงงานพื้นที่ 11,84,84100,สุราษฎร์ธานี
6054,2399,บริษัท เจ ดับบลิว เอส คอนซัลติ้ง จำกัด,83,83120,ภูเก็ต
6055,2398,โรงเรียนทหารการเงิน  กรมการเงินทหารบก,10,10300,กรุงเทพมหานคร
6056,2397,ด่านศุลกากรกันตัง,92,92110,ตรัง
6057,2396,บริษัท เฟลเท็กซ์ จำกัด,90,90180,สงขลา
6058,2395,ห้างหุ้นส่วนจำกัด ดิษชัย เอ็นเทอไพรซ์,81,81170,กระบี่
6059,2394,บริษัท เอ.เอส.เอ การช่าง จำกัด,12,11120,นนทบุรี
6060,2393,โรงแรมอลีนตารีสอร์ท แอนด์ สปา,82,82140,พังงา
6061,2392,โรงพยาบาลวชิระภูเก็ต กลุ่มงานอาชีวเวชกรรม,83,83000,ภูเก็ต
6062,2391,สมาคมตัวแทนออกของรับอนุญาตไทย,10,10110,กรุงเทพมหานคร
6063,2390,บริษัท บิ๊กมูฟ ภูเก็ต จำกัด,83,83130,ภูเก็ต
6064,2389,บริษัท ไพโอเนียแอร์คาร์โก้ จำกัด,10,10110,กรุงเทพมหานคร
6065,2388,ที่ว่าการอำเภอพระพรหม,80,80000,นครศรีธรรมราช
6066,2387,ตลาดหลักทรัพย์แห่งประเทศไทย,10,10110,กรุงเทพมหานคร
6067,2386,บริษัท แอสซายน์ ซิสเต็มส์ จำกัด,84,84330,สุราษฎร์ธานี
6068,2385,โรงเรียนสภาราชินี จังหวัดตรัง,92,92000,ตรัง
6069,2384,โรงแรมเลอ เมอริเดียนเชียงใหม่,50,50100,เชียงใหม่
6070,2383,บริษัท โฟร์ซีซั่นส์ อินโฟ มีเดีย จำกัด,83,83000,ภูเก็ต
6071,2382,บริษัท ฟินเน็กซ์ แอ๊ดไวเซอรี่ จำกัด,10,10500,กรุงเทพมหานคร
6072,2381,บริษัท สายการบินนกแอร์ จำกัด (มหาชน) สาขาภูเก็ต,83,83110,ภูเก็ต
6073,2380,บริษัท ปรีติมุตวิศวการ จำกัด,10,10230,กรุงเทพมหานคร
6074,2379,โรงแรมภูเล เบย์ อะริชคาร์ลตัน รีเซิร์ฟ,81,81000,กระบี่
6075,2378,บริษัท เอ็นริช คอนซัลแตนท์ จำกัด,10,10220,กรุงเทพมหานคร
6076,2377,บริษัท วาเทคอุตสาหกรรม จำกัด,10,10500,กรุงเทพมหานคร
6077,2376,บริษัท ดิออดิท จำกัด,83,83000,ภูเก็ต
6078,2375,สำนักงานเทศบาลเมืองพัทลุง,93,93000,พัทลุง
6079,2374,บริษัท ทำดีกรุ๊ป จำกัด,10,10900,กรุงเทพมหานคร
6080,2373,บริษัท 35 ลายน์ อินโนเวชั่น จำกัด,10,10900,กรุงเทพมหานคร
6081,2372,บริษัท เอ็ม เอ็ม พี อินเตอร์เนชั่นแนล จำกัด,74,74000,สมุทรสาคร
6082,2371,บริษัท ภูเก็ตไอส์แลนด์ฮอปเปอร์ จำกัด (ประเทศไทย),83,83000,ภูเก็ต
6083,2370,ศูนย์ศึกษาเรียนรู้ระบบนิเวศป่าชายเลนสิรินาถราชินี,77,77220,ประจวบคีรีขันธ์
6084,2369,สำนักงานเทศบาลนครแหลมฉบัง,20,20230,ชลบุรี
6085,2368,บริษัท เรเซอร์การไฟฟ้า (ประเทศไทย) จำกัด,74,74110,สมุทรสาคร
6086,2367,เทศบาลเมืองบ้านพรุ,90,90250,สงขลา
6087,2366,เทศบาลพระนครศรีอยุธยา,14,13000,พระนครศรีอยุธยา
6088,2365,โรงเรียนภูเก็ตไทยหัวอาเซียนวิทยา,83,83000,ภูเก็ต
6089,2364,ธนาคารธนชาต จำกัด (มหาชน) สาขาสุราษฎร์ธานี,84,84000,สุราษฎร์ธานี
6090,2363,ศูนย์เมล็ดพันธุ์ข้าวสุราษฎร์ธานี,84,84160,สุราษฎร์ธานี
6091,2362,บริษัท ปตท. จำกัด (มหาชน)  ศูนย์ปฏิบัติการระบบท่อ เขต 2,14,13170,พระนครศรีอยุธยา
6092,2361,บริษัท ซี.เจ. ดีไซน์ แอนด์ บิลด์ จำกัด,10,10500,กรุงเทพมหานคร
6093,2360,บริษัท โต๊ะกลม จำกัด,10,10240,กรุงเทพมหานคร
6094,2359,บริษัท เอ็นแคด คอนซัลแตนท์ จำกัด,10,10230,กรุงเทพมหานคร
6095,2358,โรงแรมมัณดาวีต์รีสอร์ทแอนด์สปา,81,81000,กระบี่
6096,2357,บริษัท แอดวานซ์อินเทลลิเจนซ์โมเดิร์นนิตี้ จำกัด,10,10900,กรุงเทพมหานคร
6097,2356,บริษัท อินิทรี จำกัด,10,10120,กรุงเทพมหานคร
6098,2355,อุทยานแห่งชาติเอราวัณ,71,71250,กาญจนบุรี
6099,2354,บริษัท อิเมจิแมกซ์ จำกัด ,10,10120,กรุงเทพมหานคร
6100,2353,บริษัท อิเมจิน ดีไซน์ จำกัด,10,10900,กรุงเทพมหานคร
6101,2352,บริษัท วิธิตา แอนิเมชั่น จำกัด,10,10400,กรุงเทพมหานคร
6102,2351,บริษัท มัฟฟิ่น แอนิเมชั่น จำกัด,10,10310,กรุงเทพมหานคร
6103,2350,บริษัท ดิอายส์ จำกัด,10,10130,กรุงเทพมหานคร
6104,2349,บริษัท ดี. ดอคคิวเมนทารี่ จำกัด,10,10310,กรุงเทพมหานคร
6105,2348,โรงเรียนสอนภาษาภัฏภร (JCC),10,10250,กรุงเทพมหานคร
6106,2347,โรงพยาบาลบำรุงราษฎร์ อินเตอร์เนชั่นแนล,10,10110,กรุงเทพมหานคร
6107,2346,บริษัท เจริญโภคภัณฑ์อาหาร จำกัด (มหาชน) โรงงานแปรรูปสัตว์น้ำระโนด,90,90140,สงขลา
6108,2345,ศูนย์นโยบายโลกมุสลิม คณะเศรษฐศาสตร์ จุฬาลงกรณ์มหาวิทยาลัย,10,10330,กรุงเทพมหานคร
6109,2344,Admiral Tours & Travel SDN BHD,107,,มาเลเซีย
6110,2343,โรงแรมเดอะแฟร์เฮ้าบีช รีสอร์ท,84,84320,สุราษฎร์ธานี
6111,2342,บริษัท ยูนิคพลาสติก อินดัสตรี จำกัด (มหาชน),11,10280,สมุทรปราการ
6112,2341,บริษัท เอก-ชัย ดีสทริบิวชัน ซิสเทม จำกัด  เทสโก้ โลตัส สาขาภูเก็ต,83,83000,ภูเก็ต
6113,2340,บริษัท ช. เกษตรรุ่งเรือง จำกัด,80,80000,นครศรีธรรมราช
6114,2339,โรงเรียนเจริญวิทย์,80,80150,นครศรีธรรมราช
6115,2338,สำนักประชาสัมพันธ์เขต 6 กรมประชาสัมพันธ์,90,90110,สงขลา
6116,2337,บริษัท เมอร์กาโต้ เมดิคัล (ไทยแลนด์) จำกัด,90,90180,สงขลา
6117,2336,สำนักหอสมุด มหาวิทยาลัยทักษิณ วิทยาเขตพัทลุง,93,93110,พัทลุง
6118,2335,เค. พี. เอส. ฟาร์ม,71,71110,กาญจนบุรี
6119,2334,ศูนย์ส่งเสริมศิลปะและวัฒนธรรม สถาบันวัฒนธรรมศึกษากัลยาณิวัฒนา มหาวิทยาลัยสงขลานครินทร์,90,90110,สงขลา
6120,2333,โรงแรมปันปรีดา ฮิป รีสอร์ท,84,84320,สุราษฎร์ธานี
6121,2332,สำนักงาน ก.พ.,10,10300,กรุงเทพมหานคร
6122,2331,โรงแรมรอยัลบางสักบีช,82,82190,พังงา
6123,2330,โรงแรมไทยเฮ้าส์บีชรีสอร์ท,84,84310,สุราษฎร์ธานี
6124,2329,โรงแรมไอบิส ภูเก็ต ป่าตอง,83,83210,ภูเก็ต
6125,2328,มูลนิธิเครือข่ายส่งเสริมคุณภาพชีวิตแรงงาน,74,74000,สมุทรสาคร
6126,2327,บริษัท ซิตโต้ (ประเทศไทย) จำกัด,12,11120,นนทบุรี
6127,2326,ธนาคารออมสิน  สาขาทุ่งใหญ่,80,80240,นครศรีธรรมราช
6128,2325,บริษัท กูรูดีไซน์ จำกัด,10,10400,กรุงเทพมหานคร
6129,2324,บริษัท ออลอินวันฮอลิเดย์ จำกัด,83,83110,ภูเก็ต
6130,2323,บริษัท กันยาอนิเมชั่น จำกัด,10,10120,กรุงเทพมหานคร
6131,2322,สำนักงานประชาสัมพันธ์จังหวัดสุราษฎร์ธานี,84,84000,สุราษฎร์ธานี
6132,2321,บริษัท ไลฟ์ นิวส์ จำกัด,10,10900,กรุงเทพมหานคร
6133,2320,บริษัท ไทยซอฟแวร์เอ็นเตอร์ไพรส์ จำกัด,10,10400,กรุงเทพมหานคร
6134,2319,บริษัท ไทยเบฟเวอเรจโลจิสติกส์ จำกัด,10,10900,กรุงเทพมหานคร
6135,2318,บริษัท เมโทรแผ่นเสียง-เทป (1981) จำกัด,10,10110,กรุงเทพมหานคร
6136,2317,บริษัท โฮมรันเอ็นเทอร์เทนเมนท์ จำกัด,10,10110,กรุงเทพมหานคร
6137,2316,บริษัท พรอมท์นาว จำกัด,10,10900,กรุงเทพมหานคร
6138,2315,บริษัท ดีบัซส์ จำกัด,10,10240,กรุงเทพมหานคร
6139,2314,บริษัท ดิจิคราฟต์ จำกัด,10,10110,กรุงเทพมหานคร
6140,2313,บริษัท เดอะ กลอรี่ เวิร์ลไวด์ ทราเวล  จำกัด,84,84320,สุราษฎร์ธานี
6141,2312,กระทรวงการต่างประเทศ,10,10400,กรุงเทพมหานคร
6142,2311,บริษัท โปรเกรสซ์ ทีม คอนซัลแตนท์ จำกัด,83,83000,ภูเก็ต
6143,2310,สำนักงานทรัพยากรธรรมชาติและสิ่งแวดล้อมจังหวัดลพบุรี,16,15000,ลพบุรี
6144,2309,สำนักงานเศรษฐกิจการเกษตร เขต 8,84,84130,สุราษฎร์ธานี
6145,2308,บริษัท มาร์เก็ตติ้ง มูฟ จำกัด,10,10310,กรุงเทพมหานคร
6146,2307,บริษัท ศูนย์พัฒนากลยุทธ์ทางธุรกิจ จำกัด,10,10310,กรุงเทพมหานคร
6147,2306,กรมสวัสดิการและคุ้มครองแรงงงาน กองการเจ้าหน้าที่,10,10400,กรุงเทพมหานคร
6148,2305,กรมการพัฒนาชุมชน,10,10210,กรุงเทพมหานคร
6149,2304,โรงแรมอมารี เกาะสมุย,84,84320,สุราษฎร์ธานี
6150,2303,ท่าเรือแหลมฉบัง,20,20230,ชลบุรี
6151,2302,,80,80000,นครศรีธรรมราช
6152,2301,สำนักงานพัฒนาธุรกิจการค้าจังหวัดสุราษฎร์ธานี,84,84000,สุราษฎร์ธานี
6153,2300,บริษัท สยามเซมเพอร์เมด จำกัด สาขากาญจนดิษฐ์,84,84160,สุราษฎร์ธานี
6154,2299,บริษัท ซินเน็ค (ประเทศไทย) จำกัด (มหาชน),10,10230,กรุงเทพมหานคร
6155,2298,โรงพยาบาลสงขลา  ศูนย์คอมพิวเตอร์,90,90100,สงขลา
6156,2297,ศูนย์วิทยาศาสตร์การแพทย์ที่ 1,92,92000,ตรัง
6157,2296,บริษัท หน่ำฮั่วรับเบอร์ จำกัด,90,90120,สงขลา
6158,2295,องค์การคลังสินค้า กระทรวงพาณิชย์,12,11000,นนทบุรี
6159,2294,การไฟฟ้าส่วนภูมิภาค เขต 2 ภาคใต้ จังหวัดนครศรีธรรมราช,80,80000,นครศรีธรรมราช
6160,2293,สวนสัตว์สงขลา,90,90000,สงขลา
6161,2292,ขนอมฟิชชิ่งแอนด์ทัวร์,80,80210,นครศรีธรรมราช
6162,2291,บริษัท ซิลเวอร์เซาธ์เทิร์นทัวร์ จำกัด,92,92000,ตรัง
6163,2290,บริษัท ชูทองการบัญชีธุรกิจและกฎหมาย 1998 จำกัด,80,80000,นครศรีธรรมราช
6164,2289,บริษัท เกาะสมุยดอทคอม จำกัด,84,84310,สุราษฎร์ธานี
6165,2288,บริษัท วีเดียซอฟแวร์โซลูชั่น จำกัด,10,10230,กรุงเทพมหานคร
6166,2287,บริษัท ภูเก็ตจันทร์สว่าง จำกัด,83,83000,ภูเก็ต
6167,2286,หน่องทัวร์,92,92000,ตรัง
6168,2285,บริษัท กรุงไทยธุรกิจบริการ จำกัด,10,10310,กรุงเทพมหานคร
6169,2284,บริษัท ไมลอทท์ แลบอราทอรีส์ จำกัด,11,10540,สมุทรปราการ
6170,2283,สำนักงานจังหวัดชุมพร  (โครงการพัฒนาพื้นที่หนองใหญ่ตามพระราชดำริ),86,86000,ชุมพร
6171,2282,หจก.นาพรรณก่อสร้าง,80,80000,นครศรีธรรมราช
6172,2281,บริษัท เพชรอุดมเอ็นเตอร์ไพรส์ จำกัด,13,12130,ปทุมธานี
6173,2280,สำนักหอสมุด มหาวิทยาลัยทักษิณ วิทยาเขตพัทลุง,93,93110,พัทลุง
6174,2279,บริษัท พัฒนาซีฟู้ดส์ จำกัด,90,90000,สงขลา
6175,2278,บริษัท วี.พี.พี. ออดิท แอนด์ แอ็ดไวส์เซอรี่ เซอร์วิส จำกัด,83,83000,ภูเก็ต
6176,2277,หสม.  ภิญทร์ออดิท,90,90000,สงขลา
6177,2276,บริษัท เบสท์เซาท์เทิร์น จำกัด,96,96000,นราธิวาส
6178,2275,บริษัท ซีพีเอจี จำกัด,83,83110,ภูเก็ต
6179,2274,หจก. ทวีลาภการประมง,92,92110,ตรัง
6180,2273,โรงเรียนบ้านทอนเหรียง,92,92160,ตรัง
6181,2272,บริษัท ไทยแอร์เอเชีย จำกัด,10,10212,กรุงเทพมหานคร
6182,2271,บริษัท ภูเก็ตซีแลนด์ จำกัด,83,83000,ภูเก็ต
6183,2270,บริษัท สนุกออนไลน์ จำกัด,10,10310,กรุงเทพมหานคร
6184,2269,บริษัท ไทยฮอนด้าแมนูแฟคเจอริ่ง จำกัด,10,10520,กรุงเทพมหานคร
6185,2268,โรงแรมสวิสโฮเต็ล เลอ คองคอร์ด กรุงเทพ,10,10320,กรุงเทพมหานคร
6186,2267,การท่องเที่ยวแห่งประเทศไทย สำนักงานตรัง,92,92000,ตรัง
6187,2266,โรงพยาบาลพระนารายณ์มหาราช,16,15000,ลพบุรี
6188,2265,โรงแรม ดุสิต ดีทู อ่าวนาง,81,81180,กระบี่
6189,2264,บริษัท ลิส แอนดี้ จำกัด,83,83000,ภูเก็ต
6190,2263,สำนักงานตรวจบัญชีสหกรณ์พัทลุง,93,93000,พัทลุง
6191,2262,โรงพยาบาลเชียงรายประชานุเคราะห์,57,57000,เชียงราย
6192,2261,โรงพยาบาลสุรินทร์,32,3200,สุรินทร์
6193,2260,โรงพยาบาลร้อยเอ็ด,45,45000,ร้อยเอ็ด
6194,2259,โรงพยาบาลกำแพงเพชร,62,62000,กำแพงเพชร
6195,2258,โรงแรม แอคเซส รีสอร์ท แอนด์ วิลล่า,83,83110,ภูเก็ต
6196,2257,โรงแรมเซ็นทารากะรนรีสอร์ทภูเก็ต,83,83100,ภูเก็ต
6197,2256,บริษัท ไทยแอร์เอเชีย จำกัด สำนักงานภูเก็ต,83,83110,ภูเก็ต
6198,2255,การไฟฟ้าส่วนภูมิภาคเขต 2 (ภาคใต้) จ.นครศรีธรรมราช,80,80000,นครศรีธรรมราช
6199,2254,โรงพยาบาลบุรีรัมย์,31,31000,บุรีรัมย์
6200,2253,องค์การบริหารส่วนตำบลบางจาก,80,80330,นครศรีธรรมราช
6201,2252,อุทยานแห่งชาติน้ำตกโยง,80,80110,นครศรีธรรมราช
6202,2251,บริษัท ปริ้นเซส เลเชอร์ จำกัด,10,10400,กรุงเทพมหานคร
6203,2250,ศูนย์ปฏิบัติการเอกสารอิเล็กทรอนิกส์ หาดใหญ่ ธนาคารกรุงไทย จำกัด (มหาชน),90,90110,สงขลา
6204,2249,บริษัท กสท โทรคมนาคม จำกัด (มหาชน)  สำนักงานบริการลูกค้า กสท ภูเก็ต,83,83000,ภูเก็ต
6205,2248,ศูนย์ควบคุมการบินหาดใหญ่,90,90115,สงขลา
6206,2247,สำนักงานบัญชีสมโภชน์,83,83000,ภูเก็ต
6207,2246,บริษัท เรือเร็วลมพระยา จำกัด,84,84330,สุราษฎร์ธานี
6208,2245,โรงแรมราชาคีรีสอร์ทแอนด์สปา,80,80210,นครศรีธรรมราช
6209,2244,โรงแรมไอบิสภูเก็ตกะตะ,83,83100,ภูเก็ต
6210,2243,ศูนย์วิจัยพืชสวนตรัง,92,92150,ตรัง
6211,2242,โรงแรมเกาะยาวใหญ่วิลเลจ,82,82160,พังงา
6212,2241,บริษัท ซีแองเจิลครุยซ์ จำกัด,83,83000,ภูเก็ต
6213,2240,บริษัท แรพิดัส ทรานส์ จำกัด,80,80000,นครศรีธรรมราช
6214,2239,บริษัท สยามมิชลิน จำกัด จังหวัดชลบุรี,20,20230,ชลบุรี
6215,2238,โรงแรมโซฟิเทลกรุงเทพสีลม,10,10500,กรุงเทพมหานคร
6216,2237,โรงเรียนวัดทางขึ้น,80,80160,นครศรีธรรมราช
6217,2236,โรงแรมเขาหลักออร์คิดบีชรีสอร์ท,82,82190,พังงา
6218,2235,โรงแรมกะตะปาล์มรีสอร์ทแอนด์สปา,83,83100,ภูเก็ต
6219,2234,โรงเรียนบ้านในถุ้ง,80,80160,นครศรีธรรมราช
6220,2233,บริษัท โปรเซส เอ็นจิเนียริ่ง เซอร์วิส จำกัด,10,10900,กรุงเทพมหานคร
6221,2232,โรงเรียนสระแก้วรัตนวิทย์,80,80160,นครศรีธรรมราช
6222,2231,บริษัท การบินไทย จำกัด (มหาชน),10,10900,กรุงเทพมหานคร
6223,2230,บริษัท เดอะบิสซิเนส รีเสิร์ช สเปเชียลลิสต์ จำกัด,10,10120,กรุงเทพมหานคร
6224,2229,บริษัท หลักทรัพย์จัดการกองทุน กรุงไทย จำกัด (มหาชน),10,10120,กรุงเทพมหานคร
6225,2228,ธนาคารกรุงไทย จำกัด (มหาชน),10,10330,กรุงเทพมหานคร
6226,2227,บริษัท สยามเลมเมอร์ซ จำกัด,19,18140,สระบุรี
6227,2226,บริษัท เอชแอนด์เอช ซัพพลายส์ จำกัด (ชะอำ),76,76120,เพชรบุรี
6228,2225,บริษัท ไทยสจ็วตเซอร์วิสเซ็ส จำกัด,10,10130,กรุงเทพมหานคร
6229,2224,บริษัท สปริงนิวส์ คอร์ปอเรชั่น จำกัด,10,10900,กรุงเทพมหานคร
6230,2223,บริษัท หม่อมตรีวิลล่ารอแยลกรุ๊ป จำกัด,83,83100,ภูเก็ต
6231,2222,หน่วยปฎิบัติการวิจัยการสื่อสารเชิงแสงและควอนตัม  ศูนย์เทคโนโลยีอิเล็กทรอนิกส์และคอมพิวเตอร์แห่งชาติ,13,12120,ปทุมธานี
6232,2221,บริษัท ไทยลักซ์ เอ็นเตอร์ไพรส์ จำกัด,76,76140,เพชรบุรี
6233,2220,Evergreen Laurel Hotel (Penang),107,,มาเลเซีย
6234,2219,บริษัท เอก-ชัยดิสทริบิวชั่นซิสเทม จำกัด (เทสโกโลตัสคุ้มค่า สาขาท่าศาลา),80,80160,นครศรีธรรมราช
6235,2218,บริษัท สยามไฮโดรโปนิกส์โปรดิ๊วซ์ จำกัด,24,24190,ฉะเชิงเทรา
6236,2217,Banana Travel and Tours Sdn Bhd,107,,มาเลเซีย
6237,2216,บริษัท ไทยวอเตอร์โอเปอเรชั่นส์ จำกัด,10,10400,กรุงเทพมหานคร
6238,2215,บริษัท ทริปเปิลวินส์ โซลูชั่นส์ จำกัด,90,90110,สงขลา
6239,2214,บริษัท เพื่อนศิลป์โฆษณา จำกัด,83,83130,ภูเก็ต
6240,2213,บริษัท โซนี่ เทคโนโลยี ประเทศไทย จำกัด,20,20000,ชลบุรี
6241,2212,โรงพยาบาลหาดใหญ่ กลุ่มงานเวชกรรมสังคม,90,90110,สงขลา
6242,2211,กลุ่มงานวิจัยและพัฒนาสถานแสดงพันธุ์สัตว์น้ำจืด สถาบันวิจัยและพัฒนาทรัพยากรประมงน้ำจืด,10,10900,กรุงเทพมหานคร
6243,2210,อุทยานแห่งชาติแก่งกระจาน,76,76170,เพชรบุรี
6244,2209,โรงแยกก๊าซธรรมชาติขนอม บริษัท ปตท. จำกัด (มหาชน),80,80210,นครศรีธรรมราช
6245,2208,บริษัท บริหารสินทรัพย์กรุงเทพพาณิชย์ จำกัด (มหาชน) สำนักงานหาดใหญ่,90,90110,สงขลา
6246,2206,ธนาคารอิสลามแห่งประเทศไทย สาขากระบี่,81,81000,กระบี่
6247,2205,สำนักงานมนตรีสอบบัญชีและกฎหมาย,10,10700,กรุงเทพมหานคร
6248,2204,บริษัท โรงพยาบาลสัตว์ตลิ่งชัน จำกัด,10,10170,กรุงเทพมหานคร
6249,2203,บริษัท ส.สมุยธุรกิจ จำกัด,84,84330,สุราษฎร์ธานี
6250,2202,บริษัท 3เอ็ม (ประเทศไทย) จำกัด,10,10520,กรุงเทพมหานคร
6251,2201,บริษัท แอดวานซ์ อินโฟร์ เซอร์วิส จำกัด (มหาชน) สุราษฎร์ธานี,84,84000,สุราษฎร์ธานี
6252,2200,บริษัท ซีคอท จำกัด,10,10800,กรุงเทพมหานคร
6253,2199,บริษัท ร่วมค้าแอดวานซ์เทค อินเตอร์เนชั่นแนล จำกัด,90,90110,สงขลา
6254,2198,สถาบันการพลศึกษา วิทยาเขตชุมพร,86,86190,ชุมพร
6255,2197,โรงแรมอันดามัน คาเนเซีย รีสอร์ท แอนด์ สปา,83,83100,ภูเก็ต
6256,2196,โรงแรมพีชฮิลล์โฮเต็ลแอนด์รีสอร์ท,83,83100,ภูเก็ต
6257,2195,บริษัท คิว แอนด์ เอ คอนซัลแต้นท์ จำกัด,12,11120,นนทบุรี
6258,2194,บริษัท ไทยอีกาซีน จำกัด,10,10310,กรุงเทพมหานคร
6259,2193,สำนักงานตรวจบัญชีสหกรณ์ตรัง,92,92000,ตรัง
6260,2192,บริษัท บางกอกเอ็นเตอร์เทนเม้นต์ จำกัด,10,10110,กรุงเทพมหานคร
6261,2191,บริษัท อันดารา รีสอร์ท แอนด์ วิลล่า จำกัด,83,83150,ภูเก็ต
6262,2190,สำนักงานทักษิณการบัญชีและธุรกิจ,81,81000,กระบี่
6263,2189,บริษัท เอสอาร์เอฟ เทคนิคอล เท็กซ์ไทลส์ (ไทยแลนด์) จำกัด,21,21150,ระยอง
6264,2188,โรงแรมป่าตอง เมอร์ลิน ภูเก็ต,83,83150,ภูเก็ต
6265,2187,บริษัท เอที เน็ทเวิร์ค จำกัด,10,10120,กรุงเทพมหานคร
6266,2186,บริษัท บีทีไอ บรรจุภัณฑ์ จำกัด,11,10540,สมุทรปราการ
6267,2185,บริษัท ทรีนิตี้ โซลูชั่น โปรไวด์เดอร์ จำกัด,10,10240,กรุงเทพมหานคร
6268,2184,บริษัท กันตนา มูฟวี่ ทาวน์ (2002) จำกัด,73,73170,นครปฐม
6269,2183,บริษัท อีวีเอ แอร์เวย์ส คอร์ปอเรชั่น จำกัด,11,10540,สมุทรปราการ
6270,2182,บริษัท อีสเทิร์นไทยคอนซัลติ้ง 1992 จำกัด,83,83110,ภูเก็ต
6271,2181,ศูนย์อนุรักษ์ทรัพยากรทางทะเลและชายฝั่งที่ 1 ( จ.ระยอง),21,21160,ระยอง
6272,2180,บริษัท มิตรตรัง คอนสตรัคชั่น จำกัด,92,92000,ตรัง
6273,2179,โรงแรม ลา ฟลอร่า รีสอร์ท แอนด์ สปา,82,82190,พังงา
6274,2178,สำนักงานประชาสัมพันธ์จังหวัดภูเก็ต,83,83000,ภูเก็ต
6275,2177,บริษัท อิมเมจพับลิชชิ่ง จำกัด,10,10110,กรุงเทพมหานคร
6276,2176,บริษัท เอก-ชัย ดิสทริบิวชั่นซิสเทม จำกัด  (ห้างเทสโก้ โลตัส สาขาหาดใหญ่),90,90110,สงขลา
6277,2175,โรงแรม พาวิลเลี่ยน สมุย บูทิค รีสอร์ท แอนด์ สปา ,84,84310,สุราษฎร์ธานี
6278,2174,บริษัท บุญถาวรเซรามิค จำกัด  สาขาศูนย์กระจายสินค้ารังสิต,13,12120,ปทุมธานี
6279,2173,บริษัท อินเทอร์เน็ตประเทศไทย จำกัด (มหาชน),10,10310,กรุงเทพมหานคร
6280,2172,บริษัท การบินกรุงเทพ จำกัด (เกาะสมุย),84,84320,สุราษฎร์ธานี
6281,2171,บริษัท ทรู ดิจิตอล คอนเทนท์ แอนด์ มีเดีย จำกัด,10,10400,กรุงเทพมหานคร
6282,2170,โรงเรียนบ้านทุ่งโต๊ะดัง,96,96000,นราธิวาส
6283,2169,โรงเรียนบุณยลาภนฤมิต,96,96120,นราธิวาส
6284,2168,สมาคมการจัดการงานบุคคลแห่งประเทศไทย,10,10240,กรุงเทพมหานคร
6285,2167,โรงเรียนอุ่นรักเกาะสมุย,84,84330,สุราษฎร์ธานี
6286,2166,โรงแรมมะลิษา วิลล่า สวีท,83,83210,ภูเก็ต
6287,2165,สำนักงานปลัดกระทรวงพาณิชย์,12,11000,นนทบุรี
6288,2164,โรงแรมพลาซ่า แอทธินี รอยัล เมอริเดียน,10,10330,กรุงเทพมหานคร
6289,2163,บริษัท เอ้าท์เตอร์บ๊อกซ์ จำกัด,10,10310,กรุงเทพมหานคร
6290,2162,สำนักงานศาลรัฐธรรมนูญ,10,10210,กรุงเทพมหานคร
6291,2161,บริษัท เดอะ เชค คอม จำกัด,10,10400,กรุงเทพมหานคร
6292,2160,โรงเรียนตรังคริสเตียนศึกษา,92,92000,ตรัง
6293,2159,โรงแรมไดมอนด์พลาซ่า หาดใหญ่,90,90110,สงขลา
6294,2158,โรงเรียนสอนภาษาแทนคุณ,10,10110,กรุงเทพมหานคร
6295,2157,โรงเรียนท่าศาลาประสิทธิ์ศึกษา,80,80160,นครศรีธรรมราช
6296,2156,บริษัท บีอีซี-เทโร เอ็นเตอร์เทนเม้นท์ จำกัด (มหาชน) ฝ่ายผลิตรายการโทรทัศน์,10,10110,กรุงเทพมหานคร
6297,2155,บริษัท เอ็นทูเอส โซลูชั่น จำกัด,10,10120,กรุงเทพมหานคร
6298,2154,บริษัท ยูไนเต็ด แอนนาลิสต์ แอนด์ เอ็นจิเนียริ่ง คอนซัลแตนท์ จำกัด,10,10260,กรุงเทพมหานคร
6299,2153,กรมอาเซียน  กระทรวงการต่างประเทศ,10,10400,กรุงเทพมหานคร
6300,2152,ฮาซานะห์ แทรเวล,83,83200,ภูเก็ต
6301,2151,สถาบันทักษิณคดีศึกษา,90,90100,สงขลา
6302,2150,สำนักบริการเทคโนโลยีสารสนเทศภาครัฐ  สำนักงานพัฒนาวิทยาศาสตร์และเทคโนโลยีแห่งชาติ,10,10400,กรุงเทพมหานคร
6303,2149,บริษัท นาร์วาฬ สตูดิโอ จำกัด,12,11120,นนทบุรี
6304,2148,การไฟฟ้าส่วนภูมิภาคจังหวัดนราธิวาส,96,96000,นราธิวาส
6305,2147,โรงแรมเมโทลโพล ภูเก็ต,83,83000,ภูเก็ต
6306,2146,หอการค้าอเมริกันในประเทศไทย,10,10330,กรุงเทพมหานคร
6307,2145,ซอฟแวร์เฮ้าส์,80,80000,นครศรีธรรมราช
6308,2144,บริษัท พีซี เทคโนโลยี แอนด์ ดีไซน์ จำกัด,10,10310,กรุงเทพมหานคร
6309,2143,บริษัท ไดเนีย กระบี่ จำกัด,81,81000,กระบี่
6310,2142,สำนักงานพัฒนาธุรกิจการค้าจังหวัดสุราษฎร์ธานี,84,84000,สุราษฎร์ธานี
6311,2141,วิทยาลัยเทคโนโลยีและอุตสาหกรรมการต่อเรือนครศรีธรรมราช,80,80141,นครศรีธรรมราช
6312,2140,บริษัท วาย.ที. รับเบอร์ จำกัด,84,84130,สุราษฎร์ธานี
6313,2139,สำนักพิมพ์แสงแดด (นิตยสารครัว),10,10310,กรุงเทพมหานคร
6314,2138,บริษัท ฮอลิเดย์ วิลเลจ จำกัด,83,,ภูเก็ต
6315,2137,มูลนิธิที่อยู่อาศัยเพื่อมนุษยชาติ ประเทศไทย,10,10110,กรุงเทพมหานคร
6316,2136,บริษัท สยามแม็คโคร จำกัด (มหาชน) สาขาสุราษฎร์ธานี,84,84000,สุราษฎร์ธานี
6317,2135,สถาบันขงจื๊อ  มหาวิทยาลัยขอนแก่น,40,40002,ขอนแก่น
6318,2134,ศิรินครทัวร์,80,80000,นครศรีธรรมราช
6319,2133,บริษัท เจ เอส แอล โกลบอล มีเดีย จำกัด,10,10240,กรุงเทพมหานคร
6320,2132,บริษัท รัชกิจการบัญชี จำกัด,84,84000,สุราษฎร์ธานี
6321,2131,บริษัท อีปิคคอมพิวเตอร์ จำกัด,10,10900,กรุงเทพมหานคร
6322,2130,บริษัท ไชน่าแอร์ไลน์ จำกัด,11,10540,สมุทรปราการ
6323,2129,บริษัท ตรึกตรองการบัญชี จำกัด,10,10230,กรุงเทพมหานคร
6324,2128,บริษัท กรุงเทพผลิตผลอุตสาหกรรมเกษตร จำกัด  ฟาร์มสุกรนนทรี,25,25110,ปราจีนบุรี
6325,2127,โรงแรมเดอะวิจิตร รีสอร์ท ภูเก็ต,83,83130,ภูเก็ต
6326,2126,บริษัท 2030 ทราเวล จำกัด,73,73000,นครปฐม
6327,2125,บริษัท ทูบีวัน คอมมิวนิเคชั่น จำกัด,10,10800,กรุงเทพมหานคร
6328,2124,บริษัท เจริญโภคภัณฑ์อาหาร จำกัด (มหาชน)  โรงเพาะฟักลูกกุ้งระโนด,90,90140,สงขลา
6329,2123,ศูนย์พัฒนาวิชาการอาชีวอนามัยและสิ่งแวดล้อม จังหวัดระยอง,21,21150,ระยอง
6330,2122,สำนักงานเทศบาลนครปากเกร็ด,12,11120,นนทบุรี
6331,2121,สำนักงานเทศบาลเมืองหัวหิน,77,77110,ประจวบคีรีขันธ์
6332,2120,โรงพยาบาลนครปฐม  กลุ่มงานอาชีวเวชกรรม,73,73000,นครปฐม
6333,2119,โรงเรียนวัดประดู่หอม (สุขประชาสรรค์),93,93150,พัทลุง
6334,2118,โรงเรียนมัธยมสิริวัณวรี 2 สงขลา,90,90180,สงขลา
6335,2117,บริษัท อาร์ ดี เอ็กซ์ จำกัด,10,10150,กรุงเทพมหานคร
6336,2116,สำนักงานศุลกากรตรวจของผู้โดยสาร ท่าอากาศยานสุวรรณภูมิ,11,10540,สมุทรปราการ
6337,2115,โรงพยาบาลหาดใหญ่ กลุ่มงานอาชีวเวชกรรม,90,90110,สงขลา
6338,2114,บริษัท ชาญนครวิศวกรรม จำกัด,10,10900,กรุงเทพมหานคร
6339,2113,ตรวจคนเข้าเมืองจังหวัดภูเก็ต,83,83000,ภูเก็ต
6340,2112,สำนักงานเทศบาลเมืองปากพนัง,80,80140,นครศรีธรรมราช
6341,2111,บริษัท ไทยรุ่งปิโตรเลียม 2003 จำกัด,10,10310,กรุงเทพมหานคร
6342,2110,บริษัท เจดับเบิ้ลยูดีอินโฟโลจิสติกส์ จำกัด,10,10240,กรุงเทพมหานคร
6343,2109,บริษัท เอ พลัส เอ็นเตอร์เทนเม้นท์ จำกัด (มหาชน),10,10900,กรุงเทพมหานคร
6344,2108,บริษัท เอเพ็กซ์ พลาสเทค จำกัด,10,10150,กรุงเทพมหานคร
6345,2107,สำนักงานอาชีวอนามัยและความปลอดภัย  คณะแพทยศาสตร์ มหาวิทยาลัยขอนแก่น,40,40002,ขอนแก่น
6346,2106,บริษัท การบินไทย จำกัด (มหาชน) ท่าอากาศยานนานาชาติกระบี่,81,81130,กระบี่
6347,2105,บริษัท ศรีไทยซุปเปอร์แวร์ จำกัด (มหาชน),20,20000,ชลบุรี
6348,2104,บริษัท แม็กซิมั่ม เด็บ จำกัด,10,10240,กรุงเทพมหานคร
6349,2103,บริษัท สยามอินเตอร์มัลติมีเดีย จำกัด (มหาชน),10,10310,กรุงเทพมหานคร
6350,2102,การไฟฟ้าฝ่ายผลิตแห่งประเทศไทย  ฝ่ายปฏิบัติการภาคใต้ จังหวัดกระบี่,81,81130,กระบี่
6351,2101,สถานีวิทยุกระจายเสียงแห่งประเทศไทยสมุย จังหวัดสุราษฎร์ธานี,84,84310,สุราษฎร์ธานี
6352,2100,บริษัท แอม โอเค แอดเวอร์ไทซิ่ง จำกัด,10,10310,กรุงเทพมหานคร
6353,2099,บริษัท พัสดุภัณฑ์ไทย จำกัด,10,10110,กรุงเทพมหานคร
6354,2098,บริษัท นิมเบิล คอร์ปอเรชัน จำกัด,10,10100,กรุงเทพมหานคร
6355,2097,โรงเรียนประชาอุปถัมภ์,12,11000,นนทบุรี
6356,2096,หจก. เคเบิ้ลทีวีพัทลุง,93,93000,พัทลุง
6357,2095,โรงเรียนปากพะยูนพิทยาคาร,93,93120,พัทลุง
6358,2094,บริษัท เจริญโภคภัณฑ์อาหาร จำกัด (มหาชน)  ฟาร์มสุกรเกษตรสันติราษฎร์,20,20140,ชลบุรี
6359,2093,หอสมุดแห่งชาตินครศรีธรรมราช,80,80000,นครศรีธรรมราช
6360,2092,บริษัท สารัชมอเตอร์ (2005) จำกัด,80,80000,นครศรีธรรมราช
6361,2091,บริษัท สยามแม็คโคร จำกัด (มหาชน) สาขาภูเก็ต,83,83000,ภูเก็ต
6362,2090,โรงแรม เอราวัณ พังงา,82,82140,พังงา
6363,2089,โรงแรมเลอ เมอริเดียน ภูเก็ต บีช รีสอร์ท,83,83100,ภูเก็ต
6364,2088,บริษัท ซีพีเอฟ เรสเทอรองท์ แอนด์ ฟู้ดเชน จำกัด จังหวัดสุราษฎร์ธานี,84,84290,สุราษฎร์ธานี
6365,2087,สำนักวิทยบริการและเทคโนโลยีสารสนเทศ  มหาวิทยาลัยราชภัฏสุราษฎร์ธานี,84,84100,สุราษฎร์ธานี
6366,2086,ห้องสมุดคณะเภสัชศาสตร์  หอสมุดและคลังความรู้  มหาวิทยาลัยมหิดล,10,10400,กรุงเทพมหานคร
6367,2085,ธนาคารกรุงไทย จำกัด (มหาชน)  ฝ่ายบริหารเงิน,10,10110,กรุงเทพมหานคร
6368,2084,หจก. จาโกต้า บราเดอร์ส เทรดดิ้ง,10,10110,กรุงเทพมหานคร
6369,2083,สถานีตำรวจท่องเที่ยว 1 กองกำกับการ 2 กองบังคับการตำรวจท่องเที่ยว 3,83,83000,ภูเก็ต
6370,2082,สำนักงานเทศบาลเมืองกันตัง,92,92110,ตรัง
6371,2081,สถาบันขงจื๊อภูเก็ต  มหาวิทยาลัยสงขลานครินทร์,83,83000,ภูเก็ต
6372,2080,บริษัท นนทศักดิ์ มารีน จำกัด,83,83000,ภูเก็ต
6373,2079,โรงเรียนวมินทร์วิทยา (ฮัวเหมิง),84,84000,สุราษฎร์ธานี
6374,2078,บริษัท สวิซซ์-วัน คอร์ปอเรชั่น จํากัด,73,73130,นครปฐม
6375,2077,โรงเรียนเทศบาลบ้านย่านยาว,82,82110,พังงา
6376,2076,การท่องเที่ยวแห่งประเทศไทย สำนักงานหาดใหญ่ (จังหวัดสงขลาและพัทลุง),90,90110,สงขลา
6377,2075,โรงเรียนศรีธรรมราชศึกษา,80,80000,นครศรีธรรมราช
6378,2074,บริษัท ไทยแอร์ เอเชีย จำกัด (สนามบินภูเก็ต),83,83000,ภูเก็ต
6379,2073,สำนักงานคณะกรรมการพัฒนาระบบราชการ,10,10300,กรุงเทพมหานคร
6380,2072,บริษัท บีบี ทัวร์  จำกัด,92,92000,ตรัง
6381,2071,โรงแรมภูเก็ตออร์คิด รีสอร์ท แอนด์ สปา,83,83100,ภูเก็ต
6382,2070,บริษัท เอส.พี.บี. พาเนล อินดัสตรีส์ จำกัด,84,84240,สุราษฎร์ธานี
6383,2069,บริษัท เคซีอี อีเลคโทรนิคส์ จำกัด (มหาชน),10,10520,กรุงเทพมหานคร
6384,2068,ห้างหุ้นส่วนสามัญ รัตนการบัญชี,83,83120,ภูเก็ต
6385,2067,ด่านศุลกากรภูเก็ต,83,83000,ภูเก็ต
6386,2066,ธนาคารออมสิน สาขาดอนสัก,84,84220,สุราษฎร์ธานี
6387,2065,โรงพยาบาลนครพนม,48,48000,นครพนม
6388,2064,โรงพยาบาลเพชรบูรณ์,67,67000,เพชรบูรณ์
6389,2063,ธนาคารเพื่อการเกษตรและสหกรณ์การเกษตร  สาขาสิเกา,92,92150,ตรัง
6390,2062,โรงพยาบาลสมเด็จพระยุพราชสระแก้ว,27,27000,สระแก้ว
6391,2061,บริษัท โรงงานไทยศิลป์ฟอกย้อม จำกัด,11,10280,สมุทรปราการ
6392,2060,โรงพยาบาลศรีสังวรสุโขทัย,64,64120,สุโขทัย
6393,2059,โรงพยาบาลอุตรดิตถ์,53,53000,อุตรดิตถ์
6394,2058,ด่านศุลกากรท่าอากาศยานภูเก็ต,83,83110,ภูเก็ต
6395,2057,สถาบันพัฒนาฝีมือแรงงาน ภาค 12 สงขลา,90,90000,สงขลา
6396,2056,บริษัท พีอีโอ คอนซัลแทนท์ จำกัด,10,10310,กรุงเทพมหานคร
6397,2055,สำนักงานประกันสังคมจังหวัดนครศรีธรรมราช,80,80000,นครศรีธรรมราช
6398,2054,บริษัท อุตสาหกรรมนมไทย จำกัด,14,13160,พระนครศรีอยุธยา
6399,2053,ธนาคารธนชาต สำนักงานภาคใต้ 3 นครศรีธรรมราช,80,80000,นครศรีธรรมราช
6400,2052,บริษัท บี. ฟู้ดส์ โปรดักส์ อินเตอร์เนชั่นแนล จำกัด จังหวัดลพบุรี,16,15220,ลพบุรี
6401,2051,บริษัท ไทยริชฟูดส์กรุ๊ป จำกัด,13,12110,ปทุมธานี
6402,2050,โรงเรียนชุมชนใหม่,80,80160,นครศรีธรรมราช
6403,2049,บริษัท สยามไอทีคูล จำกัด,10,10230,กรุงเทพมหานคร
6404,2048,บริษัท ไฮคลาสแม็กกาซีน จำกัด,10,10260,กรุงเทพมหานคร
6405,2047,สำนักงานจัดหางานจังหวัดสุราษฎร์ธานี,84,84100,สุราษฎร์ธานี
6406,2046,บริษัท ปานตะวัน คอนสตรัคชั่น เอ็นจิเนียริ่ง จำกัด,83,83130,ภูเก็ต
6407,2045,สำนักงานประกันสังคมจังหวัดสุราษฎร์ธานี,84,84000,สุราษฎร์ธานี
6408,2044,สำนักงานสถิติจังหวัดภูเก็ต,83,83000,ภูเก็ต
6409,2043,เทศบาลตำบลควนขนุน,93,93110,พัทลุง
6410,2042,บริษัท สมคิดบัญชีและธุรกิจ จำกัด,83,83000,ภูเก็ต
6411,2041,บริษัท ลัดดา จำกัด,10,,กรุงเทพมหานคร
6412,2040,สำนักงานเทศบาลตำบลปะทิว,86,86160,ชุมพร
6413,2039,บริษัท ฟรีสแลนด์ ฟู้ดส์ (ประเทศไทย) จำกัด (มหาชน) (นมโฟร์โมสต์),10,10400,กรุงเทพมหานคร
6414,2038,สำนักงานบริการลูกค้า กสท สุราษฎร์ธานี,84,84000,สุราษฎร์ธานี
6415,2037,บริษัท สามเสนบริวเวอรี่ จำกัด,10,10300,กรุงเทพมหานคร
6416,2036,สำนักงานสรรพากรพื้นที่สงขลา 1,90,90000,สงขลา
6417,2035,โรงเรียนวังไกลกังวล,77,77110,ประจวบคีรีขันธ์
6418,2034,บริษัท จี.เทค อินเตอร์เนชั่นแนล จำกัด,10,10510,กรุงเทพมหานคร
6419,2033,สำนักงานสหกรณ์จังหวัดกระบี่,81,81000,กระบี่
6420,2032,บริษัท สมุยบุรี บีช รีสอร์ท จำกัด (โรงแรมเมอร์เคียวสมุยบุรีรีสอร์ท),84,84330,สุราษฎร์ธานี
6421,2031,บริษัท อาร์พีเอ็น เอ็นจิเนียริ่ง แอนด์ การ์เดนนิ่ง จำกัด,10,10250,กรุงเทพมหานคร
6422,2030,คาทิลิยา เม้าท์เท่น รีสอร์ท แอนด์ สปา,57,57110,เชียงราย
6423,2029,ฝ่ายปฏิบัติการภาคใต้ การไฟฟ้าฝ่ายผลิตแห่งประเทศไทย,90,90100,สงขลา
6424,2028,โรงแรมเคป เซียนนา ภูเก็ต,83,83150,ภูเก็ต
6425,2027,หจก. อาหารสำเร็จรูปสุไหงโก-ลก,96,96120,นราธิวาส
6426,2026,สำนักงานเทศบาลตำบลคลองท่อมใต้,81,811120,กระบี่
6427,2025,บริษัท ทุ่งสงสี่สวัสดิ์ จำกัด,80,80110,นครศรีธรรมราช
6428,2024,โรงแรมรติล้านนา ริเวอร์ไซด์ สปา รีสอร์ท,50,50100,เชียงใหม่
6429,2023,โรงแรมปานวิมานเชียงใหม่ สปา รีสอร์ท,50,50180,เชียงใหม่
6430,2022,ศูนย์บ่มเพาะอาชีพกล้วยไม้ วิทยาลัยเกษตรและเทคโนโลยีเพชรบุรี,76,76120,เพชรบุรี
6431,2021,บริษัท บีอีซี-เทโร เอ็นเตอร์เทนเม้นท์ จำกัด (มหาชน) ฝ่ายรายการ,10,10110,กรุงเทพมหานคร
6432,2020,เรือนวลัย มหาวิทยาลัยวลัยลักษณ์,80,80161,นครศรีธรรมราช
6433,2019,บริษัท ซีพี ออลล์ จำกัด (มหาชน)  สำนักงานหาดใหญ่,90,90110,สงขลา
6434,2018,สำนักงานสอบบัญชี พี แอล พี,10,10310,กรุงเทพมหานคร
6435,2017,บริษัท ซีพีเอฟ (ประเทศไทย) จำกัด มหาชน (โรงงานแปรรูปไก่ครบวงจร โชคชัย),30,30190,นครราชสีมา
6436,2016,บริษัท บี.กริม เพาเวอร์ (เอไออี-เอ็นทีพี) จำกัด,21,21130,ระยอง
6437,2015,บริษัท วัฒนสินการบัญชีและกฎหมาย จำกัด,80,80110,นครศรีธรรมราช
6438,2014,บริษัท เมืองทองการบัญชีและภาษีอากร จำกัด,10,10510,กรุงเทพมหานคร
6439,2013,ห้างหุ้นส่วนจำกัด มงคลการบัญชี,90,90110,สงขลา
6440,2012,บริษัท สยามแม็คโคร จำกัด (มหาชน)  สาขานครศรีธรรมราช,80,80000,นครศรีธรรมราช
6441,2011,อุทยานแห่งชาติหมู่เกาะชุมพร,86,86120,ชุมพร
6442,2010,สำนักงานเทศบาลเมืองป่าตอง,83,83150,ภูเก็ต
6443,2009,สำนักงานตรวจบัญชีสหกรณ์สตูล,91,91000,สตูล
6444,2008,บริษัท อมตะวอเตอร์ จำกัด,20,20000,ชลบุรี
6445,2007,ห้างหุ้นส่วน ชูตเวิลด์ เอเจนซี่,84,84000,สุราษฎร์ธานี
6446,2006,บริษัท การบินไทย จำกัด (มหาชน),10,10900,กรุงเทพมหานคร
6447,2005,โรงแรมพูลแมน ภูเก็ต พันวาบีช รีสอร์ท,83,83100,ภูเก็ต
6448,2004,สำนักงานจัดหางานจังหวัดนครศรีธรรมราช,80,80000,นครศรีธรรมราช
6449,2003,บริษัท ซันอิ (ประเทศไทย) จำกัด,20,20000,ชลบุรี
6450,2002,ธนาคารเพื่อการเกษตรและสหกรณ์การเกษตร จังหวัดนครศรีธรรมราช,80,80000,นครศรีธรรมราช
6451,2001,บริษัท ซีพีเอฟ ฟู้ด แอนด์ เบฟเวอร์เรจ (มหาชน) สาขานครราชสีมา,30,30190,นครราชสีมา
6452,2000,กองควบคุมอาหาร สำนักงานคณะกรรมการอาหารและยา,12,11000,นนทบุรี
6453,1999,โรงแรมพูลแมน เขาหลัก คาทิลิยา รีสอร์ท แอนด์ วิลล่า,82,82190,พังงา
6454,1998,การไฟฟ้าฝ่ายผลิตแห่งประเทศไทย  เขื่อนรัชชประภา,84,84230,สุราษฎร์ธานี
6455,1997,บริษัท ภูเก็ต ไอที แอนด์ ซอฟแวร์ โซลูชั่น จำกัด,83,83000,ภูเก็ต
6456,1996,สถานีวิทยุเสียงจากทหารเรือ 6 สงขลา,90,90000,สงขลา
6457,1995,บริษัท 45 อีเวนท์ เอเจนซี่ จำกัด,10,10310,กรุงเทพมหานคร
6458,1993,บริษัท ตรังน้ำมันปาล์ม จำกัด,92,92000,ตรัง
6459,1992,สำนักงานเทศบาลนครภูเก็ต,83,83000,ภูเก็ต
6460,1991,บริษัท ปตท. สำรวจและผลิตปิโตรเลียม จำกัด (มหาชน) ฝ่ายส่งกำลังบำรุง,90,90280,สงขลา
6461,1990,สถานีวิทยุกระจายเสียงแห่งประเทศไทย ส่วนช่วยอำนวยการและประชาสัมพันธ์,10,10400,กรุงเทพมหานคร
6462,1989,บริษัท เน็ตดีไซน์ โฮสต์ จำกัด,10,10400,กรุงเทพมหานคร
6463,1988,สำนักงานสวัสดิการและคุ้มครองแรงงานจังหวัดนครศรีธรรมราช,80,80000,นครศรีธรรมราช
6464,1987,ธนาคารกรุงไทย สาขารามัน,95,95140,ยะลา
6465,1986,บริษัท สำนักงานดับเบิ้ลยูเจ ยังไวด์ จำกัด,10,10240,กรุงเทพมหานคร
6466,1985,ธนาคารออมสิน สาขานครศรีธรรมราช,80,80000,นครศรีธรรมราช
6467,1984,สำนักงานส่งเสริมการส่งออกในภูมิภาค (หาดใหญ่),90,90110,สงขลา
6468,1983,สถานีวิทยุโทรทัศน์แห่งประเทศไทย จังหวัดสุราษฎร์ธานี,84,84100,สุราษฎร์ธานี
6469,1982,บริษัท เจ เอส การบัญชีและกฏหมาย จำกัด,10,10230,กรุงเทพมหานคร
6470,1981,สำนักพระราชวัง,10,10200,กรุงเทพมหานคร
6471,1980,สำนักงานเขตบางกอกใหญ่,10,10600,กรุงเทพมหานคร
6472,1979,บริษัท วนชัย พาเนล อินดัสทรี่ส์ จำกัด,84,84190,สุราษฎร์ธานี
6473,1978,หน่วยวิจัยความหลากหลายทางชีวภาพ มหาวิทยาลัยวลัยลักษณ์,80,80161,นครศรีธรรมราช
6474,1977,บริษัท ยูนิค ไมนิ่ง เซอร์วิสเซส จำกัด (มหาชน),10,10110,กรุงเทพมหานคร
6475,1976,โรงแรมฮอลิเดย์ อินน์ รีสอร์ท ภูเก็ต,83,83150,ภูเก็ต
6476,1975,การประปาส่วนภูมิภาคเขต 4,84,84000,สุราษฎร์ธานี
6477,1974,บริษัท กระเบื้องหลังคาซีแพค จำกัด,80,80110,นครศรีธรรมราช
6478,1973,สำนักงานวิจัยการอนุรักษ์ป่าไม้และพันธุ์พืช,10,10900,กรุงเทพมหานคร
6479,1972,บริษัท วันลิ้งค์ เทคโนโลยี จำกัด,10,10310,กรุงเทพมหานคร
6480,1971,บริษัท ซุปเปอร์ชีป จำกัด,83,83000,ภูเก็ต
6481,1970,ศูนย์วิจัยและพัฒนาการเกษตรสงขลา,90,90110,สงขลา
6482,1969,บริษัท สยามชอร์ไซด์ เซอร์วิส จำกัด,10,10520,กรุงเทพมหานคร
6483,1968,สถานีวิทยุโทรทัศน์แห่งประเทศไทย จังหวัดสงขลา,90,90110,สงขลา
6484,1967,บริษัท สยามสปอร์ต เทเลวิชั่น จำกัด,10,10230,กรุงเทพมหานคร
6485,1966,บริษัท สุโข สปา จำกัด,83,83000,ภูเก็ต
6486,1965,บริษัท ฟร้อนเทียร์ อินเตอร์เน็ต โซลูชั่น จำกัด ศูนย์สอนภาษา CYES,10,10240,กรุงเทพมหานคร
6487,1964,สถาบันพัฒนาและฝึกอบรมโรงงานต้นแบบ  มหาวิทยาลัยเทคโนโลยีพระจอมเกล้าธนบุรี,10,10150,กรุงเทพมหานคร
6488,1963,โรงแรมหม่อมตรีโบ๊ทเฮ้าส์  บริษัท เดอะโบ๊ทเฮ้าส์ อินน์ แอนด์ เรสทัวรอง จำกัด,83,83100,ภูเก็ต
6489,1962,สำนักพิพิธภัณฑ์สถานแห่งชาติ,10,10300,กรุงเทพมหานคร
6490,1961,โรงแรมเดอะไลบรารี่ (บริษัท กมลธรรม จำกัด),84,84320,สุราษฎร์ธานี
6491,1960,ธนาคารธนชาต จำกัด (มหาชน)  สำนักงานเครือข่ายภาคใต้  2 (สุราษฎร์ธานี),84,84000,สุราษฎร์ธานี
6492,1959,โรงแรมนิวสตาร์บีชรีสอร์ท,84,84320,สุราษฎร์ธานี
6493,1958,บริษัท บางกอกฟาร์นาติกซ์ จำกัด,10,10320,กรุงเทพมหานคร
6494,1957,ดิเอวาซอนหัวหินรีสอร์ทแอนด์ซิกซ์เซนส์เซสสปา,77,77220,ประจวบคีรีขันธ์
6495,1956,บริษัท พินนาเคิล บิซ จำกัด,90,90110,สงขลา
6496,1955,เวส แซนด์ ภูเก็ต (บริษัท เซ็นทรัลแอนด์ซิตี้ดีเวลอปเม้นท์ส จำกัด),83,83110,ภูเก็ต
6497,1954,สำนักงานสิ่งแวดล้อมภาคที่ 15 ภูเก็ต,83,83000,ภูเก็ต
6498,1953,บริษัท กระจกไทยอาซาฮี จำกัด (มหาชน),11,10290,สมุทรปราการ
6499,1952,บริษัท ชิซูกิ  อีเล็คทริค (ไทยแลนด์) จำกัด,10,10230,กรุงเทพมหานคร
6500,1951,โรงแรม ดิ แอ็กเซส รีสอร์ท แอนด์ สปา,83,83100,ภูเก็ต
6501,1950,บริษัท อมตะวอเตอร์ จำกัด,20,20000,ชลบุรี
6502,1948,บริษัท ศรีตรัง แอโกรอินดัสทรี จำกัด (มหาชน) สาขาทุ่งสง,80,80110,นครศรีธรรมราช
6503,1946,บริษัท สยามอินเตอร์เนชั่นแนลฟู้ด จำกัด,90,90130,สงขลา
6504,1945,บริษัท เอเชียโลจิสติกส์ จำกัด,90,90110,สงขลา
6505,1944,สำนักการสาธารสุขและสิ่งแวดล้อม เทศบาลนครนครราชสีมา,30,30000,นครราชสีมา
6506,1943,บริษัท พูนทรัพย์แคน จำกัด,74,74000,สมุทรสาคร
6507,1942,สำนักงานเกษตรจังหวัดนครปฐม,73,73000,นครปฐม
6508,1941,สถาบันส่งเสริมการสอนวิทยาศาสตร์และเทคโนโลยี,10,10110,กรุงเทพมหานคร
6509,1940,ฝ่ายปฏิบัติการและบำรุงรักษา การไฟฟ้าส่วนภูมิภาค เขต 3 ภาคใต้,90,90250,สงขลา
6510,1939,การทางพิเศษแห่งประเทศไทย,10,10310,กรุงเทพมหานคร
6511,1938,โรงแรมอัลพีน่า ภูเก็ต นาลิน่า รีสอร์ท แอนด์ สปา,83,83100,ภูเก็ต
6512,1937,ศูนย์วิจัยและพัฒนาสิ่งแวดล้อมโรงงานภาคตะวันออก,20,20000,ชลบุรี
6513,1936,บริษัท ไทยการ์เมนต์เอ๊กซปอร์ต จำกัด สาขาอ้อมน้อย,74,74130,สมุทรสาคร
6514,1935,บริษัท บริการภาคพื้นการบินกรุงเทพเวิลด์ไวด์ไฟลท์เซอร์วิส จำกัด,11,10540,สมุทรปราการ
6515,1934,ศูนย์หนังสือแห่งจุฬาลงกรณ์มหาวิทยาลัย,10,10330,กรุงเทพมหานคร
6516,1933,สำนักวิทยบริการ มหาวิทยาลัยทักษิณ วิทยาเขตพัทลุง,93,93110,พัทลุง
6517,1932,สำนักงานกองทุนหมู่บ้านและชุมชนเมืองแห่งชาติ,12,11120,นนทบุรี
6518,1931,สำนักงานกองทุนสนับสนุนการสร้างเสริมสุขภาพ (สสส.),10,10120,กรุงเทพมหานคร
6519,1930,โรงแรมซีสเคป บีช รีสอร์ท,84,84320,สุราษฎร์ธานี
6520,1929,สำนักหอสมุด  มหาวิทยาลัยเทคโนโลยีมหานคร,10,10530,กรุงเทพมหานคร
6521,1928,สำนักงานเทศบาลเมืองกระบี่,81,81000,กระบี่
6522,1927,สำนักสารสนเทศและดัชนีเศรษฐกิจการค้า,12,11000,นนทบุรี
6523,1926,บริษัท ชัวร์เท็กซ์ จำกัด,84,84130,สุราษฎร์ธานี
6524,1925,สถาบันขงจื๊อ  มหาวิทยาลัยสงขลานครินทร์,90,90112,สงขลา
6525,1924,สำนักงานคณะกรรมการอาหารและยา  กองพัฒนาศักยภาพผู้บริโภค ฝ่ายประชาสัมพันธ์,12,11000,นนทบุรี
6526,1923,บริษัท การะวิโก จำกัด,10,10310,กรุงเทพมหานคร
6527,1922,บริษัท เช็ค แอนด์ โชว์ จำกัด,10,10310,กรุงเทพมหานคร
6528,1921,บริษัท ทรู คอร์ปอเรชั่น จำกัด สาขานครศรีธรรมราช,80,80000,นครศรีธรรมราช
6529,1920,บริษัท พรีเมียร์ซิสเต็มเอ็นจิเนียริ่ง จำกัด,90,90250,สงขลา
6530,1919,สำนักงานคลังจังหวัดระนอง,85,85000,ระนอง
6531,1918,ห้างหุ้นส่วนสามัญ สำนักงาน ที.เอ. แมเนจเมนท์,90,90110,สงขลา
6532,1917,การไฟฟ้าส่วนภูมิภาคสาขาอำเภอท่าศาลา,80,80160,นครศรีธรรมราช
6533,1916,บริษัท แอคโคซีด จำกัด,10,10230,กรุงเทพมหานคร
6534,1914,ห้างหุ้นส่วนจำกัดบิซอินโฟ เทรนนิ่ง แอนด์ โซลูชั่น,90,90110,สงขลา
6535,1913,สำนักงานคลังจังหวัดตรัง,92,92000,ตรัง
6536,1912,สำนักงานเทศบาลตำบลเกาะพะงัน,84,84280,สุราษฎร์ธานี
6537,1911,ศูนย์เทคโนโลยีสารสนเทศ กรมธนารักษ์,10,10400,กรุงเทพมหานคร
6538,1910,สำนักงานเทศบาลตำบลเวียงสระ,84,84190,สุราษฎร์ธานี
6539,1909,สำนักงานสถิติจังหวัดตรัง,92,92000,ตรัง
6540,1908,บริษัท กราฟโฟ้ ดีไซน์ จำกัด,83,83000,ภูเก็ต
6541,1907,บริษัท บีอีซี-เทโร เอ็นเตอร์เทนเมนท์ จำกัด (มหาชน)  ฝ่าย Editing and Studio,10,10110,กรุงเทพมหานคร
6542,1906,บริษัท แกรนด์ออดิท จำกัด,10,10900,กรุงเทพมหานคร
6543,1905,สำนักงานสหกรณ์จังหวัดกระบี่,81,81000,กระบี่
6544,1904,Hunan University of Arts and  Science,103,,จีน
6545,1903,บริษัท ไทยอินดัสเตรียลแก๊ส จำกัด (มหาชน),11,10450,สมุทรปราการ
6546,1902,บริษัท 3เอ็ม ประเทศไทย จำกัด,10,10110,กรุงเทพมหานคร
6547,1901,บริษัท เอ็นพีซีเซฟตี้แอนด์เอ็นไวรอนเมนทอลเซอร์วิส จำกัด,21,21150,ระยอง
6548,1900,สำนักงานสวัสดิการและคุ้มครองแรงงานจังหวัดสงขลา,90,90000,สงขลา
6549,1899,สำนักความปลอดภัยแรงงาน  กรมสวัสดิการและคุ้มครองแรงงาน,10,10170,กรุงเทพมหานคร
6550,1898,กองตรวจความปลอดภัย  ฝ่ายตรวจพิเศษที่ 4  กรมสวัสดิการและคุ้มครองแรงงาน,10,10400,กรุงเทพมหานคร
6551,1897,กองตรวจความปลอดภัย กรมสวัสดิการและคุ้มครองแรงงาน,10,10170,กรุงเทพมหานคร
6552,1896,บริษัท ทิปโก้แอสฟัลท์ จำกัด (มหาชน) โรงงานพระประแดง,11,10130,สมุทรปราการ
6553,1895,บริษัท สุราษฎร์บิทูเมน จำกัด,84,84130,สุราษฎร์ธานี
6554,1894,บริษัท ไม้อัดไทย จำกัด,10,10260,กรุงเทพมหานคร
6555,1893,คลังน้ำมันปิโตรเลียมสงขลา,90,90280,สงขลา
6556,1892,คลังน้ำมันเชฟรอนสงขลา,90,90280,สงขลา
6557,1891,บริษัท เอส.พี.เอส คอนซัลติ้ง เซอร์วิส จำกัด,10,10900,กรุงเทพมหานคร
6558,1890,บริษัท ไพโอเนียร์เอ็นวายเทคเซอร์วิส จำกัด,13,12110,ปทุมธานี
6559,1889,บริษัท เฮลธ์แอนด์เอ็นไวเทค จำกัด,12,11000,นนทบุรี
6560,1888,สำนักงานเทศบาลตำบลศาลายา,73,73170,นครปฐม
6561,1887,สำนักงานเทศบาลตำบลปริก,90,90120,สงขลา
6562,1886,สำนักงานเทศบาลนครนนทบุรี,12,11000,นนทบุรี
6563,1885,สำนักงานเทศบาลตำบลเจ๊ะบิลัง,91,91000,สตูล
6564,1884,บริษัท ซีคอท จำกัด,10,10800,กรุงเทพมหานคร
6565,1883,สำนักวิจัยและพัฒนาสิ่งแวดล้อมโรงงาน,10,10400,กรุงเทพมหานคร
6566,1882,สำนักสิ่งแวดล้อม  กรุงเทพมหานคร,10,10400,กรุงเทพมหานคร
6567,1881,บริษัท อินเตอร์เนชั่นแนลเอ็นไวรอนเมนทอลแมนเนจเมนท์ จำกัด,10,10500,กรุงเทพมหานคร
6568,1880,สำนักอนามัยสิ่งแวดล้อม  กรมอนามัย กระทรวงสาธารณสุข,12,11000,นนทบุรี
6569,1879,บริษัท เบเคอร์ ทิลลี่ ออดิท แอนด์ แอ็ดไวเซอร์รี่ เซอร์วิสเซส (ประเทศไทย) จำกัด,10,10120,กรุงเทพมหานคร
6570,1878,บริษัท เอเชียเอาท์ลุค จำกัด (Thai Asian News Network ),10,10200,กรุงเทพมหานคร
6571,1877,บริษัท เอ็นพีเอส สยาม สอบบัญชี จำกัด,10,10100,กรุงเทพมหานคร
6572,1876,สำนักงานส่งเสริมเศรษฐกิจสร้างสรรค์ (องค์กรมหาชน),10,10110,กรุงเทพมหานคร
6573,1875,ห้องสมุดธนาคารกสิกรไทย,10,10140,กรุงเทพมหานคร
6574,1874,บริษัท คอม.ไทย พับลิชชิ่ง จำกัด,10,10210,กรุงเทพมหานคร
6575,1873,บริษัท อินโดไชน่า เซอร์วิสเซส เอเชีย จำกัด,10,10400,กรุงเทพมหานคร
6576,1872,สำนักพัฒนาอุตสาหกรรมชุมชน,10,10110,กรุงเทพมหานคร
6577,1871,บริษัท โอเค แมส จำกัด,10,10400,กรุงเทพมหานคร
6578,1870,บริษัท บริหารสินทรัพย์กรุงเทพพาณิชย์ จำกัด สาขาชุมพร,86,86000,ชุมพร
6579,1869,ศูนย์เทคโนโลยีอิเล็กทรอนิกส์และคอมพิวเตอร์แห่งชาติ,13,12120,ปทุมธานี
6580,1868,ศูนย์สมาร์ทฟาร์ม มหาวิทยาลัยวลัยลักษณ์,80,80160,นครศรีธรรมราช
6581,1867,บริษัท ทีม โลจิสติกส์แอนด์ทรานสปอร์ต จำกัด,10,10230,กรุงเทพมหานคร
6582,1866,บริษัท ร้อกเวิธ จำกัด (มหาชน),14,13150,พระนครศรีอยุธยา
6583,1865,บริษัท ศรีตรังแอโกรอินดัสทรี จำกัด (มหาชน) สาขากาญจนดิษฐ์,84,84160,สุราษฎร์ธานี
6584,1864,ธนาคารไทยพาณิชย์ สาขาสุราษฎร์ธานี บ้านดอน,84,84000,สุราษฎร์ธานี
6585,1863,บริษัท แอดวานซ์ ออดิทติ้ง จำกัด,10,10800,กรุงเทพมหานคร
6586,1862,โรงแรมแอทพันตาภูเก็ต,83,83110,ภูเก็ต
6587,1861,บริษัท บลูดีไซน์ จำกัด,83,83000,ภูเก็ต
6588,1860,บริษัท บียอนด์ กราฟิคส์ จำกัด,83,83000,ภูเก็ต
6589,1859,บริษัท บัมเบอ  บีช คลับ ภูเก็ต จำกัด,83,83150,ภูเก็ต
6590,1858,ศูนย์เทคโนโลยีสารสนเทศ  กรมทางหลวง,10,10400,กรุงเทพมหานคร
6591,1857,บริษัท เอเชีย มาร์เก็ตติ้ง โซลูชั่น จำกัด,83,83110,ภูเก็ต
6592,1856,โครงการสันติอาสาสักขีพยาน,94,94000,ปัตตานี
6593,1855,ศูนย์สารสนเทศ  กรมส่งเสริมการเกษตร,10,10900,กรุงเทพมหานคร
6594,1854,บริษัท นีโอซีวิล 2004 จำกัด    โครงการก่อสร้างสถานีไฟฟ้าเกาะสมุย 2,84,84330,สุราษฎร์ธานี
6595,1853,สำนักหอสมุดและศูนย์สารสนเทศวิทยาศาสตร์และเทคโนโลยี  สถาบันวิจัยวิทยาศาสตร์และเทคโนโลยีแห่งประเทศไทย,10,10400,กรุงเทพมหานคร
6596,1852,บริษัท เจ.เอ็ม. แอพพาเรล จำกัด,10,10120,กรุงเทพมหานคร
6597,1851,บริษัท บิ๊กซี ซูเปอร์เซ็นเตอร์ จำกัด (มหาชน),10,10110,กรุงเทพมหานคร
6598,1850,บริษัท บริหารสินทรัพย์กรุงเทพพาณิชย์ จำกัด (มหาชน) สำนักงานนครศรีธรรมราช,80,80000,นครศรีธรรมราช
6599,1849,กองเทคโนโลยีเพื่อการเรียนการสอน สำนักการศึกษา กรุงเทพมหานคร,10,10600,กรุงเทพมหานคร
6600,1848,บริษัท นิภาเทคโนโลยี จำกัด,10,10500,กรุงเทพมหานคร
6601,1847,บริษัท เท็น อินทิเกรดเต็ด ซิสเต็ม (ประเทศไทย) จำกัด,11,10130,สมุทรปราการ
6602,1846,บริษัท หลักทรัพย์จัดการกองทุนอเบอร์ดีน จำกัด,10,10120,กรุงเทพมหานคร
6603,1845,สำนักงานสัสดีจังหวัดนครศรีธรรมราช,80,80000,นครศรีธรรมราช
6604,1844,มูลนิธิทรัพยากรเอเชีย สำนักงานปัตตานี,94,94000,ปัตตานี
6605,1843,มูลนิธิสหพันธ์สันติภาพสากล (ประเทศไทย),10,10240,กรุงเทพมหานคร
6606,1842,มูลนิธิกระจกเงา กรุงเทพ,10,10210,กรุงเทพมหานคร
6607,1841,โรงเรียนนานาชาติแองโกล-สิงคโปร์,10,10110,กรุงเทพมหานคร
6608,1840,โรงแรมอนันตรา  บ้านราชประสงค์,10,10330,กรุงเทพมหานคร
6609,1839,ศูนย์เทคโนโลยีสารสนเทศและการสื่อสาร สำนักงานปลัดกระทรวงการท่องเที่ยวและกีฬา,10,10110,กรุงเทพมหานคร
6610,1838,พิพิธภัณฑ์เมืองนครศรีธรรมราช,80,80000,นครศรีธรรมราช
6611,1837,สำนักงานคณะกรรมการข้อมูลข่าวสารของราชการ,10,10300,กรุงเทพมหานคร
6612,1836,ศูนย์ศึกษาเพื่อการพัฒนาอย่างยั่งยืน อุทยานสิ่งแวดล้อมนานาชาติสิรินธร  WWF ประเทศไทย,76,76120,เพชรบุรี
6613,1835,บริษัท แอล ที เอช แอล กรุ๊ป จำกัด,83,83000,ภูเก็ต
6614,1834,ฟอลโลมี ทัวร์ หาดใหญ่,90,90110,สงขลา
6615,1833,บริษัท เตทร้า-อี เอเชีย จำกัด,10,10900,กรุงเทพมหานคร
6616,1832,โรงแรมโนวาสมุยรีสอร์ท,84,84320,สุราษฎร์ธานี
6617,1831,บริษัท เอ็น เอ็ม บี มินีแบ (ประเทศไทย) จำกัด,14,13180,พระนครศรีอยุธยา
6618,1830,เทศบาลเมืองปากพูน,80,80000,นครศรีธรรมราช
6619,1829,โรงไฟฟ้าจะนะ การไฟฟ้าฝ่ายผลิตแห่งประเทศไทย,90,90130,สงขลา
6620,1828,ธนาคารกรุงไทย สาขาถนนเพชรเกษม หาดใหญ่,90,90110,สงขลา
6621,1827,โรงแรมทวินโลตัส,80,80000,นครศรีธรรมราช
6622,1826,การท่องเที่ยวแห่งประเทศไทย สำนักงานนครศรีธรรมราช,80,80000,นครศรีธรรมราช
6623,1825,สำนักงานกฎหมายปัณณธร ทนายความ,84,84000,สุราษฎร์ธานี
6624,1824,สถานีวิทยุกระจายเสียงแห่งประเทศไทย จังหวัดภูเก็ต,83,83000,ภูเก็ต
6625,1823,ธนาคารธนชาต สาขานครศรีธรรมราช,80,80000,นครศรีธรรมราช
6626,1822,บริษัท สำนักงานพิชัย แมเนจเม้นท์ คอนซัลแทนท์ จำกัด,90,90110,สงขลา
6627,1821,ศูนย์ข่าวภาคใต้ไทยพีบีเอส (หาดใหญ่),90,90110,สงขลา
6628,1820,บริษัท หลักทรัพย์ เอเชียพลัส จำกัด (มหาชน) จังหวัดสงขลา,90,90110,สงขลา
6629,1819,บริษัท สมุย คลิฟ วิว รีสอร์ท แอนด์ สปา จำกัด,84,84310,สุราษฎร์ธานี
6630,1818,โรงแรมศาลาภูเก็ตรีสอร์ทแอนด์สปา,83,83110,ภูเก็ต
6631,1817,โรงแรมธรรมรินทร์ ธนา,92,92000,ตรัง
6632,1816,บริษัท ท่าอากาศยานไทย จำกัด (มหาชน) ท่าอากาศยานเชียงราย,57,57100,เชียงราย
6633,1815,สำนักงานเทศบาลเมืองหนองคาย,43,43000,หนองคาย
6634,1814,บริษัท เพชรอริสา จำกัด,83,83120,ภูเก็ต
6635,1813,บริษัท พังงาทิมเบอร์ อินดัสทรีส์  จำกัด,82,82120,พังงา
6636,1812,บริษัท ซีพี ออลล์ จำกัด (มหาชน) ศูนย์กระจายสินค้าสุราษฎร์ธานี,84,84150,สุราษฎร์ธานี
6637,1811,โรงเรียนนวมินทราชูทิศ  ทักษิณ,90,90100,สงขลา
6638,1810,สถานกงสุลใหญ่ ณ นครเฉิงตู,103,,จีน
6639,1809,โรงเรียนภูมิปัญญาตะวันออก,80,80000,นครศรีธรรมราช
6640,1808,สำนักงานคณะกรรมการการศึกษาขั้นพื้นฐาน  กระทรวงศึกษาธิการ,10,10300,กรุงเทพมหานคร
6641,1807,กลุ่มสารนิเทศ  สำนักอำนวยการ  สำนักงานปลัดกระทรวงศึกษาธิการ,10,10300,กรุงเทพมหานคร
6642,1806,การรถไฟแห่งประเทศไทย  กองการต่างประเทศ,10,10330,กรุงเทพมหานคร
6643,1805,บริษัท ไทยเดย์ดอทคอม  จำกัด,10,10200,กรุงเทพมหานคร
6644,1804,สายการบิน  คาเธ่ย์แปซิฟิก,10,10330,กรุงเทพมหานคร
6645,1803,บริษัท โทเทิล บิสิเนส ดีเวลอปเมนท์ จำกัด,10,10310,กรุงเทพมหานคร
6646,1802,องค์การกระจายเสียงและแพร่ภาพสาธารณะแห่งประเทศไทย,10,10210,กรุงเทพมหานคร
6647,1801,วิทยาลัยการจัดการเพื่อการพัฒนา  มหาวิทยาลัยทักษิณ,10,10400,กรุงเทพมหานคร
6648,1800,โนโวเทลชุมพร บีช รีสอร์ท แอนด์ กอล์ฟ,86,86120,ชุมพร
6649,1799,บริษัท แหลมทองผลิตภัณฑ์อาหาร จำกัด,73,73210,นครปฐม
6650,1798,บริษัท หาดใหญ่อินเตอร์เนชั่นแนลชิปปิ้ง จำกัด,90,90110,สงขลา
6651,1797,ธนาคารอิสลามแห่งประเทศไทย  สาขาหาดใหญ่,90,90110,สงขลา
6652,1796,การไฟฟ้าฝ่ายผลิตแห่งประเทศไทย  ฝ่ายปฏิบัติการภาคใต้ จังหวัดตรัง,92,92190,ตรัง
6653,1795,บริษัท เอ็นเค ซีฟรีซ จำกัด,90,90110,สงขลา
6654,1794,บริษัท กำจรกิจก่อสร้าง จำกัด,10,10400,กรุงเทพมหานคร
6655,1793,บริษัท เซาธเทิร์น แล็บ แอนด์ เอ็นจิเนียริ่ง จำกัด,83,83000,ภูเก็ต
6656,1792,สำนักฟาร์มมหาวิทยาลัย มหาวิทยาลัยแม่โจ้,50,50290,เชียงใหม่
6657,1791,โรงเรียนมุสลิมวิทยาภูเก็ต,83,83000,ภูเก็ต
6658,1790,ธนาคารกรุงไทย จำกัด (มหาชน) สาขากระบี่,81,81000,กระบี่
6659,1789,บริษัท ไทยอันโดคอนสตรัคชัน จำกัด,10,10500,กรุงเทพมหานคร
6660,1788,การท่องเที่ยวแห่งประเทศไทย  สำนักงานชุมพร,86,86000,ชุมพร
6661,1787,โรงแรมคลับ อันดามัน บีช รีสอร์ท,83,83150,ภูเก็ต
6662,1786,ที่ทำการปกครองจังหวัดราชบุรี,70,70000,ราชบุรี
6663,1785,กลุ่มส่งเสริมและพัฒนาศักยภาพนักเรียน  สำนักการลูกเสือ ยุวกาชาด และกิจกรรมนักเรียน,10,10330,กรุงเทพมหานคร
6664,1784,บริษัท เจริญโภคภัณฑ์อาหาร จำกัด (มหาชน)  ศูนย์ปรับปรุงพันธุกรรมกุ้งประทิว,86,86160,ชุมพร
6665,1783,บริษัท ล่ำสูง (ประเทศไทย) จำกัด (มหาชน),11,10280,สมุทรปราการ
6666,1782,บริษัท ดิสคัฟเวอรี่  ฮอลิเดย์  จำกัด,10,10240,กรุงเทพมหานคร
6667,1781,พิพิธภัณฑ์ท้องถิ่นกรุงเทพมหานคร สำนักงานเขตบางกอกน้อย,10,10700,กรุงเทพมหานคร
6668,1780,บริษัท มิกซ์คอนเอ็นจิเนียริ่ง จำกัด,84,84330,สุราษฎร์ธานี
6669,1779,Tecnomar (Thailand),83,83110,ภูเก็ต
6670,1778,บริษัท มีเดีย ริช จํากัด,10,10400,กรุงเทพมหานคร
6671,1777,โรงเรียนวิทยาศาสตร์จุฬาภรณ์ราชวิทยาลัย นครศรีธรรมราช,80,80330,นครศรีธรรมราช
6672,1776,Resubae,10,10400,กรุงเทพมหานคร
6673,1775,โรงแรมไอบิส สมุย บ่อผุด,84,84320,สุราษฎร์ธานี
6674,1774,บริษัท กลุ่มปาล์มธรรมชาติ จำกัด,86,86130,ชุมพร
6675,1773,บริษัท โตโยต้าเมืองตรังผู้จำหน่ายโตโยต้า จำกัด,92,92000,ตรัง
6676,1772,การไฟฟ้าส่วนภูมิภาค เขต2 (ภาคใต้) จังหวัดนครศรีธรรมราช,80,80000,นครศรีธรรมราช
6677,1771,สำนักงานสรรพากรพื้นที่สาขาทุ่งสง,80,80110,นครศรีธรรมราช
6678,1770,ศูนย์ Call Center 1200 สำนักงานคณะกรรมการกิจการโทรคมนาคมแห่งชาติ,10,10400,กรุงเทพมหานคร
6679,1769,สำนักงานณรากรการบัญชีและภาษีอากร,90,90110,สงขลา
6680,1768,บริษัท ภูเก็ตจักรวาลบริการ จำกัด,83,83000,ภูเก็ต
6681,1767,บริษัท พรศรี ซี พี เอ จำกัด,93,93000,พัทลุง
6682,1766,บริษัท ไทยแลนด์ฟิชเชอรี่โคลด์สตอเรจ จำกัด (มหาชน),11,10280,สมุทรปราการ
6683,1765,ศูนย์วิจัยยางหนองคาย,43,43120,หนองคาย
6684,1764,บริษัท คอมพิวเตอร์แอนด์วีดีโอแลบ จำกัด,90,90110,สงขลา
6685,1763,ศูนย์คอมพิวเตอร์  มหาวิทยาลัยขอนแก่น,40,40002,ขอนแก่น
6686,1762,ที่ทำการไปรษณีย์หัวไทร,80,80170,นครศรีธรรมราช
6687,1761,บริษัท เม็กเท็ค พรีซิชั่น คอมโพเนนท์ (ประเทศไทย) จำกัด,14,13160,พระนครศรีอยุธยา
6688,1760,โรงแรมมิลเลนเนียม รีสอร์ท ป่าตอง ภูเก็ต,83,83150,ภูเก็ต
6689,1759,สถาบันวิจัยและพัฒนาพันธุกรรมสัตว์น้ำ,13,12120,ปทุมธานี
6690,1758,บริษัท เจริญโภคภัณฑ์อาหาร จำกัด (มหาชน)  โรงเพาะฟักลูกกุ้งตะวัน,82,82190,พังงา
6691,1757,ธนาคารพัฒนาวิสาหกิจขนาดกลางและขนาดย่อมแห่งประเทศไทย  สาขานครศรีธรรมราช,80,80000,นครศรีธรรมราช
6692,1756,โรงเรียนนักข่าวชายแดนใต้(ศูนย์เฝ้าระวังสถานการณ์ภาคใต้),94,94001,ปัตตานี
6693,1755,บริษัท ไทยฟูจิย่า จำกัด,10,10120,กรุงเทพมหานคร
6694,1754,หน่วยอนุรักษ์และจัดการต้นน้ำพะโต๊ะ,86,86180,ชุมพร
6695,1753,พี แอนด์ เจ ออดิท,90,90000,สงขลา
6696,1752,บริษัท สำนักงานเลิศนิมิตรการบัญชีและกฎหมาย จำกัด,10,10160,กรุงเทพมหานคร
6697,1751,บริษัท เอ ซี ที การบัญชี จำกัด,80,80000,นครศรีธรรมราช
6698,1750,บริษัท สำนักงานพิชัย แมเนจเม้นท์ คอนซัลแทนท์ จำกัด,90,90110,สงขลา
6699,1749,สำนักงานตรวจบัญชีสหกรณ์นครศรีธรรมราช,80,80000,นครศรีธรรมราช
6700,1748,ศูนย์โอมิกส์แห่งชาติ ศูนย์พันธุวิศวกรรมและเทคโนโลยีชีวภาพแห่งชาติ,13,12120,ปทุมธานี
6701,1747,สำนักงานบัญชี วิชิต รุจิพัชรกุล,90,90110,สงขลา
6702,1746,โกลเด้น ดิสคัฟเวอร์รี่ เอ็กซ์เพรส,10,10310,กรุงเทพมหานคร
6703,1745,ธนาคารไทยพาณิชย์  สาขาสุราษฎร์ธานี,84,84000,สุราษฎร์ธานี
6704,1744,สำนักงานมาตรฐานการบัญชีและกฎหมาย,90,90110,สงขลา
6705,1743,บริษัท นทีชัย จำกัด,84,84130,สุราษฎร์ธานี
6706,1742,บริษัท ไทย เอ็นโอเค จำกัด,20,20000,ชลบุรี
6707,1741,บริษัท บี คอนเซ็ปต์มีเดียเอ็นเตอร์เทนเม้นท์กรุ๊ป จำกัด,10,10110,กรุงเทพมหานคร
6708,1740,บริษัท เด็มโก้ จำกัด (มหาชน),13,12000,ปทุมธานี
6709,1739,บริษัท อีโนเว รับเบอร์ (ประเทศไทย) จำกัด (มหาชน),14,13170,พระนครศรีอยุธยา
6710,1738,บริษัท เอสซีลอร์ แมนูแฟ็คเจอริ่ง (ประเทศไทย) จำกัด,10,10520,กรุงเทพมหานคร
6711,1737,บริษัท ซิกตี้ - ไนน ไบร์ท มีเดีย จำกัด,83,83000,ภูเก็ต
6712,1736,สภาผู้ส่งสินค้าทางเรือแห่งประเทศไทย,10,10120,กรุงเทพมหานคร
6713,1735,บริษัท ซีเกท โลจิสติกส์ (ประเทศไทย) จำกัด,10,10900,กรุงเทพมหานคร
6714,1734,ห้างสหไทยสรรพสินค้า,80,80000,นครศรีธรรมราช
6715,1732,บริษัท อาร์ซีแอล จำกัด (มหาชน),10,10120,กรุงเทพมหานคร
6716,1731,ธนาคารนครหลวงไทย จำกัด (มหาชน)  สำนักงานใหญ่,10,10400,กรุงเทพมหานคร
6717,1730,บริษัท หลักทรัพย์บีฟิท จำกัด (มหาชน)  สาขานครศรีธรรมราช,80,80000,นครศรีธรรมราช
6718,1729,บริษัท ไทยยูเนี่ยนแฮชเชอรี่ จำกัด,82,82140,พังงา
6719,1728,สำนักงานวรรณพรการบัญชีและภาษีอากร,90,90110,สงขลา
6720,1727,หอสมุดและคลังความรู้  มหาวิทยาลัยมหิดล,73,73170,นครปฐม
6721,1726,ศูนย์วิทยาศาสตร์เพื่อการศึกษา,10,10130,กรุงเทพมหานคร
6722,1725,บริษัท วี.อาร์.ทอยส์ จำกัด,73,73220,นครปฐม
6723,1724,บริษัท กล้วยไม้ไทย จำกัด,10,10140,กรุงเทพมหานคร
6724,1723,"SCT Co.,Ltd. (Taipei Representative Office)",111,,ไต้หวัน
6725,1722,บริษัท เจ เอส แอล จำกัด,10,10240,กรุงเทพมหานคร
6726,1721,สำนักวิทยบริการและเทคโนโลยีสารสนเทศ มหาวิทยาลัยราชภัฏบ้านสมเด็จเจ้าพระยา,10,10600,กรุงเทพมหานคร
6727,1720,ศูนย์วิจัยควบคุมศัตรูพืชโดยชีวินทรีย์แห่งชาติ ภาคกลาง มหาวิทยาลัยเกษตรศาสตร์ วิทยาเขตกำแพงแสน,73,73140,นครปฐม
6728,1719,ภาควิชาเคมี คณะวิทยาศาสตร์ มหาวิทยาลัยเกษตรศาสตร์,10,10900,กรุงเทพมหานคร
6729,1718,ภาควิชาเคมี คณะวิทยาศาสตร์ มหาวิทยาลัยมหิดล,10,10400,กรุงเทพมหานคร
6730,1717,Universiti Malaysia Perlis,107,02600,มาเลเซีย
6731,1716,บริษัท แปซิฟิกไพพ์ จำกัด (มหาชน),10,10120,กรุงเทพมหานคร
6732,1715,บริษัท วิริยะกิจอุตสาหกรรมพลาสติก จำกัด,73,73000,นครปฐม
6733,1714,อุทยานแห่งชาติเขาแหลมหญ้า-หมู่เกาะเสม็ด,21,21160,ระยอง
6734,1713,อุทยานแห่งชาติเขาใหญ่,30,30130,นครราชสีมา
6735,1712,บริษัท การบินไทย จำกัด (มหาชน) แผนก CB-U,10,10210,กรุงเทพมหานคร
6736,1711,บริษัท เซ้าท์อีสต์ เอ็นเตอร์ไพรส์ กรุ๊ป จำกัด  (โรงแรมซากุระแกรนด์วิว),90,90110,สงขลา
6737,1710,บริษัท เนชั่นแนลสตาร์ชแอนด์เคมิเคิล (ไทยแลนด์) จำกัด,21,21110,ระยอง
6738,1709,สำนักหอสมุดและศูนย์การเรียนรู้  มหาวิทยาลัยกรุงเทพ,13,12120,ปทุมธานี
6739,1708,สถาบันพิพิธภัณฑ์การเรียนรู้แห่งชาติ,10,10200,กรุงเทพมหานคร
6740,1707,ตรวจคนเข้าเมืองจังหวัดนราธิวาส,96,96120,นราธิวาส
6741,1706,หน่วยปฏิบัติการวิจัยเคมีคอมพิวเตอร์  จุฬาลงกรณ์มหาวิทยาลัย,10,10330,กรุงเทพมหานคร
6742,1705,บริษัท โอเคเอนไวรอนเมนต์ จำกัด,10,10250,กรุงเทพมหานคร
6743,1704,สำนักงานสาธารณสุขจังหวัดฉะเชิงเทรา,24,24000,ฉะเชิงเทรา
6744,1703,บริษัท ชินนี่ดอทคอม จำกัด,10,10400,กรุงเทพมหานคร
6745,1702,บริษัท ธาราคอนซัลแตนท์ จำกัด,10,10310,กรุงเทพมหานคร
6746,1701,บริษัท ล่ำสูง จำกัด,10,10260,กรุงเทพมหานคร
6747,1700,ฝ่ายสุขาภิบาลสิ่งแวดล้อม  เทศบาลเมืองกระบี่,81,81000,กระบี่
6748,1699,สำนักงานเขตห้วยขวาง,10,10320,กรุงเทพมหานคร
6749,1698,สำนักงานเขตจอมทอง,10,10500,กรุงเทพมหานคร
6750,1697,สำนักงานเขตราชเทวี,10,10400,กรุงเทพมหานคร
6751,1696,สำนักงานเขตยานนาวา,10,10120,กรุงเทพมหานคร
6752,1695,สำนักทรัพยากรการเรียนรู้คุณหญิงหลง อรรถกระวีสุนทร  มหาวิทยาลัยสงขลานครินทร์,90,90112,สงขลา
6753,1694,ศูนย์ภูมิภาคด้านสังคมศาสตร์และการพัฒนายั่งยืน  คณะสังคมศาสตร์ มหาวิทยาลัยเชียงใหม่,50,50200,เชียงใหม่
6754,1693,สำนักหอสมุด  มหาวิทยาลัยนเรศวร,65,65000,พิษณุโลก
6755,1692,การท่องเที่ยวแห่งประเทศไทย สำนักงานนิวเดลี,129,110057  ,อินเดีย
6756,1691,บริษัท อีซูซุมอเตอร์ (ประเทศไทย) จำกัด,11,10130,สมุทรปราการ
6757,1690,สำนักงานสรรพากรพื้นที่นครศรีธรรมราช,80,80000,นครศรีธรรมราช
6758,1689,สำนักงานเทศบาลเมืองหนองคาย,43,43000,หนองคาย
6759,1688,สำนักหอสมุด มหาวิทยาลัยอัสสัมชัญ,11,10540,สมุทรปราการ
6760,1687,บริษัท เหลาจื่อเต้าเต๋อซิ่นซีสากล จำกัด,10,10110,กรุงเทพมหานคร
6761,1686,บริษัท เจริญโภคภัณฑ์อาหาร จำกัด (มหาชน)  โรงเพาะฟักลูกกุ้งท่าบอน,90,90140,สงขลา
6762,1685,สำนักวิทยบริการและเทคโนโลยีสารสนเทศ  มหาวิทยาลัยราชภัฏเพชรบุรี,76,76000,เพชรบุรี
6763,1684,สำนักงานเทศบาลเมืองสุพรรณบุรี,72,72000,สุพรรณบุรี
6764,1683,บริษัท เอ.อาร์ แอ็คเคานติ้ง คอนซัลแตนท์ จำกัด,10,10600,กรุงเทพมหานคร
6765,1682,บริษัท ชอมโบสูทส์ จำกัด,82,82140,พังงา
6766,1681,บริษัท ซีพี ออลล์ จำกัด (มหาชน)  สำนักธุรกิจสัมพันธ์,10,10500,กรุงเทพมหานคร
6767,1680,ฝ่ายหอสมุด สำนักวิทยบริการและเทคโนโลยีสารสนเทศ  มหาวิทยาลัยราชภัฏภูเก็ต,83,83000,ภูเก็ต
6768,1679,บริษัท ไทยโฮสต์ติ้ง คอมมูนิเคชั่น จำกัด,10,10110,กรุงเทพมหานคร
6769,1678,บริษัท แอร์เซฟ จำกัด,10,10310,กรุงเทพมหานคร
6770,1677,บริษัท เค พี ที คอร์ปอเรชั่น (ไทยแลนด์) จำกัด,10,10160,กรุงเทพมหานคร
6771,1676,สำนักงานการค้าต่างประเทศ เขต 2 หาดใหญ่,90,90110,สงขลา
6772,1675,สำนักงานคณะกรรมการคุ้มครองผู้บริโภค,10,10210,กรุงเทพมหานคร
6773,1674,บริษัท ซัคเซส มีเดีย จำกัด,10,10310,กรุงเทพมหานคร
6774,1673,บริษัท อมฤต แอนด์ แอสโซซิเอทส์ จำกัด,90,90280,สงขลา
6775,1672,ธนาคารไทยพาณิชย์ จำกัด (มหาชน),10,10900,กรุงเทพมหานคร
6776,1671,สถาบันวิจัยสังคม จุฬาลงกรณ์มหาวิทยาลัย,10,10330,กรุงเทพมหานคร
6777,1670,สำนักวิทยบริการและเทคโนโลยีสารสนเทศ  มหาวิทยาลัยราชภัฏนครปฐม,73,73000,นครปฐม
6778,1669,ฝ่ายโครงการและกิจกรรมพิเศษ  ศูนย์บริการวิชาการ มหาวิทยาลัยวลัยลักษณ์,80,80160,นครศรีธรรมราช
6779,1668,ธนาคารไทยเครดิตเพื่อรายย่อย จำกัด (มหาชน),10,10400,กรุงเทพมหานคร
6780,1667,ฝ่ายวิสาหกิจบริการ  ศูนย์บริการวิชาการ มหาวิทยาวลัยลักษณ์,80,80160,นครศรีธรรมราช
6781,1666,บริษัท บิ๊กซี จำกัด,10,10120,กรุงเทพมหานคร
6782,1665,บริษัท ปทุมไรซมิลแอนด์แกรนารี จำกัด (มหาชน),13,12000,ปทุมธานี
6783,1664,สำนักวิทยบริการและเทคโนโลยีสารสนเทศ  มหาวิทยาลัยราชภัฏสุราษฎร์ธานี,84,84100,สุราษฎร์ธานี
6784,1663,สถาบันวิจัยแสงซินโครตรอน (องค์การมหาชน),30,30000,นครราชสีมา
6785,1662,บริษัท พันทิพย์ (1970) จำกัด,84,84100,สุราษฎร์ธานี
6786,1661,สำนักคุณภาพและความปลอดภัยอาหาร  กรมวิทยาศาสตร์การแพทย์,12,11000,นนทบุรี
6787,1660,โรงเรียนไพบูลย์วิทยา,80,80150,นครศรีธรรมราช
6788,1659,บริษัท คอร์เนอร์สโตน คอนสตรัคชั่น จำกัด,90,90110,สงขลา
6789,1658,บริษัท ดีดูดี จำกัด,10,10320,กรุงเทพมหานคร
6790,1657,บริษัท ไอดีเอชั่น จำกัด,10,10240,กรุงเทพมหานคร
6791,1656,บริษัท บิซิเนส ออนไลน์ จำกัด (มหาชน),10,10120,กรุงเทพมหานคร
6792,1655,บริษัท บางกอกเอ็นเตอร์เทนเมนท์ จำกัด (ไทยทีวีสีช่อง 3  ฝ่ายข่าว),10,10110,กรุงเทพมหานคร
6793,1654,โรงแรม เมอเวนพิค รีสอร์ท แอนด์ สปา กะรนบีช ภูเก็ต,83,83100,ภูเก็ต
6794,1653,กรมการสนเทศทหาร  กองบัญชาการทหารสูงสุด,10,10210,กรุงเทพมหานคร
6795,1652,บริษัท อินโนเวชั่นกรุ๊ป (ประเทศไทย) จำกัด,10,10240,กรุงเทพมหานคร
6796,1651,บริษัท อโกด้า เซอร์วิสเซส จำกัด,10,10330,กรุงเทพมหานคร
6797,1650,Yunnan Nationalities University,103,650031,จีน
6798,1649,"Moonlight Corner Restaurant Co.,Ltd.",103,,จีน
6799,1648,Kunming University of Science and Technology,103,,จีน
6800,1647,บริษัท จินตนาการ จำกัด,10,10600,กรุงเทพมหานคร
6801,1646,บริษัท ปฏิวัติ ฟิล์ม จำกัด,10,10800,กรุงเทพมหานคร
6802,1645,บริษัท เจ๊ ยูไนเต็ด จำกัด,10,10110,กรุงเทพมหานคร
6803,1644,บริษัท ไฟว์สตาร์พลัส จำกัด,11,10540,สมุทรปราการ
6804,1643,โรงแรมอัปสรา บีช ฟร้อนท์ รีสอร์ท แอนด์ วิลล่า,82,82190,พังงา
6805,1642,"Bhuket Incentive & Convention Planners Co., Ltd. (ฺBIC)",83,83000,ภูเก็ต
6806,1641,โรงพยาบาลสงขลา ศูนย์คอมพิวเตอร์,90,90100,สงขลา
6807,1640,สำนักงานอัยการคดีศาลแขวงสงขลา,90,90000,สงขลา
6808,1639,ISE TRAVEL PTE LTD.,105,427407,สิงคโปร์
6809,1638,สำนักงานการค้าต่างประเทศ เขต 3 (ชลบุรี),20,20110,ชลบุรี
6810,1637,บริษัท กระบี่ไฮโดรฟาร์ม จำกัด,81,81000,กระบี่
6811,1636,บริษัท ไทยครูซ จำกัด,83,83000,ภูเก็ต
6812,1635,ศูนย์ข่าวผู้จัดการ ASTV หาดใหญ่,90,90110,สงขลา
6813,1634,ศูนย์ศึกษาภาษาวัฒนธรรมและสังคมอาเซียน สำนักวิชาศิลปศาสตร์ มหาวิทยาลัยวลัยลักษณ์,80,80160,นครศรีธรรมราช
6814,1633,บริษัท พี.พี. อควาน็อทส์ สคูบา จำกัด,81,81000,กระบี่
6815,1632,ศูนย์อำนวยการบริหารจังหวัดชายแดนภาคใต้,95,95000,ยะลา
6816,1631,บริษัท โมลด์เมท จำกัด,19,18160,สระบุรี
6817,1630,บริษัท เอ.เอ็ม.ซี อินเตอร์เนชั่นแนล คอนซัลติ้ง จำกัด ,10,10400,กรุงเทพมหานคร
6818,1629,บริษัท โอเรนท์ทัล เอ็ดดูเคชั่น เน็ตเวอร์ค จำกัด,10,10110,กรุงเทพมหานคร
6819,1628,โรงเรียนบ้านพังปริง,80,80160,นครศรีธรรมราช
6820,1627,บริษัท น้ำเกียรติ จำกัด (รอแยลเบญจาโฮเต็ล),10,10110,กรุงเทพมหานคร
6821,1626,ศูนย์วิจัยปาล์มน้ำมันสุราษฎร์ธานี,84,84160,สุราษฎร์ธานี
6822,1625,บริษัท เอ.เอ็ม.โอ อินเตอร์เนชั่นแนล จำกัด,10,10310,กรุงเทพมหานคร
6823,1624,โรงไฟฟ้าหนองจอก  การไฟฟ้าฝ่ายผลิตแห่งประเทศไทย,10,10530,กรุงเทพมหานคร
6824,1623,บริษัท ตรวจสอบบัญชี เจ.อาร์.ที จำกัด,80,80000,นครศรีธรรมราช
6825,1622,บริษัท เพชรทองคำการบัญชี จำกัด,80,80110,นครศรีธรรมราช
6826,1621,บริษัท ปตท.เคมิคอล จำกัด (มหาชน),21,21150,ระยอง
6827,1620,สำนักงานปลัดกระทรวงมหาดไทย,10,10200,กรุงเทพมหานคร
6828,1619,โรงแรม เดอะ รอยัล พาราไดส์ แอนด์ สปา,83,83150,ภูเก็ต
6829,1618,โรงเรียนสตรีระนอง,85,85000,ระนอง
6830,1617,บริษัท ทัช อะ โมเม้นท์ จำกัด,10,10310,กรุงเทพมหานคร
6831,1616,โรงแรมอความารีน รีสอร์ท แอนด์ วิลล่า,83,83150,ภูเก็ต
6832,1615,ด่านศุลกากรภูเก็ต,83,83000,ภูเก็ต
6833,1614,ตรวจคนเข้าเมืองจังหวัดสงขลา,90,90110,สงขลา
6834,1613,บริษัท แด็กซิน (ประเทศไทย) จำกัด,90,90110,สงขลา
6835,1612,โรงเรียนเวียงสระ,84,84190,สุราษฎร์ธานี
6836,1611,โรงเรียนอิสลามสันติชน,10,10310,กรุงเทพมหานคร
6837,1610,โรงเรียนเมืองนครพนม,48,48000,นครพนม
6838,1609,บริษัท ซิสเต็มส์แอนด์เน็ตเวิร์คส์โซลูชั่น จำกัด,83,83120,ภูเก็ต
6839,1608,สถาบันวิจัยสัตว์น้ำสวยงามและพรรณไม้น้ำ,10,10900,กรุงเทพมหานคร
6840,1607,บริษัท น้ำใสฟาร์ม จำกัด,25,25150,ปราจีนบุรี
6841,1606,สถาบันวิจัยการเพาะเลี้ยงสัตว์น้ำชายฝั่ง สงขลา,90,90000,สงขลา
6842,1605,บริษัท เนเชอรัล กรีน ไฮโดรโปนิคส์ จำกัด,83,83000,ภูเก็ต
6843,1604,สำนักพัฒนาคุณภาพสินค้าเกษตร กรมส่งเสริมการเกษตร,10,10900,กรุงเทพมหานคร
6844,1603,บริษัท ยูนิวานิชน้ำมันปาล์ม จำกัด (มหาชน) สาขาอำเภออ่าวลึก,81,81110,กระบี่
6845,1602,บริษัท สมาร์ทพูลส์ จำกัด,81,81000,กระบี่
6846,1601,ศูนย์คอมพิวเตอร์และเทคโนโลยีสารสนเทศ  มหาวิทยาลัยนานาชาติแสตมฟอร์ด วิทยาเขตหัวหิน,76,76120,เพชรบุรี
6847,1600,โรงพยาบาลตากสิน,10,10600,กรุงเทพมหานคร
6848,1599,โรงแรมอนันตรา บ่อผุด เกาะสมุย รีสอร์ท,84,84320,สุราษฎร์ธานี
6849,1598,ศูนย์ศึกษาธรรมชาติกองทัพบก (บางปู) เฉลิมพระเกียรติ 72 พรรษา มหาราชินี,11,10280,สมุทรปราการ
6850,1597,บริษัท บีอีซี-เทโร เอนเตอร์เทนเม้นท์ จำกัด (มหาชน) ฝ่ายประชาสัมพันธ์,10,10110,กรุงเทพมหานคร
6851,1596,สำนักงานไดมอนด์แกรนด์ Audit6,10,10230,กรุงเทพมหานคร
6852,1595,บริษัท ตลาดดอทคอม จำกัด,10,10310,กรุงเทพมหานคร
6853,1594,บริษัท สตาร์ไมโครอิเล็กทรอนิกส์ (ไทยแลนด์) จำกัด (มหาชน),14,13160,พระนครศรีอยุธยา
6854,1593,บริษัท เวิลด์เทค อีเล็คโทรนิค จำกัด,10,10110,กรุงเทพมหานคร
6855,1592,บริษัท ไวร์เมคเกอร์ จำกัด,10,10150,กรุงเทพมหานคร
6856,1591,บริษัท ภูเก็ตโซลูชั่น จำกัด,83,83000,ภูเก็ต
6857,1590,บริษัท แอลดี อินโฟเท็ค จำกัด,21,,ระยอง
6858,1589,บริษัท แมทริค อินฟอร์เมชั่น จำกัด,10,10900,กรุงเทพมหานคร
6859,1588,บริษัท คอนเนคบิสสิเนสออนไลน์ จำกัด,10,10120,กรุงเทพมหานคร
6860,1587,สำนักงานพุทธชาดการบัญชี,84,84000,สุราษฎร์ธานี
6861,1586,การท่องเที่ยวแห่งประเทศไทย สำนักงานกระบี่,81,81000,กระบี่
6862,1585,หน่วยวิจัยระบบซับซ้อน  สถาบันวิจัยและพัฒนา มหาวิทยาลัยวลัยลักษณ์,80,80160,นครศรีธรรมราช
6863,1584,การท่องเที่ยวแห่งประเทศไทย สำนักงานภาคใต้เขต 2,80,80000,นครศรีธรรมราช
6864,1583,โรงเรียนนิคมพัฒนา 4,96,96160,นราธิวาส
6865,1582,บริษัท ซีเมนส์ จำกัด  Industrial Solution and Services Water Technologies Department,10,10310,กรุงเทพมหานคร
6866,1581,องค์การกองทุนสัตว์ป่าโลกสากล  สำนักงานประเทศไทย,76,76170,เพชรบุรี
6867,1580,บริษัท ซีเจ เวิลด์ คอมมิวนิเคชั่น จำกัด,80,80000,นครศรีธรรมราช
6868,1579,บริษัท อัลลายด์เทคเอ็นจิเนียริ่ง จำกัด,71,71120,กาญจนบุรี
6869,1578,บริษัท เซ้าท์พอยท์ ซอฟต์แวร์ และการบัญชี จำกัด,90,90110,สงขลา
6870,1577,บริษัท เอ.เจ. บ๊อกซ อินเตอร์เนชั่นแนล (ไทยแลนด์),10,10160,กรุงเทพมหานคร
6871,1576,สำนักงานบัญชีอรุณ,80,80000,นครศรีธรรมราช
6872,1575,สำนักงานบัญชี ชาร์เตอร์ เซอร์ติไฟด์ โปรเฟสชั่นแนล,83,83000,ภูเก็ต
6873,1574,บริษัท สำนักงานที่ปรึกษาการบัญชีและภาษีอากร จำกัด,10,10140,กรุงเทพมหานคร
6874,1573,คณะบุคคล เอส เอ็น บี การบัญชี,83,83000,ภูเก็ต
6875,1572,หจก. บัญชีศรีตรัง,92,92000,ตรัง
6876,1571,บริษัท รัชพรการบัญชีภาษีอากรและกฏหมาย จำกัด,10,10220,กรุงเทพมหานคร
6877,1570,บริษัท ปาณิตาการบัญชี จำกัด,90,90110,สงขลา
6878,1569,บริษัท ศูนย์รวมการบัญชี จำกัด,84,84000,สุราษฎร์ธานี
6879,1568,บริษัท ตรังการบัญชีและปรึกษาธุรกิจ จำกัด,92,92000,ตรัง
6880,1567,ศูนย์หนังสือมหาวิทยาลัยวลัยลักษณ์,80,80160,นครศรีธรรมราช
6881,1566,ศูนย์วิจัยและพัฒนาประมงทะเลสงขลา,90,90000,สงขลา
6882,1565,บริษัท เมตามีเดีย เทคโนโลยี จำกัด,10,10500,กรุงเทพมหานคร
6883,1564,บริษัท สามารถเทลคอม จำกัด (มหาชน),12,11120,นนทบุรี
6884,1563,บริษัท มิตซูบิชิ อิเล็คทริค คอนซูเมอร์ โปรดักส์ (ประเทศไทย) จำกัด,20,20000,ชลบุรี
6885,1562,อุทยานการเรียนรู้เมืองนครศรีธรรมราช,80,80000,นครศรีธรรมราช
6886,1561,บริษัท ไทยเพรซิเดนท์ฟูดส์ จำกัด (มหาชน),20,20232,ชลบุรี
6887,1559,บริษัท นิเด็คชิบาอุระ อิเล็กทรอนิกส์ (ประเทศไทย) จำกัด,13,12000,ปทุมธานี
6888,1558,ธนาคารพัฒนาวิสาหกิจขนาดกลางและขนาดย่อมแห่งประเทศไทย,10,10400,กรุงเทพมหานคร
6889,1557,สถาบันระหว่างประเทศเพื่อการค้าและการพัฒนา (องค์การมหาชน),10,10330,กรุงเทพมหานคร
6890,1556,บริษัท พีเจ้น อินดัสทรีส์ (ประเทศไทย) จำกัด,20,20160,ชลบุรี
6891,1555,บริษัท แพ็คฟู้ด จำกัด (มหาชน),80,80140,นครศรีธรรมราช
6892,1554,บริษัท ฟุตแวร์เทค 1530 จำกัด,20,20230,ชลบุรี
6893,1553,บริษัท วอร์คเกอร์เอ็กซอสท์ (ประเทศไทย) จำกัด,11,10540,สมุทรปราการ
6894,1552,ศูนย์วิจัยและพัฒนาประมงชายฝั่งกระบี่,81,81000,กระบี่
6895,1551,บริษัท รอนด้า (ประเทศไทย) จำกัด,11,10542,สมุทรปราการ
6896,1550,ส่วนประชาสัมพันธ์  มหาวิทยาลัยวลัยลักษณ์,80,80160,นครศรีธรรมราช
6897,1549,บริษัท โมเดิร์น ทรีท แอนด์ เทค จำกัด,10,10310,กรุงเทพมหานคร
6898,1548,บริษัท หลักทรัพย์แอ๊ดคินซัน จำกัด (มหาชน),80,80110,นครศรีธรรมราช
6899,1547,C-Mobile Sdn Bhd,107,,มาเลเซีย
6900,1546,บริษัท ริเก้น (ไทยแลนด์) จำกัด,13,12000,ปทุมธานี
6901,1545,บริษัท ซีพีเอฟ (ประเทศไทย) จำกัด (มหาชน) สาขามีนบุรี 2,10,10516,กรุงเทพมหานคร
6902,1544,บริษัท เอส.วี.จี ทรานสปอร์ต จำกัด,90,90110,สงขลา
6903,1543,บริษัท แอดวานซ์ อินโฟร์ เซอร์วิส จำกัด (มหาชน)  ศูนย์บริการลูกค้าภูมิภาค หาดใหญ่,90,90110,สงขลา
6904,1542,บริษัท ทีโอที จำกัด (มหาชน)  ภาคขายและบริการภูมิภาคที่ 4 (ภาคใต้),90,90110,สงขลา
6905,1541,บริษัท เอ็นบี มีเดีย จำกัด,10,10330,กรุงเทพมหานคร
6906,1540,บริษัท หลักทรัพย์เอเซียพลัส จำกัด,10,10120,กรุงเทพมหานคร
6907,1539,บริษัท เจริญภัณฑ์เบเกอรี่ จำกัด,30,30310,นครราชสีมา
6908,1538,ธนาคารเกียรตินาคิน จำกัด (มหาชน)   สาขานครศรีธรรมราช,80,80000,นครศรีธรรมราช
6909,1537,บริษัท ธีระพันธ์ฟอร์เวิร์ดดิ้ง จำกัด,90,90110,สงขลา
6910,1536,ศูนย์ส่งเสริมและพัฒนาอาชีพเกษตรจังหวัดกระบี่,81,81000,กระบี่
6911,1535,บริษัท บีอีซี-เทโร เอนเตอร์เทนเม้นท์ จำกัด  (มหาชน)  บางกอกดราม่า,10,10110,กรุงเทพมหานคร
6912,1534,สำนักงานนิคมอุตสาหกรรมบางพลี,11,10540,สมุทรปราการ
6913,1533,บริษัท มีเดียอินเทลลิเจนซ์ จำกัด,10,10330,กรุงเทพมหานคร
6914,1532,บริษัท เรืองวาแสตนดาร์ดอินดัสตรี้ จำกัด,24,24180,ฉะเชิงเทรา
6915,1531,บริษัท ไทยเรดิเตอร์ จำกัด,11,10540,สมุทรปราการ
6916,1530,โครงการพัฒนาห้องสมุดอัตโนมัติ มหาวิทยาลัยวลัยลักษณ์,80,80160,นครศรีธรรมราช
6917,1529,บริษัท ที่ดินบางปะอิน จำกัด,14,13160,พระนครศรีอยุธยา
6918,1528,การท่าเรือแห่งประเทศไทย,10,10110,กรุงเทพมหานคร
6919,1527,บริษัท เงินทุน ฟินันซ่า จำกัด,10,10500,กรุงเทพมหานคร
6920,1526,บริษัท ลีโอเบอร์เน็ทท์ จำกัด,10,10330,กรุงเทพมหานคร
6921,1525,บริษัท กระเบื้องหลังคาตราเพชร จำกัด (มหาชน),19,18000,สระบุรี
6922,1524,บริษัท อดิตยาเบอร์ล่าเคมีคัลส์ (ประเทศไทย) จำกัด (คลออังคาลี ดีวิชั่น),21,21150,ระยอง
6923,1523,Alaf Semenanjung Sdn. Bhd,107,,มาเลเซีย
6924,1522,บริษัท คริสเตียนีและนีลเส็น (ไทย) จำกัด (มหาชน),10,10260,กรุงเทพมหานคร
6925,1521,โรงแรม อมารี พัทยา,20,20150,ชลบุรี
6926,1520,บริษัท ซิลเวอร์สโตนทัวร์แอนด์แทรเวิล จำกัด,10,10240,กรุงเทพมหานคร
6927,1519,ศูนย์พลเมืองเด็กสงขลา,90,90000,สงขลา
6928,1518,Anchor Head Hotel (England),0,,ไม่ระบุ
6929,1517,โรงแรมดุสิตธานีพัทยา,20,20150,ชลบุรี
6930,1516,ศูนย์วิจัยการย้ายถิ่นแห่งเอเชีย สถาบันเอเชียศึกษา จุฬาลงกรณ์มหาวิทยาลัย,10,10330,กรุงเทพมหานคร
6931,1515,เทรกกิ้งไทยดอทคอม,10,10400,กรุงเทพมหานคร
6932,1514,ศูนย์ห้องปฏิบัติการกรมอนามัย  กระทรวงสาธารณสุข,12,11000,นนทบุรี
6933,1513,คณะบุคคลสำนักงานเกษมพัฒน์การบัญชีและภาษีอากร,90,90110,สงขลา
6934,1512,บริษัท ไอส์แลนด์ ฮอลิเดย์ จำกัด,83,83000,ภูเก็ต
6935,1511,บริษัท เมอร์รี่แลนด์แทรเวิลเซอร์วิส จำกัด,10,10110,กรุงเทพมหานคร
6936,1510,องค์การหมอไร้พรมแดน-เบลเยี่ยม (ประเทศไทย),10,10240,กรุงเทพมหานคร
6937,1509,สำนักงานเศรษฐกิจและวัฒนธรรมไทเปประจำประเทศไทย,10,10120,กรุงเทพมหานคร
6938,1508,สถาบันวิจัยและพัฒนาพลังงาน (สวพ.) มหาวิทยาลัยเชียงใหม่,50,50200,เชียงใหม่
6939,1507,บริษัท เวอร์จิ้น บีอีซี-เทโร เรดิโอ (ประเทศไทย) จำกัด,10,10110,กรุงเทพมหานคร
6940,1506,โรงเรียนธุรกิจศึกษา (สถาบัน B.E.S),10,10240,กรุงเทพมหานคร
6941,1505,บริษัท กรุงเทพโทรทัศน์และวิทยุ  จำกัด (สถานีโทรทัศน์สีกองทัพบกช่อง 7 ฝ่ายข่าว),10,10900,กรุงเทพมหานคร
6942,1504,มูลนิธิเพื่อการพัฒนาและสันติ,10,10240,กรุงเทพมหานคร
6943,1503,บริษัท เธิร์ด ไดเมนชั่น จำกัด,10,10230,กรุงเทพมหานคร
6944,1502,บริษัท แมนดาริน เอดูเคชั่น กรุ๊ป จำกัด,10,10240,กรุงเทพมหานคร
6945,1501,สถาบันภาษายูนิเซิร์ซ บริษัท ยูนิเอ็ดดูเคชั่น จำกัด,10,10600,กรุงเทพมหานคร
6946,1500,สถาบันสันติศึกษา มหาวิทยาลัยสงขลานครินทร์,90,90110,สงขลา
6947,1499,หจก. มาสเตอร์ พีซ ทรานสเลชั่น,10,10210,กรุงเทพมหานคร
6948,1498,บริษัท ซันต้า อินเตอร์เนชั่นแนล ฟิล์ม โปรดักชั่น จำกัด,10,10330,กรุงเทพมหานคร
6949,1497,บริษัท อินเด็กซ์ อินเตอร์เนชั่นแนล กรุ๊ป จำกัด,13,12130,ปทุมธานี
6950,1496,บริษัท เอ็นไวร์เทค คอนซัลแตนท์ จำกัด,10,10500,กรุงเทพมหานคร
6951,1495,บริษัท จีโอเมติก เทคโนโลยี จำกัด,10,10150,กรุงเทพมหานคร
6952,1494,บริษัท เนชั่น เอ็ดดูเทนเมนท์ จำกัด,10,10260,กรุงเทพมหานคร
6953,1493,บริษัท บ้านปู จำกัด (มหาชน),10,10400,กรุงเทพมหานคร
6954,1492,ศูนย์บรรณสารและสื่อการศึกษา มหาวิทยาลัยวลัยลักษณ์,80,80160,นครศรีธรรมราช
6955,1491,บริษัท นาริ อินโฟ จำกัด,10,10320,กรุงเทพมหานคร
6956,1490,บริษัท ทีไอเอส มาร์เก็ตติ้ง จำกัด,11,10270,สมุทรปราการ
6957,1489,ศูนย์วิจัยและพัฒนาประมงชายฝั่งนครศรีธรรมราช,80,80120,นครศรีธรรมราช
6958,1488,บริษัท ไฮแคร์ อินเตอร์เนชั่นแนล จำกัด,90,90110,สงขลา
6959,1487,องค์การกองทุนสัตว์ป่าโลกสากล สำนักงานประเทศไทย,10,10400,กรุงเทพมหานคร
6960,1486,ศูนย์ศึกษาธรรมชาติดอยสุเทพ จ. เชียงใหม่ (WWF ประเทศไทย),13,10120,ปทุมธานี
6961,1485,ศูนย์ศึกษาธรรมชาติ และระบบนิเวศเกษตร WWF ประเทศไทย,13,12120,ปทุมธานี
6962,1484,บริษัท สยามคอนเน็คชั่น จำกัด,107,,มาเลเซีย
6963,1483,สถานกงสุลใหญ่ ณ นครคุนหมิง,103,650051,จีน
6964,1482,บริษัท อยุธยา อลิอันซ์ ซี พี ประกันชีวิต จำกัด (มหาชน),10,10400,กรุงเทพมหานคร
6965,1481,บริษัท เดอร์ เอเชีย ทัวร์ จำกัด,84,84320,สุราษฎร์ธานี
6966,1480,บริษัท คอลลินส์ แอนด์ คอนเนอส์ จำกัด,10,10400,กรุงเทพมหานคร
6967,1479,บริษัท ทัวร์อีสท์ ที.อี.ที จำกัด,84,84320,สุราษฎร์ธานี
6968,1478,Q Signature Samui Resort and Spa,84,84230,สุราษฎร์ธานี
6969,1477,โรงเรียนนะหํฎอตุลสูบาน,96,96150,นราธิวาส
6970,1476,บริษัท ไดเนียกระบี่ จำกัด (สาขากระบี่),81,81000,กระบี่
6971,1475,บริษัท เซฟตี้แพลน จำกัด,13,12000,ปทุมธานี
6972,1474,บริษัท บีอีซี-เทโร เอ็นเตอร์เทนเมนท์ จำกัด (มหาชน)  (บางกอกทีวี),10,10110,กรุงเทพมหานคร
6973,1473,โรงแรม ซิกเซ้นส์ สมุย,84,84320,สุราษฎร์ธานี
6974,1472,บริษัท อี เซ็นเตอร์ จำกัด,10,10230,กรุงเทพมหานคร
6975,1471,บริษัท เนรัญชลา โปรดักชั่น จำกัด,10,10340,กรุงเทพมหานคร
6976,1470,บริษัท สมบูรณ์แอ๊ดวานซ์เทคโนโลยี  จำกัด (มหาชน),11,10540,สมุทรปราการ
6977,1469,สำนักงานศุลกากรท่าเรือแหลมฉบัง,20,20230,ชลบุรี
6978,1468,บริษัท ไฟนอลพีช จำกัด,10,10110,กรุงเทพมหานคร
6979,1467,บริษัท สามารถวิศวกรรม จำกัด,13,12120,ปทุมธานี
6980,1466,บริษัท เฮ็กซากอน เอ็นเทอร์เทนเม้นท์ จำกัด,12,11000,นนทบุรี
6981,1465,บริษัท อินโนลาเท็กซ์ (ประเทศไทย) จำกัด,90,90110,สงขลา
6982,1464,หน่วยกักกันโรคจากพ่อแม่พันธุ์  มหาวิทยาลัยวลัยลักษณ์,80,80160,นครศรีธรรมราช
6983,1463,บริษัท อินเด็กซ์ อินเตอร์เฟิร์น จำกัด,74,74000,สมุทรสาคร
6984,1462,บริษัท แอสคอนคอนสตรัคชั่น จำกัด (มหาชน),10,10310,กรุงเทพมหานคร
6985,1461,บริษัท ลากูน่า ฮอลิเดย์ คลับ จำกัด,83,83110,ภูเก็ต
6986,1460,โรงแรมฮิลตันภูเก็ตอาเคเดีย รีสอร์ท แอนด์ สปา,83,83100,ภูเก็ต
6987,1459,สำนักงานปลัดกระทรวงพาณิชย์,12,11000,นนทบุรี
6988,1458,บริษัท ดีเอชแอล โกลเบิล ฟอร์เวิร์ดดิ้ง (ประเทศไทย) จำกัด,10,10110,กรุงเทพมหานคร
6989,1457,บริษัท ทีเอสเค สตีล จำกัด,11,10540,สมุทรปราการ
6990,1456,ศูนย์ประสานงานการพัฒนาคุณภาพผลิตภัณฑ์สุขภาพชุมชน (ศพช.)  สำนักงานคณะกรรมการอาหารและยา,12,11000,นนทบุรี
6991,1455,โรงแรม ดุสิตธานี กระบี่ บีช รีสอร์ท,81,81180,กระบี่
6992,1454,โรงแรม โซฟิเทล กระบี่ โภคีธรา กอล์ฟ แอนด์ สปารีสอร์ท,81,81000,กระบี่
6993,1453,สำนักงานส่งเสริมการค้าในต่างประเทศ ณ กรุงบูดาเปสต์,108,1026,ฮังการี
6994,1452,บริษัท สามร้อยยอด จำกัด,77,77180,ประจวบคีรีขันธ์
6995,1451,บริษัท โซลิแมค จำกัด,10,10110,กรุงเทพมหานคร
6996,1450,มหาวิทยาลัยนานาชาติแสตมฟอร์ด,10,10110,กรุงเทพมหานคร
6997,1448,โรงพยาบาลพระพุทธเลิศหล้า,75,,สมุทรสงคราม
6998,1447,โรงพยาบาลพระปกเกล้า,22,22000,จันทบุรี
6999,1446,โรงพยาบาลเจ้าพระยาอภัยภูเบศร์,25,25000,ปราจีนบุรี
7000,1445,โรงพยาบาลนครนายก,26,26000,นครนายก
7001,1444,โรงพยาบาลพระนครศรีอยุธยา,14,13000,พระนครศรีอยุธยา
7002,1443,โรงพยาบาลเปาโลเมมโมเรียล,10,,กรุงเทพมหานคร
7003,1442,โรงพยาบาลพระจอมเกล้า จังหวัดเพชรบุรี,76,76000,เพชรบุรี
7004,1441,โรงพยาบาลสมุทรสาคร,74,74000,สมุทรสาคร
7005,1440,โรงพยาบาลเจ้าพระยายมราช  สุพรรณบุรี,72,72000,สุพรรณบุรี
7006,1439,บริษัท ศรีสุบรรณฟาร์ม จำกัด,84,84130,สุราษฎร์ธานี
7007,1438,บริษัท พี ออดิท จำกัด,84,84000,สุราษฎร์ธานี
7008,1437,บริษัท กรีนริเวอร์ วู้ด แอนด์ ลัมเบอร์ แมนูแฟคเจอริ่ง(ประเทศไทย) จำกัด,90,90110,สงขลา
7009,1436,บริษัท คอนพลาส พลาสติก จำกัด,74,74000,สมุทรสาคร
7010,1435,โรงแรม เรเนอซองส์ เกาะสมุย รีสอร์ท แอนด์ สปา,84,84130,สุราษฎร์ธานี
7011,1434,บริษัท พังงาพาราวูดอินดัสทรีส์ จำกัด,82,82120,พังงา
7012,1433,ห้างหุ้นส่วนเจริญยิ่งยืนนาน จำกัด,10,10250,กรุงเทพมหานคร
7013,1432,บริษัท เอลิสิโอ จำกัด,10,10210,กรุงเทพมหานคร
7014,1431,บริษัท อินเด็กซ์ ครีเอทีฟ วิลเลจ จำกัด (มหาชน),10,10510,กรุงเทพมหานคร
7015,1430,บริษัท อ๊อปติมัส ซอฟท์ จำกัด,10,10500,กรุงเทพมหานคร
7016,1429,บริษัท สามารถคอร์ปอเรชั่น จำกัด (มหาชน),12,11120,นนทบุรี
7017,1428,ธนาคารอิสลามแห่งประเทศไทย  สาขาสงขลา,90,90000,สงขลา
7018,1427,บริษัท ไอโซแคร์ซิสเตมส์ จำกัด,10,10900,กรุงเทพมหานคร
7019,1426,โรงแรมลากูน่า ฮอลิเดย์ คลับ  รีสอร์ท,83,83110,ภูเก็ต
7020,1425,บริษัท บี.เอ.ไมโครซอฟแวร์ จำกัด,10,10400,กรุงเทพมหานคร
7021,1424,บริษัท ทีโอที จำกัด (มหาชน)  ส่วนบริการลูกค้าจังหวัดภูเก็ต,83,83130,ภูเก็ต
7022,1423,บริษัทบริหารสินทรัพย์ กรุงเทพพาณิชย์ จำกัด (มหาชน) สำนักงานสุราษฎร์ธานี,84,84000,สุราษฎร์ธานี
7023,1422,บริษัท สยามเน็ทเวอร์ค แอนด์ คอมพิวเตอร์ จำกัด,12,11120,นนทบุรี
7024,1421,บริษัท เอ็ม.วี.ที.คอมมิวนิเคชั่น จำกัด (มหาชน),13,12130,ปทุมธานี
7025,1420,บริษัท ชินบรอดแบนด์ อินเตอร์เน็ต (ประเทศไทย) จำกัด,12,11000,นนทบุรี
7026,1419,โครงการจัดตั้งศูนย์ฝึกอบรมสัมมนา  ศูนย์บริการวิชาการ มหาวิทยาลัยวลัยลักษณ์,80,80160,นครศรีธรรมราช
7027,1418,ศูนย์เครื่องมือวิทยาศาสตร์และเทคโนโลยี  มหาวิทยาลัยวลัยลักษณ์,80,80160,นครศรีธรรมราช
7028,1417,บริษัท สวัสดีช้อป จำกัด,10,10110,กรุงเทพมหานคร
7029,1416,สถาบันไฟฟ้าและอิเล็กทรอนิกส์,11,10280,สมุทรปราการ
7030,1415,บริษัท เจริญโภคภัณฑ์อาหาร จำกัด (มหาชน)  ฟาร์มแหลมหลวง,76,76110,เพชรบุรี
7031,1414,สำนักจัดการคุณภาพน้ำ  กรมควบคุมมลพิษ,10,10400,กรุงเทพมหานคร
7032,1413,บริษัท หลักทรัพย์ เคจีไอ  (ประเทศไทย) จำกัด (มหาชน) สาขาหาดใหญ่,90,90110,สงขลา
7033,1412,ธนาคารอิสลามแห่งประเทศไทย,10,10110,กรุงเทพมหานคร
7034,1411,บริษัท โรงเส้นหมี่ชอเฮง จำกัด,73,73110,นครปฐม
7035,1410,บริษัท แลบพลัสวัน จำกัด,10,10110,กรุงเทพมหานคร
7036,1409,บริษัท คิงส์ฟิชเชอร์โฮลดิ้ง จำกัด,90,90000,สงขลา
7037,1408,ศูนย์คอมพิวเตอร์ มหาวิทยาลัยหาดใหญ่,90,90110,สงขลา
7038,1407,ศูนย์บริการวิชาการ มหาวิทยาลัยวลัยลักษณ์,80,80160,นครศรีธรรมราช
7039,1406,บริษัท ไทยโมเดิร์นแพคเกจจิ้ง จำกัด,10,10510,กรุงเทพมหานคร
7040,1405,บริษัท พาสทินา จำกัด,10,10150,กรุงเทพมหานคร
7041,1404,บริษัท แมกเนคอมพ์ พรีซิชั่น เทคโนโลยี  จำกัด (มหาชน),14,13170,พระนครศรีอยุธยา
7042,1403,บริษัท เอ็กโซติค ฟู้ด จำกัด (มหาชน),20,20230,ชลบุรี
7043,1402,บริษัท ผลิตไฟฟ้าราชบุรี จำกัด,70,70000,ราชบุรี
7044,1401,บริษัท ปตท. จำกัด (มหาชน),10,10900,กรุงเทพมหานคร
7045,1400,สำนักตรวจสอบคุณภาพสินค้าปศุสัตว์ กรมปศุสัตว์,13,12000,ปทุมธานี
7046,1399,ALPS International Sdn. Bhd.,107,,มาเลเซีย
7047,1398,บริษัท ศรีตรังแอโกรอินดัสทรี จำกัด (มหาชน) สาขาตรัง,92,92000,ตรัง
7048,1397,บริษัท พาเนลพลัส จำกัด,90,90230,สงขลา
7049,1396,ศูนย์เทคโนโลยีชีวภาพด้านการแพทย์และสาธารณสุข  กรมวิทยาศาสตร์การแพทย์  กระทรวงสาธารณสุข,12,11000,นนทบุรี
7050,1395,สำนักวิจัยพัฒนาเทคโนโลยีชีวภาพ,13,12110,ปทุมธานี
7051,1394,ศูนย์วิจัยเกษตรหลวงเชียงใหม่,50,50230,เชียงใหม่
7052,1393,บริษัท มอลล์ งามวงศ์วาน ซีเนม่า จำกัด,12,11000,นนทบุรี
7053,1392,ALPS Freight Logistics Sdn.,107,,มาเลเซีย
7054,1391,บริษัท เซ้าท์เซอร์วิสเซส (ไทยแลนด์) จำกัด,83,83000,ภูเก็ต
7055,1390,บริษัท กลางคุ้มครองผู้ประสบภัยจากรถ จำกัด,10,10310,กรุงเทพมหานคร
7056,1389,บริษัท รีมิกซ์ สตูดิโอ แบงค็อก จำกัด,10,,กรุงเทพมหานคร
7057,1388,บริษัท สำนักงานสอบบัญชี ดีเคไอ จำกัด,90,90110,สงขลา
7058,1387,ธนาคารไทยพาณิชย์  สำนักงานใหญ่,10,10900,กรุงเทพมหานคร
7059,1386,บริษัท เคมีแมน จำกัด,19,18120,สระบุรี
7060,1385,บริษัท ไอกะ หาดใหญ่ จำกัด,90,90230,สงขลา
7061,1384,บริษัท เรืองอุทัยอุตสาหกรรมไม้ จำกัด,13,12140,ปทุมธานี
7062,1383,บริษัท แฟนซีวู้ดอินดัสตรีส์ จำกัด (มหาชน),84,84130,สุราษฎร์ธานี
7063,1382,สำนักงานตลาดกลางยางพารานครศรีธรรมราช,80,80250,นครศรีธรรมราช
7064,1381,บริษัท ทีวีบูรพา จำกัด,10,10240,กรุงเทพมหานคร
7065,1380,กรมเจรจาการค้าระหว่างประเทศ กระทรวงพาณิชย์,12,11000,นนทบุรี
7066,1379,CMA CGM S.A. THAILAND LIMITED,10,10120,กรุงเทพมหานคร
7067,1378,บริษัท เค.ครีเอเตอร์ จำกัด,10,10310,กรุงเทพมหานคร
7068,1377,ห้างหุ้นส่วนจำกัด ไทยอุดมโฮมมาร์ท,85,85000,ระนอง
7069,1376,บริษัท เอ็ชเอ็มซี โปลิเมอร์ จำกัด จังหวัดระยอง,21,21150,ระยอง
7070,1375,บริษัท เฟรทลิ้งค์ส เอ๊กซ์เพรส (ประเทศไทย) จำกัด,10,10120,กรุงเทพมหานคร
7071,1374,บริษัท พีเอสเค แอคเคาน์ติ้ง คอนซัลแตนท์ จำกัด ,10,10250,กรุงเทพมหานคร
7072,1373,บริษัท ควอลิตี้ พรอพเพอร์ตี้ แมเนจเมนท์ จำกัด,10,10900,กรุงเทพมหานคร
7073,1372,บริษัท ยูนิวานิชน้ำมันปาล์ม จำกัด (มหาชน) สาขาอำเภอปลายพระยา,81,81160,กระบี่
7074,1371,บริษัท เอ็ม อาร์ แอนด์ แอสโซซิเอท จำกัด,10,10500,กรุงเทพมหานคร
7075,1370,บริษัท ไทยแอคเคาท์ติ้ง คลินิค จำกัด,10,10110,กรุงเทพมหานคร
7076,1369,บริษัท เอเอ็นเอส ออดิท จำกัด,10,10310,กรุงเทพมหานคร
7077,1368,สำนักงานวิเศษกุลการบัญชี,92,92000,ตรัง
7078,1367,บริษัท สำนักงานบัญชีสุรินทร์และเพื่อน จำกัด,90,90000,สงขลา
7079,1366,บริษัท วี.เอ.ที. ทนายความและการบัญชี จำกัด,10,10320,กรุงเทพมหานคร
7080,1365,สำนักงานอนันต์การบัญชี,10,10700,กรุงเทพมหานคร
7081,1364,บริษัท ซี.พี.พี.ซี. จำกัด (มหาชน),21,21180,ระยอง
7082,1363,สถานีวิทยุโทรทัศน์แห่งประเทศไทย จ.สุราษฎร์ธานี (ช่อง 11),84,84100,สุราษฎร์ธานี
7083,1362,โรงพยาบาลสมเด็จพระปิ่นเกล้า,10,10600,กรุงเทพมหานคร
7084,1361,โรงพยาบาลค่ายวิภาวดีรังสิต,84,84000,สุราษฎร์ธานี
7085,1360,โรงพยาบาลนพรัตนราชธานี,10,10230,กรุงเทพมหานคร
7086,1359,โรงพยาบาลชลประทาน,12,11120,นนทบุรี
7087,1358,ห้างหุ้นส่วนสามัญสตาร์ ฟลอร่า,80,80110,นครศรีธรรมราช
7088,1357,บริษัท เอส.เค. แอคเคาน์แต้นท์ เซอร์วิสเซส จำกัด,10,10400,กรุงเทพมหานคร
7089,1356,บริษัท การบินไทย จำกัด (มหาชน) ฝ่ายปฏิบัติการคลังสินค้า,11,10540,สมุทรปราการ
7090,1355,บริษัท ซี.พี. อุตสาหกรรมบรรจุภัณฑ์ จำกัด,21,21180,ระยอง
7091,1354,บริษัท ดีด้า แฟนตาซี จำกัด,12,11000,นนทบุรี
7092,1353,บริษัท ดีด้า วีดิโอโปรดักชั่น จำกัด,12,11000,นนทบุรี
7093,1352,บริษัท เอสเอฟ ซีเนม่า ซิตี้ จำกัด,12,11000,นนทบุรี
7094,1351,บริษัท  อินนิทิเอทิฟว์ มีเดีย  จำกัด,10,10120,กรุงเทพมหานคร
7095,1350,สถานกงสุลใหญ่ ณ เมืองปีนัง,107,,มาเลเซีย
7096,1349,บริษัท ปิ่นทองอินดัสเตรียลปาร์ค จำกัด,20,20280,ชลบุรี
7097,1348,มูลนิธิแม่ฟ้าหลวง  โครงการพัฒนาดอยตุง(พื้นที่ทรงงาน) อันเนื่องมาจากพระราชดำริ,57,57240,เชียงราย
7098,1347,สำนักงานเทศบาลเมืองหนองคาย,43,43000,หนองคาย
7099,1346,สำนักงานนิคมอุตสาหกรรมบางพลี,11,10540,สมุทรปราการ
7100,1345,สำนักพิมพ์ฟ้าเดียวกัน,10,10120,กรุงเทพมหานคร
7101,1344,บริษัท สยามริโซผลิตภัณฑ์ไม้ จำกัด,84,,สุราษฎร์ธานี
7102,1343,สำนักงานความร่วมมือพัฒนาเศรษฐกิจกับประเทศเพื่อนบ้าน(องค์การมหาชน),10,10900,กรุงเทพมหานคร
7103,1342,บริษัท ธรูเดอะไลน์ คอมมิวนิเคชั่นส์ จำกัด,10,10230,กรุงเทพมหานคร
7104,1341,สถานีวิทยุกระจายเสียงแห่งประเทศไทยจังหวัดปัตตานี,94,,ปัตตานี
7105,1340,บริษัท ฮันคิว อินเตอร์เนชั่นแนล ทรานสปอร์ต (ประเทศไทย) จำกัด,10,10330,กรุงเทพมหานคร
7106,1339,บริษัท เอสซีจี 1995 จำกัด,84,84000,สุราษฎร์ธานี
7107,1338,บริษัท Insight  Info จำกัด,10,10900,กรุงเทพมหานคร
7108,1337,บริษัท บีบอยด์ซีจี จำกัด,10,10110,กรุงเทพมหานคร
7109,1336,บริษัท ธนาคารกรุงไทย จำกัด (มหาชน)  สาขาหาดใหญ่,90,90110,สงขลา
7110,1335,บริษัท ไทยแหลมฉบัง เทอร์มินัล จำกัด,20,20230,ชลบุรี
7111,1334,บริษัท นีโอ สมาร์ท พร็อพเพอร์ตี้ จำกัด,90,90110,สงขลา
7112,1333,คณะบุคคล สอบบัญชี บี.เค,77,77110,ประจวบคีรีขันธ์
7113,1332,DEWAN BAHASA  DAN PUSTAKA,107,10803,มาเลเซีย
7114,1331,บริษัท ซิโน - ไทย เอ็นจีเนียริ่ง แอนด์ คอนสตรัคชั่น จำกัด (มหาชน),10,10110,กรุงเทพมหานคร
7115,1330,บริษัท เซอร์โว โปรดัคชั่น จำกัด,10,10230,กรุงเทพมหานคร
7116,1329,บริษัท ดรีมเบส อินเตอร์แอ็คทีฟ จำกัด,10,10110,กรุงเทพมหานคร
7117,1328,โรงแรมกะตะธานี ภูเก็ต บีช รีสอร์ท,83,83100,ภูเก็ต
7118,1327,มหาวิทยาลัยแม่ฟ้าหลวง,57,57100,เชียงราย
7119,1326,ศูนย์ศึกษาและพัฒนาสันติวิธี  มหาวิทยาลัยมหิดล,73,73170,นครปฐม
7120,1325,บริษัท ทีที แอนด์ ที ซับสไครเบอร์ เซอร์วิสเซส จำกัด,10,10320,กรุงเทพมหานคร
7121,1324,ศูนย์ศึกษาธรรมชาติกองทัพบก (บางปู)  WWF ประเทศไทย,11,10280,สมุทรปราการ
7122,1323,หอสมุดแห่งชาติเฉลิมพระเกียรติ สมเด็จพระนางเจ้าสิริกิติ์ พระบรมราชินีนาถ ตรัง,92,92000,ตรัง
7123,1322,กรมบัญชีกลาง,10,10400,กรุงเทพมหานคร
7124,1321,สถาบันอุทยานการเรียนรู้,10,10330,กรุงเทพมหานคร
7125,1320,สำนักงานส่งเสริมเศรษฐกิจดิจิทัล ภูเก็ต,83,83000,ภูเก็ต
7126,1319,ฝ่ายทรัพยากรทะเลและชายฝั่ง  องค์การกองทุนสัตว์ป่าโลกสากล  สำนักงานประเทศไทย,82,82140,พังงา
7127,1318,บริษัท คนไทสตูดิโอ จำกัด,10,10310,กรุงเทพมหานคร
7128,1317,บริษัท สยามยูเนี่ยนโฟรเซ่นฟูดส์ จำกัด,74,74000,สมุทรสาคร
7129,1316,Asian Forum for Human Rights and Development (FORUM-ASIA),10,10110,กรุงเทพมหานคร
7130,1315,สำนักงานคณะกรรมการสิทธิมนุษยชนแห่งชาติ,10,10210,กรุงเทพมหานคร
7131,1314,Asian Scholaship Foundation (ASF),10,10330,กรุงเทพมหานคร
7132,1313,โรงพยาบาลพระพุทธชินราช พิษณุโลก,65,65000,พิษณุโลก
7133,1312,"Petronas Retail (Thaiand) Co.,Ltd.",10,10110,กรุงเทพมหานคร
7134,1311,หอสมุดแห่งชาติกาญจนาภิเษก  สงขลา,90,90100,สงขลา
7135,1310,ศูนย์อนามัยที่ 12 ยะลา,95,95000,ยะลา
7136,1309,บริษัท เอสเอเอส รับเบอร์โพรดักส์ จำกัด,10,10330,กรุงเทพมหานคร
7137,1308,ฝ่ายหอสมุดวิทยาศาสตร์สุขภาพ  คณะแพทยศาสตร์ มหาวิทยาลัยสงขลานครินทร์,90,90110,สงขลา
7138,1307,ศูนย์ข่าวอิศรา  สมาคมนักข่าวหนังสือพิมพ์แห่งประเทศไทย,10,10300,กรุงเทพมหานคร
7139,1306,ศูนย์อาสาสมัครสึนามิ มูลนิธิกระจกเงา,82,82190,พังงา
7140,1305,โรงเรียนวัดสมควร,80,80130,นครศรีธรรมราช
7141,1304,บริษัท ไดซิน จำกัด,13,12120,ปทุมธานี
7142,1303,บริษัท ซีพีเอฟ ผลิตภัณฑ์อาหาร จำกัด,10,10530,กรุงเทพมหานคร
7143,1302,สำนักหอสมุด มหาวิทยาลัยทักษิณ วิทยาเขตสงขลา,90,90000,สงขลา
7144,1301,โรงเรียนมหาวชิราวุธ จังหวัดสงขลา,90,90000,สงขลา
7145,1300,บริษัท พีวีที ไทยเจริญ จำกัด,10,10240,กรุงเทพมหานคร
7146,1299,ฝ่ายจัดการทรัพยากรป่าไม้  องค์การกองทุนสัตว์ป่าโลกสากล - ประเทศไทย,13,12120,ปทุมธานี
7147,1298,สำนักหอสมุด  มหาวิทยาลัยแม่โจ้,50,50290,เชียงใหม่
7148,1297,สำนักงานสอบบัญชีบังอรและเพื่อน,84,84000,สุราษฎร์ธานี
7149,1296,การไฟฟ้าฝ่ายผลิตแห่งประเทศไทย,12,11130,นนทบุรี
7150,1295,สถานเอกอัครราชทูต ณ กรุงกัวลาลัมเปอร์,107,,มาเลเซีย
7151,1294,อุ้มผางฮิลล์รีสอร์ท,63,63170,ตาก
7152,1293,บริษัท บาลานซ์อินเตอร์เนชั่นแนลคอนเน็คชั่น จำกัด,10,10240,กรุงเทพมหานคร
7153,1292,บริษัท ไชน์โฟร์ท จำกัด,10,10320,กรุงเทพมหานคร
7154,1291,โครงการจัดการทรัพยากรชายฝั่งภาคใต้,90,90100,สงขลา
7155,1290,โรงแรมรายาวดี,81,81000,กระบี่
7156,1289,การไฟฟ้าฝ่ายผลิตแห่งประเทศไทย  (ฝ่ายปฏิบัติการเขตนครหลวง),12,11130,นนทบุรี
7157,1288,บริษัท โปรสเปค แอพเพรซัล จำกัด,10,10320,กรุงเทพมหานคร
7158,1287,สำนักงานสาธารณสุขจังหวัดสุราษฎร์ธานี,84,84000,สุราษฎร์ธานี
7159,1286,บริษัท ทีเอ็นที เอ็กซเพรส เวิลด์ไวด์ (ประเทศไทย) จำกัด,10,10110,กรุงเทพมหานคร
7160,1285,บริษัท บ้านท้ายหาด จำกัด,75,75000,สมุทรสงคราม
7161,1284,โรงแรมเดอะทับแขกกระบี่,81,81000,กระบี่
7162,1283,สำนักงานสาธารณสุขจังหวัดภูเก็ต,83,83000,ภูเก็ต
7163,1282,บริษัท หลักทรัพย์ ยูโอบี เคย์เฮียน (ประเทศไทย) จำกัด (มหาชน),10,10250,กรุงเทพมหานคร
7164,1281,บริษัท ไอเดีย เมคเกอร์ เทคโนโลยี จำกัด,11,10270,สมุทรปราการ
7165,1280,RBH BANK BERHAD,10,10500,กรุงเทพมหานคร
7166,1279,สถาบันเอเชียศึกษา จุฬาลงกรณ์มหาวิทยาลัย,10,10330,กรุงเทพมหานคร
7167,1278,สำนักงานวัฒนธรรมจังหวัดนครราชสีมา,30,30000,นครราชสีมา
7168,1277,บริษัท ยูเซ็น แอร์ แอนด์ ซี เซอร์วิส (ประเทศไทย) จำกัด,10,10900,กรุงเทพมหานคร
7169,1276,เอส เอ ทราเวล แอนด์ทัวร์,84,84320,สุราษฎร์ธานี
7170,1274,บริษัท อีซูซุ ตั้งเซียฮวด นครปฐม จำกัด,73,73000,นครปฐม
7171,1273,บริษัท พีทีที โกลบอล เคมิคอล จำกัด (มหาชน),21,21150,ระยอง
7172,1272,บริษัท ห้องปฏิบัติการกลางตรวจสอบผลิตภัณฑ์เกษตรและอาหาร จำกัด,10,10900,กรุงเทพมหานคร
7173,1271,บริษัท ทรานส์ ไทย-มาเลเซีย (ประเทศไทย) จำกัด,90,90130,สงขลา
7174,1270,บริษัท เกาะไหงรีสอร์ท จำกัด,92,92450,ตรัง
7175,1269,สถานกงสุลกิตติมศักดิ์ ณ เกาะลังกาวี,107,,มาเลเซีย
7176,1268,บริษัท เจริญโภคภัณฑ์อาหาร จำกัด (มหาชน) โรงผลิตอาหารสัตว์น้ำบ้านพรุ,90,90250,สงขลา
7177,1267,บริษัท อาปิโก ไฮเทค จำกัด (มหาชน),14,13160,พระนครศรีอยุธยา
7178,1266,กองการต่างประเทศ  สำนักงานปลัดกระทรวงมหาดไทย,10,10200,กรุงเทพมหานคร
7179,1265,บริษัท อิงค์เกรส ออโตเวนเจอร์ จำกัด,21,21140,ระยอง
7180,1264,สถานกงสุลใหญ่ ณ เมืองโกตาบารู,107,15400,มาเลเซีย
7181,1263,บริษัท ทีเอส ทรานส์เมก้า จำกัด,10,10310,กรุงเทพมหานคร
7182,1262,สำนักงานวิเทศสัมพันธ์  กรมโยธาธิการและผังเมือง,10,10400,กรุงเทพมหานคร
7183,1261,สำนักงานงานแรงงานไทย  ประเทศมาเลเซีย,107,,มาเลเซีย
7184,1260,ที่ทำการไปรษณีย์กาญจนดิษฐ์,84,84160 ,สุราษฎร์ธานี
7185,1259,โรงพยาบาลนครปฐม,73,73000,นครปฐม
7186,1258,บริษัท เจริญโภคภัณฑ์อาหาร จำกัด (มหาชน),10,10400,กรุงเทพมหานคร
7187,1257,บริษัท เยสเซอร์บอส จำกัด,10,10160,กรุงเทพมหานคร
7188,1256,กรมสรรพากร,10,10400,กรุงเทพมหานคร
7189,1254,โรงพยาบาลประจวบคีรีขันธ์,77,,ประจวบคีรีขันธ์
7190,1253,โรงพยาบาลเวชศาสตร์เขตร้อน,10,10400,กรุงเทพมหานคร
7191,1252,บริษัท เฟดเดอรัล เอ็กซ์เพรส คอร์ปอเรชั่น จำกัด,10,10110,กรุงเทพมหานคร
7192,1251,บริษัท ทีเอส เทค (ประเทศไทย) จำกัด,14,13260,พระนครศรีอยุธยา
7193,1250,องค์การยูเนสโก  สำนักงานกรุงเทพ,10,10110,กรุงเทพมหานคร
7194,1249,สำนักส่งเสริมการค้าในต่างประเทศ ณ นครซิดนีย์,106,,ออสเตรเลีย
7195,1248,บริษัท เอ็กเซล (ประเทศไทย) จำกัด,10,,กรุงเทพมหานคร
7196,1247,บริษัท นาคาเซีย จำกัด,10,10900,กรุงเทพมหานคร
7197,1246,คลินิคเทคโนโลยีที่พึ่งของชุมชน  ศูนย์บริการวิชาการ มหาวิทยาลัยวลัยลักษณ์,80,80160,นครศรีธรรมราช
7198,1245,มูลนิธิสถาบันอนาคตศึกษาเพื่อการพัฒนา,10,10110,กรุงเทพมหานคร
7199,1244,บริษัท อินฟินิตี้ ไอที คอร์ปอเรชั่น จำกัด,10,10500,กรุงเทพมหานคร
7200,1243,ธนาคารกรุงศรีอยุธยา,10,10120,กรุงเทพมหานคร
7201,1242,บริษัท ณุศาศิริกรุ๊ป จำกัด,10,10250,กรุงเทพมหานคร
7202,1241,สมาคมสมองกลฝังตัวไทย,10,10400,กรุงเทพมหานคร
7203,1240,บริษัท อายิโนะโมะโต๊ะ (ประเทศไทย) จำกัด,10,10400,กรุงเทพมหานคร
7204,1239,กองบังคับการตำรวจท่องเที่ยว 3,84,84130,สุราษฎร์ธานี
7205,1238,บริษัท คอมพาร์ท พรีซิชั่น (ประเทศไทย) จำกัด,14,13160,พระนครศรีอยุธยา
7206,1237,บริษัท แคล-คอมพ์ อีเล็คโทรนิคส์ (ประเทศไทย) จำกัด (มหาชน),76,76140,เพชรบุรี
7207,1236,บริษัท ซีเวลท์ โฟรเซ่น ฟู้ด จำกัด,90,90280,สงขลา
7208,1235,บริษัท เกษมชัยฟู๊ด จำกัด,73,73130,นครปฐม
7209,1234,บริษัท เอ็มเวิร์ค กรุ๊ป จำกัด,10,10320,กรุงเทพมหานคร
7210,1233,บริษัท เบทาโกร จำกัด (มหาชน),11,10130,สมุทรปราการ
7211,1232,บริษัท เกษมชัยฟาร์มกรุ๊ป จำกัด,73,73130,นครปฐม
7212,1231,บริษัท โกลเด้น ไลน์ บิสซิเนส จำกัด (โครงการไก่พันธุ์),16,15130,ลพบุรี
7213,1230,บริษัท อินเตอร์เน็ต โซลูชั่น คอนซัลแตนท์,90,90110,สงขลา
7214,1229,กรมเชื้อเพลิงธรรมชาติ,10,10900,กรุงเทพมหานคร
7215,1228,บริษัท ศูนย์วิจัยสัตว์กรุงเทพ จำกัด,11,10290,สมุทรปราการ
7216,1227,บริษัท ระบบขนส่งมวลชนกรุงเทพ จำกัด (มหาชน),10,10900,กรุงเทพมหานคร
7217,1226,บริษัท วี.ซี.เอฟ กรุ๊ป จำกัด,70,70140,ราชบุรี
7218,1225,บริษัท เมดดิคัลซอฟท์ จำกัด,10,10900,กรุงเทพมหานคร
7219,1224,บริษัท เมืองไทยประกันภัย จำกัด,10,10310,กรุงเทพมหานคร
7220,1223,บริษัท ทูบีวัน เทคโนโลยี จำกัด,10,10260,กรุงเทพมหานคร
7221,1222,บริษัท Thai Portal จำกัด,10,10110,กรุงเทพมหานคร
7222,1221,บริษัท เม็กเทค แมนูแฟคเจอริ่ง คอร์ปอเรชั่น (ประเทศไทย)  จำกัด,14,13160,พระนครศรีอยุธยา
7223,1220,โรงพยาบาลชลบุรี,20,20000,ชลบุรี
7224,1219,สำนักพัฒนาอุตสาหกรรมในครอบครัวและหัตถกรรม,10,10110,กรุงเทพมหานคร
7225,1218,โรงพยาบาลลำปาง,52,52000,ลำปาง
7226,1217,บริษัท อิลิแกนท์ คอนซัลแตนท์ จำกัด,10,10110,กรุงเทพมหานคร
7227,1215,บริษัท เอ.วี.อี.(ไทยแลนด์) จำกัด,10,10250,กรุงเทพมหานคร
7228,1214,บริษัท เวส คอมมิวนิเคชั่น จำกัด,10,10400,กรุงเทพมหานคร
7229,1213,บริษัท  ซอยเลสเว็จ จำกัด,72,72140,สุพรรณบุรี
7230,1212,บริษัท ฟอสส์ เทเลคอม จำกัด,12,11120,นนทบุรี
7231,1211,สำนักงานรับรองมาตรฐานและประเมินคุณภาพการศึกษา (องค์การมหาชน),10,10400,กรุงเทพมหานคร
7232,1210,สำนักเทคโนโลยีสารสนเทศ  สำนักงานคณะกรรมการกิจการโทรคมนาคมแห่งชาติ,10,10400,กรุงเทพมหานคร
7233,1209,บริษัท ไทยอินเตอร์โซล จำกัด,10,10500,กรุงเทพมหานคร
7234,1208,บริษัท ออนไลน์ แอสเซ็ท จำกัด,10,10310,กรุงเทพมหานคร
7235,1207,บริษัท ไทยเบฟเวอเรจ จำกัด (มหาชน),10,10900,กรุงเทพมหานคร
7236,1206,บริษัท Webspt.com จำกัด,10,10320,กรุงเทพมหานคร
7237,1205,บริษัท คาสโก ไอที จำกัด,10,10230,กรุงเทพมหานคร
7238,1204,บริษัท ศูนย์เกษตรอุตสาหกรรมบางไทร จำกัด  ฟาร์มสาธิต,10,10240,กรุงเทพมหานคร
7239,1203,ศูนย์วิจัยเอแบค นวัตกรรมทางสังคม การจัดการ และธุรกิจ  มหาวิทยาลัยอัสสัมชัญ,10,10240,กรุงเทพมหานคร
7240,1202,บริษัท คอมเซิร์ฟสแควร์ จำกัด,10,10330,กรุงเทพมหานคร
7241,1201,บริษัท เอสเอสซี โซลูชั่น  จำกัด,10,10900,กรุงเทพมหานคร
7242,1200,บริษัท ไอที สแควร์ จำกัด,10,10400,กรุงเทพมหานคร
7243,1199,บริษัท แอดวานซ์ อินฟอร์เมชั่น เทคโนโลยี จำกัด (มหาชน),10,10320,กรุงเทพมหานคร
7244,1198,บริษัท ฟอร์ทแทร็คกิ้ง ซิสเต็ม จำกัด,10,10400,กรุงเทพมหานคร
7245,1197,บริษัท ไอทีดาต้าคอม จำกัด,10,10250,กรุงเทพมหานคร
7246,1196,บริษัท อินโฟโปรซอฟแวร์ จำกัด,10,10400,กรุงเทพมหานคร
7247,1195,สำนักงานบริหารหนี้สาธารณะ กระทรวงการคลัง,10,10400,กรุงเทพมหานคร
7248,1194,บริษัท ทีโอที จำกัด (มหาชน),10,10210,กรุงเทพมหานคร
7249,1193,สถาบันพัฒนาองค์กรชุมชน (องค์การมหาชน),10,10240,กรุงเทพมหานคร
7250,1192,บริษัท MTIS จำกัด,10,10900,กรุงเทพมหานคร
7251,1191,บริษัท เจริญโภคภัณฑ์อาหาร จำกัด (มหาชน) นครราชสีมา,30,30190,นครราชสีมา
7252,1190,บริษัท โอเพ่นคอมพิวติ้ง เทคโนโลยีส์ จำกัด,10,10110,กรุงเทพมหานคร
7253,1189,กองบริหารข้อมูลตลาดแรงงาน  กรมการจัดหางาน,10,10400,กรุงเทพมหานคร
7254,1188,ธนาคาร ทิสโก้ จำกัด (มหาชน) สาขาสุราษฎร์ธานี,84,84000,สุราษฎร์ธานี
7255,1187,สำนักงานการตรวจเงินแผ่นดิน,10,10400,กรุงเทพมหานคร
7256,1186,ด่านศุลกากรระนอง,85,85000,ระนอง
7257,1185,บริษัท เอเจนซี ฟอร์ เรียลเอสเตท แอฟแฟร์ส  จำกัด,10,10120,กรุงเทพมหานคร
7258,1184,สำนักงานบริหารแรงงานไทยไปต่างประเทศ,10,10400,กรุงเทพมหานคร
7259,1183,สำนักวิจัยและพัฒนาการเกษตรเขตที่ 1,50,50290,เชียงใหม่
7260,1182,สำนักงาน ก.พ.ร.,10,10300,กรุงเทพมหานคร
7261,1181,บริษัท ไทยประกันชีวิต จำกัด (มหาชน),10,10400,กรุงเทพมหานคร
7262,1180,ธนาคารออมสิน,10,,กรุงเทพมหานคร
7263,1179,บริษัท ไดมอนด์ ไชน์ ฮอลิเดย์ จำกัด,10,10310,กรุงเทพมหานคร
7264,1178,สำนักงานประปาเขต 1,20,20000,ชลบุรี
7265,1177,บริษัท วัน-ทู  อะซิสท์  จำกัด,10,10250,กรุงเทพมหานคร
7266,1176,บริษัท บริหารสินทรัพย์  กรุงเทพพาณิชย์  จำกัด (มหาชน),10,10500,กรุงเทพมหานคร
7267,1175,บริษัท ว๊อบ  แมชชินเนอรี่  จำกัด,13,12160,ปทุมธานี
7268,1174,บริษัท  ฟาร์มาฮอฟ  จำกัด,73,73210,นครปฐม
7269,1173,บริษัท ทรูมูฟ  จำกัด,84,84000,สุราษฎร์ธานี
7270,1172,บริษัทหลักทรัพย์จัดการกองทุนรวมพรีมาเวสท์ จำกัด,10,10330,กรุงเทพมหานคร
7271,1171,ศูนย์วิจัยและพัฒนาประมงชายฝั่งประจวบคีรีขันธ์,77,77000,ประจวบคีรีขันธ์
7272,1170,ศูนย์วิจัยและพัฒนาประมงน้ำจืดมหาสารคาม,44,44000,มหาสารคาม
7273,1169,บริษัท ซี.เค.มัลติมีเดีย จำกัด,10,10240,กรุงเทพมหานคร
7274,1168,บริษัท บางกอกฟลาวเออร์เซ็นเตอร์ จำกัด,10,10150,กรุงเทพมหานคร
7275,1167,พังงาไฮโดรฟาร์ม,82,82000,พังงา
7276,1166,ศูนย์วิจัยพืชสวนเชียงราย,57,57000,เชียงราย
7277,1165,บริษัท โทรคมนาคมแห่งชาติ จำกัด (มหาชน) จังหวัดตรัง,92,92000,ตรัง
7278,1164,บริษัท เอ็มเอสพี คอมพิวเตอร์ แอนด์ คอมมูนิเคชั่น จำกัด,21,21000,ระยอง
7279,1163,สถานีวิทยุโทรทัศน์กองทัพบก,10,10400,กรุงเทพมหานคร
7280,1162,บริษัท เดอะรีสอร์ท โฮเทล เน็ตเวิร์ค จำกัด,83,83000,ภูเก็ต
7281,1161,บริษัท เจริญโภคภัณฑ์อาหาร จำกัด (มหาชน)  ฟาร์ม จ.ตราด,23,23120,ตราด
7282,1160,โรงพยาบาลอุดรธานี,41,41000,อุดรธานี
7283,1159,บริษัท เซฟสกิน เมดดิคอล แอนด์ ไซเอนทิฟิก (ประเทศไทย) จำกัด,90,90120,สงขลา
7284,1158,บริษัท แอลทียู เอเชีย ทัวร์ จำกัด สาขาเกาะสมุย,84,84320,สุราษฎร์ธานี
7285,1157,บริษัท กรุงเทพโปรดิ๊วส์ จำกัด (มหาชน),10,10500,กรุงเทพมหานคร
7286,1156,บริษัท ช.การช่าง จำกัด (มหาชน),10,10400,กรุงเทพมหานคร
7287,1155,สถานีวิทยุโทรทัศน์แห่งประเทศไทย,10,10400,กรุงเทพมหานคร
7288,1154,การท่องเที่ยวแห่งประเทศไทย สำนักงานจังหวัดเชียงใหม่,50,50100,เชียงใหม่
7289,1153,บริษัท เจริญโภคภัณฑ์อาหาร จำกัด (มหาชน)  ฟาร์มปากพนัง,80,80140,นครศรีธรรมราช
7290,1152,บริษัท ไดนามิค ทรานสปอร์ต จำกัด,10,10400,กรุงเทพมหานคร
7291,1151,สำนักงานขายโรงแรมเดอะเมอร์ลินภูเก็ต,10,10330,กรุงเทพมหานคร
7292,1150,บริษัท ทีเอซี โอเชี่ยน เฟรท จำกัด,10,10330,กรุงเทพมหานคร
7293,1149,บริษัท ที แอนด์ ที ชิปปิ้ง จำกัด,10,10400,กรุงเทพมหานคร
7294,1148,บริษัท ที เอส โลจิสติกส์ จำกัด,10,10400,กรุงเทพมหานคร
7295,1147,บริษัท ที.เอส. ทรานสเรล จำกัด,10,10400,กรุงเทพมหานคร
7296,1146,บริษัท โฮยากลาสดิสท์ (ประเทศไทย) จำกัด,51,51000,ลำพูน
7297,1145,บริษัท ซี.พี - เมจิ จำกัด,10,10400,กรุงเทพมหานคร
7298,1144,บริษัท เอ็น แอนด์ เอ็น ฟอร์เวิร์ดดิ้ง เซอร์วิสเซส จำกัด,90,90110,สงขลา
7299,1143,บริษัท ไฮ - เทค ซิปเปอร์แบ็ก จำกัด,11,10290,สมุทรปราการ
7300,1142,ศูนย์เชี่ยวชาญเฉพาะทางด้านเทคโนโลยีชีวภาพทางทะเล ภาควิชาวิทยาศาสตร์ทางทะเล คณะวิทยาศาสตร์ จุฬาลงกรณ์มหาวิทยาลัย,10,10330,กรุงเทพมหานคร
7301,1141,บริษัท การบินกรุงเทพ จำกัด,10,10900,กรุงเทพมหานคร
7302,1140,บริษัท นูทริกซ์ จำกัด (มหาชน),24,24000,ฉะเชิงเทรา
7303,1139,สถาบันวิจัยศิลปะและวัฒนธรรมอีสาน มหาวิทยาลัยมหาสารคาม,44,44000,มหาสารคาม
7304,1138,บริษัท โกลบอลเอ็นไวรอนเมนทัล แมเนจเม้นท์ จำกัด,10,10230,กรุงเทพมหานคร
7305,1137,บริษัท นวกิจประกันภัย จำกัด (มหาชน)  สาขาสุราษฎร์ธานี,84,84000,สุราษฎร์ธานี
7306,1136,สำนักงานจัดการคุณภาพน้ำ  สำนักการระบายน้ำ  กรุงเทพมหานคร,10,10400,กรุงเทพมหานคร
7307,1135,องค์การส่งเสริมกิจการโคนมแห่งประเทศไทย จังหวัดสระบุรี,19,18180,สระบุรี
7308,1134,บริษัท คอสยามทรานสปอร์ต จำกัด,10,10500,กรุงเทพมหานคร
7309,1133,บริษัท เชียงใหม่แอดเวนเจอร์ จำกัด,50,50100,เชียงใหม่
7310,1132,สำนักงานเทศบาลเมืองหลังสวน,86,86110,ชุมพร
7311,1131,แสงประเสริฐฟาร์ม,81,81000,กระบี่
7312,1130,บริษัท เซฟสกิน คอร์ปอเรชั่น (ประเทศไทย) จำกัด,90,90230,สงขลา
7313,1129,บริษัท แอดวานซ์ ไทย เทสติ้ง จำกัด,10,10260,กรุงเทพมหานคร
7314,1127,บริษัท อิตาเลียนไทย ดีเวล๊อปเมนต์ จำกัด (มหาชน),10,10320,กรุงเทพมหานคร
7315,1126,บริษัท ยูโนแคลไทยแลนด์ จำกัด,90,90000,สงขลา
7316,1125,บริษัท อาร์เอส จำกัด (มหาชน),10,10900,กรุงเทพมหานคร
7317,1124,หจก.มีทติ้งแอนด์คอนเวนชั่นแพลนเนอร์,10,10110,กรุงเทพมหานคร
7318,1123,ศูนย์วิจัยทรัพยากรทางทะเลและชายฝั่งอ่าวไทยตอนกลาง,86,86000,ชุมพร
7319,1122,บริษัท ยูนิคซีโปรดักส์ จำกัด,20,20230,ชลบุรี
7320,1121,กองกำกับการ 6 กองบังคับการตำรวจท่องเที่ยว,11,10540,สมุทรปราการ
7321,1120,บริษัท สวัสดีอีโคทัวร์ จำกัด,50,50000,เชียงใหม่
7322,1119,โรงพยาบาลมหาสารคาม,44,44000,มหาสารคาม
7323,1118,สำนักงานนงนุชการบัญชี,56,56000,พะเยา
7324,1117,บริษัท ดิจิตอล เอเชีย คอนเซ็พท์ส จำกัด,10,10110,กรุงเทพมหานคร
7325,1116,บริษัท จีเอ็มเอ็มไทฮับ จำกัด,10,10110,กรุงเทพมหานคร
7326,1115,บริษัท ซีพี ออลล์ จำกัด (มหาชน),10,10500,กรุงเทพมหานคร
7327,1114,บริษัท เอสเอสโปรโมชั่นกรุ๊ป จำกัด,80,80000,นครศรีธรรมราช
7328,1113,บริษัท เลิฟอิส จำกัด,10,10110,กรุงเทพมหานคร
7329,1112,บริษัท ซี.พี.อินเตอร์ฟู้ด (ไทยแลนด์) จำกัด,10,10530,กรุงเทพมหานคร
7330,1111,บริษัท บุญรอดบริวเวอรี่ จำกัด,10,10300,กรุงเทพมหานคร
7331,1110,บริษัท จีเอ็มเอ็ม มีเดีย จำกัด (มหาชน),10,10110,กรุงเทพมหานคร
7332,1109,บริษัท เจริญโภคภัณฑ์อาหาร จำกัด (มหาชน),10,10500,กรุงเทพมหานคร
7333,1108,โรงพยาบาลภูเขียว,36,36110,ชัยภูมิ
7334,1107,บริษัท แวนการ์ด โลจิสติกส์ เซอร์วิสเซส (ประเทศไทย) จำกัด,10,10500,กรุงเทพมหานคร
7335,1106,บริษัท เพื่อนบ้านฐานสอง จำกัด,10,10230,กรุงเทพมหานคร
7336,1105,ศูนย์วิทยาศาสตร์ฮาลาล จุฬาลงกรณ์มหาวิทยาลัย,10,10330,กรุงเทพมหานคร
7337,1104,บริษัท เอส.ซี.ซี โฟรเซน ซีฟู้ด จำกัด,90,90000,สงขลา
7338,1103,บริษัท วีฟู๊ดผลิตภัณฑ์อาหาร จำกัด,24,24000,ฉะเชิงเทรา
7339,1102,บริษัท บรอดคาซท์ ไทย เทเลวิชั่น จำกัด,10,10320,กรุงเทพมหานคร
7340,1101,บริษัท พีเพิลมีเดีย จำกัด (SmartSME TV),10,10240,กรุงเทพมหานคร
7341,1100,บริษัท แพลทตินั่ม ครีเอชั่น จำกัด,10,10310,กรุงเทพมหานคร
7342,1099,ศูนย์ภาษาและวัฒนธรรมจีนสิรินธร  มหาวิทยาลัยแม่ฟ้าหลวง,57,57100,เชียงราย
7343,1098,บริษัท ไอแอม มาร์เก็ตติ้ง จำกัด,10,10500,กรุงเทพมหานคร
7344,1097,บริษัท ซี เค ชูส์ (ประเทศไทย) จำกัด,40,40000,ขอนแก่น
7345,1096,โรงพยาบาลสุรินทร์,32,32000,สุรินทร์
7346,1095,สำนักงานส่งเสริมการค้าระหว่างประเทศ  กรุงนิวเดลี,129,110057,อินเดีย
7347,1094,บริษัท ไอออนิค จำกัด,10,10700,กรุงเทพมหานคร
7348,1093,บริษัท เอ็ม ดี ซินเนอรีย์ จำกัด,10,10230,กรุงเทพมหานคร
7349,1092,บริษัท สมิหลา ไทมส์ จำกัด,90,90110,สงขลา
7350,1091,บริษัท ไอเดีย คอนเนคท จำกัด,10,10250,กรุงเทพมหานคร
7351,1090,บริษัท โปรมาสเตอร์ คราฟท์ อินเตอร์เนชั่นแนล จำกัด,10,10310,กรุงเทพมหานคร
7352,1089,ศูนย์วิจัยและพัฒนาประมงน้ำจืดสุราษฎร์ธานี,84,84130,สุราษฎร์ธานี
7353,1088,บริษัท คิงส์แพ็ค อินดัสเตรียล จำกัด,20,20000,ชลบุรี
7354,1087,บริษัท อิมพีเรียล อินดัสเตรียล เคมิคัลล์ (ประเทศไทย) จำกัด,13,12120,ปทุมธานี
7355,1086,สำนักพิมพ์หมอชาวบ้าน,10,10400,กรุงเทพมหานคร
7356,1085,ทีเคที อีโคทัวร์,10,10400,กรุงเทพมหานคร
7357,1084,บริษัท เอฟเทค ซีสเต็ม (ประเทศไทย) จำกัด,10,10330,กรุงเทพมหานคร
7358,1083,บริษัท พรีคาสท์แฟคทอรี่ จำกัด,10,10260,กรุงเทพมหานคร
7359,1082,โรงพยาบาลประจวบคีรีขันธ์,77,77000,ประจวบคีรีขันธ์
7360,1081,สถานีเพาะเลี้ยงสัตว์น้ำชายฝั่งจังหวัดตราด,23,23000,ตราด
7361,1080,สำนักงานสาธารณสุขจังหวัดกระบี่,81,81000,กระบี่
7362,1079,โรงพยาบาลปากพนัง,80,80140,นครศรีธรรมราช
7363,1078,บริษัท ดีพี สตูดิโอ จำกัด,10,10260,กรุงเทพมหานคร
7364,1077,โรงพยาบาลสตูล,91,91000,สตูล
7365,1076,บริษัท  อีเลคทรอนิคส์  ซอร์ซ จำกัด,10,10700,กรุงเทพมหานคร
7366,1075,หน่วยจัดการความรู้องค์กรการเงินชุมชน  มหาวิทยาลัยวลัยลักษณ์,80,80160,นครศรีธรรมราช
7367,1074,บริษัท 9406 เอ็ม  แอนด์ เอ็น  จำกัด,10,10250,กรุงเทพมหานคร
7368,1073,บริษัท เจเอ็มที พับลิชซิ่ง   จำกัด,10,10900,กรุงเทพมหานคร
7369,1072,บริษัท ซี เว็บ จำกัด,10,10110,กรุงเทพมหานคร
7370,1071,กลุ่มงานข้อมูลสารสนเทศและการสื่อสาร  สำนักงานจังหวัดภูเก็ต,83,83000,ภูเก็ต
7371,1070,บริษัท ฮอนด้าเฟาดรี (เอเชียน) จำกัด,30,30000,นครราชสีมา
7372,1069,บริษัท อินนิออส เอเชียติ๊ก เคมีภัณฑ์  จำกัด,11,10280,สมุทรปราการ
7373,1068,บริษัท พี.ยู. อินเตอร์ลอว์ จำกัด,10,10220,กรุงเทพมหานคร
7374,1067,บริษัท ฟาสซิโน จำกัด,73,73210,นครปฐม
7375,1066,บริษัท ไทยอินดัสเตรียล เอสเตท จำกัด (นิคมอุตสาหกรรมบ้านหว้า(ไฮเทค)),14,13160,พระนครศรีอยุธยา
7376,1065,โรงพยาบาลเทพธารินทร์,10,10110,กรุงเทพมหานคร
7377,1064,บริษัท บีอีซี-เทโร เอ็นเตอร์เทนเม้นท์ จำกัด (มหาชน),10,10110,กรุงเทพมหานคร
7378,1063,สำนักหอสมุด มหาวิทยาลัยบูรพา,20,20131,ชลบุรี
7379,1062,บริษัท เคเนส เอเชีย (ประเทศไทย) จำกัด,10,10260,กรุงเทพมหานคร
7380,1061,บริษัท ไดเร็คชั่น แพลน จำกัด,10,10400,กรุงเทพมหานคร
7381,1060,โรงพยาบาลเพชรบูรณ์,67,67000,เพชรบูรณ์
7382,1059,บริษัท ครีเอทีฟ อาคีเทคส์ จำกัด,10,10600,กรุงเทพมหานคร
7383,1058,บริษัท เคบีเอส แทรเวล แอนด์ อินเตอร์เทรด จำกัด,10,10240,กรุงเทพมหานคร
7384,1057,บริษัท บลูริบบินแอดเวอร์ไทซิ่ง จำกัด,10,10700,กรุงเทพมหานคร
7385,1056,บริษัท กรุงเทพธนาคม จำกัด,10,10330,กรุงเทพมหานคร
7386,1055,สำนักงานศาลยุติธรรมประจำภาค 8,84,84100,สุราษฎร์ธานี
7387,1054,กระทรวงการต่างประเทศ,10,10400,กรุงเทพมหานคร
7388,1053,สำนักงานส่งเสริมการค้าในต่างประเทศ ณ สิงคโปร์,105,238870,สิงคโปร์
7389,1052,บริษัท  เอกค้าไทย   จำกัด,10,10900,กรุงเทพมหานคร
7390,1051,บริษัท ปราชญ์ มิวสิค กรุ๊ป จำกัด,10,10320,กรุงเทพมหานคร
7391,1050,สถานีวิทยุกระจายเสียงแห่งประเทศไทย,10,10400,กรุงเทพมหานคร
7392,1049,บริษัท เอ็นไวร์เทค คอนซัลแต้นท์ จำกัด,10,10500,กรุงเทพมหานคร
7393,1048,บริษัท ทูริสโมเอเชีย จำกัด,84,84320,สุราษฎร์ธานี
7394,1047,บริษัท ทราฟฟิกคอร์นเนอร์โฮลดิ้งส์ จำกัด มหาชน,10,10320,กรุงเทพมหานคร
7395,1046,"A & V Accounting and Auditing  Co.,Ltd.",11,10130,สมุทรปราการ
7396,1044,สำนักงานพัฒนาการท่องเที่ยว,10,10330,กรุงเทพมหานคร
7397,1043,อุทยานประวัติศาสตร์พระนครศรีอยุธยา,14,19000,พระนครศรีอยุธยา
7398,1042,บริษัท คริสตอลซอฟแวร์แพ็คเกจ จำกัด,10,10240,กรุงเทพมหานคร
7399,1041,บริษัท ที.ยู.ดับบลิว เท็กไทล์ จำกัด,73,73120,นครปฐม
7400,1040,บริษัท  บริหารและพัฒนาเพื่อการอนุรักษ์สิ่งแวดล้อม จำกัด (มหาชน),10,10150,กรุงเทพมหานคร
7401,1039,บริษัท ภูเก็ต แอร์ไลน์ จำกัด,10,10120,กรุงเทพมหานคร
7402,1038,บริษัท เดสทิเนชั่น เอเชีย (ประเทศไทย) จำกัด,10,10900,กรุงเทพมหานคร
7403,1037,นิตยสาร NJ Magazine  บริษัท เนชั่นมัลติมีเดียกรุ๊ป จำกัด (มหาชน),10,10260,กรุงเทพมหานคร
7404,1036,บริษัท เหล็กแผ่นรีดเย็นไทย จำกัด (มหาชน),77,77140,ประจวบคีรีขันธ์
7405,1035,โรงพยาบาลอุทัยธานี,61,61000,อุทัยธานี
7406,1034,สหกรณ์โคนมหนองโพราชบุรี จำกัด,70,70120,ราชบุรี
7407,1033,บริษัทลากูน่า รีสอร์ท แอนด์ โฮเท็ล จำกัด (มหาชน)  (ฝ่ายการตลาด),83,83110,ภูเก็ต
7408,1032,บริษัท ยูอีอี เทคโนโลยี (ประเทศไทย) จำกัด,10,10260,กรุงเทพมหานคร
7409,1031,บริษัท ตรังทราเวิล แอนด์ อะเมซิ่งทราเวิล จำกัด,92,92000,ตรัง
7410,1030,โรงพยาบาลมิชชั่น,10,10300,กรุงเทพมหานคร
7411,1029,โรงพยาบาลศรีนครินทร์  คณะแพทยศาสตร์ มหาวิทยาลัยขอนแก่น,40,40002,ขอนแก่น
7412,1028,โรงพยาบาลสมเด็จพระบรมราชเทวี ณ ศรีราชา,20,20110,ชลบุรี
7413,1027,บริษัท ออพติมั่ม กรุ๊ป จำกัด,10,10110,กรุงเทพมหานคร
7414,1026,กรมพัฒนาธุรกิจการค้า,12,11000,นนทบุรี
7415,1025,สวนพฤกษศาสตร์สมเด็จพระนางเจ้าสิริกิติ์ องค์การสวนพฤกษศาสตร์,50,50180,เชียงใหม่
7416,1024,บริษัท อะแคว้ททิค พลาเนท เซ็นเตอร์(ประเทศไทย) จำกัด,30,30130,นครราชสีมา
7417,1023,บริษัท ดีทแฮล์มแทรเวิล(ประเทศไทย) จำกัด,84,84320,สุราษฎร์ธานี
7418,1022,องค์การเภสัชกรรม,10,10400,กรุงเทพมหานคร
7419,1021,บริษัท นารายณ์อินเตอร์ฟู้ด จำกัด,74,74000,สมุทรสาคร
7420,1020,โรงแรม เจดับบลิว แมริออท ภูเก็ต รีสอร์ท แอนด์ สปา,83,83110,ภูเก็ต
7421,1019,บริษัทอิมเมจ เอเชีย จำกัด,12,11000,นนทบุรี
7422,1018,บริษัท แพนโทส ลอจิสติกส์ (ประเทศไทย) จำกัด,10,10110,กรุงเทพมหานคร
7423,1017,มูลนิธิกระจกเงา จังหวัดเชียงราย,57,57100,เชียงราย
7424,1016,โรงพยาบาลวิภาราม,10,10250,กรุงเทพมหานคร
7425,1015,โรงพยาบาล บี.แคร์ เมดิคอลเซ็นเตอร์,10,10220,กรุงเทพมหานคร
7426,1014,ร.ร.ดอนสักผดุงวิทย์,84,84220,สุราษฎร์ธานี
7427,1013,บริษัท โปรซอฟท์ คอมเทค จำกัด,10,10240,กรุงเทพมหานคร
7428,1012,อุทยานประวัติศาสตร์ศรีสัชนาลัย,64,64190,สุโขทัย
7429,1011,บริษัทยูไนเต็ด แอนนาลิสต์ เอ็นจิเนียริงคอนซิสแตนท์จำกัด,10,10100,กรุงเทพมหานคร
7430,1010,บริษัท ซีดีจี ซิสเต็มส์ จำกัด,10,10120,กรุงเทพมหานคร
7431,1009,บริษัท ปัตตานีผลิตภัณฑ์อาหาร จำกัด,94,94000,ปัตตานี
7432,1008,โรงพยาบาลท่าศาลา,80,80160,นครศรีธรรมราช
7433,1007,โรงแรม เซ็นทาราอันดาเทวีรีสอร์ทและสปา กระบี่,81,81180,กระบี่
7434,1006,บริษัท ทัวร์ ออฟ สยาม จำกัด,10,10310,กรุงเทพมหานคร
7435,1005,บริษัท อัครโอฬาร (1996) จำกัด,20,20000,ชลบุรี
7436,1004,สถาบันนิติวิทยาศาสตร์ กระทรวงยุติธรรม,10,10210,กรุงเทพมหานคร
7437,1003,อุทยานวิทยาศาสตร์ประเทศไทย,13,12120,ปทุมธานี
7438,1002,ศูนย์เทคโนโลยีสารสนเทศและการสื่อสาร สำนักงานปลัดกระทรวงมหาดไทย,10,10200,กรุงเทพมหานคร
7439,1001,บริษัท บุ๊คพอยท์  จำกัด,10,10900,กรุงเทพมหานคร
7440,1000,บริษัท รามา ชูส์ อินดัสตรีส์ จำกัด,20,20000,ชลบุรี
7441,999,สำนักงานเทศบาลนครตรัง,92,92000,ตรัง
7442,998,โรงพยาบาลทุ่งสง,80,80110,นครศรีธรรมราช
7443,997,บริษัท บางกอกกรีน จำกัด,73,73220,นครปฐม
7444,996,กรมทรัพย์สินทางปัญญา,12,11000,นนทบุรี
7445,995,บริษัท ทีซีซี โฮเทล แอสเสท แมนเนจเม้นท์ จำกัด (โรงแรมอิมพีเรียลโบ๊ทเฮ้าส์บีชรีสอร์ท),84,84320,สุราษฎร์ธานี
7446,994,การท่องเที่ยวแห่งประเทศไทย สำนักงานพิษณุโลก,65,65000,พิษณุโลก
7447,993,โรงแรมอิมเพียน่า รีสอร์ท เกาะสมุย,84,84320,สุราษฎร์ธานี
7448,992,สำนักงานสิ่งแวดล้อมภาคที่ 14 สุราษฎร์ธานี,84,84000,สุราษฎร์ธานี
7449,991,บริษัท แปซิฟิค เวิลด์ (ประเทศไทย) จำกัด,83,83000,ภูเก็ต
7450,990,บริษัท เวชธานี จำกัด(มหาชน)  (โรงพยาบาลเวชธานี),10,10240,กรุงเทพมหานคร
7451,989,สำนักงานปลัดกระทรวงการท่องเที่ยวและกีฬา,10,10100,กรุงเทพมหานคร
7452,988,บริษัท ลากูน่า แกรนด์ จำกัด,83,83110,ภูเก็ต
7453,987,บริษัท รีเนาน์ เทคนิคอล จำกัด,10,10110,กรุงเทพมหานคร
7454,985,บริษัท เอส.พี.เอส อินเตอร์เทค จำกัด,24,24000,ฉะเชิงเทรา
7455,984,บริษัท กันตนา ออร์กาไนเซอร์ แอนด์ เมเนจเมนท์ จำกัด,10,10320,กรุงเทพมหานคร
7456,983,สถาบันเพิ่มผลผลิตแห่งชาติ,10,10400,กรุงเทพมหานคร
7457,982,บริษัท เอ็มบ็อกซ์ มัลติมีเดีย จำกัด,10,10320,กรุงเทพมหานคร
7458,981,โรแรมเซ็นทรัลสมุยบีชรีสอร์ท,84,84320,สุราษฎร์ธานี
7459,980,โรงแรมเซ็นทารา วิลล่า สมุย,84,84310,สุราษฎร์ธานี
7460,979,บริษัท สมุยซันไชน์ ฮอลิเดย์ ทัวร์ จำกัด,84,84320,สุราษฎร์ธานี
7461,978,บริษัท เอ.อาร์. อินฟอร์เมชัน แอนด์ พับลิเคชัน  จำกัด,10,10400,กรุงเทพมหานคร
7462,977,สำนักเลขาธิการนายกรัฐมนตรี,10,10300,กรุงเทพมหานคร
7463,976,บริษัท เจ.เอส.เค.ดิสทริบิวชั่น จำกัด,10,10230,กรุงเทพมหานคร
7464,975,โรงแรมอินเตอร์คอนติเนนตัล เกาะสมุย รีสอร์ท,84,84140,สุราษฎร์ธานี
7465,974,บริษัท การบินไทย จำกัด (มหาชน) สำนักงานภูเก็ต,83,83000,ภูเก็ต
7466,973,ศูนย์วิจัยและบำรุงพันธุ์สัตว์ลำพญากลาง,16,15190,ลพบุรี
7467,972,บริษัท ไอส์แลนด์ ซาฟารี จำกัด,83,83000,ภูเก็ต
7468,971,บริษัท ไทคิชา (ประเทศไทย) จำกัด,10,10500,กรุงเทพมหานคร
7469,970,บริษัท ดี.ที.ซี. เอ็นเตอร์ไพรส์ จำกัด,10,10260,กรุงเทพมหานคร
7470,969,บริษัท สามารถคอมมิวนิเคชั่นเซอร์วิส จำกัด,10,10900,กรุงเทพมหานคร
7471,968,โรงแรมเฉวงรีเจ้นท์ บีช รีสอร์ท,84,84320,สุราษฎร์ธานี
7472,967,บริษัท ทริส คอร์ปอเรชั่น จำกัด,10,10500,กรุงเทพมหานคร
7473,966,สำนักงานเศรษฐกิจการเกษตร,10,10900,กรุงเทพมหานคร
7474,965,บริษัท ซี.พี. เกษตรอุตสาหกรรม จำกัด,84,84000,สุราษฎร์ธานี
7475,964,บริษัท ไดสตาร์อิเลคทริค คอร์ปอเรชั่น จำกัด,21,,ระยอง
7476,963,บริษัท ไซเบส โซลูชั่น คอร์ปอเรชั่น (ประเทศไทย) จำกัด,10,10900,กรุงเทพมหานคร
7477,962,บริษัท คาร์พีเดียม คอนซัลท์ติ้ง จำกัด,10,10110,กรุงเทพมหานคร
7478,961,บริษัท เด็มโก้ จำกัด,10,10220,กรุงเทพมหานคร
7479,960,บริษัท เอเทคคอมพิวเตอร์แมนูแฟคเจอริ่ง จำกัด,14,13160,พระนครศรีอยุธยา
7480,959,บริษัท เอเทคคอมพิวเตอร์ จำกัด,10,10400,กรุงเทพมหานคร
7481,958,บริษัท อัลมาธา ซีดส์ จำกัด,57,57180,เชียงราย
7482,957,บริษัท ทรูมูฟ จำกัด (สำนักงานภาคใต้ตอนล่าง),90,90110,สงขลา
7483,956,บริษัท ซีเมนส์ จำกัด,10,10310,กรุงเทพมหานคร
7484,955,สำนักงานนโยบายและยุทธศาสตร์การค้า กระทรวงพาณิชย์ กองสารสนเทศและดัชนีเศรษฐกิจการค้า,12,11000,นนทบุรี
7485,954,,80,80000,นครศรีธรรมราช
7486,953,สำนักพัฒนาธุรกิจสหกรณ์  กรมส่งเสริมสหกรณ์,10,10200,กรุงเทพมหานคร
7487,952,บริษัท ทศท คอร์ปอเรชั่น จำกัด (มหาชน),10,10210,กรุงเทพมหานคร
7488,951,สำนักหอสมุดกลาง  มหาวิทยาลัยรามคำแหง,10,10240,กรุงเทพมหานคร
7489,950,บริษัท เอเชียบิส เน็ตเวอร์คส จำกัด,10,10250,กรุงเทพมหานคร
7490,949,บริษัท มาลีบู บีช รีสอร์ท จำกัด,84,84320,สุราษฎร์ธานี
7491,948,สำนักงานปลัดกระทรวงเทคโนโลยีสารสนเทศและการสื่อสาร,10,10210,กรุงเทพมหานคร
7492,947,บริษัท เพาเวอร์ไลน์  เอ็นจิเนียริ่ง จำกัด (มหาชน),10,10260,กรุงเทพมหานคร
7493,946,บริษัท แบงคอคซิสเท็มแอนด์ซอฟแวร์ จำกัด,10,10110,กรุงเทพมหานคร
7494,945,บริษัท ยิบอินซอย จำกัด,10,10500,กรุงเทพมหานคร
7495,944,บริษัท ไฟน์ อินโฟ จำกัด,13,12000,ปทุมธานี
7496,943,ศูนย์สารสนเทศ  กรมปศุสัตว์,10,10400,กรุงเทพมหานคร
7497,942,บริษัท แมเนเจอร์ มีเดียกรุ๊ป จำกัด (มหาชน)  /หนังสือพิมพ์ผู้จัดการรายวัน,10,10200,กรุงเทพมหานคร
7498,941,บริษัท แอลจี ศรีไทย อินโฟคอม (ประเทศไทย) จำกัด,24,24130,ฉะเชิงเทรา
7499,940,บริษัท โพเวลอุตสาหกรรมคอมพิวเตอร์ จำกัด,10,10320,กรุงเทพมหานคร
7500,939,บริษัท โชคนำชัย ออโต้เพรสซิ่ง จำกัด,72,72150,สุพรรณบุรี
7501,938,บริษัท วิทยุการบินแห่งประเทศไทย จำกัด,10,10120,กรุงเทพมหานคร
7502,937,บริษัท โชคชัยพืชผล จำกัด และในเครือ,10,10500,กรุงเทพมหานคร
7503,936,บริษัท โปรลิ้งค์ อินเตอร์เนชั่นแนล จำกัด,10,10400,กรุงเทพมหานคร
7504,935,บริษัท ไมโครชิพ เทคโนโลยี ไทยแลนด์ จำกัด,24,24000,ฉะเชิงเทรา
7505,934,สำนักงานชัยมณีทนายความและการบัญชี,10,10220,กรุงเทพมหานคร
7506,933,บริษัท โปรซอฟท์ คอมเทค จำกัด,10,10240,กรุงเทพมหานคร
7507,932,บริษัท ฟาบริเนท จำกัด,13,12130,ปทุมธานี
7508,931,โรงพยาบาลมหาราชนครศรีธรรมราช กลุ่มงานอาชีวเวชกรรม,80,80000,นครศรีธรรมราช
7509,930,บริษัท ผลไม้กระป๋องสยาม (1988) จำกัด,77,77120,ประจวบคีรีขันธ์
7510,929,บริษัท ลีพัฒนาผลิตภัณฑ์ จำกัด (มหาชน),10,10500,กรุงเทพมหานคร
7511,928,บริษัท นิว เอ็น.ซี. ทรานส์ชิปปิ้ง แอนด์ เทรดดิ้ง จำกัด,90,90110,สงขลา
7512,927,บริษัท โหงวฮกเอเยนซี่ จำกัด,10,10120,กรุงเทพมหานคร
7513,926,บริษัท ยูไนเต็ด ไทย ชิปปิ้ง จำกัด,10,10330,กรุงเทพมหานคร
7514,925,สำนักงานเลขาธิการสภาผู้แทนราษฎร,10,10300,กรุงเทพมหานคร
7515,924,บริษัท ไทยชิปปิ้ง จำกัด,10,10110,กรุงเทพมหานคร
7516,923,เฟิร์สฟาร์ม (คุณอานนท์  หีดแก้ว),83,83110,ภูเก็ต
7517,922,ศูนย์ส่งออกปลาสวยงามและพรรณไม้น้ำ,13,12120,ปทุมธานี
7518,921,ศูนย์วิจัยอาหารสัตว์น้ำชายฝั่ง  จ.เพชรบุรี สถาบันวิจัยอาหารสัตว์น้ำชายฝั่ง,76,76100,เพชรบุรี
7519,920,บริษัท สมาพันธ์โฮมโปรดักส์ จำกัด /  สมาพันธ์ฟาร์ม,21,21000,ระยอง
7520,919,สำนักงานสลากกินแบ่งรัฐบาล,10,10200,กรุงเทพมหานคร
7521,918,บริษัท สกายเอ็กซิทส์ จำกัด,10,10310,กรุงเทพมหานคร
7522,917,บริษัท อินเบรดดีพี จำกัด,83,83110,ภูเก็ต
7523,916,บริษัท เจริญโภคภัณฑ์ จำกัด -ธุรกิจสุกร (ฟาร์มจอมทอง),10,10120,กรุงเทพมหานคร
7524,915,,10,10240,กรุงเทพมหานคร
7525,914,บริษัท สเตรททิจิก โซลูชั่น อินเตอร์เนชั่นแนล จำกัด,10,10230,กรุงเทพมหานคร
7526,913,บริษัท ซีฟโก้ จำกัด (มหาชน),10,10510,กรุงเทพมหานคร
7527,912,ศูนย์ควบคุมการบินหาดใหญ่  บริษัท วิทยุการบินแห่งประเทศไทย จำกัด,90,90115,สงขลา
7528,911,วิทยาลัยพยาบาลตำรวจ,10,10330,กรุงเทพมหานคร
7529,910,สำนักงานสอบบัญชี ซี แอนด์ เอ,10,10120,กรุงเทพมหานคร
7530,909,บริษัท ห้างสรรพสินค้าโรบินสัน จำกัด (มหาชน),10,10310,กรุงเทพมหานคร
7531,908,บริษัท มีทู โปรดักชั่น จำกัด,10,10310,กรุงเทพมหานคร
7532,907,บริษัท แกรมมี่ แกรนด์ จำกัด,10,10110,กรุงเทพมหานคร
7533,906,พิพิธภัณฑ์และหอจดหมายเหตุ  สำนักการประชาสัมพันธ์ กรมประชาสัมพันธ์,10,10400,กรุงเทพมหานคร
7534,905,บริษัท โชติวัฒน์อุตสาหกรรมการผลิต จำกัด,90,90110,สงขลา
7535,904,นิตยสารเนเจอร์ เอ็กซ์พลอเรอร์,10,10240,กรุงเทพมหานคร
7536,903,บริษัท บ้านหมีของเรา จำกัด,10,10110,กรุงเทพมหานคร
7537,902,สถานีวิทยุองค์การสื่อสารมวลชนแห่งประเทศไทย จ.ยะลา,95,95000,ยะลา
7538,901,การไฟฟ้าฝ่ายผลิตแห่งประเทศไทย  เขื่อนบางลาง,95,95130,ยะลา
7539,900,บริษัท สหฟาร์ม จำกัด (ลพบุรี),16,15120,ลพบุรี
7540,899,บริษัท เอส.ซี. โชคูฮิน จำกัด,90,90280,สงขลา
7541,898,บริษัท เซ็นทรัล วัตสัน จำกัด,10,10110,กรุงเทพมหานคร
7542,897,,73,,นครปฐม
7543,896,บริษัท ไทยฟิชฟาร์ม จำกัด,13,12120,ปทุมธานี
7544,895,บริษัท ทีแอนด์ไอที แมเนจเม้นท์ จำกัด,10,10900,กรุงเทพมหานคร
7545,894,ห้างหุ้นส่วนจำกัด นครดี.ซี,80,80000,นครศรีธรรมราช
7546,893,บริษัท พงษ์ศักดิ์การเกษตร จำกัด,20,22000,ชลบุรี
7547,892,บริษัท ฟาร์มไก่พันธุ์ซิกม่า จำกัด,19,18110,สระบุรี
7548,891,บริษัท ฟาร์มกรุงเทพ จำกัด,10,10260,กรุงเทพมหานคร
7549,890,"AUTO - ID PRO Co.,Ltd",10,10110,กรุงเทพมหานคร
7550,889,บริษัท ไทยยูเนี่ยนฟีดมิลล์ จำกัด,74,74000,สมุทรสาคร
7551,888,โรงแรม พิมาลัย รีสอร์ท แอนด์ สปา,81,81150,กระบี่
7552,887,บริษัท สามารถอินโฟมีเดีย จำกัด,12,11120,นนทบุรี
7553,886,บริษัท เมดิเทรดอินเตอร์เนชั่นแนล จำกัด,10,10400,กรุงเทพมหานคร
7554,885,บริษัท คอมฟอร์ทต้า จำกัด,10,10120,กรุงเทพมหานคร
7555,884,บริษัท โปรเจคเทอร์มินัล เอเชีย จำกัด,10,10120,กรุงเทพมหานคร
7556,883,บริษัท ซึทาญ่า (ประเทศไทย) จำกัด,10,10120,กรุงเทพมหานคร
7557,882,ไร่ไชยสาส์น,19,18140,สระบุรี
7558,881,ศูนย์ส่งเสริมการเกษตรที่สูงจังหวัดเชียงราย,57,57000,เชียงราย
7559,880,ฟาร์มกล้วยไม้  คุณไตร  ปริปุณณานนท์,73,73120,นครปฐม
7560,879,บริษัท พันธุ์สุกรไทย - เดนมาร์ค จำกัด (มหาชน) สาขา ฟาร์มลาดตะเคียน,25,25110,ปราจีนบุรี
7561,878,บริษัท เอส.พี.เอ.คอมพิวเตอร์ จำกัด (PLUG AND PLAY),80,80000,นครศรีธรรมราช
7562,877,สถานเอกอัครราชทูต ณ กรุงปักกิ่ง,103,,จีน
7563,876,ลูลู่ แอนด์ เดซี่ โก้ท ฟาร์ม,20,20150,ชลบุรี
7564,875,บริษัท เอด้าซอฟท์ จำกัด,10,10310,กรุงเทพมหานคร
7565,874,บริษัท เอก-ชัย ดีสทริบิวชั่น ซิสเทม จำกัด (เทสโก้ โลตัส สาขาภูเก็ต),83,83000,ภูเก็ต
7566,873,โรงพยาบาลสงขลา,90,90100,สงขลา
7567,872,การท่องเที่ยวแห่งประเทศไทย ภาคกลาง เขต 3,20,20260,ชลบุรี
7568,871,บริษัท เวสเทิร์น ดิจิตอล (ประเทศไทย) จำกัด นิคมอุตสาหกรรมบางปะอิน,14,13160,พระนครศรีอยุธยา
7569,870,บริษัท เวสเทิร์น ดิจิตอล (ประเทศไทย) จำกัด,13,12120,ปทุมธานี
7570,869,บริษัท เฟรซมีท โพรเซสซิ่ง จำกัด,73,73120,นครปฐม
7571,868,,50,50000,เชียงใหม่
7572,867,คำนวณเนอร์สเซอรี่ ภูเรือ,42,42160,เลย
7573,866,บริษัท พันธุ์กุ้งสากล จำกัด สาชาฉะเชิงเทรา,24,24140,ฉะเชิงเทรา
7574,865,บริษัท โฮมโปรดักส์ เซ็นเตอร์ จำกัด (มหาชน) สาขาหาดใหญ่,90,90110,สงขลา
7575,864,บริษัท เอ็น.ซี เฮ้าส์ซิ่ง จำกัด (มหาชน),13,12130,ปทุมธานี
7576,863,โรงพยาบาลตำรวจ,10,10330,กรุงเทพมหานคร
7577,862,ททท. ภาคเหนือ เขต 2,57,57000,เชียงราย
7578,861,,10,10310,กรุงเทพมหานคร
7579,860,บริษัท เอ็มเวฟ มาร์เก็ตติ้ง จำกัด,10,11140,กรุงเทพมหานคร
7580,859,บริษัท อินเตอร์เนต บิซิเนส เน็ตเวอค จำกัด,10,10260,กรุงเทพมหานคร
7581,858,บริษัท พริส แอนด์ พีช จำกัด,10,10120,กรุงเทพมหานคร
7582,857,บริษัท เซ็นทรัล รีเทล คอร์ปอเรชั่น จำกัด (มหาชน),10,10230,กรุงเทพมหานคร
7583,856,บริษัท พลัส พร็อพเพอร์ตี้ พาร์ทเนอร์ จำกัด,10,10110,กรุงเทพมหานคร
7584,855,บริษัท เค้นท์ฟอร์ดแมชินเนอรี่ จำกัด,10,10400,กรุงเทพมหานคร
7585,854,หจก. เชียงใหม่ดิสคัฟเวอร์รี่ทัวร์ส (1988),50,50100,เชียงใหม่
7586,853,มูลนิธิโครงการหลวง,50,50200,เชียงใหม่
7587,852,สำนักงานเทศบาลเมืองชุมพร,86,86000,ชุมพร
7588,851,สำนักงานเทศบาลเมืองปราจีนบุรี,25,25000,ปราจีนบุรี
7589,850,โรงพยาบาลเจ้าพระยาอภัยภูเบศร์,25,25000,ปราจีนบุรี
7590,849,ศูนย์วิจัยและทดสอบพันธุ์สัตว์น้ำเพชรบุรี,76,76100,เพชรบุรี
7591,848,สหกรณ์ผู้เลี้ยงสัตว์น้ำยะหริ่ง จำกัด,94,94150,ปัตตานี
7592,847,บริษัท บิ๊กซี ซูเปอร์เซ็นเตอร์ จำกัด (มหาชน) สาขาหาดใหญ่,90,90110,สงขลา
7593,846,สโมสรฟุตบอลเชียงรายยูไนเต็ด,57,57100,เชียงราย
7594,845,บริษัท  รีเทลลิงค์ (ไทยแลนด์) จำกัด,10,10500,กรุงเทพมหานคร
7595,844,บริษัท เดอะพร็อพเพอร์ตี้ เจอนัล จำกัด,10,10320,กรุงเทพมหานคร
7596,843,บริษัท ไซแอนติฟิคโปรโมชั่น จำกัด,10,10260,กรุงเทพมหานคร
7597,842,สำนักงานจังหวัดสุราษฎร์ธานี,84,84000,สุราษฎร์ธานี
7598,841,บริษัท ซีดส์ เทค มาร์เก็ตติ้ง จำกัด,10,10230,กรุงเทพมหานคร
7599,840,บริษัท ยูไนเต็ดฟีดดิ้ง จำกัด,30,30130,นครราชสีมา
7600,839,บริษัท เน็ต-คอม โปรเฟสชั่นเนล จำกัด,10,10310,กรุงเทพมหานคร
7601,838,บริษัท ซอสพริกไทยรุ่งเรือง จำกัด,74,74000,สมุทรสาคร
7602,837,บริษัท เอส. พี. เอส. โคออฟเพอเรท จำกัด,24,24000,ฉะเชิงเทรา
7603,836,บริษัท อีเกิลส์ แอร์แอนด์ซี (ประเทศไทย) จำกัด,10,10220,กรุงเทพมหานคร
7604,835,,80,80000,นครศรีธรรมราช
7605,834,เขตอุตสาหกรรมซอฟต์แวร์ประเทศไทย,12,11120,นนทบุรี
7606,833,บริษัท แมงป่อง จำกัด (มหาชน),10,10140,กรุงเทพมหานคร
7607,832,บริษัท ไทย แอร์พอร์ตส์ กราวด์ เซอร์วิสเซส จำกัด,11,10540,สมุทรปราการ
7608,831,การท่องเที่ยวแห่งประเทศไทย สำนักงานเกาะสมุย,84,84140,สุราษฎร์ธานี
7609,830,สำนักงานสอบบัญชีสุพัฒน์,10,10260,กรุงเทพมหานคร
7610,829,บริษัท ซินโดม อิเลคทรอนิคส์ อินดัสตรี จำกัด,10,10140,กรุงเทพมหานคร
7611,828,โรงพยาบาลชุมพรเขตรอุดมศักดิ์,86,86000,ชุมพร
7612,827,บริษัท ยูนิซีส ประเทศไทย จำกัด,10,10500,กรุงเทพมหานคร
7613,826,บริษัท ธิงค์แลบ เท็คโนโลยี จำกัด,10,10110,กรุงเทพมหานคร
7614,825,บริษัท รีไซเคิลคอนเซ็พท์ จำกัด,10,10120,กรุงเทพมหานคร
7615,824,บริษัท ที. ซี. ซี.  แลนด์  จำกัด,10,10500,กรุงเทพมหานคร
7616,823,บริษัท ทีทีแอนด์ที จำกัด (มหาชน) สาขาสุราษฎร์ธานี,84,84000,สุราษฎร์ธานี
7617,822,บริษัท ไทยสมาร์ทคาร์ด จำกัด,10,10500,กรุงเทพมหานคร
7618,821,สำนักงานเทศบาลตำบลกาญจนดิษฐ์,84,84160,สุราษฎร์ธานี
7619,820,บริษัท อินโฟลิสท์ จำกัด,10,10100,กรุงเทพมหานคร
7620,819,บริษัท เจ เอ็ม ที พับลิชชิ่ง จำกัด,10,10500,กรุงเทพมหานคร
7621,818,หจก. ทรีโอครีเอชั่น,90,90110,สงขลา
7622,817,บริษัท บุ๊ค โปรโมชั่น แอนด์ เซอร์วิส จำกัด,10,10240,กรุงเทพมหานคร
7623,816,บริษัท เอส.ซี. การบัญชีและที่ปรึกษาธุรกิจ (1995) จำกัด,10,10700,กรุงเทพมหานคร
7624,815,บริษัท จีเอ็มเอ็ม แกรมมี่ จำกัด (มหาชน),10,10110,กรุงเทพมหานคร
7625,814,บริษัท เอ็ม เอ พี  ออดิติ้ง จำกัด,10,10120,กรุงเทพมหานคร
7626,813,บริษัท สยามซีเนเตอร์ จำกัด กรุงเทพมหานคร,10,10260,กรุงเทพมหานคร
7627,812,สำนักงานสถิติแห่งชาติ,10,10210,กรุงเทพมหานคร
7628,811,บริษัท บอร์น แอนด์ แอสโซซิเอทด์ จำกัด,10,10320,กรุงเทพมหานคร
7629,810,ศูนย์เทคโนโลยีโลหะและวัสดุแห่งชาติ,13,12120,ปทุมธานี
7630,809,Global Concerns Company Limited,10,10500,กรุงเทพมหานคร
7631,808,บริษัท ไทยสปินนิ่ง กรุ๊ป จำกัด,12,11110,นนทบุรี
7632,807,บริษัท ดีบีเอ็มที จำกัด,10,10600,กรุงเทพมหานคร
7633,806,สำนักงานเศรษฐกิจการคลัง  กระทรวงการคลัง,10,10400,กรุงเทพมหานคร
7634,805,บริษัท เดฟฟิเนทลี คอร์ปปอเรชั่น จำกัด,10,10110,กรุงเทพมหานคร
7635,804,บริษัท อินโฟโทรนิคส์ จำกัด,12,11120,นนทบุรี
7636,803,บริษัท สแปนชั่น (ไทยแลนด์) จำกัด,12,11120,นนทบุรี
7637,802,บริษัท แพลทตินั่ม ซิสเต็มส์ จำกัด,10,10120,กรุงเทพมหานคร
7638,801,บริษัท ฟินไลน์ จำกัด,10,10320,กรุงเทพมหานคร
7639,800,สำนักงานพัฒนาเศรษฐกิจและสังคมภาคใต้,90,90000,สงขลา
7640,799,โรงพยาบาลนราธิวาสราชนครินทร์,96,96000,นราธิวาส
7641,798,บริษัท เน็ทวัน เน็ทเวิร์ค โซลูชั่น จำกัด,10,10400,กรุงเทพมหานคร
7642,797,,13,12120,ปทุมธานี
7643,796,บริษัท เบียร์ทิพย์ บริวเวอรี่ (1991) จำกัด,14,13250,พระนครศรีอยุธยา
7644,795,บริษัท โรงสีเอกไรซ์ จำกัด,12,11110,นนทบุรี
7645,794,หจก.วัฒนาปลาป่นขนอม,80,80210,นครศรีธรรมราช
7646,793,บริษัท เอ็นจีเนียริง แมททีเรียล เซอร์วิส จำกัด,10,10110,กรุงเทพมหานคร
7647,792,บริษัท ที.ซี.ซี เทคโนโลยี จำกัด,10,10500,กรุงเทพมหานคร
7648,791,บริษัท โทรคมนาคมแห่งชาติ (จำกัด) มหาชน,10,10210,กรุงเทพมหานคร
7649,790,บริษัท ทีทีแอนด์ที จำกัด (มหาชน),10,10320,กรุงเทพมหานคร
7650,789,บริษัทหลักทรัพย์ ภัทร จำกัด (มหาชน),10,10310,กรุงเทพมหานคร
7651,788,บริษัท ฮีโน่ คอมพิวเตอร์ ซิสเท็มส์ (ประเทศไทย)  จำกัด,10,10210,กรุงเทพมหานคร
7652,787,บริษัท ซอฟท์ แฟคทอรี่ จำกัด,10,10330,กรุงเทพมหานคร
7653,786,บริษัท ไมโครชิพ เทคโนโลยี (ไทยแลนด์) จำกัด,24,24000,ฉะเชิงเทรา
7654,785,บริษัท แฟลชเวิร์ค ทีม คอนซัลติ้ง จำกัด,10,10110,กรุงเทพมหานคร
7655,784,บริษัท เวิลด์เมดิก คอร์ปอเรชั่น อิงค์ จำกัด,10,10900,กรุงเทพมหานคร
7656,783,บริษัท เอ็มโฟกัส จำกัด,10,10900,กรุงเทพมหานคร
7657,782,กระทรวงดิจิทัลเพื่อเศรษฐกิจและสังคม,10,10210,กรุงเทพมหานคร
7658,781,บริษัท  สยามเน็ทเวอร์ค แอนด์ คอมพิวเตอร์ จำกัด,10,10900,กรุงเทพมหานคร
7659,780,บริษัท สยามเวบ จำกัด (มหาชน),10,10110,กรุงเทพมหานคร
7660,779,บริษัท ไออีซี อินเทอร์เน็ต จำกัด,10,10400,กรุงเทพมหานคร
7661,778,บริษัท แอดวานซ์เนตโซลูชั่น (ประเทศไทย) จำกัด,10,10110,กรุงเทพมหานคร
7662,777,บริษัท สหวิริยาสตีลอินดัสตรี จำกัด (มหาชน),77,77140,ประจวบคีรีขันธ์
7663,776,บริษัท โซลูชั่น คอนเนอร์ (1998) จำกัด,10,10900,กรุงเทพมหานคร
7664,775,โรงพยาบาลราชวิถี,10,10400,กรุงเทพมหานคร
7665,774,บริษัท บางกอกเทเลคอม จำกัด,10,10110,กรุงเทพมหานคร
7666,773,บริษัท อะคูเท็คท์ จำกัด,10,10110,กรุงเทพมหานคร
7667,772,บริษัท ไทยทราโฟแมนูแฟคเจอริ่ง จำกัด,21,21110,ระยอง
7668,771,มหาวิทยาลัยสุรนารี (ดร.ธวัชชัย  ทีฑชุนหเถียร),30,30000,นครราชสีมา
7669,770,บริษัท คาร์ลสเบอร์ก บริวเวอรี่ (ประเทศไทย) จำกัด,14,13170,พระนครศรีอยุธยา
7670,769,บริษัท พันธุ์กุ้งสากล จำกัด,83,83110,ภูเก็ต
7671,768,"The Cargo Express (Thailand) Co.,Ltd.",10,10250,กรุงเทพมหานคร
7672,767,บริษัท สัปปะรดไทย จำกัด (มหาชน),77,77210,ประจวบคีรีขันธ์
7673,766,บริษัท อีส แอม อาร์ จำกัด,10,10110,กรุงเทพมหานคร
7674,765,บริษัท โปรคิว จำกัด,10,10500,กรุงเทพมหานคร
7675,764,ศูนย์วิทยบริการ มหาวิทยาลัยวลัยลักษณ์ จ.สุราษฎร์ธานี,84,84000,สุราษฎร์ธานี
7676,763,บริษัท อินเทคค์ฟีด จำกัด,74,74000,สมุทรสาคร
7677,762,สำนักงานบัญชีและทนายความดวงเดือนและเพื่อน,10,10240,กรุงเทพมหานคร
7678,761,บริษัท ศรีตรังโกลฟส์ ประเทศไทย จำกัด (มหาชน),90,90230,สงขลา
7679,760,สถาบันวิจัยวิทยาศาสตร์สาธารณสุข    กรมวิทยาศาสตร์การแพทย์,12,11000,นนทบุรี
7680,759,บริษัท ไทยน้ำทิพย์ จำกัด,10,10240,กรุงเทพมหานคร
7681,758,อุทยานหินล้านปีและฟาร์มจระเข้พัทยา,20,20150,ชลบุรี
7682,757,ศูนย์วิจัยและพัฒนาประมงชายฝั่งประจวบคีรีขันธ์,77,77000,ประจวบคีรีขันธ์
7683,756,PC ฟาร์ม,92,92000,ตรัง
7684,755,อานนท์แฮทเชอรี่,82,82140,พังงา
7685,754,ชมรมผู้เลี้ยงกุ้งกุลาดำ อ.กันตัง,92,92110,ตรัง
7686,753,สุรีรัตน์ฟาร์ม,22,22130,จันทบุรี
7687,752,สถานีเพาะเลี้ยงสัตว์น้ำชายฝั่งปัตตานี,94,94150,ปัตตานี
7688,751,ศูนย์ส่งเสริมการท่องเที่ยวเชิงเกษตรสวัสดีการ์เดน,10,10510,กรุงเทพมหานคร
7689,750,บริษัท มอนซานโต้ ไทยแลนด์ จำกัด,10,10900,กรุงเทพมหานคร
7690,749,บริษัท เบทาโกรเกษตรอุตสาหกรรมจำกัด สำนักงานสุราษฎร์ธานี,84,84000,สุราษฎร์ธานี
7691,748,บริษัท เจริญโภคภัณฑ์อาหาร จำกัด (มหาชน)   น้ำน้อย,90,90110,สงขลา
7692,747,บริษัท โรงแรมเซ็นทรัลพลาซา จำกัด (มหาชน),10,10900,กรุงเทพมหานคร
7693,746,บริษัท วราไมโครเซอร์คิท จำกัด,11,10540,สมุทรปราการ
7694,745,บริษัท กรรณิการ์การบัญชี จำกัด,90,90110,สงขลา
7695,744,บริษัท เอ็มบีเอส การบัญชี จำกัด,10,10600,กรุงเทพมหานคร
7696,743,สำนักงานการตรวจบัญชีสหกรณ์ระนอง  กรมตรวจบัญชีสหกรณ์  กระทรวงเกษตรและสหกรณ์,85,85000,ระนอง
7697,742,โรงพยาบาลศูนย์ยะลา,95,95000,ยะลา
7698,741,บริษัท เค เอส ซี คอมเมอร์เชียล อินเตอร์เนต จำกัด สาขาหาดใหญ่,90,90110,สงขลา
7699,740,โรงแรม เอ้าท์ริกเกอร์ ลากูน่า ภูเก็ต บีช รีสอร์ท,83,83110,ภูเก็ต
7700,739,โรงแรม เซ็นทารา หาดใหญ่,90,90110,สงขลา
7701,738,สำนักงานสมควรการบัญชีและภาษีอากร,83,83000,ภูเก็ต
7702,737,บริษัท คิว.เอ.ออดิททีม จำกัด,12,11110,นนทบุรี
7703,736,บริษัท บาลานซ์ ทราเวล จำกัด,10,10240,กรุงเทพมหานคร
7704,735,บริษัท ฟลอร่า เซียนฮุ้ย (ประเทศไทย) จำกัด,57,57000,เชียงราย
7705,734,โรงพยาบาลพุทธชินราช พิษณุโลก,65,65000,พิษณุโลก
7706,733,ฝ่ายคุณภาพสิ่งแวดล้อมและห้องปฎิบัติการ  กรมควบคุมมลพิษ,10,10400,กรุงเทพมหานคร
7707,732,สถานีวิทยุกระจายเสียงแห่งประเทศไทยอำเภอทุ่งสง จังหวัดนครศรีธรรมราช,80,80110,นครศรีธรรมราช
7708,731,บริษัท สิทธินันท์ จำกัด,13,12140,ปทุมธานี
7709,730,บริษัท แคปปิตอลฟู้ดเทรด จำกัด,10,10600,กรุงเทพมหานคร
7710,729,สำนักงานสอบบัญชี เอ็ม เอ ที,90,90110,สงขลา
7711,728,สำนักงานเทศบาลนครขอนแก่น,40,40000,ขอนแก่น
7712,727,บริษัท เฟอร์เชอร์ วิชชั่น จำกัด,10,10230,กรุงเทพมหานคร
7713,726,บริษัท ไวต้าฟู้ด แฟคทอรี่ (1989) จำกัด,71,71130,กาญจนบุรี
7714,725,สำนักงานเทศบาลนครลำปาง,52,52100,ลำปาง
7715,724,บริษัท อีสเทิร์นมีเดียโซลูชั่น(ประเทศไทย) จำกัด,21,21150,ระยอง
7716,723,อุทยานแห่งชาติหาดขนอม-หมู่เกาะทะเลใต้,80,80210,นครศรีธรรมราช
7717,722,บริษัท เอเอ็นเอส บิซิเนส คอนซัลแทนส์ จำกัด,10,10900,กรุงเทพมหานคร
7718,721,โรงแรมรอยัล ภูเก็ต ซิตี้,83,83000,ภูเก็ต
7719,720,บริษัท แกรมมี่เทเลวิชั่น จำกัด,10,10110,กรุงเทพมหานคร
7720,719,อุทยานแห่งชาติหมู่เกาะระ-เกาะพระทอง,82,82150,พังงา
7721,718,บริษัท ลีไทยอาหารแช่เเข็ง จำกัด,80,80000,นครศรีธรรมราช
7722,717,บริษัท ภูเก็ตลาเท็กซ์ จำกัด,82,82130,พังงา
7723,716,บริษัท เจียไต๋ จำกัด,10,10100,กรุงเทพมหานคร
7724,715,สำนักวิจัยและบริการคอมพิวเตอร์  สถาบันเทคโนโลยีพระจอมเกล้าเจ้าคุณทหารลาดกระบัง,10,10250,กรุงเทพมหานคร
7725,714,ศูนย์วิทยาศาสตร์การแพทย์ตรัง,92,92000,ตรัง
7726,713,สำนักงานเทศบาลนครระยอง,21,21000,ระยอง
7727,712,บริษัท พีแอนด์โอ เน็ดลอยด์ บี.วี. จำกัด,10,10120,กรุงเทพมหานคร
7728,711,บริษัท แม็ทชิ่ง สตูดิโอ จำกัด (มหาชน),10,10300,กรุงเทพมหานคร
7729,710,กองอนามัยสิ่งแวดล้อม  สำนักอนามัย  กรุงเทพมหานคร,10,10400,กรุงเทพมหานคร
7730,709,,10,10300,กรุงเทพมหานคร
7731,708,บริษัท สยามรัฐ จำกัด,10,10200,กรุงเทพมหานคร
7732,707,สำนักบริหารยุทธศาสตร์ กรมส่งเสริมอุตสาหกรรม,10,10400,กรุงเทพมหานคร
7733,706,บริษัท ลากูน่า รีสอร์ท  แอนด์  โฮเท็ล จำกัด (มหาชน),83,83110,ภูเก็ต
7734,705,บริษัท เอ็นอีซี อินฟรอนเทียไทย จำกัด,13,12120,ปทุมธานี
7735,704,บจก. ที ซี ยูเนียน อโกรเทค,74,74000,สมุทรสาคร
7736,703,โรงพยาบาลระยอง,21,21000,ระยอง
7737,702,บริษัท พรีเมียร์ แคปพิตอล (2000) จำกัด,10,10200,กรุงเทพมหานคร
7738,701,บริษัท ซีพีเอฟ (ประเทศไทย) จำกัด (มหาชน) สาขาบ้านจ่า (ฟาร์มสุกรรัตภูมิ),90,90110,สงขลา
7739,700,บริษัท ไบโอเทคฟาร์มคอนซัลท์ จำกัด,24,24140,ฉะเชิงเทรา
7740,699,หจก.สวนเมืองพร,30,30340,นครราชสีมา
7741,698,โรงพยาบาลพัทลุง,93,93000,พัทลุง
7742,697,บริษัท ธีรชัยสตีล คอร์ปอเรชั่น จำกัด,10,10140,กรุงเทพมหานคร
7743,696,บริษัท คีย์ ทู ซัคเซส จำกัด,10,10310,กรุงเทพมหานคร
7744,695,บริษัท แอสดีคอน คอร์ปอเรชั่น จำกัด,10,10240,กรุงเทพมหานคร
7745,694,บริษัท เอ็นไว แล็บ แอนด์ คอนซัลแทนท์ จำกัด,84,84000,สุราษฎร์ธานี
7746,693,บริษัท ศาลาเทค รีเสิร์ช แอนด์ คอนซัลเตนท์ จำกัด,73,73320,นครปฐม
7747,692,บริษัท อะโรเมติกส์ (ประเทศไทย) จำกัด (มหาชน),21,21150,ระยอง
7748,691,บริษัท โซโลมอน เทคโนโลยี ไทยแลนด์ จำกัด,12,11120,นนทบุรี
7749,690,โรงพยาบาลค่ายประจักษ์ศิลปาคม,41,41000,อุดรธานี
7750,689,บริษัท  110  วิภา จำกัด,10,10900,กรุงเทพมหานคร
7751,688,บริษัท โฟร์โมสต์ อาหารนม (กรุงเทพฯ) จำกัด,10,10210,กรุงเทพมหานคร
7752,687,โรงแรม เจดับบลิว แมริออท กรุงเทพ,10,10110,กรุงเทพมหานคร
7753,686,บริษัท เมนสตรีม จำกัด,10,10240,กรุงเทพมหานคร
7754,685,บริษัท บางกอกกล๊าส จำกัด,13,12130,ปทุมธานี
7755,684,บริษัท สยามเทอร์โมเทค จำกัด,10,10500,กรุงเทพมหานคร
7756,683,บริษัท เอส ที เอส กรีน จำกัด,13,12150,ปทุมธานี
7757,682,บริษัท มาคูนิ เบสท์ จำกัด,11,10280,สมุทรปราการ
7758,681,บริษัท เพื่อนธรรมชาติ จำกัด,10,10400,กรุงเทพมหานคร
7759,680,บริษัท ไวกิ้ง ไลฟ์-เซฟวิ่ง อิควิปเม้นท์ (ประเทศไทย) จำกัด,20,20230,ชลบุรี
7760,679,การท่องเที่ยวแห่งประเทศไทย(ททท.) สำนักงานภาคใต้ เขต 3,96,96000,นราธิวาส
7761,678,บริษัท ไทยคอมมอดีตี้ จำกัด,10,10260,กรุงเทพมหานคร
7762,677,บริษัท คิวรอน จำกัด,10,10250,กรุงเทพมหานคร
7763,676,บริษัท ซีฟู้ดส์เอ็นเตอร์ไพรซ์ จำกัด,10,10120,กรุงเทพมหานคร
7764,675,บริษัท พิโคที อินทีเรีย เซนเตอร์ จำกัด,10,10250,กรุงเทพมหานคร
7765,674,บริษัท จีนีอัส ไลน์ ซิสเท็ม จำกัด,10,10250,กรุงเทพมหานคร
7766,673,บริษัท ทุนเท็กซ์ (ประเทศไทย) จำกัด (มหาชน),21,21150,ระยอง
7767,672,บริษัท คามาร์ชิโอ จำกัด,10,10320,กรุงเทพมหานคร
7768,671,บริษัท สยามทูยู จำกัด,10,10110,กรุงเทพมหานคร
7769,670,ศูนย์ความปลอดภัยในการทำงานพื้นที่ 12,90,90000,สงขลา
7770,669,บริษัท ไทยแท้งค์เทอร์มินัล จำกัด,21,21150,ระยอง
7771,668,โรงพยาบาลพระมงกุฎเกล้า,10,10400,กรุงเทพมหานคร
7772,667,บริษัท เจริญโภคภัณฑ์อาหาร จำกัด (มหาชน),80,80170,นครศรีธรรมราช
7773,666,บริษัท ไทยโตชิบาฟลูออเรสเซ่นท์ แลมป์ จำกัด,13,12000,ปทุมธานี
7774,665,บริษัท ซี.เค.เอ. การบัญชีและกฏหมาย จำกัด,10,10600,กรุงเทพมหานคร
7775,664,โรงพยาบาลวิชัยยุทธ,10,10400,กรุงเทพมหานคร
7776,663,สำนักเทคโนโลยีการศึกษา มหาวิทยาลัยสุโขทัยธรรมาธิราช,12,11120,นนทบุรี
7777,662,คณะแพทยศาสตร์  โรงพยาบาลรามาธิบดี  มหาวิทยาลัยมหิดล,10,10400,กรุงเทพมหานคร
7778,661,บริษัท บางกอกไชน่าเพ้นท์ จำกัด,11,10130,สมุทรปราการ
7779,660,บริษัท เบรฟฮาร์ท อินเตอร์เนชั่นแนล จำกัด (มหาชน),10,10110,กรุงเทพมหานคร
7780,659,บริษัท ซันโยยูนิเวอร์แซลอีเล็คทริค จำกัด (มหาชน),25,25110,ปราจีนบุรี
7781,658,โรงพยาบาลพญาไท 3,10,10160,กรุงเทพมหานคร
7782,657,ศูนย์ข้อมูลข่าวสาร  โรงพยาบาลสุราษฎร์ธานี,84,84000,สุราษฎร์ธานี
7783,656,แผนกการเงินและบัญชี  โรงพยาบาลสุราษฎร์ธานี,84,84000,สุราษฎร์ธานี
7784,655,กลุ่มงานอาชีวเวชกรรม  โรงพยาบาลสุราษฎร์ธานี,84,84000,สุราษฎร์ธานี
7785,654,โรงพยาบาลสุราษฎร์ธานี,84,84000,สุราษฎร์ธานี
7786,653,กลุ่มงานสุขศึกษา  โรงพยาบาลสุราษฎร์ธานี,84,84000,สุราษฎร์ธานี
7787,652,กลุ่มพัฒนาระบบบริการสุขภาพ โรงพยาบาลสุราษฎร์ธานี,84,84000,สุราษฎร์ธานี
7788,651,โรงพยาบาลกระบี่,81,81000,กระบี่
7789,650,บริษัท สแปลช เอ็นเตอร์เทนเม้นท์ จำกัด,10,10240,กรุงเทพมหานคร
7790,649,โรงพยาบาลศิริราช,10,10700,กรุงเทพมหานคร
7791,648,บริษัท ท่าอากาศยานสากลกรุงเทพแห่งใหม่ จำกัด,11,10540,สมุทรปราการ
7792,647,บริษัท ฟูจิตสึ (ประเทศไทย) จำกัด,13,12120,ปทุมธานี
7793,646,บริษัท เนชั่น บรอดแคสติ้ง คอร์ปอเรชั่น จำกัด,10,10260,กรุงเทพมหานคร
7794,645,บริษัท โตเกียวดีเวลลอปเม้นต์ คอนซัลแตนท์ (ไทยแลนด์) จำกัด,10,10110,กรุงเทพมหานคร
7795,644,บริษัท คาร์อิมเมจ จำกัด,24,24180,ฉะเชิงเทรา
7796,643,บริษัท เอ วาย ที โคซิน อีลาสโตเมอร์ จำกัด,73,73120,นครปฐม
7797,642,บริษัท วงศ์ไพฑูรย์กรุ๊ป จำกัด (มหาชน),10,10150,กรุงเทพมหานคร
7798,641,บริษัท ยูอาร์ซี (ประเทศไทย) จำกัด,74,74000,สมุทรสาคร
7799,640,Malaysia - Thailand Joint Authority,107,50400,มาเลเซีย
7800,639,บริษัท แฟลกชิพ จำกัด,10,10110,กรุงเทพมหานคร
7801,638,บริษัท ลีโอ โกลบอล โลจิสติกส์ จำกัด (มหาชน),10,10120,กรุงเทพมหานคร
7802,637,บริษัท เบียร์ไทย (1991) จำกัด (มหาชน),14,13250,พระนครศรีอยุธยา
7803,636,โรงแรมอันดามันคานาเซีย,83,83000,ภูเก็ต
7804,635,ห้างหุ้นส่วนจำกัด เมืองใต้ทัวริสต์ เซ็นเตอร์ (1991),80,80000,นครศรีธรรมราช
7805,634,ส่วนการท่องเที่ยว  สำนักวัฒนธรรม กีฬา และการท่องเที่ยว,10,10400,กรุงเทพมหานคร
7806,633,สตาร์ พิงค์ ทัวร์,90,90110,สงขลา
7807,632,บริษัทสอบบัญชี ดี ไอ เอ อินเตอร์เนชั่นแนล จำกัด สาขาอ่อนนุช,10,10250,กรุงเทพมหานคร
7808,631,บริษัท ซันนี่ทัวร์ จำกัด,90,90110,สงขลา
7809,630,โรงพยาบาลวชิระภูเก็ต,83,83000,ภูเก็ต
7810,629,บริษัท สำนักงาน อีวาย  จำกัด,10,10110,กรุงเทพมหานคร
7811,628,บริษัท บีเฟริส์ท อัลลายแอนซ์ จำกัด,10,10500,กรุงเทพมหานคร
7812,627,บริษัท ชูโอ เซ็นโก (ประเทศไทย) จำกัด,10,10110,กรุงเทพมหานคร
7813,626,บริษัท ที่ปรึกษา 2 วี จำกัด,10,10320,กรุงเทพมหานคร
7814,625,,10,10400,กรุงเทพมหานคร
7815,624,บริษัท ยูไนเต็ดไวน์เนอรี่แอนด์ดิสทิลเลอรี่ จำกัด,73,73120,นครปฐม
7816,623,โรงพยาบาลปัตตานี,94,94000,ปัตตานี
7817,622,บริษัท ยูนีซัน จำกัด,10,10520,กรุงเทพมหานคร
7818,621,บริษัท ไอดีล คอนโซลิเดเตอร์ จำกัด,10,10320,กรุงเทพมหานคร
7819,620,บริษัท จาร์ดีนแปซิฟิค (ประเทศไทย) จำกัด,90,90110,สงขลา
7820,619,บริษัท แปลนครีเอชั่นส์ จำกัด,92,92140,ตรัง
7821,618,บริษัท ปตท. จำกัด (มหาชน),10,10900,กรุงเทพมหานคร
7822,617,บริษัท วี. ดับเบิ้ลยู. ซี. เซอร์วิส จำกัด,10,10260,กรุงเทพมหานคร
7823,616,การไฟฟ้าฝ่ายผลิตแห่งประเทศไทย,12,11130,นนทบุรี
7824,615,กรมการค้าต่างประเทศ กระทรวงพาณิชย์,12,11000,นนทบุรี
7825,614,บริษัท จัสมิน อินเตอร์เนชั่นแนล จำกัด (มหาชน),12,11120,นนทบุรี
7826,613,สำนักงบประมาณ,10,10400,กรุงเทพมหานคร
7827,612,โรงแรมภูเก็ตอาเคเดีย บีช รีสอร์ท,83,83100,ภูเก็ต
7828,611,บริษัท การบินไทย จำกัด (มหาชน) สถานีหาดใหญ่,90,90115,สงขลา
7829,610,บริษัท เอเวอร์กรีน สตาร์ จำกัด,90,90110,สงขลา
7830,609,สำนักงานบริหารหนี้สาธารณะ,10,10400,กรุงเทพมหานคร
7831,608,อุทยานแห่งชาติหมู่เกาะสิมิลัน,82,82210,พังงา
7832,607,บริษัท เจ้าพระยาท่าเรือสากล จำกัด,90,90280,สงขลา
7833,606,บริษัท แปซิฟิค เลเซอร์ (ประเทศไทย) จำกัด,10,10330,กรุงเทพมหานคร
7834,605,ศูนย์ส่งเสริมการส่งออกในภูมิภาค (สุราษฎร์ธานี),84,84000,สุราษฎร์ธานี
7835,604,บริษัท ภูเก็ตเจ๊ตทัวร์ จำกัด,83,83000,ภูเก็ต
7836,602,บริษัท ทูริสโม ไทย จำกัด สาขาภูเก็ต,83,83000,ภูเก็ต
7837,601,บริษัท แคนนอน มาร์เก็ตติ้ง (ไทยแลนด์) จำกัด,10,10120,กรุงเทพมหานคร
7838,600,บริษัท ไทยโพลทรีย์ กรุ๊ป จำกัด,20,20230,ชลบุรี
7839,599,บริษัท อิมเมจ ออโตโมบิลส์ จำกัด,80,80000,นครศรีธรรมราช
7840,598,บริษัท เจ แอนด์ ที ทราเวล จำกัด,83,83000,ภูเก็ต
7841,597,บริษัท ไนท์สปอท ฮอลิเดย์ จำกัด,10,10400,กรุงเทพมหานคร
7842,596,โรงแรม หาดใหญ่พาราไดซ์ แอนด์ รีสอร์ท,90,90110,สงขลา
7843,595,บริษัท อาร์ เอส พี จัมโบ้ แทรเวล เซ็นเตอร์ จำกัด,71,71000,กาญจนบุรี
7844,594,บริษัท ไอบีเอ็ม ประเทศไทย จำกัด,10,10400,กรุงเทพมหานคร
7845,593,บริษัท นิวเอเชีย บริการท่องเที่ยว จำกัด,90,90110,สงขลา
7846,592,บริษัท เอ็น ซี.ซี. แมนเนจเม้นท์ แอนด์ ดิเวลลอปเม้นท์ จำกัด (ศูนย์การประชุมแห่งชาติสิริกิติ์),10,10110,กรุงเทพมหานคร
7847,591,การท่องเที่ยวแห่งประเทศไทย สำนักงานกัวลาลัมเปอร์,107,50450,มาเลเซีย
7848,590,สำนักงานส่งเสริมการค้าในต่างประเทศ ณ กรุงกัวลาลัมเปอร์,107,50450,มาเลเซีย
7849,589,บริษัท สยามอีคอมเมิร์ช จำกัด,83,83100,ภูเก็ต
7850,588,บริษัท ซีเกทเทคโนโลยี (ประเทศไทย) จำกัด,30,30170,นครราชสีมา
7851,587,บริษัท สหชัยอินเทอร์เนชั่นแนล จำกัด,90,90110,สงขลา
7852,586,บริษัท เอ็มจีเอ จำกัด,10,10110,กรุงเทพมหานคร
7853,585,อุทยานแห่งชาติน้ำตกหงาว,85,85000,ระนอง
7854,584,บริษัท เวล เกรด เอ็นจิเนียริ่ง จำกัด,12,11120,นนทบุรี
7855,583,บริษัท อบาคัส  ทราเวิล เซอร์วิส จำกัด,10,10320,กรุงเทพมหานคร
7856,582,บริษัท มาร์วินทัวร์ แอนด์ ทราเวล จำกัด,10,10110,กรุงเทพมหานคร
7857,581,บริษัท ภูเก็ตแอ็ดแวนเจอร์ กรุ๊ป จำกัด,83,83000,ภูเก็ต
7858,580,บริษัท อิมแพ็ค เอ็กซิบิชั่น แมเนจเม้นท์ จำกัด,12,11120,นนทบุรี
7859,579,ธนาคารกรุงไทย จำกัด (มหาชน) ศูนย์ธุรกิจต่างประเทศ หาดใหญ่,90,90110,สงขลา
7860,578,ธนาคารกรุงไทย จำกัด (มหาชน)  ฝ่ายการค้าต่างประเทศ,10,10110,กรุงเทพมหานคร
7861,577,บริษัท ทีไอพีเอส จำกัด,20,20231,ชลบุรี
7862,576,บริษัท ปิโตรเคมีแห่งชาติ จำกัด (มหาชน),21,21150,ระยอง
7863,575,ศูนย์วิจัยและพัฒนาประมงทะเลอ่าวไทยฝั่งตะวันออก,21,21160,ระยอง
7864,574,บริษัท เวิล แทรเวล เซอร์วิส จำกัด,10,10500,กรุงเทพมหานคร
7865,573,บริษัท การ์เม้นท์เทค อินเตอร์เนชั่นแนล จำกัด,10,10510,กรุงเทพมหานคร
7866,572,บริษัท เวิด์ลทริป จำกัด,10,10400,กรุงเทพมหานคร
7867,571,บริษัท ดี เอช แอล อินเตอร์เนชั่นแนล (ประเทศไทย) จำกัด,10,10310,กรุงเทพมหานคร
7868,570,โรงแรม บันยันทรี ภูเก็ต,83,83110,ภูเก็ต
7869,569,โรงแรม อังสนา ลากูน่า ภูเก็ต,83,83110,ภูเก็ต
7870,568,โรงแรม สันติบุรี เกาะสมุย,84,84330,สุราษฎร์ธานี
7871,567,บริษัท ท่าอากาศยานไทย จำกัด (มหาชน) ท่าอากาศยานหาดใหญ่,90,90115,สงขลา
7872,566,บริษัท เวเคชั่น วิลเลจ จำกัด สาขากระบี่,81,81080,กระบี่
7873,565,ศูนย์นิทรรศการและการประชุมไบเทค,10,10260,กรุงเทพมหานคร
7874,564,โรงแรมอมันปุรี รีสอร์ท,83,83110,ภูเก็ต
7875,563,การท่องเที่ยวแห่งประเทศไทย  สำนักงานภาคใต้ เขต 1,90,90110,สงขลา
7876,562,บริษัท ซีวีดีอินเตอร์เนชั่นแนล จำกัด,10,10900,กรุงเทพมหานคร
7877,561,บริษัท คอมพิวเตอร์ ซายน์ จำกัด,12,11120,นนทบุรี
7878,560,บริษัท แอดฟอร์พอร์ทัล (ประเทศไทย) จำกัด,10,10110,กรุงเทพมหานคร
7879,559,กรมการขนส่งทางน้ำและพาณิชยนาวี (กลุ่มงานขนส่งทางน้ำ),10,10200,กรุงเทพมหานคร
7880,558,บริษัท ชินแซทเทลไลท์ จำกัด (มหาชน),12,11000,นนทบุรี
7881,557,บริษัท เอ็น ซี ทัวร์ แอนด์ เอนเตอร์ไพรส์ จำกัด,10,10400,กรุงเทพมหานคร
7882,556,บริษัท ไทยลักซ์  เอ็นเตอร์ไพรส์ จำกัด (มหาชน),75,75000,สมุทรสงคราม
7883,555,บริษัท สหฟาร์ม จำกัด (โครงการไก่เนื้อทรัพย์ผาสุข),16,15130,ลพบุรี
7884,554,หน่วยปฏิบัติการเทคโนโลยีแปรรูปมันสำปะหลังและแป้ง สถาบันค้นคว้าและพัฒนาผลิตผลทางการเกษตรและอุตสาหกรรม,10,10900,กรุงเทพมหานคร
7885,553,บริษัท โรงพยาบาลเชียงใหม่ราม จำกัด,50,50200,เชียงใหม่
7886,552,ศูนย์วิจัยและพัฒนาการเพาะเลี้ยงสัตว์น้ำชายฝั่งเขต 3 จังหวัดสุราษฎร์ธานี,84,84160,สุราษฎร์ธานี
7887,551,บริษัท เจริญโภคภัณฑ์อาหาร จำกัด (มหาชน) ฟาร์มพนัสนิคมไก่,20,20140,ชลบุรี
7888,550,บริษัท ท็อป เทสท์ เซ็นเตอร์ จำกัด,10,10260,กรุงเทพมหานคร
7889,549,สถาบันวิจัยวิทยาศาสตร์และเทคโนโลยีแห่งประเทศไทย,10,10900,กรุงเทพมหานคร
7890,548,บริษัท บุญช่วย ซีวิล เอ็นจิเนียริ่ง จำกัด,90,90110,สงขลา
7891,547,บริษัท เดกุสชา เท็กซ์เชอแรนท์ ซิสเต็มส์ (ประเทศไทย) จำกัด,10,10400,กรุงเทพมหานคร
7892,546,บริษัท ยูโนแคล ไทยแลนด์ จำกัด,10,10900,กรุงเทพมหานคร
7893,545,ชมรมผู้เลี้ยงกุ้งสุราษฎร์ธานี,84,84000,สุราษฎร์ธานี
7894,544,บริษัท เอเชี่ยน อควาคัลเจอร์ จำกัด,12,11120,นนทบุรี
7895,543,ฉลองเบย์ฟาร์ม,83,83130,ภูเก็ต
7896,542,บริษัท ไบโอเทคฟาร์มคอนซัลท์ จำกัด,24,24140,ฉะเชิงเทรา
7897,541,55 ฟาร์ม,20,20160,ชลบุรี
7898,540,หน่วยวิจัยเพื่อความเป็นเลิศเทคโนโลยีชีวภาพกุ้ง  มหาวิทยาลัยมหิดล,10,10406,กรุงเทพมหานคร
7899,539,บริษัท สยามแดรี่ฟู้ดส์ จำกัด,74,74130,สมุทรสาคร
7900,538,บริษัท แฟนซีเวิลด์ จำกัด,10,10700,กรุงเทพมหานคร
7901,537,สำนักงานเทศบาลเมืองกระบี่,81,81000,กระบี่
7902,536,ห้างหุ้นส่วนจำกัด วีคเอนด์ทัวร์แอนด์คาร์โก้ เซอร์วิส,10,10110,กรุงเทพมหานคร
7903,535,สำนักงานเทศบาลนครยะลา,95,95000,ยะลา
7904,534,บริษัท เอ็มเอ็มซี สิทธิผล จำกัด,13,12120,ปทุมธานี
7905,533,บริษัท ไดนาสตี้ เซรามิค จำกัด (มหาชน),10,10320,กรุงเทพมหานคร
7906,532,บริษัท เอเชีย แล็บ แอนด์ คอนซัลแตนท์ จำกัด,10,10160,กรุงเทพมหานคร
7907,531,ศูนย์วิจัยเกษตรหลวงเชียงใหม่,50,50230,เชียงใหม่
7908,530,บริษัท มาสเตอร์ ทัวร์ จำกัด,10,10210,กรุงเทพมหานคร
7909,529,บริษัท ชุมพรอุตสาหกรรมน้ำมันปาล์ม จำกัด (มหาชน),86,86140,ชุมพร
7910,528,สถาบันสิ่งแวดล้อมไทย,10,10260,กรุงเทพมหานคร
7911,527,สำนักงานอุตสาหกรรมจังหวัดปัตตานี,94,94000,ปัตตานี
7912,526,บริษัท ไทยอมฤตบริวเวอรี่ จำกัด,13,12000,ปทุมธานี
7913,525,บริษัท มีเดีย ออฟ มีเดียส์ จำกัด (มหาชน),10,10240,กรุงเทพมหานคร
7914,524,ห้างหุ้นส่วนจำกัด ซี เอ็น อาร์ ทราเวล,83,83000,ภูเก็ต
7915,523,บริษัท เบทาโกรภาคใต้ จำกัด,90,90110,สงขลา
7916,522,สำนักงานปรมาณูเพื่อสันติ กระทรวงวิทยาศาสตร์และเทคโนโลยี,10,10900,กรุงเทพมหานคร
7917,521,บริษัท  เจริญโภคภัณฑ์เมล็ดพันธุ์ จำกัด,19,18220,สระบุรี
7918,520,บริษัท กรุงเทพอาร์ไอเอ แล็บ จำกัด,10,10310,กรุงเทพมหานคร
7919,519,บริษัท มาลีสามพราน จำกัด (มหาชน),13,12130,ปทุมธานี
7920,518,โครงการวิจัยและพัฒนาเทคโนโลยีชีวภาพ มหาวิทยาลัยมหิดล,73,73170,นครปฐม
7921,517,บริษัท เฟดเดอรัล อีเลคตริค จำกัด,11,10540,สมุทรปราการ
7922,515,สำนักงานเทศบาลนครสุราษฎร์ธานี,84,84000,สุราษฎร์ธานี
7923,514,สำนักงานเทศบาลนครเกาะสมุย,84,84140,สุราษฎร์ธานี
7924,513,สำนักงานเทศบาลเมืองภูเก็ต,83,83000,ภูเก็ต
7925,510,บริษัท เซ้าท์อีสต์เอเซี่ยนแพคเกจจิ่งแอนด์แคนนิ่ง จำกัด,94,94000,ปัตตานี
7926,509,บริษัท สหฟาร์ม จำกัด,10,10230,กรุงเทพมหานคร
7927,508,บริษัท หนุ่มสาวทัวร์ จำกัด,10,10400,กรุงเทพมหานคร
7928,507,บริษัท ไทยน้ำทิพย์ จำกัด (โรงงานนครราชสีมา),30,30000,นครราชสีมา
7929,506,บริษัท สยามพุงซาน เมทัล จำกัด,20,20230,ชลบุรี
7930,505,บริษัท ไฮ-คิวแคนนิ่ง (ปัตตานี) จำกัด,94,94000,ปัตตานี
7931,504,บริษัท เดอะมอลล์ กรุ๊ป จำกัด,10,10240,กรุงเทพมหานคร
7932,503,กองกีฏและสัตววิทยา  กรมวิชาการเกษตร,10,10900,กรุงเทพมหานคร
7933,502,บริษัท แวนการ์ดฟู้ดส์ (ประเทศไทย) จำกัด,30,30000,นครราชสีมา
7934,501,ศูนย์วิจัยพืชสวนชุมพร,86,86130,ชุมพร
7935,500,ศูนย์วิจัยพืชไร่เชียงใหม่,50,50290,เชียงใหม่
7936,499,สถานีทดลองเกษตรที่สูงแม่จอนหลวง,50,50270,เชียงใหม่
7937,498,สถานเทคโนโลยีก๊าซชีวภาพ มหาวิทยาลัยเชียงใหม่,50,50202,เชียงใหม่
7938,497,ศูนย์วิจัยพืชสวนเลย,42,42160,เลย
7939,496,ธนาคารพัฒนาวิสาหกิจขนาดกลางและขนาดย่อมแห่งประเทศไทย  สาขาหาดใหญ่,90,90110,สงขลา
7940,495,บริษัท รุ่งทรัพย์แกรนด์ทัวร์ จำกัด,10,10500,กรุงเทพมหานคร
7941,494,บริษัท แอลทียู เอเชีย ทัวร์ จำกัด,10,10500,กรุงเทพมหานคร
7942,493,บริษัท แม่กลองพืชผัก จำกัด,75,75000,สมุทรสงคราม
7943,492,บริษัท โทเร ไฟเบอร์ส (ประเทศไทย) จำกัด,14,13160,พระนครศรีอยุธยา
7944,491,บริษัท เจริญโภคภัณฑ์ โปรดิ๊วส์ จำกัด,19,18220,สระบุรี
7945,490,บริษัท บ้านส้องพาราวู้ด จำกัด,84,84190,สุราษฎร์ธานี
7946,489,ศูนย์วิจัยและพัฒนาการเกษตรแพร่,54,54000,แพร่
7947,488,บริษัท สงวนวงษ์อุตสาหกรรม จำกัด,30,30000,นครราชสีมา
7948,487,บริษัท สยาม เทเลวิชั่น กรีน จำกัด,10,10310,กรุงเทพมหานคร
7949,486,บริษัท แปซิฟิค ไบโอเทค จำกัด,67,67000,เพชรบูรณ์
7950,485,ศูนย์ส่งเสริมและผลิตพันธุ์พืชสวนกระบี่,81,81000,กระบี่
7951,484,บริษัท บูรพาทัศน์ (1999) จำกัด,10,10310,กรุงเทพมหานคร
7952,483,บริษัท ฟรีซแลนด์ โปรดักส์ จำกัด,84,84000,สุราษฎร์ธานี
7953,482,บริษัท ห้องเย็นเอเชี่ยนซีฟู้ด (สุราษฎร์ธานี) จำกัด,84,84130,สุราษฎร์ธานี
7954,481,บริษัท พี เอส ซี กรุ๊ป (1988) จำกัด,90,90180,สงขลา
7955,480,บริษัท ดามายา จำกัด,10,10240,กรุงเทพมหานคร
7956,479,บริษัท กรีนสปอต (ประเทศไทย) จำกัด,84,84130,สุราษฎร์ธานี
7957,478,บริษัท สงขลา โฟรสเซ่น ซีฟู้ดส์ จำกัด,90,90000,สงขลา
7958,477,บริษัท ทักษิณปาล์ม (2521)  จำกัด,84,84130,สุราษฎร์ธานี
7959,476,บริษัท ทักษิณสมุทร จำกัด,90,90110,สงขลา
7960,475,ห้างหุ้นส่วนจำกัด เอส.พี. โยธากิจ (1988),90,90110,สงขลา
7961,474,บริษัท ไทยทาโลว์ แอนด์ ออยล์ จำกัด (สาขาบางสวรรค์),84,84210,สุราษฎร์ธานี
7962,473,บริษัท ผู้หญิงพับลิเคชั่น จำกัด,10,10900,กรุงเทพมหานคร
7963,472,โรงพยาบาลยะลา,95,95000,ยะลา
7964,471,บริษัท แมนเอโฟรเซนฟู้ดส์ จำกัด,90,90000,สงขลา
7965,470,บริษัท ไทยแอ็ดว๊านซ์ฟู้ด (1991) จำกัด,73,73110,นครปฐม
7966,469,วีระชัยฟาร์ม,70,70140,ราชบุรี
7967,468,สํานักงานประสานงานชายแดนไทย-มาเลเซีย,90,90110,สงขลา
7968,467,บริษัท โน้ต พับลิชชิ่ง จำกัด,10,10310,กรุงเทพมหานคร
7969,466,บริษัท ผลิตภัณฑ์อาหารเชฟช้อยส์ จำกัด,12,11130,นนทบุรี
7970,465,บริษัท ทีนทอล์ก จำกัด,10,10110,กรุงเทพมหานคร
7971,464,บริษัท ไฮไทซีฟู้ด จำกัด,90,90130,สงขลา
7972,463,บริษัท เอกสหกิจอุตสาหกรรม จำกัด,12,11000,นนทบุรี
7973,462,บริษัท กรีนทริป ฮอลิเดย์  แทรเวล จำกัด,10,10700,กรุงเทพมหานคร
7974,461,บริษัท บีเอ็น เอส อุตสาหกรรมไม้ จำกัด,84,84000,สุราษฎร์ธานี
7975,460,บริษัท ปิติซีฟู้ดส์ จำกัด,90,90130,สงขลา
7976,459,โรงพยาบาลมุกดาหาร,49,49000,มุกดาหาร
7977,458,,50,50200,เชียงใหม่
7978,457,ภาควิชาพยาธิวิทยา คณะแพทยศาสตร์ มหาวิทยาลัยสงขลานครินทร์,90,90110,สงขลา
7979,456,โรงพยาบาลขอนแก่น,40,40000,ขอนแก่น
7980,455,ศูนย์วิทยาศาสตร์การแพทย์เชียงใหม่,50,50180,เชียงใหม่
7981,454,ศูนย์อนามัยสิ่งแวดล้อมเขต 11,84,84000,สุราษฎร์ธานี
7982,453,บริษัท บี.พี. อาหารสัตว์ จำกัด,19,18140,สระบุรี
7983,452,บริษัท ระยองเพียวริฟายเออร์ จำกัด (มหาชน),21,21150,ระยอง
7984,451,ฝ่ายข้อมูลทรัพยากรธรรมชาติและการจัดการสิ่งแวดล้อมลุ่มน้ำทะเลสาบสงขลา   มหาวิทยาลัยสงขลานครินทร์,90,90110,สงขลา
7985,450,บริษัท อิมเมจ พูล จำกัด,12,11000,นนทบุรี
7986,449,บริษัท เอสทีซี ฟีด จำกัด,24,24130,ฉะเชิงเทรา
7987,448,บริษัท แปซิฟิค ไอ.ที. จำกัด,10,10210,กรุงเทพมหานคร
7988,447,การท่องเที่ยวแห่งประเทศไทย  สำนักงานภูเก็ต,83,83000,ภูเก็ต
7989,446,บริษัท กรีนทริป ฮอลิเดย์ แทรเวล จำกัด,10,10300,กรุงเทพมหานคร
7990,445,กองสารสนเทศภูมิศาสตร์  สำนักนโยบายและแผนกรุงเทพมหานคร,10,10200,กรุงเทพมหานคร
7991,444,ห้องสมุดมารวย ตลาดหลักทรัพย์แห่งประเทศไทย,10,10110,กรุงเทพมหานคร
7992,443,ศูนย์อำนวยการสร้างอาวุธ ศูนย์การอุตสาหกรรมป้องกันประเทศและพลังงานทหาร,16,15000,ลพบุรี
7993,442,สำนักงานคณะกรรมการวิจัยแห่งชาติ,10,10900,กรุงเทพมหานคร
7994,441,บริษัท ซีเอ็ดยูเคชั่น จำกัด (มหาชน),10,10260,กรุงเทพมหานคร
7995,440,บริษัท เลินนิ่งแอนด์มีเดีย จำกัด,10,10260,กรุงเทพมหานคร
7996,439,บริษัทอเมริกันอินเตอร์แนชชั่นแนลแอสชัวรันส์ จำกัด,10,10500,กรุงเทพมหานคร
7997,438,ศูนย์คอมพิวเตอร์  กรมอุตุนิยมวิทยา,10,10260,กรุงเทพมหานคร
7998,437,สำนักนโยบายและยุทธศาสตร์  กระทรวงสาธารณสุข,12,11000,นนทบุรี
7999,436,,14,13180,พระนครศรีอยุธยา
8000,435,บริษัท ไบเออร์ไทย จำกัด,21,21150,ระยอง
8001,433,บริษัท สำนักข่าว ที. ไอ. เอ็น จำกัด,10,10100,กรุงเทพมหานคร
8002,432,บริษัท เอส.เอส. ออโต้พาร์ท จำกัด,12,11110,นนทบุรี
8003,431,กองสนเทศวิทยาศาสตร์และเทคโนโลยี กรมวิทยาศาสตร์บริการ,10,10400,กรุงเทพมหานคร
8004,430,บริษัท ไทยเชลล์เอ็กซพลอเรชั่นแอนด์โปรดักชั่น จำกัด,10,10110,กรุงเทพมหานคร
8005,429,กรมส่งเสริมการส่งออก,12,11000,นนทบุรี
8006,428,บริษัท เวบ ทีวี เอเชีย จำกัด,10,10110,กรุงเทพมหานคร
8007,427,ศูนย์เรียนรู้และหอสมุด มหาวิทยาลัยธุรกิจบัณฑิตย์,10,10210,กรุงเทพมหานคร
8008,426,ศูนย์สารสนเทศ  สำนักงานปลัดกระทรวงมหาดไทย,10,10200,กรุงเทพมหานคร
8009,425,หอจดหมายเหตุแห่งชาติเฉลิมพระเกียรติสมเด็จพระนางเจ้าสิริกิติ์ พระบรมราชินีนาถ จังหวัดตรัง,92,92000,ตรัง
8010,424,ศูนย์เทคโนโลยีสารสนเทศ   กรมประชาสัมพันธ์,10,10400,กรุงเทพมหานคร
8011,423,บริษัท คอมพิวเทคไมโครซิสเท็ม จำกัด,10,10330,กรุงเทพมหานคร
8012,422,บริษัท ทรอปิคอลแคนนิ่ง (ประเทศไทย) จำกัด (มหาชน),90,90110,สงขลา
8013,421,บริษัท เครื่องสุขภัณฑ์อเมริกันสแตนดาร์ด (ประเทศไทย) จำกัด (มหาชน),13,12120,ปทุมธานี
8014,418,บริษัท ทุ่งสงพาราวูด จำกัด,80,80110,นครศรีธรรมราช
8015,414,สำนักส่งเสริมการขนส่งทางน้ำและการพาณิชยนาวี,10,10100,กรุงเทพมหานคร
8016,413,ศูนย์ส่งเสริมการส่งออกในภูมิภาค (หาดใหญ่),90,90110,สงขลา
8017,412,ธนาคารเพื่อการเกษตรและสหกรณ์การเกษตร สาขาชะอวด,80,80180,นครศรีธรรมราช
8018,411,บริษัท คอลเกต-ปาล์มโอลีฟ(ประเทศไทย) จำกัด,10,10110,กรุงเทพมหานคร
8019,410,สำนักงานสหกรณ์จังหวัดนครศรีธรรมราช,80,80000,นครศรีธรรมราช
8020,409,ธนาคารเพื่อการเกษตรและสหกรณ์การเกษตร สาขาท่าศาลา,80,80160,นครศรีธรรมราช
8021,408,บริษัท รุ่งเรืองทัวร์แทรเวลเซ็นเตอร์ (1991) จำกัด,10,10200,กรุงเทพมหานคร
8022,407,ธนาคารเพื่อการเกษตรและสหกรณ์การเกษตร (ธ.ก.ส.)  สาขาหัวไทร,80,80170,นครศรีธรรมราช
8023,406,สำนักงานอุตสาหกรรมจังหวัดนครศรีธรรมราช,80,80000,นครศรีธรรมราช
8024,405,สำนักงานพาณิชย์จังหวัดสุราษฎร์ธานี,84,84000,สุราษฎร์ธานี
8025,404,ธนาคารเพื่อการเกษตรและสหกรณ์การเกษตร  สาขาทุ่งสง,80,80110,นครศรีธรรมราช
8026,403,ศูนย์ส่งเสริมอุตสาหกรรมภาคที่ 11,90,90110,สงขลา
8027,402,บริษัท มิตรไทยโฮลดิ้ง จำกัด,80,80220,นครศรีธรรมราช
8028,401,ศูนย์เศรษฐกิจการลงทุนภาคที่ 5  สำนักงานคณะกรรมการส่งเสริมการลงทุน,90,90110,สงขลา
8029,400,ธนาคารเพื่อการเกษตรและสหกรณ์การเกษตร  สาขาจันดี,80,80250,นครศรีธรรมราช
8030,399,บริษัท โรบินสัน จำกัด (มหาชน) สาขาสุราษฎร์ธานี,84,84000,สุราษฎร์ธานี
8031,398,ธนาคารเพื่อการเกษตรและสหกรณ์การเกษตร  สาขาสิชล,80,80120,นครศรีธรรมราช
8032,397,สำนักงานจังหวัดนครศรีธรรมราช,80,80000,นครศรีธรรมราช
8033,396,สำนักงานสถิติจังหวัดนครศรีธรรมราช,80,80000,นครศรีธรรมราช
8034,395,ห้างหุ้นส่วนจำกัด เฮลท์ อินโนเวชั่น แอนด์ ดีไซน์,90,90110,สงขลา
8035,394,สำนักงานเศรษฐกิจอุตสาหกรรม,10,10413,กรุงเทพมหานคร
8036,393,บริษัท อสมท จำกัด (มหาชน),10,10320,กรุงเทพมหานคร
8037,392,สำนักงานสถิติจังหวัดสงขลา,90,90000,สงขลา
8038,391,สำนักงานจังหวัดสงขลา,90,90000,สงขลา
8039,390,ธนาคารเพื่อการเกษตรและสหกรณ์การเกษตร,10,10900,กรุงเทพมหานคร
8040,389,ธนาคารเพื่อการเกษตรและสหกรณ์การเกษตร  สาขาปากพนัง,80,80140,นครศรีธรรมราช
8041,388,บริษัท ดิจิตอล  ออนป้า อินเตอร์เนชั่นแนล จำกัด (มหาชน),10,10120,กรุงเทพมหานคร
8042,387,สำนักงานตรวจบัญชีสหกรณ์ภูมิภาคที่ 11,80,80000,นครศรีธรรมราช
8043,386,บริษัท ปุ๋ยแห่งชาติ จำกัด (มหาชน),10,10900,กรุงเทพมหานคร
8044,385,หอการค้าจังหวัดนครศรีธรรมราช,80,80000,นครศรีธรรมราช
8045,384,สำนักงานพาณิชย์จังหวัดนครศรีธรรมราช,80,80000,นครศรีธรรมราช
8046,383,ธนาคารอาคารสงเคราะห์  สาขานครศรีธรรมราช,80,80000,นครศรีธรรมราช
8047,382,กรมศุลกากร,10,10110,กรุงเทพมหานคร
8048,381,ล็อกซเลย์ อินฟอร์เมชั่น เซอร์วิส จำกัด,10,10330,กรุงเทพมหานคร
8049,380,บริษัท กุลธรเคอร์บี้ จำกัด (มหาชน),10,10520,กรุงเทพมหานคร
8050,379,กรมการประกันภัย,12,11000,นนทบุรี
8051,377,โรงแรม มายา ภูเก็ต,83,83110,ภูเก็ต
8052,376,สำนักงานพาณิชย์จังหวัดนครศรีธรรมราช กลุ่มกำกับดูแลและพัฒนาเศรษฐกิจการค้า,80,80000,นครศรีธรรมราช
8053,375,กรมการค้าภายใน,12,11000,นนทบุรี
8054,374,บริษัท ฟู้ดแอนด์ดริ๊งส์ จำกัด (มหาชน),10,10110,กรุงเทพมหานคร
8055,373,บริษัท นิลสุวรรณ  จำกัด,10,10100,กรุงเทพมหานคร
8056,372,บริษัท ไซเรน ฟิล์ม จำกัด,10,10110,กรุงเทพมหานคร
8057,371,สำนักงานธวัชชัยภาษีอากรธุรกิจ  บัญชี และกฎหมาย,83,83000,ภูเก็ต
8058,370,สำนักงานสถิติแห่งชาติ,10,10100,กรุงเทพมหานคร
8059,369,บริษัท ไอบีเอ็ม โซลู่ชั่น ดิลิเวอรี่ จำกัด,10,10400,กรุงเทพมหานคร
8060,368,หอการค้าไทย,10,10200,กรุงเทพมหานคร
8061,367,สำนักงานที่ปรึกษาและการบัญชีวิโรจน์,10,10320,กรุงเทพมหานคร
8062,366,บริษัท ชำนาญกิจทนายความและการบัญชี จำกัด,10,10400,กรุงเทพมหานคร
8063,365,ธนาคารกรุงไทย  จำกัด  (มหาชน),10,10110,กรุงเทพมหานคร
8064,364,สำนักบัญญัติ,10,10110,กรุงเทพมหานคร
8065,363,บริษัท อลิอันซ์  ซี.พี. ประกันชีวิต จำกัด,10,10500,กรุงเทพมหานคร
8066,362,สำนักงานสอบบัญชีชัยวัฒน์,90,90110,สงขลา
8067,360,แท็กซ์รีเสิร์ชเซนเตอร์,10,10320,กรุงเทพมหานคร
8068,359,บริษัท เอเอ็มซี อินเตอร์เนชั่นแนล คอนซัลติ้ง จำกัด,10,10400,กรุงเทพมหานคร
8069,357,สำนักงาน พี.ซี.การสอบบัญชี,90,90110,สงขลา
8070,356,บริษัท หลักทรัพย์ แอ๊ดคินซัน จำกัด (มหาชน),10,10330,กรุงเทพมหานคร
8071,354,บริษัท แอล.พี.เอ็น.ดีเวลลอปเมนท์ จำกัด (มหาชน),10,10120,กรุงเทพมหานคร
8072,353,บริษัท ซีบี ริชาร์ด เอลลิส (ประเทศไทย) จำกัด,10,10330,กรุงเทพมหานคร
8073,352,บริษัท บางกอกสปริงอินดัสเตรียล จำกัด,21,21140,ระยอง
8074,351,บริษัท  ประกันคุ้มภัย จำกัด (มหาชน),10,10330,กรุงเทพมหานคร
8075,349,บริษัท โมเดอร์นฟอร์มกรุ๊ป จำกัด (มหาชน),10,10250,กรุงเทพมหานคร
8076,345,บริษัท สหพร  แอนด์ โก จำกัด,10,10600,กรุงเทพมหานคร
8077,344,ธนาคารกรุงไทย จำกัด (มหาชน) สำนักงานใหญ่,10,10110,กรุงเทพมหานคร
8078,342,บริษัท ทุ่งคาฮาเบอร์ จำกัด (มหาชน),10,10320,กรุงเทพมหานคร
8079,341,บริษัท ธรรมนิติการบัญชีและภาษีอากร จำกัด,10,10800,กรุงเทพมหานคร
8080,340,บริษัท ประกันภัยไทยวิวัฒน์ จำกัด (มหาชน),10,10400,กรุงเทพมหานคร
8081,339,บริษัท กรุงเทพโสภณ จำกัด (มหาชน),10,10140,กรุงเทพมหานคร
8082,338,บริษัท เนชั่น มัลติมีเดีย กรุ๊ป จำกัด (มหาชน),10,10260,กรุงเทพมหานคร
8083,337,บริษัทไทยบริติชซีเคียวริตี้ พริ้นติ้ง จำกัด (มหาชน),11,10130,สมุทรปราการ
8084,336,บริษัท ร้อกเวิธ จำกัด (มหาชน),10,10320,กรุงเทพมหานคร
8085,335,บริษัท ศูนย์การค้าไดอาน่าคอมเพล็กซ์ จำกัด,90,90110,สงขลา
8086,334,โรงแรมแชงกรี-ลา กรุงเทพ,10,10500,กรุงเทพมหานคร
8087,333,บริษัท จำรัส ซีพีเอ จำกัด,10,10300,กรุงเทพมหานคร
8088,332,บริษัท สำนักงาน ดร.วิรัช แอนด์ แอสโซซิเอทส์ จำกัด,10,10330,กรุงเทพมหานคร
8089,330,บริษัท ศูนย์บริการเหล็กสยาม จำกัด (มหาชน),11,10130,สมุทรปราการ
8090,329,บริษัท แอดวานซ์ อินโฟร์ เซอร์วิส จำกัด (มหาชน),10,10400,กรุงเทพมหานคร
8091,328,ส่วนการเงินและบัญชี  มหาวิทยาลัยเทคโนโลยีสุรนารี,30,30000,นครราชสีมา
8092,327,บริษัท ยูไนเต็ด บรอดคาสติ้ง คอร์ปอเรชั่น จำกัด (มหาชน),10,10400,กรุงเทพมหานคร
8093,326,บริษัท สำนักงานปีติเสวี จำกัด,10,10900,กรุงเทพมหานคร
8094,325,บริษัท แอดวานซ์ ซิสเต็มส์ คอนซัลติ้ง จำกัด,10,10120,กรุงเทพมหานคร
8095,324,บริษัท เอส.เค. คอนซัลเท้นท์ จำกัด,10,10500,กรุงเทพมหานคร
8096,323,บริษัท บีดีโอ จำกัด,10,10110,กรุงเทพมหานคร
8097,322,ร้านเดอก้า คาเฟ่,80,80160,นครศรีธรรมราช
8098,321,บริษัท บอร์น แอนด์ แอสโซซิเอทส์ จำกัด,10,10320,กรุงเทพมหานคร
8099,320,บริษัท ไบเออร์ไทย จำกัด,21,21150,ระยอง
8100,319,บริษัท ไทยโอเลฟินส์ จำกัด,21,21150,ระยอง
8101,318,บริษัท ไทยพลาสติกเคมีภัณฑ์ จำกัด,21,21150,ระยอง
8102,317,สำนักงานโยธาธิการจังหวัดสตูล,91,91000,สตูล
8103,316,บริษัท ป่าใหญ่ ครีเอชั่น จำกัด,10,10230,กรุงเทพมหานคร
8104,315,บริษัท เอ็กแซกท์ จำกัด,10,10110,กรุงเทพมหานคร
8105,314,บริษัท เอ ไทม์ มีเดีย จำกัด,10,10110,กรุงเทพมหานคร
8106,313,บริษัท ข่าวสด จำกัด,10,10900,กรุงเทพมหานคร
8107,312,นิตยสาร Nation Junior,10,10260,กรุงเทพมหานคร
8108,311,บริษัท สปาแอดเวอรไทซิ่ง จำกัด,10,10110,กรุงเทพมหานคร
8109,310,บริษัม อาร์ตฟาร์ม จำกัด,12,11000,นนทบุรี
8110,309,บริษัท สยามสปอร์ตซินดิเคท จำกัด (มหาชน),10,10320,กรุงเทพมหานคร
8111,308,ททท. กองผลิตอุปกรณ์โฆษณา,10,10310,กรุงเทพมหานคร
8112,307,สำนักงานอนุสาร อ.ส.ท.,10,10310,กรุงเทพมหานคร
8113,306,บริษัท ไอเอ็นเอ็น จำกัด,10,10310,กรุงเทพมหานคร
8114,305,บริษัท กันตนา กรุ๊ป จำกัด (มหาชน),10,10320,กรุงเทพมหานคร
8115,304,สำนักงานสาธารณสุขจังหวัดนครศรีธรรมราช,80,80000,นครศรีธรรมราช
8116,303,สำนีกงานผังเมืองจังหวัดภูเก็ต,83,83000,ภูเก็ต
8117,302,บริษัท ไบโอเคมีคัล(ประเทศไทย) จำกัด,12,11000,นนทบุรี
8118,301,สำนักงานผู้เชี่ยวชาญ  กรมพัฒนาที่ดิน,10,10900,กรุงเทพมหานคร
8119,300,สำนักงานผังเมืองจังหวัดระยอง,21,21150,ระยอง
8120,299,สำนักงานผังเมืองจังหวัดพะเยา,56,56000,พะเยา
8121,298,สำนักงานผังเมืองจังหวัดชลบุรี,20,20000,ชลบุรี
8122,297,ศูนย์สารสนเทศภูมิศาสตร์ ทรัพยากรธรรมชาติและสิ่งแวดล้อม  มหาวิทยาลัยสงขลานครินทร์,90,90110,สงขลา
8123,296,กองวางแผนการใช้ที่ดิน กรมพัฒนาที่ดิน,10,10900,กรุงเทพมหานคร
8124,295,กองสำรวจและจำแนกดิน กรมพัฒนาที่ดินจังหวัดขอนแก่น,10,10900,กรุงเทพมหานคร
8125,294,อุทยานแห่งชาติหมู่เกาะชุมพร,86,86120,ชุมพร
8126,293,ส.อุดมทรัพย์ฟาร์ม,83,,ภูเก็ต
8127,292,กองประมงน้ำกร่อย  กรมประมง,10,10900,กรุงเทพมหานคร
8128,291,กองประมงทะเล  กรมประมง,10,10900,กรุงเทพมหานคร
8129,290,กรมพัฒนาที่ดิน,10,10900,กรุงเทพมหานคร
8130,289,โครงการสวนเกษตรปราจีนบุรีไฮการ์เด้น,25,25110,ปราจีนบุรี
8131,288,สำนักงานผังเมืองจังหวัดระนอง,85,85000,ระนอง
8132,287,สำนักงานคณะกรรมการอาหารและยา,12,11000,นนทบุรี
8133,286,บริษัท ฐานเศรษฐกิจ จำกัด,10,10240,กรุงเทพมหานคร
8134,285,ศูนย์วิจัยและพัฒนาประมงทะเลชุมพร,86,86120,ชุมพร
8135,284,สำนักงานผังเมืองจังหวัดเพชรบุรี,76,76000,เพชรบุรี
8136,283,ศิรินทร์ฟาร์ม (โซน 2),84,84170,สุราษฎร์ธานี
8137,282,โรงพยาบาลกรุงเทพคริสเตียน,10,10500,กรุงเทพมหานคร
8138,281,บริษัท ริเวอร์เท็กซ์ (ประเทศไทย) จำกัด,20,10540,ชลบุรี
8139,280,สถานีวิจัยการเพาะเลี้ยงสัตว์ป่าพังงา,82,82000,พังงา
8140,279,ศูนย์อนามัยสิ่งแวดล้อมเขต 7 อุบลราชธานี,34,34000,อุบลราชธานี
8141,278,ศูนย์พัฒนาการเพาะเลี้ยงสัตว์น้ำชายฝั่งฉะเชิงเทรา,24,24130,ฉะเชิงเทรา
8142,277,สำนักงานพัฒนาเทคโนโลยีอวกาศและภูมิสารสนเทศ (องค์การมหาชน),10,10900,กรุงเทพมหานคร
8143,276,สำนักงานผังเมืองจังหวัดประจวบคีรีขันธ์,77,77000,ประจวบคีรีขันธ์
8144,275,ศูนย์พันธุวิศวกรรมและเทคโนโลยีชีวภาพแห่งชาติ,13,12120,ปทุมธานี
8145,274,กวนนิโตพาทิสเซอรี,92,92170,ตรัง
8146,273,สำนักงาน อ.ส.ค. ภาคใต้,77,77120,ประจวบคีรีขันธ์
8147,272,สุขสุพัตราฟาร์ม,24,24140,ฉะเชิงเทรา
8148,271,บริษัทสตาร์ปริ๊นท์ จำกัด,11,10540,สมุทรปราการ
8149,270,องค์การบริหารส่วนตำบลราไวย์,83,83130,ภูเก็ต
8150,269,ศูนย์อนามัยสิ่งแวดล้อมเขต 8  นครสวรรค์,60,60230,นครสวรรค์
8151,268,ศูนย์อนามัยสิ่งแวดล้อมเขต 4  ราชบุรี,70,70000,ราชบุรี
8152,267,สถานีวิจัยการเพาะเลี้ยงสัตว์ป่าโตนงาช้าง,90,90110,สงขลา
8153,266,โรงพยาบาลราชบุรี,70,70000,ราชบุรี
8154,265,สมัยการเกษตรกรุ๊ป,24,24110,ฉะเชิงเทรา
8155,264,สำนักการสาธารณสุขและสิ่งแวดล้อม สำนักงานเทศบาลนครยะลา,95,95000,ยะลา
8156,263,โรงพยาบาลศูนย์ชลบุรี (กลุ่มงานพยาธิวิทยาคลีนิก),20,20000,ชลบุรี
8157,262,สำนักงานเทศบาลนครนครศรีธรรมราช,80,80000,นครศรีธรรมราช
8158,261,กองสาธารณสุขและสิ่งแวดล้อม สำนักงานเทศบาลเมืองชุมพร,86,86000,ชุมพร
8159,260,กองสาธารณสุขและสิ่งแวดล้อม เทศบาลเมืองนราธิวาส,96,96000,นราธิวาส
8160,259,บริษัท ลีพัฒนาผลิตภัณฑ์ จำกัด (มหาชน) จังหวัดเพชรบุรี,76,74160,เพชรบุรี
8161,258,สะพานปลาสมุทรปราการ,11,10280,สมุทรปราการ
8162,257,สำนักงานเทศบาลนครสงขลา,90,90000,สงขลา
8163,256,ศูนย์อนามัยสิ่งแวดล้อม เขต 2 สระบุรี,19,18120,สระบุรี
8164,255,โรงแรมพีพีโฮเต็ล (บริษัท พีพีปะการัง จำกัด),81,81000,กระบี่
8165,254,องค์การสุรา  กรมสรรพสามิต,24,24110,ฉะเชิงเทรา
8166,253,บริษัท ซี.วี.ฟาร์มสุราษฎร์ จำกัด,84,84000,สุราษฎร์ธานี
8167,252,บริษัท เฟ้ลปส์ ดอด์จ ไทยแลนด์ จำกัด,11,10540,สมุทรปราการ
8168,251,สำนักงานเทศบาลนครหาดใหญ่,90,90110,สงขลา
8169,250,สำนักงานผังเมืองจังหวัดสุราษฎร์ธานี,84,84000,สุราษฎร์ธานี
8170,249,บริษัท มั่นคงอินเตอร์ฟีด จำกัด,10,10160,กรุงเทพมหานคร
8171,248,บริษัท ยูเค ฟีดมิลล์ จำกัด,24,24000,ฉะเชิงเทรา
8172,247,ศูนย์พัฒนาปิโตรเลียมภาคเหนือ กรมการพลังงานทหาร,50,50110,เชียงใหม่
8173,246,บริษัท โอเรียนท์สุราษฎร์รับเบอร์ลาเท็คซ์ จำกัด,84,84100,สุราษฎร์ธานี
8174,245,บริษัท เอส แอนด์ พี ซินดิเคท จำกัด (มหาชน),10,10310,กรุงเทพมหานคร
8175,244,สำนักงานทางหลวงที่ 14 (นครศรีธรรมราช),80,80000,นครศรีธรรมราช
8176,243,ส่วนแหล่งน้ำทะเล  สำนักจัดการคุณภาพน้ำ  กรมควบคุมมลพิษ,10,10400,กรุงเทพมหานคร
8177,242,สถานีประมงน้ำจืดจังหวัดตาก,63,63000,ตาก
8178,241,,84,84190,สุราษฎร์ธานี
8179,240,โรงแรมป๊อป ค๊อทเทจ (บริษัท วุฒิธรรมาภรณ์ จำกัด),83,83100,ภูเก็ต
8180,239,โรงพยาบาลปากเกร็ด,12,11120,นนทบุรี
8181,238,โรงพยาบาลลาดพร้าว,10,10310,กรุงเทพมหานคร
8182,237,บริษัท ป่าตองบีชโฮเต็ล (ภูเก็ต) จำกัด,83,83150,ภูเก็ต
8183,236,โรงพยาบาลสิริโรจน์ ภูเก็ต ,83,83000,ภูเก็ต
8184,235,บริษัท ทีม คอนซัลติ้ง เอนจิเนียริ่ง แอนด์ แมเนจเมนท์ จำกัด (มหาชน),10,10230,กรุงเทพมหานคร
8185,234,โรงพยาบาลพญาไท 2,10,10400,กรุงเทพมหานคร
8186,233,บริษัท ฟาร์มจระเข้และสวนสัตว์สมุทรปราการ จำกัด,11,10280,สมุทรปราการ
8187,232,บริษัท โคเดล (ประเทศไทย) จำกัด,12,11000,นนทบุรี
8188,231,สถานีประมงทะเลจังหวัดสตูล,91,91000,สตูล
8189,230,สถานีประมงน้ำจืดจังหวัดกำแพงเพชร,62,62000,กำแพงเพชร
8190,229,ศูนย์พัฒนาการเพาะเลี้ยงสัตว์น้ำชายฝั่งสตูล,91,91110,สตูล
8191,228,สถาบันวิทยาศาสตร์ทางทะเล มหาวิทยาลัยบูรพา,20,20131,ชลบุรี
8192,227,โรงแรมเฉวงบุรี รีสอร์ท,84,84320,สุราษฎร์ธานี
8193,226,โรงพยาบาลสวนผึ้ง,70,70180,ราชบุรี
8194,225,บริษัท วินสปาร์ จำกัด,74,74130,สมุทรสาคร
8195,224,ร้านแลปกุลา,86,86000,ชุมพร
8196,223,สถาบันวิจัยวิทยาศาสตร์และเทคโนโลยีแห่งประเทศไทย จังหวัดปทุมธานี,13,12120,ปทุมธานี
8197,222,บริษัท อมรินทร์พริ้นติ้งแอนด์พับลิชชิ่ง จำกัด (มหาชน),10,10170,กรุงเทพมหานคร
8198,221,สถานีประมงน้ำจืดจังหวัดสงขลา,90,90230,สงขลา
8199,220,บริษัท ไทยตาบูชิ อีเล็คทริค จำกัด,24,24180,ฉะเชิงเทรา
8200,219,บริษัท เอส.ซี.ไอ. อิเลคตริค แม็นนิวแฟ็คเชอเรอร์ จำกัด,11,10560,สมุทรปราการ
8201,218,บริษัท ตนไทย เอ็นไวรอนเม้นท์เอ็นจิเนียริ่ง จำกัด,10,10260,กรุงเทพมหานคร
8202,217,ศูนย์วิจัยทรัพยากรทางทะเลและชายฝั่งทะเลอันดามันตอนบน,83,83000,ภูเก็ต
8203,216,โรงพยาบาลค่ายวชิราวุธ,80,80000,นครศรีธรรมราช
8204,215,ศูนย์พัฒนาประมงน้ำจืดตรัง,92,92100,ตรัง
8205,214,โรงแรมลายันบีชรีสอร์ทแอนด์สปาวิลเลจ,83,83110,ภูเก็ต
8206,213,บริษัทเอ็ม พี อี ซี จำกัด,11,10540,สมุทรปราการ
8207,212,โรงพยาบาลลพบุรี,16,15000,ลพบุรี
8208,211,โรงพยาบาลมหาราชนครศรีธรรมราช (ฝ่ายการเงินและบัญชี),80,80000,นครศรีธรรมราช
8209,210,โรงพยาบาลมหาราชนครศรีธรรมราช (กลุ่มงานเวชกรรม),80,80000,นครศรีธรรมราช
8210,209,ศูนย์เครือข่ายงานวิเคราะห์ วิจัยและฝึกอบรมการเปลี่ยนแปลงของโลกแห่งภูมิภาคเอเชียตะวันออกเฉียงใต้,10,10330,กรุงเทพมหานคร
8211,208,โครงการพัฒนาพื้นที่ลุ่มน้ำปากพนัง อันเนื่องมาจากพระราชดำริ,80,80140,นครศรีธรรมราช
8212,207,สำนักงานโยธาธิการจังหวัดพังงา,82,82000,พังงา
8213,206,สำนักงานนโยบายและแผนสิ่งแวดล้อม,10,10400,กรุงเทพมหานคร
8214,205,สถานีประมงน้ำจืดจังหวัดแม่ฮ่องสอน,58,58000,แม่ฮ่องสอน
8215,204,สถานีประมงน้ำจืดจังหวัดน่าน,55,55000,น่าน
8216,203,โรงพยาบาลมหาราชนครราชสีมา,30,30000,นครราชสีมา
8217,202,สถานีประมงน้ำจืดจังหวัดพัทลุง,93,93000,พัทลุง
8218,201,บริษัท พรีเมียร์ แดรี่ฟู้ดส์ จำกัด,30,30320,นครราชสีมา
8219,200,บริษัท สแตนดาร์ด อินซูเลเตอร์ จำกัด,11,10550,สมุทรปราการ
8220,199,บริษัท สยามมาสเตอส์คอนกรีต จำกัด,80,80160,นครศรีธรรมราช
8221,198,บริษัท เอกรัฐวิศวกรรม จำกัด (มหาชน),24,24130,ฉะเชิงเทรา
8222,197,โรงพยาบาลมหาราชนครศรีธรรมราช,80,80000,นครศรีธรรมราช
8223,196,โรงพยาบาลมหาราชนครศรีธรรมราช (สุขศึกษาและประชาสัมพันธ์),80,80000,นครศรีธรรมราช
8224,195,กองชันสูตรสาธารณสุข สำนักอนามัย กรุงเทพมหานคร,10,10330,กรุงเทพมหานคร
8225,194,โรงพยาบาลบ้านแพ้ว (องค์การมหาชน),74,74120,สมุทรสาคร
8226,193,บริษัท โรงงานน้ำปลาไทย (ตราปลาหมึก) จำกัด,75,75000,สมุทรสงคราม
8227,192,ศูนย์พัฒนาประมงน้ำจืดพระนครศรีอยุธยา,14,13290,พระนครศรีอยุธยา
8228,191,สถานีประมงน้ำจืดจังหวัดสุโขทัย,64,64130,สุโขทัย
8229,190,สถานีประมงน้ำจืดจังหวัดพิจิตร,66,66000,พิจิตร
8230,189,ศูนย์พัฒนาประมงน้ำจืดกาญจนบุรี,71,71110,กาญจนบุรี
8231,188,สถานีประมงน้ำจืดจังหวัดตราด,23,23000,ตราด
8232,187,โรงพยาบาลระนอง,85,85000,ระนอง
8233,186,สำนักงานควบคุมโรคติดต่อ เขต 11  นครศรีธรรมราช,80,80000,นครศรีธรรมราช
8234,185,บริษัท โซนี่ สยาม อินดัสทรีส์ จำกัด,14,13160,พระนครศรีอยุธยา
8235,184,ศูนย์พัฒนาประมงน้ำจืดนครสวรรค์,60,60000,นครสวรรค์
8236,183,บริษัท แอสโซซิเอทเต็ด ไฮคลาส กรุ๊ป จำกัด,10,10310,กรุงเทพมหานคร
8237,182,กรมส่งเสริมคุณภาพสิ่งแวดล้อม,10,10400,กรุงเทพมหานคร
8238,181,เจ.บี. โฮเต็ล (หาดใหญ่) จำกัด,90,90110,สงขลา
8239,180,โรงพยาบาลธนบุรี ราษฎร์ยินดี,90,90110,สงขลา
8240,179,ศูนย์วิจัยและพัฒนาประมงน้ำจืดสุราษฎร์ธานี,84,84130,สุราษฎร์ธานี
8241,178,โรงพยาบาลสรรพสิทธิประสงค์,34,34000,อุบลราชธานี
8242,177,องค์การบริหารส่วนตำบลรัษฎา,83,83000,ภูเก็ต
8243,176,บริษัท ฮิตาชิ เฟอร์ไรท์ (ประเทศไทย) จำกัด,14,13210,พระนครศรีอยุธยา
8244,175,บริษัท เออิวา (ประเทศไทย) จำกัด,13,12000,ปทุมธานี
8245,174,สถานีประมงน้ำจืดจังหวัดชุมพร,86,86100,ชุมพร
8246,173,บริษัทไลฟ์สต๊อก อกรีคัลเจอรัล บิซิเนส อินเตอร์เนชั่นแนล จำกัด,10,10170,กรุงเทพมหานคร
8247,172,โรงพยาบาลกรุงเทพภูเก็ต,83,83000,ภูเก็ต
8248,171,โรงพยาบาลสระบุรี,19,18000,สระบุรี
8249,170,โรงพยาบาลอุดรธานี,41,41000,อุดรธานี
8250,169,กฤษดาดอยรีสอร์ท,50,50230,เชียงใหม่
8251,168,สำนักงานโยธาธิการจังหวัดนครศรีธรรมราช,80,80000,นครศรีธรรมราช
8252,167,โรงพยาบาลนครินทร์,80,80000,นครศรีธรรมราช
8253,166,โรงพยาบาลหาดใหญ่,90,90110,สงขลา
8254,165,สำนักงานโยธาธิการจังหวัดตรัง,92,92000,ตรัง
8255,164,สถาบันวิจัยทรัพยากรทางน้ำ จุฬาลงกรณ์มหาวิทยาลัย,10,10330,กรุงเทพมหานคร
8256,163,บริษัท ไทยมอเตอร์ เคเบิ้ล จำกัด,11,10540,สมุทรปราการ
8257,162,บริษัท ผลิตไฟฟ้าขนอม จำกัด,80,80210,นครศรีธรรมราช
8258,161,โรงพยาบาลกรุงเทพหาดใหญ่,90,90110,สงขลา
8259,160,บริษัท เอบีบี จำกัด,11,10280,สมุทรปราการ
8260,159,สำนักงานโยธาธิการจังหวัดชุมพร,86,86000,ชุมพร
8261,158,โรงพยาบาลตรัง,92,92000,ตรัง
8262,157,องค์การบริหารส่วนตำบลวิชิต,83,83000,ภูเก็ต
8263,156,สำนักงานโยธาธิการจังหวัดกระบี่,81,81000,กระบี่
8264,155,บริษัท เพรซิเดนท์ไรซ์โปรดักส์ จำกัด (มหาชน),70,70110,ราชบุรี
8265,154,โรงพยาบาลพระนั่งเกล้า,12,11000,นนทบุรี
8266,153,โรงพยาบาลสิงห์บุรี,17,16000,สิงห์บุรี
8267,152,บริษัท สงขลาแคนนิ่ง จำกัด (มหาชน),90,90100,สงขลา
8268,151,สำนักงานสวัสดิการและคุ้มครองแรงงานจังหวัดยะลา,95,95000,ยะลา
8269,150,โรงพยาบาลทักษิณ,84,84000,สุราษฎร์ธานี
8270,149,บริษัท เอนไวรอนเม้นท์ แอนด์ แลบอราตอรี่ จำกัด,12,11000,นนทบุรี
8271,148,บริษัท พรีเมียร์ โฟรเซ่น โปรดักส์ จำกัด,11,10540,สมุทรปราการ
8272,147,บริษัท เทสโก้ จำกัด,10,10110,กรุงเทพมหานคร
8273,146,บริษัท เอ็นไวรอนเม้นท์ รีเสิร์ช แอนด์เทคโนโลยี จำกัด,10,10210,กรุงเทพมหานคร
8274,145,บริษัท ราชาชูรส จำกัด,70,70110,ราชบุรี
8275,144,บริษัท ลีโอฟู้ดส์ จำกัด,50,50210,เชียงใหม่
8276,143,บริษัท เบทาโกรอโกรกรุ๊ป จำกัด (มหาชน),73,73000,นครปฐม
8277,142,สถาบันวิจัยสภาวะแวดล้อม จุฬาลงกรณ์มหาวิทยาลัย,10,10330,กรุงเทพมหานคร
8278,141,บริษัท ผลิตภัณฑ์อาหารกว้างไพศาล จำกัด (มหาชน),92,92190,ตรัง
8279,140,บริษัท น้ำตาลไทย เอกลักษณ์ จำกัด,53,53000,อุตรดิตถ์
8280,139,บริษัท โกลด์ คอยน์ สเปเชียลลิตี้ส์ (ประเทศไทย) จำกัด,90,90330,สงขลา
8281,138,โรงพยาบาลบำรุงราษฎร์,21,21000,ระยอง
8282,137,โรงงานอุตสาหกรรมน้ำตาล ที.เอ็น,16,15130,ลพบุรี
8283,136,บริษัท รอแยลแคนนิ่ง  จำกัด,90,90110,สงขลา
8284,135,สถาบันวิจัยวิทยาศาสตร์และเทคโนโลยีแห่งประเทศไทย,10,10900,กรุงเทพมหานคร
8285,134,บริษัท รอแยลฟู้ดส์ จำกัด,94,94000,ปัตตานี
8286,133,บริษัท ซีพี-เมจิ จำกัด,19,18230,สระบุรี
8287,132,บริษัท สำนักพิมพ์ชีวิตต้องสู้ จำกัด,10,10210,กรุงเทพมหานคร
8288,131,โครงการส่วนพระองค์ สวนจิตรลดา,10,10303,กรุงเทพมหานคร
8289,130,บริษัท ฮอสพิทอล เน็ทเวิร์ค จำกัด (โรงพยาบาลบางปะกอก),10,10140,กรุงเทพมหานคร
8290,129,บริษัท สวีทซีดส์ จำกัด,19,18120,สระบุรี
8291,128,บริษัท วิริยะธุรกิจ จำกัด (นิตยสาร Vamoose),12,11000,นนทบุรี
8292,127,บริษัท ปัตตานีคอนกรีต จำกัด,94,94000,ปัตตานี
8293,126,กองควบคุมตรวจสอบผลิตภัณฑ์และการแปรรูปสัตว์น้ำ,10,10900,กรุงเทพมหานคร
8294,125,"THE AFM Flower Seed Co.,Ltd.",50,50290,เชียงใหม่
8295,124,บริษัท พอล คอนซัลแตนท์ จำกัด,10,10900,กรุงเทพมหานคร
8296,123,บริษัท มติชน จำกัด (มหาชน),10,10900,กรุงเทพมหานคร
8297,122,บริษัท กรุงเทพอุตสาหกรรมเมล็ดพันธุ์ จำกัด,16,15140,ลพบุรี
8298,121,โรงพยาบาลเยาวรักษ์,10,10600,กรุงเทพมหานคร
8299,120,ศูนย์ควบคุมตรวจสอบสัตว์น้ำและผลิตภัณฑ์สุราษฎร์ธานี,84,84130,สุราษฎร์ธานี
8300,119,ศูนย์วิทยาศาสตร์การแพทย์ที่ 12 สงขลา,90,90100,สงขลา
8301,118,บริษัท คอนติเนนตัลแปซิฟิค (1979) จำกัด,94,94000,ปัตตานี
8302,117,สถานีวิทยุกระจายเสียงทหารอากาศ 17  จังหวัดสุราษฎร์ธานี,84,84130,สุราษฎร์ธานี
8303,116,สถานีวิทยุ อ.ส.ม.ท. จังหวัดสงขลา,90,90110,สงขลา
8304,115,บริษัท ผลิตภัณฑ์ปลากระป๋องสยาม จำกัด,91,91000,สตูล
8305,114,การประปานครหลวง,10,10210,กรุงเทพมหานคร
8306,113,บริษัท อาหารเบทเทอร์ จำกัด,74,74130,สมุทรสาคร
8307,112,สถานีวิจัยสวรรคโลก บริษัท  อินเตอร์ เอเชียน ซีดส์ จำกัด,64,64110,สุโขทัย
8308,111,สถานีวิทยุกระจายเสียงกรมประมง จังหวัดระยอง,21,21000,ระยอง
8309,110,ศูนย์การศึกษาต่อเนื่องแห่งจุฬาลงกรณ์มหาวิทยาลัย,10,10330,กรุงเทพมหานคร
8310,109,บริษัท ง่วนเชียงอุตสาหกรรมอาหาร จำกัด,11,10130,สมุทรปราการ
8311,108,สถานีวิทยุเสียงจากทหารเรือ 15  นราธิวาส,96,96000,นราธิวาส
8312,107,บริษัท แปซิฟิคแปรรูปสัตว์น้ำ  จำกัด,90,90000,สงขลา
8313,106,ศูนย์พัฒนาการประมงแห่งเอเชียตะวันออกเฉียงใต้,11,10290,สมุทรปราการ
8314,105,บริษัท เอส.พี.เอ็ม. อาหารสัตว์ จำกัด,70,70140,ราชบุรี
8315,103,สถานีวิทยุกระจายเสียงมหาวิทยาลัยสงขลานครินทร์  วิทยาเขตปัตตานี,94,94000,ปัตตานี
8316,102,กรมส่งเสริมวัฒนธรรม,10,10320,กรุงเทพมหานคร
8317,101,สถานีวิทยุโทรทัศน์แห่งประเทศไทย จังหวัดขอนแก่น,40,40000,ขอนแก่น
8318,100,บริษัท  สตาร์ไบร์ท เอ็นเตอร์เทนเมนท์ จำกัด,10,10250,กรุงเทพมหานคร
8319,99,สำนักประชาสัมพันธ์เขต 7 จันทบุรี,22,22000,จันทบุรี
8320,98,สถานีวิทยุกระจายเสียงแห่งประเทศไทย จังหวัดสุราษฎร์ธานี,84,84100,สุราษฎร์ธานี
8321,97,บริษัท ตะวันฉาน จำกัด,10,10310,กรุงเทพมหานคร
8322,96,โรงแรมสุโขทัย,10,10120,กรุงเทพมหานคร
8323,95,บริษัท เบรนเอเซีย คอมมิวนิเคชั่น จำกัด,10,10800,กรุงเทพมหานคร
8324,94,บริษัท เอส.ซี. แอสเซ็ต จำกัด,10,10400,กรุงเทพมหานคร
8325,93,สถานีวิทยุกระจายเสียงแห่งประเทศไทย จังหวัดสงขลา  ,90,90100,สงขลา
8326,92,บริษัท เอสพี คอร์ป 2020 จำกัด,90,90110,สงขลา
8327,91,บริษัท โหวหยั่น จำกัด,10,10140,กรุงเทพมหานคร
8328,90,โรงพยาบาลเซ็นทรัลเชียงใหม่เมโมเรียล,50,50100,เชียงใหม่
8329,89,การท่องเที่ยวแห่งประเทศไทย,10,10400,กรุงเทพมหานคร
8330,88,ศูนย์สารสนเทศ กรมสรรพสามิต,10,10300,กรุงเทพมหานคร
8331,87,สำนักงานเขตราษฎร์บูรณะ,10,10140,กรุงเทพมหานคร
8332,86,สถานีวิทยุกระจายเสียงแห่งประเทศไทย จังหวัดนครศรีธรรมราช,80,80000,นครศรีธรรมราช
8333,85,บริษัท พาโนราม่าเวิลด์ไวด์ จำกัด,10,10310,กรุงเทพมหานคร
8334,84,สถานีวิทยุโทรทัศน์แห่งประเทศไทย จังหวัดภูเก็ต,83,83000,ภูเก็ต
8335,83,สถานีวิทยุโทรทัศน์แห่งประเทศไทย ช่อง 11 จังหวัดนครศรีธรรมราช,80,80000,นครศรีธรรมราช
8336,82,บริษัท ไอโซเน็ท  จำกัด,10,10320,กรุงเทพมหานคร
8337,81,ศูนย์มานุษยวิทยาสิรินธร (องค์การมหาชน),10,10170,กรุงเทพมหานคร
8338,80,บริษัท โฟรสเซ่นมารีน โปรดักส์ จำกัด,74,74000,สมุทรสาคร
8339,79,บริษัท จัดการและพัฒนาทรัพยากรน้ำภาคตะวันออก  จำกัด (มหาชน),10,10210,กรุงเทพมหานคร
8340,78,บริษัท บี.ฟู้ดส์  โปรดักส์  อินเตอร์เนชั่นแนล  จำกัด,10,10240,กรุงเทพมหานคร
8341,77,สำนักงานเขตพญาไท,10,10400,กรุงเทพมหานคร
8342,76,ที่ทำการปกครองอำเภอเมืองนครราชสีมา,30,30000,นครราชสีมา
8343,75,บริษัท ท่าอากาศยานไทย จำกัด (มหาชน) สาขาท่าอากาศยานเชียงใหม่,50,50200,เชียงใหม่
8344,74,บริษัท อิวหลีอุตสาหกรรม   จำกัด,52,52190,ลำปาง
8345,73,ห้องสมุด  กรมอุตุนิยมวิทยา,10,10260,กรุงเทพมหานคร
8346,72,ศูนย์เทคโนโลยีทางการศึกษา  มหาวิทยาลัยธุรกิจบัณฑิตย์,10,10210,กรุงเทพมหานคร
8347,71,บริษัท ยูซีเอ็ม  ออยล์ - เท็กซ์  เทรดดิ้ง  จำกัด,90,90280,สงขลา
8348,70,สถาบันซัคเซสไอเดีย,80,80000,นครศรีธรรมราช
8349,69,ห้องสมุดกองบัญชาการกองทัพบก,10,10200,กรุงเทพมหานคร
8350,68,กรมทรัพยากรธรณี,10,10400,กรุงเทพมหานคร
8351,67,ไอดีพี  เอ็ดยูเคชั่นออสเตรเลีย,10,10100,กรุงเทพมหานคร
8352,66,ห้องสมุดสำนักพัฒนาธุรกิจอุตสาหกรรม  กรมส่งเสริมอุตสาหกรรม,10,10400,กรุงเทพมหานคร
8353,65,สำนักงานเขตลาดพร้าว,10,10230,กรุงเทพมหานคร
8354,64,บริษัท โสมาภา  อินฟอร์เมชั่น  เทคโนโลยี จำกัด,10,10240,กรุงเทพมหานคร
8355,63,ห้องสมุด  กรมเศรษฐกิจการพาณิชย์,10,10200,กรุงเทพมหานคร
8356,62,ห้องสมุด  กรมส่งเสริมการเกษตร,10,10900,กรุงเทพมหานคร
8357,61,บริษัท ชุมพรอุตสาหกรรมน้ำมันปาล์ม จำกัด (มหาชน),86,86140,ชุมพร
8358,60,บริษัท รอยเนท จำกัด (มหาชน),10,10400,กรุงเทพมหานคร
8359,59,โรงแรม เดอะซิงกอรา,90,90000,สงขลา
8360,58,สำนักงบประมาณ,10,10140,กรุงเทพมหานคร
8361,57,ศูนย์สารสนเทศ  กรมโรงงานอุตสาหกรรม,10,10400,กรุงเทพมหานคร
8362,56,ศูนย์คอมพิวเตอร์  วิทยาลัยพลศึกษาจังหวัดสุพรรณบุรี,72,72000,สุพรรณบุรี
8363,55,บริษัท เดลต้า เวต จำกัด,10,10400,กรุงเทพมหานคร
8364,54,บริษัท ไจแอนท์  ซิสเต็ม  ดีไซน์ จำกัด,10,10170,กรุงเทพมหานคร
8365,53,สถาบันวิจัยไวน์และสุราพื้นบ้าน  มหาวิทยาลัยเทคโนโลยีราชมงคลธัญบุรี,13,12110,ปทุมธานี
8366,52,บริษัท ชูศักดิ์  แอนด์  พรรณีลีดเดอร์ จำกัด,80,80110,นครศรีธรรมราช
8367,51,บริษัท ท่าอากาศยานไทย จำกัด (มหาชน),10,10210,กรุงเทพมหานคร
8368,50,บริษัท เกรทเทสท์  โกลด์  แอนด์  รีไฟเนอรี่ จำกัด,10,10260,กรุงเทพมหานคร
8369,49,บริษัท ซี.จี. ปิโตรเคมี จำกัด,24,24180,ฉะเชิงเทรา
8370,48,บริษัท เคล็กสเพิร์ท (ประเทศไทย) จำกัด,12,11000,นนทบุรี
8371,47,ไซเบอร์-เฮาส์ชิ่งดอทคอม   บจก.,10,10310,กรุงเทพมหานคร
8372,46,ศูนย์อำนวยการสร้างอาวุธกองทัพบก,16,15000,ลพบุรี
8373,45,สำนักวิชาการและมาตรฐานการศึกษา  สำนักงานคณะกรรมการการศึกษาขั้นพื้นฐาน กระทรวงศึกษาธิการ,10,10300,กรุงเทพมหานคร
8374,44,หอสมุด  กองทัพอากาศ,10,10210,กรุงเทพมหานคร
8375,43,บริษัท ค็อนเนคเต็ด จำกัด,10,10540,กรุงเทพมหานคร
8376,42,หอสมุดกลาง  มหาวิทยาลัยหอการค้าไทย,10,10400,กรุงเทพมหานคร
8377,41,ห้องสมุดคณะพยาบาลศาสตร์  มหาวิทยาลัยมหิดล,10,10700,กรุงเทพมหานคร
8378,40,โรงเรียนอัสสัมชัญ,10,10500,กรุงเทพมหานคร
8379,39,บริษัท สวิฟท์ จำกัด,73,73140,นครปฐม
8380,38,บริษัท น้ำตาลราชสีมา จำกัด,30,30440,นครราชสีมา
8381,37,บริษัท กรุงเทพโทรทัศน์และวิทยุ  จำกัด (สถานีโทรทัศน์สีกองทัพบกช่อง 7),10,10900,กรุงเทพมหานคร
8382,36,บริษัท แอ๊ดวานซ์ วิชั่น ซิสเท็มส์ จำกัด,10,10310,กรุงเทพมหานคร
8383,35,บริษัทวีฟ  ไวด์  เว็บ จำกัด,12,11120,นนทบุรี
8384,34,ห้องสมุดกรมควบคุมโรคติดต่อ,12,11000,นนทบุรี
8385,33,บริษัทเอ็กซ์เซล  ลิงค์  จำกัด,10,10260,กรุงเทพมหานคร
8386,32,สถาบันราชภัฎเพชรบุรีวิทยาลงกรณ์  สำนักวิทยบริการ,13,13180,ปทุมธานี
8387,31,สำนักวิทยบริการ  สถาบันราชภัฎพระนคร,10,10220,กรุงเทพมหานคร
8388,30,การท่องเที่ยวแห่งประเทศไทย  สำนักงานสุราษฎร์ธานี,84,84000,สุราษฎร์ธานี
8389,29,บริษัท เว็ลธ์ แมเนจเม้นท์ ซิสเท็ม จำกัด,10,10600,กรุงเทพมหานคร
8390,28,ศูนย์บริการสารสนเทศทางเทคโนโลยี  สำนักงานพัฒนาวิทยาศาสตร์และเทคโนโลยีแห่งชาติ,10,10400,กรุงเทพมหานคร
8391,27,โรงเรียนบ้านนาสาร,84,84120,สุราษฎร์ธานี
8392,26,หอสมุด  จอห์น เอฟ เคนเนดี้    มหาวิทยาลัยสงขลานครินทร์  วิทยาเขตปัตตานี,94,94000,ปัตตานี
8393,25,บริษัท ไอบีเอ็ม สตอเรจ โปรดักส์ (ประเทศไทย) จำกัด,25,25140,ปราจีนบุรี
8394,24,ศูนย์วิทยาศาสตร์การแพทย์  สุราษฎร์ธานี,84,84100,สุราษฎร์ธานี
8395,23,บริษัท ไอทีวี จำกัด (มหาชน),10,10900,กรุงเทพมหานคร
8396,22,บริษัท ไอทีวี จำกัด (มหาชน) (แผนกเทคโนโลยีสารสนเทศ),10,10900,กรุงเทพมหานคร
8397,21,บริษัท คอนซัลแทนท์ ออฟ เทคโนโลยี จำกัด,10,10310,กรุงเทพมหานคร
8398,20,บริษัท ชาร์ป  เทพนคร จำกัด,73,73120,นครปฐม
8399,19,ห้องสมุดคณะแพทยศาสตร์  มหาวิทยาลัยเชียงใหม่,50,50200,เชียงใหม่
8400,18,บริษัท แอดวานซ์  อินโฟร์  เซอร์วิส   จำกัด (มหาชน),10,10400,กรุงเทพมหานคร
8401,17,เลอ  ชาโต  แมนชั่น,10,10110,กรุงเทพมหานคร
8402,16,บริษัทอินเตอร์รับเบอร์ลาเท็กซ   จำกัด,84,84000,สุราษฎร์ธานี
8403,15,สถานีวิทยุแห่งจุฬาลงกรณ์มหาวิทยาลัย,10,10330,กรุงเทพมหานคร
8404,14,กรมทะเบียนการค้า  กระทรวงพาณิชย์,12,11000,นนทบุรี
8405,13,บริษัท อคิวเมนท์ จำกัด,12,11000,นนทบุรี
8406,12,บริษัท หาดทิพย์ จำกัด (มหาชน) สาขาหาดใหญ่,90,90250,สงขลา
8407,11,ศูนย์สารสนเทศทางวัฒนธรรม  กองนโยบายและแผนวัฒนธรรม,10,10320,กรุงเทพมหานคร
8408,10,ศูนย์วัฒนธรรมแห่งประเทศไทย,10,10320,กรุงเทพมหานคร
8409,9,หอสมุดพระราชวังสนามจันทร์ มหาวิทยาลัยศิลปากร,73,73000,นครปฐม
8410,8,บริษัทรี้ด  เทรดเด็กซ์  จำกัด,10,10500,กรุงเทพมหานคร
8411,7,ธนาคารทหารไทย  จำกัด  (มหาชน),10,10900,กรุงเทพมหานคร
8412,6,บริษัท คอมพิวเทคไมโครซอฟท์แวร์ จำกัด,10,10400,กรุงเทพมหานคร
8413,5,โคแอม  อินเตอร์เนชั่นแนล  คอลซัลติ้ง  ไทยแลนด์,10,10110,กรุงเทพมหานคร
8414,4,บริษัท วินทอรี่  จำกัด,10,10250,กรุงเทพมหานคร
8415,3,บริษัท เนชั่นมัลติมีเดีย กรุ๊ป จำกัด (มหาชน),10,10260,กรุงเทพมหานคร
8416,2,ศูนย์ข้อมูลหนังสือพิมพ์ไทยรัฐ,10,10900,กรุงเทพมหานคร
8417,1,โรงแรม หาดใหญ่ ซิกเนเจอร์,90,90110,สงขลา
